Traceback (most recent call last):
  File "<frozen runpy>", line 189, in _run_module_as_main
  File "<frozen runpy>", line 112, in _get_module_details
  File "/home/arcana-novai/Documents/Xoe-NovAi/omega-engine/src/omega/workers/__init__.py", line 3, in <module>
    from .model_updater import ModelUpdaterWorker
  File "/home/arcana-novai/Documents/Xoe-NovAi/omega-engine/src/omega/workers/model_updater.py", line 35, in <module>
    from omega.oracle.model_gateway import ModelGateway
  File "/home/arcana-novai/Documents/Xoe-NovAi/omega-engine/src/omega/oracle/__init__.py", line 9, in <module>
    from .oracle import Oracle, OracleResponse
  File "/home/arcana-novai/Documents/Xoe-NovAi/omega-engine/src/omega/oracle/oracle.py", line 27, in <module>
    from .orchestrator import Orchestrator
  File "/home/arcana-novai/Documents/Xoe-NovAi/omega-engine/src/omega/oracle/orchestrator.py", line 44, in <module>
    from omega.workers.model_updater import ModelUpdaterWorker
ImportError: cannot import name 'ModelUpdaterWorker' from partially initialized module 'omega.workers.model_updater' (most likely due to a circular import) (/home/arcana-novai/Documents/Xoe-NovAi/omega-engine/src/omega/workers/model_updater.py)
Traceback (most recent call last):
  File "<frozen runpy>", line 189, in _run_module_as_main
  File "<frozen runpy>", line 112, in _get_module_details
  File "/home/arcana-novai/Documents/Xoe-NovAi/omega-engine/src/omega/workers/__init__.py", line 3, in <module>
    from .model_updater import ModelUpdaterWorker
  File "/home/arcana-novai/Documents/Xoe-NovAi/omega-engine/src/omega/workers/model_updater.py", line 35, in <module>
    from omega.oracle.model_gateway import ModelGateway
  File "/home/arcana-novai/Documents/Xoe-NovAi/omega-engine/src/omega/oracle/__init__.py", line 9, in <module>
    from .oracle import Oracle, OracleResponse
  File "/home/arcana-novai/Documents/Xoe-NovAi/omega-engine/src/omega/oracle/oracle.py", line 27, in <module>
    from .orchestrator import Orchestrator
  File "/home/arcana-novai/Documents/Xoe-NovAi/omega-engine/src/omega/oracle/orchestrator.py", line 44, in <module>
    from omega.workers.model_updater import ModelUpdaterWorker
ImportError: cannot import name 'ModelUpdaterWorker' from partially initialized module 'omega.workers.model_updater' (most likely due to a circular import) (/home/arcana-novai/Documents/Xoe-NovAi/omega-engine/src/omega/workers/model_updater.py)
Traceback (most recent call last):
  File "<frozen runpy>", line 198, in _run_module_as_main
  File "<frozen runpy>", line 88, in _run_code
  File "/home/arcana-novai/Documents/Xoe-NovAi/omega-engine/src/omega/workers/background_researcher/run.py", line 105, in <module>
    anyio.run(main)
    ~~~~~~~~~^^^^^^
  File "/home/arcana-novai/Documents/Xoe-NovAi/omega-engine/.venv/lib/python3.13/site-packages/anyio/_core/_eventloop.py", line 77, in run
    return async_backend.run(func, args, {}, backend_options)
           ~~~~~~~~~~~~~~~~~^^^^^^^^^^^^^^^^^^^^^^^^^^^^^^^^^
  File "/home/arcana-novai/Documents/Xoe-NovAi/omega-engine/.venv/lib/python3.13/site-packages/anyio/_backends/_asyncio.py", line 2358, in run
    return runner.run(wrapper())
           ~~~~~~~~~~^^^^^^^^^^^
  File "/usr/lib/python3.13/asyncio/runners.py", line 118, in run
    return self._loop.run_until_complete(task)
           ~~~~~~~~~~~~~~~~~~~~~~~~~~~~~^^^^^^
  File "/usr/lib/python3.13/asyncio/base_events.py", line 725, in run_until_complete
    return future.result()
           ~~~~~~~~~~~~~^^
  File "/home/arcana-novai/Documents/Xoe-NovAi/omega-engine/.venv/lib/python3.13/site-packages/anyio/_backends/_asyncio.py", line 2341, in wrapper
    return await func(*args)
           ^^^^^^^^^^^^^^^^^
  File "/home/arcana-novai/Documents/Xoe-NovAi/omega-engine/src/omega/workers/background_researcher/run.py", line 86, in main
    loop = BackgroundResearcherLoop()
  File "/home/arcana-novai/Documents/Xoe-NovAi/omega-engine/src/omega/workers/background_researcher/loop.py", line 74, in __init__
    self.distiller = Distiller(model_gateway, budget=self.budget)
                     ~~~~~~~~~^^^^^^^^^^^^^^^^^^^^^^^^^^^^^^^^^^^
  File "/home/arcana-novai/Documents/Xoe-NovAi/omega-engine/src/omega/workers/background_researcher/distiller.py", line 854, in __init__
    self.t2 = T2Backend()
              ~~~~~~~~~^^
  File "/home/arcana-novai/Documents/Xoe-NovAi/omega-engine/src/omega/workers/background_researcher/distiller.py", line 353, in __init__
    self.google_api_key = self._resolve_key("google", "GOOGLE_API_KEY")
                          ~~~~~~~~~~~~~~~~~^^^^^^^^^^^^^^^^^^^^^^^^^^^^
  File "/home/arcana-novai/Documents/Xoe-NovAi/omega-engine/src/omega/workers/background_researcher/distiller.py", line 344, in _resolve_key
    return KeyVault().resolve(provider)
           ~~~~~~~~^^
  File "/home/arcana-novai/Documents/Xoe-NovAi/omega-engine/src/omega/vault/key_vault.py", line 122, in __init__
    self._load()
    ~~~~~~~~~~^^
  File "/home/arcana-novai/Documents/Xoe-NovAi/omega-engine/src/omega/vault/key_vault.py", line 308, in _load
    encrypted = self._vault_path.read_text()
  File "/usr/lib/python3.13/pathlib/_local.py", line 548, in read_text
    return PathBase.read_text(self, encoding, errors, newline)
           ~~~~~~~~~~~~~~~~~~^^^^^^^^^^^^^^^^^^^^^^^^^^^^^^^^^
  File "/usr/lib/python3.13/pathlib/_abc.py", line 633, in read_text
    return f.read()
           ~~~~~~^^
  File "<frozen codecs>", line 325, in decode
UnicodeDecodeError: 'utf-8' codec can't decode byte 0xe9 in position 0: invalid continuation byte
Traceback (most recent call last):
  File "<frozen runpy>", line 198, in _run_module_as_main
  File "<frozen runpy>", line 88, in _run_code
  File "/home/arcana-novai/Documents/Xoe-NovAi/omega-engine/src/omega/workers/background_researcher/run.py", line 105, in <module>
    anyio.run(main)
    ~~~~~~~~~^^^^^^
  File "/home/arcana-novai/Documents/Xoe-NovAi/omega-engine/.venv/lib/python3.13/site-packages/anyio/_core/_eventloop.py", line 77, in run
    return async_backend.run(func, args, {}, backend_options)
           ~~~~~~~~~~~~~~~~~^^^^^^^^^^^^^^^^^^^^^^^^^^^^^^^^^
  File "/home/arcana-novai/Documents/Xoe-NovAi/omega-engine/.venv/lib/python3.13/site-packages/anyio/_backends/_asyncio.py", line 2358, in run
    return runner.run(wrapper())
           ~~~~~~~~~~^^^^^^^^^^^
  File "/usr/lib/python3.13/asyncio/runners.py", line 118, in run
    return self._loop.run_until_complete(task)
           ~~~~~~~~~~~~~~~~~~~~~~~~~~~~~^^^^^^
  File "/usr/lib/python3.13/asyncio/base_events.py", line 725, in run_until_complete
    return future.result()
           ~~~~~~~~~~~~~^^
  File "/home/arcana-novai/Documents/Xoe-NovAi/omega-engine/.venv/lib/python3.13/site-packages/anyio/_backends/_asyncio.py", line 2341, in wrapper
    return await func(*args)
           ^^^^^^^^^^^^^^^^^
  File "/home/arcana-novai/Documents/Xoe-NovAi/omega-engine/src/omega/workers/background_researcher/run.py", line 86, in main
    loop = BackgroundResearcherLoop()
  File "/home/arcana-novai/Documents/Xoe-NovAi/omega-engine/src/omega/workers/background_researcher/loop.py", line 74, in __init__
    self.distiller = Distiller(model_gateway, budget=self.budget)
                     ~~~~~~~~~^^^^^^^^^^^^^^^^^^^^^^^^^^^^^^^^^^^
  File "/home/arcana-novai/Documents/Xoe-NovAi/omega-engine/src/omega/workers/background_researcher/distiller.py", line 854, in __init__
    self.t2 = T2Backend()
              ~~~~~~~~~^^
  File "/home/arcana-novai/Documents/Xoe-NovAi/omega-engine/src/omega/workers/background_researcher/distiller.py", line 353, in __init__
    self.google_api_key = self._resolve_key("google", "GOOGLE_API_KEY")
                          ~~~~~~~~~~~~~~~~~^^^^^^^^^^^^^^^^^^^^^^^^^^^^
  File "/home/arcana-novai/Documents/Xoe-NovAi/omega-engine/src/omega/workers/background_researcher/distiller.py", line 344, in _resolve_key
    return KeyVault().resolve(provider)
           ~~~~~~~~^^
  File "/home/arcana-novai/Documents/Xoe-NovAi/omega-engine/src/omega/vault/key_vault.py", line 122, in __init__
    self._load()
    ~~~~~~~~~~^^
  File "/home/arcana-novai/Documents/Xoe-NovAi/omega-engine/src/omega/vault/key_vault.py", line 308, in _load
    encrypted = self._vault_path.read_text()
  File "/usr/lib/python3.13/pathlib/_local.py", line 548, in read_text
    return PathBase.read_text(self, encoding, errors, newline)
           ~~~~~~~~~~~~~~~~~~^^^^^^^^^^^^^^^^^^^^^^^^^^^^^^^^^
  File "/usr/lib/python3.13/pathlib/_abc.py", line 633, in read_text
    return f.read()
           ~~~~~~^^
  File "<frozen codecs>", line 325, in decode
UnicodeDecodeError: 'utf-8' codec can't decode byte 0xe9 in position 0: invalid continuation byte
Traceback (most recent call last):
  File "<frozen runpy>", line 198, in _run_module_as_main
  File "<frozen runpy>", line 88, in _run_code
  File "/home/arcana-novai/Documents/Xoe-NovAi/omega-engine/src/omega/workers/background_researcher/run.py", line 105, in <module>
    anyio.run(main)
    ~~~~~~~~~^^^^^^
  File "/home/arcana-novai/Documents/Xoe-NovAi/omega-engine/.venv/lib/python3.13/site-packages/anyio/_core/_eventloop.py", line 77, in run
    return async_backend.run(func, args, {}, backend_options)
           ~~~~~~~~~~~~~~~~~^^^^^^^^^^^^^^^^^^^^^^^^^^^^^^^^^
  File "/home/arcana-novai/Documents/Xoe-NovAi/omega-engine/.venv/lib/python3.13/site-packages/anyio/_backends/_asyncio.py", line 2358, in run
    return runner.run(wrapper())
           ~~~~~~~~~~^^^^^^^^^^^
  File "/usr/lib/python3.13/asyncio/runners.py", line 118, in run
    return self._loop.run_until_complete(task)
           ~~~~~~~~~~~~~~~~~~~~~~~~~~~~~^^^^^^
  File "/usr/lib/python3.13/asyncio/base_events.py", line 725, in run_until_complete
    return future.result()
           ~~~~~~~~~~~~~^^
  File "/home/arcana-novai/Documents/Xoe-NovAi/omega-engine/.venv/lib/python3.13/site-packages/anyio/_backends/_asyncio.py", line 2341, in wrapper
    return await func(*args)
           ^^^^^^^^^^^^^^^^^
  File "/home/arcana-novai/Documents/Xoe-NovAi/omega-engine/src/omega/workers/background_researcher/run.py", line 86, in main
    loop = BackgroundResearcherLoop()
  File "/home/arcana-novai/Documents/Xoe-NovAi/omega-engine/src/omega/workers/background_researcher/loop.py", line 74, in __init__
    self.distiller = Distiller(model_gateway, budget=self.budget)
                     ~~~~~~~~~^^^^^^^^^^^^^^^^^^^^^^^^^^^^^^^^^^^
  File "/home/arcana-novai/Documents/Xoe-NovAi/omega-engine/src/omega/workers/background_researcher/distiller.py", line 854, in __init__
    self.t2 = T2Backend()
              ~~~~~~~~~^^
  File "/home/arcana-novai/Documents/Xoe-NovAi/omega-engine/src/omega/workers/background_researcher/distiller.py", line 353, in __init__
    self.google_api_key = self._resolve_key("google", "GOOGLE_API_KEY")
                          ~~~~~~~~~~~~~~~~~^^^^^^^^^^^^^^^^^^^^^^^^^^^^
  File "/home/arcana-novai/Documents/Xoe-NovAi/omega-engine/src/omega/workers/background_researcher/distiller.py", line 344, in _resolve_key
    return KeyVault().resolve(provider)
           ~~~~~~~~^^
  File "/home/arcana-novai/Documents/Xoe-NovAi/omega-engine/src/omega/vault/key_vault.py", line 122, in __init__
    self._load()
    ~~~~~~~~~~^^
  File "/home/arcana-novai/Documents/Xoe-NovAi/omega-engine/src/omega/vault/key_vault.py", line 308, in _load
    encrypted = self._vault_path.read_text()
  File "/usr/lib/python3.13/pathlib/_local.py", line 548, in read_text
    return PathBase.read_text(self, encoding, errors, newline)
           ~~~~~~~~~~~~~~~~~~^^^^^^^^^^^^^^^^^^^^^^^^^^^^^^^^^
  File "/usr/lib/python3.13/pathlib/_abc.py", line 633, in read_text
    return f.read()
           ~~~~~~^^
  File "<frozen codecs>", line 325, in decode
UnicodeDecodeError: 'utf-8' codec can't decode byte 0xe9 in position 0: invalid continuation byte
Traceback (most recent call last):
  File "<frozen runpy>", line 198, in _run_module_as_main
  File "<frozen runpy>", line 88, in _run_code
  File "/home/arcana-novai/Documents/Xoe-NovAi/omega-engine/src/omega/workers/background_researcher/run.py", line 105, in <module>
    anyio.run(main)
    ~~~~~~~~~^^^^^^
  File "/home/arcana-novai/Documents/Xoe-NovAi/omega-engine/.venv/lib/python3.13/site-packages/anyio/_core/_eventloop.py", line 77, in run
    return async_backend.run(func, args, {}, backend_options)
           ~~~~~~~~~~~~~~~~~^^^^^^^^^^^^^^^^^^^^^^^^^^^^^^^^^
  File "/home/arcana-novai/Documents/Xoe-NovAi/omega-engine/.venv/lib/python3.13/site-packages/anyio/_backends/_asyncio.py", line 2358, in run
    return runner.run(wrapper())
           ~~~~~~~~~~^^^^^^^^^^^
  File "/usr/lib/python3.13/asyncio/runners.py", line 118, in run
    return self._loop.run_until_complete(task)
           ~~~~~~~~~~~~~~~~~~~~~~~~~~~~~^^^^^^
  File "/usr/lib/python3.13/asyncio/base_events.py", line 725, in run_until_complete
    return future.result()
           ~~~~~~~~~~~~~^^
  File "/home/arcana-novai/Documents/Xoe-NovAi/omega-engine/.venv/lib/python3.13/site-packages/anyio/_backends/_asyncio.py", line 2341, in wrapper
    return await func(*args)
           ^^^^^^^^^^^^^^^^^
  File "/home/arcana-novai/Documents/Xoe-NovAi/omega-engine/src/omega/workers/background_researcher/run.py", line 86, in main
    loop = BackgroundResearcherLoop()
  File "/home/arcana-novai/Documents/Xoe-NovAi/omega-engine/src/omega/workers/background_researcher/loop.py", line 74, in __init__
    self.distiller = Distiller(model_gateway, budget=self.budget)
                     ~~~~~~~~~^^^^^^^^^^^^^^^^^^^^^^^^^^^^^^^^^^^
  File "/home/arcana-novai/Documents/Xoe-NovAi/omega-engine/src/omega/workers/background_researcher/distiller.py", line 854, in __init__
    self.t2 = T2Backend()
              ~~~~~~~~~^^
  File "/home/arcana-novai/Documents/Xoe-NovAi/omega-engine/src/omega/workers/background_researcher/distiller.py", line 353, in __init__
    self.google_api_key = self._resolve_key("google", "GOOGLE_API_KEY")
                          ~~~~~~~~~~~~~~~~~^^^^^^^^^^^^^^^^^^^^^^^^^^^^
  File "/home/arcana-novai/Documents/Xoe-NovAi/omega-engine/src/omega/workers/background_researcher/distiller.py", line 344, in _resolve_key
    return KeyVault().resolve(provider)
           ~~~~~~~~^^
  File "/home/arcana-novai/Documents/Xoe-NovAi/omega-engine/src/omega/vault/key_vault.py", line 122, in __init__
    self._load()
    ~~~~~~~~~~^^
  File "/home/arcana-novai/Documents/Xoe-NovAi/omega-engine/src/omega/vault/key_vault.py", line 308, in _load
    encrypted = self._vault_path.read_text()
  File "/usr/lib/python3.13/pathlib/_local.py", line 548, in read_text
    return PathBase.read_text(self, encoding, errors, newline)
           ~~~~~~~~~~~~~~~~~~^^^^^^^^^^^^^^^^^^^^^^^^^^^^^^^^^
  File "/usr/lib/python3.13/pathlib/_abc.py", line 633, in read_text
    return f.read()
           ~~~~~~^^
  File "<frozen codecs>", line 325, in decode
UnicodeDecodeError: 'utf-8' codec can't decode byte 0xe9 in position 0: invalid continuation byte
Traceback (most recent call last):
  File "<frozen runpy>", line 198, in _run_module_as_main
  File "<frozen runpy>", line 88, in _run_code
  File "/home/arcana-novai/Documents/Xoe-NovAi/omega-engine/src/omega/workers/background_researcher/run.py", line 105, in <module>
    anyio.run(main)
    ~~~~~~~~~^^^^^^
  File "/home/arcana-novai/Documents/Xoe-NovAi/omega-engine/.venv/lib/python3.13/site-packages/anyio/_core/_eventloop.py", line 77, in run
    return async_backend.run(func, args, {}, backend_options)
           ~~~~~~~~~~~~~~~~~^^^^^^^^^^^^^^^^^^^^^^^^^^^^^^^^^
  File "/home/arcana-novai/Documents/Xoe-NovAi/omega-engine/.venv/lib/python3.13/site-packages/anyio/_backends/_asyncio.py", line 2358, in run
    return runner.run(wrapper())
           ~~~~~~~~~~^^^^^^^^^^^
  File "/usr/lib/python3.13/asyncio/runners.py", line 118, in run
    return self._loop.run_until_complete(task)
           ~~~~~~~~~~~~~~~~~~~~~~~~~~~~~^^^^^^
  File "/usr/lib/python3.13/asyncio/base_events.py", line 725, in run_until_complete
    return future.result()
           ~~~~~~~~~~~~~^^
  File "/home/arcana-novai/Documents/Xoe-NovAi/omega-engine/.venv/lib/python3.13/site-packages/anyio/_backends/_asyncio.py", line 2341, in wrapper
    return await func(*args)
           ^^^^^^^^^^^^^^^^^
  File "/home/arcana-novai/Documents/Xoe-NovAi/omega-engine/src/omega/workers/background_researcher/run.py", line 86, in main
    loop = BackgroundResearcherLoop()
  File "/home/arcana-novai/Documents/Xoe-NovAi/omega-engine/src/omega/workers/background_researcher/loop.py", line 74, in __init__
    self.distiller = Distiller(model_gateway, budget=self.budget)
                     ~~~~~~~~~^^^^^^^^^^^^^^^^^^^^^^^^^^^^^^^^^^^
  File "/home/arcana-novai/Documents/Xoe-NovAi/omega-engine/src/omega/workers/background_researcher/distiller.py", line 854, in __init__
    self.t2 = T2Backend()
              ~~~~~~~~~^^
  File "/home/arcana-novai/Documents/Xoe-NovAi/omega-engine/src/omega/workers/background_researcher/distiller.py", line 353, in __init__
    self.google_api_key = self._resolve_key("google", "GOOGLE_API_KEY")
                          ~~~~~~~~~~~~~~~~~^^^^^^^^^^^^^^^^^^^^^^^^^^^^
  File "/home/arcana-novai/Documents/Xoe-NovAi/omega-engine/src/omega/workers/background_researcher/distiller.py", line 344, in _resolve_key
    return KeyVault().resolve(provider)
           ~~~~~~~~^^
  File "/home/arcana-novai/Documents/Xoe-NovAi/omega-engine/src/omega/vault/key_vault.py", line 122, in __init__
    self._load()
    ~~~~~~~~~~^^
  File "/home/arcana-novai/Documents/Xoe-NovAi/omega-engine/src/omega/vault/key_vault.py", line 308, in _load
    encrypted = self._vault_path.read_text()
  File "/usr/lib/python3.13/pathlib/_local.py", line 548, in read_text
    return PathBase.read_text(self, encoding, errors, newline)
           ~~~~~~~~~~~~~~~~~~^^^^^^^^^^^^^^^^^^^^^^^^^^^^^^^^^
  File "/usr/lib/python3.13/pathlib/_abc.py", line 633, in read_text
    return f.read()
           ~~~~~~^^
  File "<frozen codecs>", line 325, in decode
UnicodeDecodeError: 'utf-8' codec can't decode byte 0xe9 in position 0: invalid continuation byte
Traceback (most recent call last):
  File "<frozen runpy>", line 198, in _run_module_as_main
  File "<frozen runpy>", line 88, in _run_code
  File "/home/arcana-novai/Documents/Xoe-NovAi/omega-engine/src/omega/workers/background_researcher/run.py", line 105, in <module>
    anyio.run(main)
    ~~~~~~~~~^^^^^^
  File "/home/arcana-novai/Documents/Xoe-NovAi/omega-engine/.venv/lib/python3.13/site-packages/anyio/_core/_eventloop.py", line 77, in run
    return async_backend.run(func, args, {}, backend_options)
           ~~~~~~~~~~~~~~~~~^^^^^^^^^^^^^^^^^^^^^^^^^^^^^^^^^
  File "/home/arcana-novai/Documents/Xoe-NovAi/omega-engine/.venv/lib/python3.13/site-packages/anyio/_backends/_asyncio.py", line 2358, in run
    return runner.run(wrapper())
           ~~~~~~~~~~^^^^^^^^^^^
  File "/usr/lib/python3.13/asyncio/runners.py", line 118, in run
    return self._loop.run_until_complete(task)
           ~~~~~~~~~~~~~~~~~~~~~~~~~~~~~^^^^^^
  File "/usr/lib/python3.13/asyncio/base_events.py", line 725, in run_until_complete
    return future.result()
           ~~~~~~~~~~~~~^^
  File "/home/arcana-novai/Documents/Xoe-NovAi/omega-engine/.venv/lib/python3.13/site-packages/anyio/_backends/_asyncio.py", line 2341, in wrapper
    return await func(*args)
           ^^^^^^^^^^^^^^^^^
  File "/home/arcana-novai/Documents/Xoe-NovAi/omega-engine/src/omega/workers/background_researcher/run.py", line 86, in main
    loop = BackgroundResearcherLoop()
  File "/home/arcana-novai/Documents/Xoe-NovAi/omega-engine/src/omega/workers/background_researcher/loop.py", line 74, in __init__
    self.distiller = Distiller(model_gateway, budget=self.budget)
                     ~~~~~~~~~^^^^^^^^^^^^^^^^^^^^^^^^^^^^^^^^^^^
  File "/home/arcana-novai/Documents/Xoe-NovAi/omega-engine/src/omega/workers/background_researcher/distiller.py", line 854, in __init__
    self.t2 = T2Backend()
              ~~~~~~~~~^^
  File "/home/arcana-novai/Documents/Xoe-NovAi/omega-engine/src/omega/workers/background_researcher/distiller.py", line 353, in __init__
    self.google_api_key = self._resolve_key("google", "GOOGLE_API_KEY")
                          ~~~~~~~~~~~~~~~~~^^^^^^^^^^^^^^^^^^^^^^^^^^^^
  File "/home/arcana-novai/Documents/Xoe-NovAi/omega-engine/src/omega/workers/background_researcher/distiller.py", line 344, in _resolve_key
    return KeyVault().resolve(provider)
           ~~~~~~~~^^
  File "/home/arcana-novai/Documents/Xoe-NovAi/omega-engine/src/omega/vault/key_vault.py", line 122, in __init__
    self._load()
    ~~~~~~~~~~^^
  File "/home/arcana-novai/Documents/Xoe-NovAi/omega-engine/src/omega/vault/key_vault.py", line 308, in _load
    encrypted = self._vault_path.read_text()
  File "/usr/lib/python3.13/pathlib/_local.py", line 548, in read_text
    return PathBase.read_text(self, encoding, errors, newline)
           ~~~~~~~~~~~~~~~~~~^^^^^^^^^^^^^^^^^^^^^^^^^^^^^^^^^
  File "/usr/lib/python3.13/pathlib/_abc.py", line 633, in read_text
    return f.read()
           ~~~~~~^^
  File "<frozen codecs>", line 325, in decode
UnicodeDecodeError: 'utf-8' codec can't decode byte 0xe9 in position 0: invalid continuation byte
Traceback (most recent call last):
  File "<frozen runpy>", line 198, in _run_module_as_main
  File "<frozen runpy>", line 88, in _run_code
  File "/home/arcana-novai/Documents/Xoe-NovAi/omega-engine/src/omega/workers/background_researcher/run.py", line 105, in <module>
    anyio.run(main)
    ~~~~~~~~~^^^^^^
  File "/home/arcana-novai/Documents/Xoe-NovAi/omega-engine/.venv/lib/python3.13/site-packages/anyio/_core/_eventloop.py", line 77, in run
    return async_backend.run(func, args, {}, backend_options)
           ~~~~~~~~~~~~~~~~~^^^^^^^^^^^^^^^^^^^^^^^^^^^^^^^^^
  File "/home/arcana-novai/Documents/Xoe-NovAi/omega-engine/.venv/lib/python3.13/site-packages/anyio/_backends/_asyncio.py", line 2358, in run
    return runner.run(wrapper())
           ~~~~~~~~~~^^^^^^^^^^^
  File "/usr/lib/python3.13/asyncio/runners.py", line 118, in run
    return self._loop.run_until_complete(task)
           ~~~~~~~~~~~~~~~~~~~~~~~~~~~~~^^^^^^
  File "/usr/lib/python3.13/asyncio/base_events.py", line 725, in run_until_complete
    return future.result()
           ~~~~~~~~~~~~~^^
  File "/home/arcana-novai/Documents/Xoe-NovAi/omega-engine/.venv/lib/python3.13/site-packages/anyio/_backends/_asyncio.py", line 2341, in wrapper
    return await func(*args)
           ^^^^^^^^^^^^^^^^^
  File "/home/arcana-novai/Documents/Xoe-NovAi/omega-engine/src/omega/workers/background_researcher/run.py", line 86, in main
    loop = BackgroundResearcherLoop()
  File "/home/arcana-novai/Documents/Xoe-NovAi/omega-engine/src/omega/workers/background_researcher/loop.py", line 74, in __init__
    self.distiller = Distiller(model_gateway, budget=self.budget)
                     ~~~~~~~~~^^^^^^^^^^^^^^^^^^^^^^^^^^^^^^^^^^^
  File "/home/arcana-novai/Documents/Xoe-NovAi/omega-engine/src/omega/workers/background_researcher/distiller.py", line 854, in __init__
    self.t2 = T2Backend()
              ~~~~~~~~~^^
  File "/home/arcana-novai/Documents/Xoe-NovAi/omega-engine/src/omega/workers/background_researcher/distiller.py", line 353, in __init__
    self.google_api_key = self._resolve_key("google", "GOOGLE_API_KEY")
                          ~~~~~~~~~~~~~~~~~^^^^^^^^^^^^^^^^^^^^^^^^^^^^
  File "/home/arcana-novai/Documents/Xoe-NovAi/omega-engine/src/omega/workers/background_researcher/distiller.py", line 344, in _resolve_key
    return KeyVault().resolve(provider)
           ~~~~~~~~^^
  File "/home/arcana-novai/Documents/Xoe-NovAi/omega-engine/src/omega/vault/key_vault.py", line 122, in __init__
    self._load()
    ~~~~~~~~~~^^
  File "/home/arcana-novai/Documents/Xoe-NovAi/omega-engine/src/omega/vault/key_vault.py", line 308, in _load
    encrypted = self._vault_path.read_text()
  File "/usr/lib/python3.13/pathlib/_local.py", line 548, in read_text
    return PathBase.read_text(self, encoding, errors, newline)
           ~~~~~~~~~~~~~~~~~~^^^^^^^^^^^^^^^^^^^^^^^^^^^^^^^^^
  File "/usr/lib/python3.13/pathlib/_abc.py", line 633, in read_text
    return f.read()
           ~~~~~~^^
  File "<frozen codecs>", line 325, in decode
UnicodeDecodeError: 'utf-8' codec can't decode byte 0xe9 in position 0: invalid continuation byte
Traceback (most recent call last):
  File "<frozen runpy>", line 198, in _run_module_as_main
  File "<frozen runpy>", line 88, in _run_code
  File "/home/arcana-novai/Documents/Xoe-NovAi/omega-engine/src/omega/workers/background_researcher/run.py", line 105, in <module>
    anyio.run(main)
    ~~~~~~~~~^^^^^^
  File "/home/arcana-novai/Documents/Xoe-NovAi/omega-engine/.venv/lib/python3.13/site-packages/anyio/_core/_eventloop.py", line 77, in run
    return async_backend.run(func, args, {}, backend_options)
           ~~~~~~~~~~~~~~~~~^^^^^^^^^^^^^^^^^^^^^^^^^^^^^^^^^
  File "/home/arcana-novai/Documents/Xoe-NovAi/omega-engine/.venv/lib/python3.13/site-packages/anyio/_backends/_asyncio.py", line 2358, in run
    return runner.run(wrapper())
           ~~~~~~~~~~^^^^^^^^^^^
  File "/usr/lib/python3.13/asyncio/runners.py", line 118, in run
    return self._loop.run_until_complete(task)
           ~~~~~~~~~~~~~~~~~~~~~~~~~~~~~^^^^^^
  File "/usr/lib/python3.13/asyncio/base_events.py", line 725, in run_until_complete
    return future.result()
           ~~~~~~~~~~~~~^^
  File "/home/arcana-novai/Documents/Xoe-NovAi/omega-engine/.venv/lib/python3.13/site-packages/anyio/_backends/_asyncio.py", line 2341, in wrapper
    return await func(*args)
           ^^^^^^^^^^^^^^^^^
  File "/home/arcana-novai/Documents/Xoe-NovAi/omega-engine/src/omega/workers/background_researcher/run.py", line 86, in main
    loop = BackgroundResearcherLoop()
  File "/home/arcana-novai/Documents/Xoe-NovAi/omega-engine/src/omega/workers/background_researcher/loop.py", line 74, in __init__
    self.distiller = Distiller(model_gateway, budget=self.budget)
                     ~~~~~~~~~^^^^^^^^^^^^^^^^^^^^^^^^^^^^^^^^^^^
  File "/home/arcana-novai/Documents/Xoe-NovAi/omega-engine/src/omega/workers/background_researcher/distiller.py", line 854, in __init__
    self.t2 = T2Backend()
              ~~~~~~~~~^^
  File "/home/arcana-novai/Documents/Xoe-NovAi/omega-engine/src/omega/workers/background_researcher/distiller.py", line 353, in __init__
    self.google_api_key = self._resolve_key("google", "GOOGLE_API_KEY")
                          ~~~~~~~~~~~~~~~~~^^^^^^^^^^^^^^^^^^^^^^^^^^^^
  File "/home/arcana-novai/Documents/Xoe-NovAi/omega-engine/src/omega/workers/background_researcher/distiller.py", line 344, in _resolve_key
    return KeyVault().resolve(provider)
           ~~~~~~~~^^
  File "/home/arcana-novai/Documents/Xoe-NovAi/omega-engine/src/omega/vault/key_vault.py", line 122, in __init__
    self._load()
    ~~~~~~~~~~^^
  File "/home/arcana-novai/Documents/Xoe-NovAi/omega-engine/src/omega/vault/key_vault.py", line 308, in _load
    encrypted = self._vault_path.read_text()
  File "/usr/lib/python3.13/pathlib/_local.py", line 548, in read_text
    return PathBase.read_text(self, encoding, errors, newline)
           ~~~~~~~~~~~~~~~~~~^^^^^^^^^^^^^^^^^^^^^^^^^^^^^^^^^
  File "/usr/lib/python3.13/pathlib/_abc.py", line 633, in read_text
    return f.read()
           ~~~~~~^^
  File "<frozen codecs>", line 325, in decode
UnicodeDecodeError: 'utf-8' codec can't decode byte 0xe9 in position 0: invalid continuation byte
Traceback (most recent call last):
  File "<frozen runpy>", line 198, in _run_module_as_main
  File "<frozen runpy>", line 88, in _run_code
  File "/home/arcana-novai/Documents/Xoe-NovAi/omega-engine/src/omega/workers/background_researcher/run.py", line 105, in <module>
    anyio.run(main)
    ~~~~~~~~~^^^^^^
  File "/home/arcana-novai/Documents/Xoe-NovAi/omega-engine/.venv/lib/python3.13/site-packages/anyio/_core/_eventloop.py", line 77, in run
    return async_backend.run(func, args, {}, backend_options)
           ~~~~~~~~~~~~~~~~~^^^^^^^^^^^^^^^^^^^^^^^^^^^^^^^^^
  File "/home/arcana-novai/Documents/Xoe-NovAi/omega-engine/.venv/lib/python3.13/site-packages/anyio/_backends/_asyncio.py", line 2358, in run
    return runner.run(wrapper())
           ~~~~~~~~~~^^^^^^^^^^^
  File "/usr/lib/python3.13/asyncio/runners.py", line 118, in run
    return self._loop.run_until_complete(task)
           ~~~~~~~~~~~~~~~~~~~~~~~~~~~~~^^^^^^
  File "/usr/lib/python3.13/asyncio/base_events.py", line 725, in run_until_complete
    return future.result()
           ~~~~~~~~~~~~~^^
  File "/home/arcana-novai/Documents/Xoe-NovAi/omega-engine/.venv/lib/python3.13/site-packages/anyio/_backends/_asyncio.py", line 2341, in wrapper
    return await func(*args)
           ^^^^^^^^^^^^^^^^^
  File "/home/arcana-novai/Documents/Xoe-NovAi/omega-engine/src/omega/workers/background_researcher/run.py", line 86, in main
    loop = BackgroundResearcherLoop()
  File "/home/arcana-novai/Documents/Xoe-NovAi/omega-engine/src/omega/workers/background_researcher/loop.py", line 74, in __init__
    self.distiller = Distiller(model_gateway, budget=self.budget)
                     ~~~~~~~~~^^^^^^^^^^^^^^^^^^^^^^^^^^^^^^^^^^^
  File "/home/arcana-novai/Documents/Xoe-NovAi/omega-engine/src/omega/workers/background_researcher/distiller.py", line 854, in __init__
    self.t2 = T2Backend()
              ~~~~~~~~~^^
  File "/home/arcana-novai/Documents/Xoe-NovAi/omega-engine/src/omega/workers/background_researcher/distiller.py", line 353, in __init__
    self.google_api_key = self._resolve_key("google", "GOOGLE_API_KEY")
                          ~~~~~~~~~~~~~~~~~^^^^^^^^^^^^^^^^^^^^^^^^^^^^
  File "/home/arcana-novai/Documents/Xoe-NovAi/omega-engine/src/omega/workers/background_researcher/distiller.py", line 344, in _resolve_key
    return KeyVault().resolve(provider)
           ~~~~~~~~^^
  File "/home/arcana-novai/Documents/Xoe-NovAi/omega-engine/src/omega/vault/key_vault.py", line 122, in __init__
    self._load()
    ~~~~~~~~~~^^
  File "/home/arcana-novai/Documents/Xoe-NovAi/omega-engine/src/omega/vault/key_vault.py", line 308, in _load
    encrypted = self._vault_path.read_text()
  File "/usr/lib/python3.13/pathlib/_local.py", line 548, in read_text
    return PathBase.read_text(self, encoding, errors, newline)
           ~~~~~~~~~~~~~~~~~~^^^^^^^^^^^^^^^^^^^^^^^^^^^^^^^^^
  File "/usr/lib/python3.13/pathlib/_abc.py", line 633, in read_text
    return f.read()
           ~~~~~~^^
  File "<frozen codecs>", line 325, in decode
UnicodeDecodeError: 'utf-8' codec can't decode byte 0xe9 in position 0: invalid continuation byte
Traceback (most recent call last):
  File "<frozen runpy>", line 198, in _run_module_as_main
  File "<frozen runpy>", line 88, in _run_code
  File "/home/arcana-novai/Documents/Xoe-NovAi/omega-engine/src/omega/workers/background_researcher/run.py", line 105, in <module>
    anyio.run(main)
    ~~~~~~~~~^^^^^^
  File "/home/arcana-novai/Documents/Xoe-NovAi/omega-engine/.venv/lib/python3.13/site-packages/anyio/_core/_eventloop.py", line 77, in run
    return async_backend.run(func, args, {}, backend_options)
           ~~~~~~~~~~~~~~~~~^^^^^^^^^^^^^^^^^^^^^^^^^^^^^^^^^
  File "/home/arcana-novai/Documents/Xoe-NovAi/omega-engine/.venv/lib/python3.13/site-packages/anyio/_backends/_asyncio.py", line 2358, in run
    return runner.run(wrapper())
           ~~~~~~~~~~^^^^^^^^^^^
  File "/usr/lib/python3.13/asyncio/runners.py", line 118, in run
    return self._loop.run_until_complete(task)
           ~~~~~~~~~~~~~~~~~~~~~~~~~~~~~^^^^^^
  File "/usr/lib/python3.13/asyncio/base_events.py", line 725, in run_until_complete
    return future.result()
           ~~~~~~~~~~~~~^^
  File "/home/arcana-novai/Documents/Xoe-NovAi/omega-engine/.venv/lib/python3.13/site-packages/anyio/_backends/_asyncio.py", line 2341, in wrapper
    return await func(*args)
           ^^^^^^^^^^^^^^^^^
  File "/home/arcana-novai/Documents/Xoe-NovAi/omega-engine/src/omega/workers/background_researcher/run.py", line 86, in main
    loop = BackgroundResearcherLoop()
  File "/home/arcana-novai/Documents/Xoe-NovAi/omega-engine/src/omega/workers/background_researcher/loop.py", line 74, in __init__
    self.distiller = Distiller(model_gateway, budget=self.budget)
                     ~~~~~~~~~^^^^^^^^^^^^^^^^^^^^^^^^^^^^^^^^^^^
  File "/home/arcana-novai/Documents/Xoe-NovAi/omega-engine/src/omega/workers/background_researcher/distiller.py", line 854, in __init__
    self.t2 = T2Backend()
              ~~~~~~~~~^^
  File "/home/arcana-novai/Documents/Xoe-NovAi/omega-engine/src/omega/workers/background_researcher/distiller.py", line 353, in __init__
    self.google_api_key = self._resolve_key("google", "GOOGLE_API_KEY")
                          ~~~~~~~~~~~~~~~~~^^^^^^^^^^^^^^^^^^^^^^^^^^^^
  File "/home/arcana-novai/Documents/Xoe-NovAi/omega-engine/src/omega/workers/background_researcher/distiller.py", line 344, in _resolve_key
    return KeyVault().resolve(provider)
           ~~~~~~~~^^
  File "/home/arcana-novai/Documents/Xoe-NovAi/omega-engine/src/omega/vault/key_vault.py", line 122, in __init__
    self._load()
    ~~~~~~~~~~^^
  File "/home/arcana-novai/Documents/Xoe-NovAi/omega-engine/src/omega/vault/key_vault.py", line 308, in _load
    encrypted = self._vault_path.read_text()
  File "/usr/lib/python3.13/pathlib/_local.py", line 548, in read_text
    return PathBase.read_text(self, encoding, errors, newline)
           ~~~~~~~~~~~~~~~~~~^^^^^^^^^^^^^^^^^^^^^^^^^^^^^^^^^
  File "/usr/lib/python3.13/pathlib/_abc.py", line 633, in read_text
    return f.read()
           ~~~~~~^^
  File "<frozen codecs>", line 325, in decode
UnicodeDecodeError: 'utf-8' codec can't decode byte 0xe9 in position 0: invalid continuation byte
Traceback (most recent call last):
  File "<frozen runpy>", line 198, in _run_module_as_main
  File "<frozen runpy>", line 88, in _run_code
  File "/home/arcana-novai/Documents/Xoe-NovAi/omega-engine/src/omega/workers/background_researcher/run.py", line 105, in <module>
    anyio.run(main)
    ~~~~~~~~~^^^^^^
  File "/home/arcana-novai/Documents/Xoe-NovAi/omega-engine/.venv/lib/python3.13/site-packages/anyio/_core/_eventloop.py", line 77, in run
    return async_backend.run(func, args, {}, backend_options)
           ~~~~~~~~~~~~~~~~~^^^^^^^^^^^^^^^^^^^^^^^^^^^^^^^^^
  File "/home/arcana-novai/Documents/Xoe-NovAi/omega-engine/.venv/lib/python3.13/site-packages/anyio/_backends/_asyncio.py", line 2358, in run
    return runner.run(wrapper())
           ~~~~~~~~~~^^^^^^^^^^^
  File "/usr/lib/python3.13/asyncio/runners.py", line 118, in run
    return self._loop.run_until_complete(task)
           ~~~~~~~~~~~~~~~~~~~~~~~~~~~~~^^^^^^
  File "/usr/lib/python3.13/asyncio/base_events.py", line 725, in run_until_complete
    return future.result()
           ~~~~~~~~~~~~~^^
  File "/home/arcana-novai/Documents/Xoe-NovAi/omega-engine/.venv/lib/python3.13/site-packages/anyio/_backends/_asyncio.py", line 2341, in wrapper
    return await func(*args)
           ^^^^^^^^^^^^^^^^^
  File "/home/arcana-novai/Documents/Xoe-NovAi/omega-engine/src/omega/workers/background_researcher/run.py", line 86, in main
    loop = BackgroundResearcherLoop()
  File "/home/arcana-novai/Documents/Xoe-NovAi/omega-engine/src/omega/workers/background_researcher/loop.py", line 74, in __init__
    self.distiller = Distiller(model_gateway, budget=self.budget)
                     ~~~~~~~~~^^^^^^^^^^^^^^^^^^^^^^^^^^^^^^^^^^^
  File "/home/arcana-novai/Documents/Xoe-NovAi/omega-engine/src/omega/workers/background_researcher/distiller.py", line 854, in __init__
    self.t2 = T2Backend()
              ~~~~~~~~~^^
  File "/home/arcana-novai/Documents/Xoe-NovAi/omega-engine/src/omega/workers/background_researcher/distiller.py", line 353, in __init__
    self.google_api_key = self._resolve_key("google", "GOOGLE_API_KEY")
                          ~~~~~~~~~~~~~~~~~^^^^^^^^^^^^^^^^^^^^^^^^^^^^
  File "/home/arcana-novai/Documents/Xoe-NovAi/omega-engine/src/omega/workers/background_researcher/distiller.py", line 344, in _resolve_key
    return KeyVault().resolve(provider)
           ~~~~~~~~^^
  File "/home/arcana-novai/Documents/Xoe-NovAi/omega-engine/src/omega/vault/key_vault.py", line 122, in __init__
    self._load()
    ~~~~~~~~~~^^
  File "/home/arcana-novai/Documents/Xoe-NovAi/omega-engine/src/omega/vault/key_vault.py", line 308, in _load
    encrypted = self._vault_path.read_text()
  File "/usr/lib/python3.13/pathlib/_local.py", line 548, in read_text
    return PathBase.read_text(self, encoding, errors, newline)
           ~~~~~~~~~~~~~~~~~~^^^^^^^^^^^^^^^^^^^^^^^^^^^^^^^^^
  File "/usr/lib/python3.13/pathlib/_abc.py", line 633, in read_text
    return f.read()
           ~~~~~~^^
  File "<frozen codecs>", line 325, in decode
UnicodeDecodeError: 'utf-8' codec can't decode byte 0xe9 in position 0: invalid continuation byte
Traceback (most recent call last):
  File "<frozen runpy>", line 198, in _run_module_as_main
  File "<frozen runpy>", line 88, in _run_code
  File "/home/arcana-novai/Documents/Xoe-NovAi/omega-engine/src/omega/workers/background_researcher/run.py", line 105, in <module>
    anyio.run(main)
    ~~~~~~~~~^^^^^^
  File "/home/arcana-novai/Documents/Xoe-NovAi/omega-engine/.venv/lib/python3.13/site-packages/anyio/_core/_eventloop.py", line 77, in run
    return async_backend.run(func, args, {}, backend_options)
           ~~~~~~~~~~~~~~~~~^^^^^^^^^^^^^^^^^^^^^^^^^^^^^^^^^
  File "/home/arcana-novai/Documents/Xoe-NovAi/omega-engine/.venv/lib/python3.13/site-packages/anyio/_backends/_asyncio.py", line 2358, in run
    return runner.run(wrapper())
           ~~~~~~~~~~^^^^^^^^^^^
  File "/usr/lib/python3.13/asyncio/runners.py", line 118, in run
    return self._loop.run_until_complete(task)
           ~~~~~~~~~~~~~~~~~~~~~~~~~~~~~^^^^^^
  File "/usr/lib/python3.13/asyncio/base_events.py", line 725, in run_until_complete
    return future.result()
           ~~~~~~~~~~~~~^^
  File "/home/arcana-novai/Documents/Xoe-NovAi/omega-engine/.venv/lib/python3.13/site-packages/anyio/_backends/_asyncio.py", line 2341, in wrapper
    return await func(*args)
           ^^^^^^^^^^^^^^^^^
  File "/home/arcana-novai/Documents/Xoe-NovAi/omega-engine/src/omega/workers/background_researcher/run.py", line 86, in main
    loop = BackgroundResearcherLoop()
  File "/home/arcana-novai/Documents/Xoe-NovAi/omega-engine/src/omega/workers/background_researcher/loop.py", line 74, in __init__
    self.distiller = Distiller(model_gateway, budget=self.budget)
                     ~~~~~~~~~^^^^^^^^^^^^^^^^^^^^^^^^^^^^^^^^^^^
  File "/home/arcana-novai/Documents/Xoe-NovAi/omega-engine/src/omega/workers/background_researcher/distiller.py", line 854, in __init__
    self.t2 = T2Backend()
              ~~~~~~~~~^^
  File "/home/arcana-novai/Documents/Xoe-NovAi/omega-engine/src/omega/workers/background_researcher/distiller.py", line 353, in __init__
    self.google_api_key = self._resolve_key("google", "GOOGLE_API_KEY")
                          ~~~~~~~~~~~~~~~~~^^^^^^^^^^^^^^^^^^^^^^^^^^^^
  File "/home/arcana-novai/Documents/Xoe-NovAi/omega-engine/src/omega/workers/background_researcher/distiller.py", line 344, in _resolve_key
    return KeyVault().resolve(provider)
           ~~~~~~~~^^
  File "/home/arcana-novai/Documents/Xoe-NovAi/omega-engine/src/omega/vault/key_vault.py", line 122, in __init__
    self._load()
    ~~~~~~~~~~^^
  File "/home/arcana-novai/Documents/Xoe-NovAi/omega-engine/src/omega/vault/key_vault.py", line 308, in _load
    encrypted = self._vault_path.read_text()
  File "/usr/lib/python3.13/pathlib/_local.py", line 548, in read_text
    return PathBase.read_text(self, encoding, errors, newline)
           ~~~~~~~~~~~~~~~~~~^^^^^^^^^^^^^^^^^^^^^^^^^^^^^^^^^
  File "/usr/lib/python3.13/pathlib/_abc.py", line 633, in read_text
    return f.read()
           ~~~~~~^^
  File "<frozen codecs>", line 325, in decode
UnicodeDecodeError: 'utf-8' codec can't decode byte 0xe9 in position 0: invalid continuation byte
Traceback (most recent call last):
  File "<frozen runpy>", line 198, in _run_module_as_main
  File "<frozen runpy>", line 88, in _run_code
  File "/home/arcana-novai/Documents/Xoe-NovAi/omega-engine/src/omega/workers/background_researcher/run.py", line 105, in <module>
    anyio.run(main)
    ~~~~~~~~~^^^^^^
  File "/home/arcana-novai/Documents/Xoe-NovAi/omega-engine/.venv/lib/python3.13/site-packages/anyio/_core/_eventloop.py", line 77, in run
    return async_backend.run(func, args, {}, backend_options)
           ~~~~~~~~~~~~~~~~~^^^^^^^^^^^^^^^^^^^^^^^^^^^^^^^^^
  File "/home/arcana-novai/Documents/Xoe-NovAi/omega-engine/.venv/lib/python3.13/site-packages/anyio/_backends/_asyncio.py", line 2358, in run
    return runner.run(wrapper())
           ~~~~~~~~~~^^^^^^^^^^^
  File "/usr/lib/python3.13/asyncio/runners.py", line 118, in run
    return self._loop.run_until_complete(task)
           ~~~~~~~~~~~~~~~~~~~~~~~~~~~~~^^^^^^
  File "/usr/lib/python3.13/asyncio/base_events.py", line 725, in run_until_complete
    return future.result()
           ~~~~~~~~~~~~~^^
  File "/home/arcana-novai/Documents/Xoe-NovAi/omega-engine/.venv/lib/python3.13/site-packages/anyio/_backends/_asyncio.py", line 2341, in wrapper
    return await func(*args)
           ^^^^^^^^^^^^^^^^^
  File "/home/arcana-novai/Documents/Xoe-NovAi/omega-engine/src/omega/workers/background_researcher/run.py", line 86, in main
    loop = BackgroundResearcherLoop()
  File "/home/arcana-novai/Documents/Xoe-NovAi/omega-engine/src/omega/workers/background_researcher/loop.py", line 74, in __init__
    self.distiller = Distiller(model_gateway, budget=self.budget)
                     ~~~~~~~~~^^^^^^^^^^^^^^^^^^^^^^^^^^^^^^^^^^^
  File "/home/arcana-novai/Documents/Xoe-NovAi/omega-engine/src/omega/workers/background_researcher/distiller.py", line 854, in __init__
    self.t2 = T2Backend()
              ~~~~~~~~~^^
  File "/home/arcana-novai/Documents/Xoe-NovAi/omega-engine/src/omega/workers/background_researcher/distiller.py", line 353, in __init__
    self.google_api_key = self._resolve_key("google", "GOOGLE_API_KEY")
                          ~~~~~~~~~~~~~~~~~^^^^^^^^^^^^^^^^^^^^^^^^^^^^
  File "/home/arcana-novai/Documents/Xoe-NovAi/omega-engine/src/omega/workers/background_researcher/distiller.py", line 344, in _resolve_key
    return KeyVault().resolve(provider)
           ~~~~~~~~^^
  File "/home/arcana-novai/Documents/Xoe-NovAi/omega-engine/src/omega/vault/key_vault.py", line 122, in __init__
    self._load()
    ~~~~~~~~~~^^
  File "/home/arcana-novai/Documents/Xoe-NovAi/omega-engine/src/omega/vault/key_vault.py", line 308, in _load
    encrypted = self._vault_path.read_text()
  File "/usr/lib/python3.13/pathlib/_local.py", line 548, in read_text
    return PathBase.read_text(self, encoding, errors, newline)
           ~~~~~~~~~~~~~~~~~~^^^^^^^^^^^^^^^^^^^^^^^^^^^^^^^^^
  File "/usr/lib/python3.13/pathlib/_abc.py", line 633, in read_text
    return f.read()
           ~~~~~~^^
  File "<frozen codecs>", line 325, in decode
UnicodeDecodeError: 'utf-8' codec can't decode byte 0xe9 in position 0: invalid continuation byte
Traceback (most recent call last):
  File "<frozen runpy>", line 198, in _run_module_as_main
  File "<frozen runpy>", line 88, in _run_code
  File "/home/arcana-novai/Documents/Xoe-NovAi/omega-engine/src/omega/workers/background_researcher/run.py", line 105, in <module>
    anyio.run(main)
    ~~~~~~~~~^^^^^^
  File "/home/arcana-novai/Documents/Xoe-NovAi/omega-engine/.venv/lib/python3.13/site-packages/anyio/_core/_eventloop.py", line 77, in run
    return async_backend.run(func, args, {}, backend_options)
           ~~~~~~~~~~~~~~~~~^^^^^^^^^^^^^^^^^^^^^^^^^^^^^^^^^
  File "/home/arcana-novai/Documents/Xoe-NovAi/omega-engine/.venv/lib/python3.13/site-packages/anyio/_backends/_asyncio.py", line 2358, in run
    return runner.run(wrapper())
           ~~~~~~~~~~^^^^^^^^^^^
  File "/usr/lib/python3.13/asyncio/runners.py", line 118, in run
    return self._loop.run_until_complete(task)
           ~~~~~~~~~~~~~~~~~~~~~~~~~~~~~^^^^^^
  File "/usr/lib/python3.13/asyncio/base_events.py", line 725, in run_until_complete
    return future.result()
           ~~~~~~~~~~~~~^^
  File "/home/arcana-novai/Documents/Xoe-NovAi/omega-engine/.venv/lib/python3.13/site-packages/anyio/_backends/_asyncio.py", line 2341, in wrapper
    return await func(*args)
           ^^^^^^^^^^^^^^^^^
  File "/home/arcana-novai/Documents/Xoe-NovAi/omega-engine/src/omega/workers/background_researcher/run.py", line 86, in main
    loop = BackgroundResearcherLoop()
  File "/home/arcana-novai/Documents/Xoe-NovAi/omega-engine/src/omega/workers/background_researcher/loop.py", line 74, in __init__
    self.distiller = Distiller(model_gateway, budget=self.budget)
                     ~~~~~~~~~^^^^^^^^^^^^^^^^^^^^^^^^^^^^^^^^^^^
  File "/home/arcana-novai/Documents/Xoe-NovAi/omega-engine/src/omega/workers/background_researcher/distiller.py", line 854, in __init__
    self.t2 = T2Backend()
              ~~~~~~~~~^^
  File "/home/arcana-novai/Documents/Xoe-NovAi/omega-engine/src/omega/workers/background_researcher/distiller.py", line 353, in __init__
    self.google_api_key = self._resolve_key("google", "GOOGLE_API_KEY")
                          ~~~~~~~~~~~~~~~~~^^^^^^^^^^^^^^^^^^^^^^^^^^^^
  File "/home/arcana-novai/Documents/Xoe-NovAi/omega-engine/src/omega/workers/background_researcher/distiller.py", line 344, in _resolve_key
    return KeyVault().resolve(provider)
           ~~~~~~~~^^
  File "/home/arcana-novai/Documents/Xoe-NovAi/omega-engine/src/omega/vault/key_vault.py", line 122, in __init__
    self._load()
    ~~~~~~~~~~^^
  File "/home/arcana-novai/Documents/Xoe-NovAi/omega-engine/src/omega/vault/key_vault.py", line 308, in _load
    encrypted = self._vault_path.read_text()
  File "/usr/lib/python3.13/pathlib/_local.py", line 548, in read_text
    return PathBase.read_text(self, encoding, errors, newline)
           ~~~~~~~~~~~~~~~~~~^^^^^^^^^^^^^^^^^^^^^^^^^^^^^^^^^
  File "/usr/lib/python3.13/pathlib/_abc.py", line 633, in read_text
    return f.read()
           ~~~~~~^^
  File "<frozen codecs>", line 325, in decode
UnicodeDecodeError: 'utf-8' codec can't decode byte 0xe9 in position 0: invalid continuation byte
Traceback (most recent call last):
  File "<frozen runpy>", line 198, in _run_module_as_main
  File "<frozen runpy>", line 88, in _run_code
  File "/home/arcana-novai/Documents/Xoe-NovAi/omega-engine/src/omega/workers/background_researcher/run.py", line 105, in <module>
    anyio.run(main)
    ~~~~~~~~~^^^^^^
  File "/home/arcana-novai/Documents/Xoe-NovAi/omega-engine/.venv/lib/python3.13/site-packages/anyio/_core/_eventloop.py", line 77, in run
    return async_backend.run(func, args, {}, backend_options)
           ~~~~~~~~~~~~~~~~~^^^^^^^^^^^^^^^^^^^^^^^^^^^^^^^^^
  File "/home/arcana-novai/Documents/Xoe-NovAi/omega-engine/.venv/lib/python3.13/site-packages/anyio/_backends/_asyncio.py", line 2358, in run
    return runner.run(wrapper())
           ~~~~~~~~~~^^^^^^^^^^^
  File "/usr/lib/python3.13/asyncio/runners.py", line 118, in run
    return self._loop.run_until_complete(task)
           ~~~~~~~~~~~~~~~~~~~~~~~~~~~~~^^^^^^
  File "/usr/lib/python3.13/asyncio/base_events.py", line 725, in run_until_complete
    return future.result()
           ~~~~~~~~~~~~~^^
  File "/home/arcana-novai/Documents/Xoe-NovAi/omega-engine/.venv/lib/python3.13/site-packages/anyio/_backends/_asyncio.py", line 2341, in wrapper
    return await func(*args)
           ^^^^^^^^^^^^^^^^^
  File "/home/arcana-novai/Documents/Xoe-NovAi/omega-engine/src/omega/workers/background_researcher/run.py", line 86, in main
    loop = BackgroundResearcherLoop()
  File "/home/arcana-novai/Documents/Xoe-NovAi/omega-engine/src/omega/workers/background_researcher/loop.py", line 74, in __init__
    self.distiller = Distiller(model_gateway, budget=self.budget)
                     ~~~~~~~~~^^^^^^^^^^^^^^^^^^^^^^^^^^^^^^^^^^^
  File "/home/arcana-novai/Documents/Xoe-NovAi/omega-engine/src/omega/workers/background_researcher/distiller.py", line 854, in __init__
    self.t2 = T2Backend()
              ~~~~~~~~~^^
  File "/home/arcana-novai/Documents/Xoe-NovAi/omega-engine/src/omega/workers/background_researcher/distiller.py", line 353, in __init__
    self.google_api_key = self._resolve_key("google", "GOOGLE_API_KEY")
                          ~~~~~~~~~~~~~~~~~^^^^^^^^^^^^^^^^^^^^^^^^^^^^
  File "/home/arcana-novai/Documents/Xoe-NovAi/omega-engine/src/omega/workers/background_researcher/distiller.py", line 344, in _resolve_key
    return KeyVault().resolve(provider)
           ~~~~~~~~^^
  File "/home/arcana-novai/Documents/Xoe-NovAi/omega-engine/src/omega/vault/key_vault.py", line 122, in __init__
    self._load()
    ~~~~~~~~~~^^
  File "/home/arcana-novai/Documents/Xoe-NovAi/omega-engine/src/omega/vault/key_vault.py", line 308, in _load
    encrypted = self._vault_path.read_text()
  File "/usr/lib/python3.13/pathlib/_local.py", line 548, in read_text
    return PathBase.read_text(self, encoding, errors, newline)
           ~~~~~~~~~~~~~~~~~~^^^^^^^^^^^^^^^^^^^^^^^^^^^^^^^^^
  File "/usr/lib/python3.13/pathlib/_abc.py", line 633, in read_text
    return f.read()
           ~~~~~~^^
  File "<frozen codecs>", line 325, in decode
UnicodeDecodeError: 'utf-8' codec can't decode byte 0xe9 in position 0: invalid continuation byte
Traceback (most recent call last):
  File "<frozen runpy>", line 198, in _run_module_as_main
  File "<frozen runpy>", line 88, in _run_code
  File "/home/arcana-novai/Documents/Xoe-NovAi/omega-engine/src/omega/workers/background_researcher/run.py", line 105, in <module>
    anyio.run(main)
    ~~~~~~~~~^^^^^^
  File "/home/arcana-novai/Documents/Xoe-NovAi/omega-engine/.venv/lib/python3.13/site-packages/anyio/_core/_eventloop.py", line 77, in run
    return async_backend.run(func, args, {}, backend_options)
           ~~~~~~~~~~~~~~~~~^^^^^^^^^^^^^^^^^^^^^^^^^^^^^^^^^
  File "/home/arcana-novai/Documents/Xoe-NovAi/omega-engine/.venv/lib/python3.13/site-packages/anyio/_backends/_asyncio.py", line 2358, in run
    return runner.run(wrapper())
           ~~~~~~~~~~^^^^^^^^^^^
  File "/usr/lib/python3.13/asyncio/runners.py", line 118, in run
    return self._loop.run_until_complete(task)
           ~~~~~~~~~~~~~~~~~~~~~~~~~~~~~^^^^^^
  File "/usr/lib/python3.13/asyncio/base_events.py", line 725, in run_until_complete
    return future.result()
           ~~~~~~~~~~~~~^^
  File "/home/arcana-novai/Documents/Xoe-NovAi/omega-engine/.venv/lib/python3.13/site-packages/anyio/_backends/_asyncio.py", line 2341, in wrapper
    return await func(*args)
           ^^^^^^^^^^^^^^^^^
  File "/home/arcana-novai/Documents/Xoe-NovAi/omega-engine/src/omega/workers/background_researcher/run.py", line 86, in main
    loop = BackgroundResearcherLoop()
  File "/home/arcana-novai/Documents/Xoe-NovAi/omega-engine/src/omega/workers/background_researcher/loop.py", line 74, in __init__
    self.distiller = Distiller(model_gateway, budget=self.budget)
                     ~~~~~~~~~^^^^^^^^^^^^^^^^^^^^^^^^^^^^^^^^^^^
  File "/home/arcana-novai/Documents/Xoe-NovAi/omega-engine/src/omega/workers/background_researcher/distiller.py", line 854, in __init__
    self.t2 = T2Backend()
              ~~~~~~~~~^^
  File "/home/arcana-novai/Documents/Xoe-NovAi/omega-engine/src/omega/workers/background_researcher/distiller.py", line 353, in __init__
    self.google_api_key = self._resolve_key("google", "GOOGLE_API_KEY")
                          ~~~~~~~~~~~~~~~~~^^^^^^^^^^^^^^^^^^^^^^^^^^^^
  File "/home/arcana-novai/Documents/Xoe-NovAi/omega-engine/src/omega/workers/background_researcher/distiller.py", line 344, in _resolve_key
    return KeyVault().resolve(provider)
           ~~~~~~~~^^
  File "/home/arcana-novai/Documents/Xoe-NovAi/omega-engine/src/omega/vault/key_vault.py", line 122, in __init__
    self._load()
    ~~~~~~~~~~^^
  File "/home/arcana-novai/Documents/Xoe-NovAi/omega-engine/src/omega/vault/key_vault.py", line 308, in _load
    encrypted = self._vault_path.read_text()
  File "/usr/lib/python3.13/pathlib/_local.py", line 548, in read_text
    return PathBase.read_text(self, encoding, errors, newline)
           ~~~~~~~~~~~~~~~~~~^^^^^^^^^^^^^^^^^^^^^^^^^^^^^^^^^
  File "/usr/lib/python3.13/pathlib/_abc.py", line 633, in read_text
    return f.read()
           ~~~~~~^^
  File "<frozen codecs>", line 325, in decode
UnicodeDecodeError: 'utf-8' codec can't decode byte 0xe9 in position 0: invalid continuation byte
2026-07-08 20:21:28 [INFO] omega.vault.key_vault: Vault loaded: 5 providers, 5 keys total
2026-07-08 20:21:28 [INFO] src.omega.oracle.world_state: WorldState Manager initialized. VR Omegaverse Breath: READY.
2026-07-08 20:21:28 [INFO] omega.memory.fts: FTS5 index initialized at /home/arcana-novai/Documents/Xoe-NovAi/omega-engine/data/memory/fts_memory.db
2026-07-08 20:21:28 [INFO] src.omega.oracle.pii_masker: pii-shield loaded: 18 PII types, context-aware detection
2026-07-08 20:21:28 [INFO] omega.researcher.run: Starting research cycle...
2026-07-08 20:21:28 [INFO] omega.library.coordinator: Worker registered: researcher
2026-07-08 20:21:28 [INFO] omega.library.coordinator: Worker started: researcher
2026-07-08 20:21:28 [INFO] omega.workers.background_researcher.loop: Starting research cycle cycle_20260708_232128_1
2026-07-08 20:21:28 [INFO] omega.library.coordinator: Worker stopped: researcher
Traceback (most recent call last):
  File "<frozen runpy>", line 198, in _run_module_as_main
  File "<frozen runpy>", line 88, in _run_code
  File "/home/arcana-novai/Documents/Xoe-NovAi/omega-engine/src/omega/workers/background_researcher/run.py", line 105, in <module>
    anyio.run(main)
    ~~~~~~~~~^^^^^^
  File "/home/arcana-novai/Documents/Xoe-NovAi/omega-engine/.venv/lib/python3.13/site-packages/anyio/_core/_eventloop.py", line 77, in run
    return async_backend.run(func, args, {}, backend_options)
           ~~~~~~~~~~~~~~~~~^^^^^^^^^^^^^^^^^^^^^^^^^^^^^^^^^
  File "/home/arcana-novai/Documents/Xoe-NovAi/omega-engine/.venv/lib/python3.13/site-packages/anyio/_backends/_asyncio.py", line 2358, in run
    return runner.run(wrapper())
           ~~~~~~~~~~^^^^^^^^^^^
  File "/usr/lib/python3.13/asyncio/runners.py", line 118, in run
    return self._loop.run_until_complete(task)
           ~~~~~~~~~~~~~~~~~~~~~~~~~~~~~^^^^^^
  File "/usr/lib/python3.13/asyncio/base_events.py", line 725, in run_until_complete
    return future.result()
           ~~~~~~~~~~~~~^^
  File "/home/arcana-novai/Documents/Xoe-NovAi/omega-engine/.venv/lib/python3.13/site-packages/anyio/_backends/_asyncio.py", line 2341, in wrapper
    return await func(*args)
           ^^^^^^^^^^^^^^^^^
  File "/home/arcana-novai/Documents/Xoe-NovAi/omega-engine/src/omega/workers/background_researcher/run.py", line 99, in main
    result = await loop.run_cycle()
             ^^^^^^^^^^^^^^^^^^^^^^
  File "/home/arcana-novai/Documents/Xoe-NovAi/omega-engine/src/omega/workers/background_researcher/loop.py", line 212, in run_cycle
    if not await self._is_network_available():
           ^^^^^^^^^^^^^^^^^^^^^^^^^^^^^^^^^^
  File "/home/arcana-novai/Documents/Xoe-NovAi/omega-engine/src/omega/workers/background_researcher/loop.py", line 586, in _is_network_available
    async with httpx.AsyncClient(timeout=5.0) as client:
               ^^^^^
NameError: name 'httpx' is not defined
2026-07-08 20:22:01 [INFO] omega.vault.key_vault: Vault loaded: 5 providers, 5 keys total
2026-07-08 20:22:01 [INFO] src.omega.oracle.world_state: WorldState Manager initialized. VR Omegaverse Breath: READY.
2026-07-08 20:22:01 [INFO] omega.memory.fts: FTS5 index initialized at /home/arcana-novai/Documents/Xoe-NovAi/omega-engine/data/memory/fts_memory.db
2026-07-08 20:22:01 [INFO] src.omega.oracle.pii_masker: pii-shield loaded: 18 PII types, context-aware detection
2026-07-08 20:22:01 [INFO] omega.researcher.run: Starting research cycle...
2026-07-08 20:22:01 [INFO] omega.library.coordinator: Worker registered: researcher
2026-07-08 20:22:01 [INFO] omega.library.coordinator: Worker started: researcher
2026-07-08 20:22:01 [INFO] omega.workers.background_researcher.loop: Starting research cycle cycle_20260708_232201_1
2026-07-08 20:22:01 [INFO] omega.library.coordinator: Worker stopped: researcher
Traceback (most recent call last):
  File "<frozen runpy>", line 198, in _run_module_as_main
  File "<frozen runpy>", line 88, in _run_code
  File "/home/arcana-novai/Documents/Xoe-NovAi/omega-engine/src/omega/workers/background_researcher/run.py", line 105, in <module>
    anyio.run(main)
    ~~~~~~~~~^^^^^^
  File "/home/arcana-novai/Documents/Xoe-NovAi/omega-engine/.venv/lib/python3.13/site-packages/anyio/_core/_eventloop.py", line 77, in run
    return async_backend.run(func, args, {}, backend_options)
           ~~~~~~~~~~~~~~~~~^^^^^^^^^^^^^^^^^^^^^^^^^^^^^^^^^
  File "/home/arcana-novai/Documents/Xoe-NovAi/omega-engine/.venv/lib/python3.13/site-packages/anyio/_backends/_asyncio.py", line 2358, in run
    return runner.run(wrapper())
           ~~~~~~~~~~^^^^^^^^^^^
  File "/usr/lib/python3.13/asyncio/runners.py", line 118, in run
    return self._loop.run_until_complete(task)
           ~~~~~~~~~~~~~~~~~~~~~~~~~~~~~^^^^^^
  File "/usr/lib/python3.13/asyncio/base_events.py", line 725, in run_until_complete
    return future.result()
           ~~~~~~~~~~~~~^^
  File "/home/arcana-novai/Documents/Xoe-NovAi/omega-engine/.venv/lib/python3.13/site-packages/anyio/_backends/_asyncio.py", line 2341, in wrapper
    return await func(*args)
           ^^^^^^^^^^^^^^^^^
  File "/home/arcana-novai/Documents/Xoe-NovAi/omega-engine/src/omega/workers/background_researcher/run.py", line 99, in main
    result = await loop.run_cycle()
             ^^^^^^^^^^^^^^^^^^^^^^
  File "/home/arcana-novai/Documents/Xoe-NovAi/omega-engine/src/omega/workers/background_researcher/loop.py", line 212, in run_cycle
    if not await self._is_network_available():
           ^^^^^^^^^^^^^^^^^^^^^^^^^^^^^^^^^^
  File "/home/arcana-novai/Documents/Xoe-NovAi/omega-engine/src/omega/workers/background_researcher/loop.py", line 586, in _is_network_available
    async with httpx.AsyncClient(timeout=5.0) as client:
               ^^^^^
NameError: name 'httpx' is not defined
2026-07-08 20:22:33 [INFO] omega.vault.key_vault: Vault loaded: 5 providers, 5 keys total
2026-07-08 20:22:34 [INFO] src.omega.oracle.world_state: WorldState Manager initialized. VR Omegaverse Breath: READY.
2026-07-08 20:22:34 [INFO] omega.memory.fts: FTS5 index initialized at /home/arcana-novai/Documents/Xoe-NovAi/omega-engine/data/memory/fts_memory.db
2026-07-08 20:22:34 [INFO] src.omega.oracle.pii_masker: pii-shield loaded: 18 PII types, context-aware detection
2026-07-08 20:22:34 [INFO] omega.researcher.run: Starting research cycle...
2026-07-08 20:22:34 [INFO] omega.library.coordinator: Worker registered: researcher
2026-07-08 20:22:34 [INFO] omega.library.coordinator: Worker started: researcher
2026-07-08 20:22:34 [INFO] omega.workers.background_researcher.loop: Starting research cycle cycle_20260708_232234_1
2026-07-08 20:22:34 [INFO] omega.library.coordinator: Worker stopped: researcher
Traceback (most recent call last):
  File "<frozen runpy>", line 198, in _run_module_as_main
  File "<frozen runpy>", line 88, in _run_code
  File "/home/arcana-novai/Documents/Xoe-NovAi/omega-engine/src/omega/workers/background_researcher/run.py", line 105, in <module>
    anyio.run(main)
    ~~~~~~~~~^^^^^^
  File "/home/arcana-novai/Documents/Xoe-NovAi/omega-engine/.venv/lib/python3.13/site-packages/anyio/_core/_eventloop.py", line 77, in run
    return async_backend.run(func, args, {}, backend_options)
           ~~~~~~~~~~~~~~~~~^^^^^^^^^^^^^^^^^^^^^^^^^^^^^^^^^
  File "/home/arcana-novai/Documents/Xoe-NovAi/omega-engine/.venv/lib/python3.13/site-packages/anyio/_backends/_asyncio.py", line 2358, in run
    return runner.run(wrapper())
           ~~~~~~~~~~^^^^^^^^^^^
  File "/usr/lib/python3.13/asyncio/runners.py", line 118, in run
    return self._loop.run_until_complete(task)
           ~~~~~~~~~~~~~~~~~~~~~~~~~~~~~^^^^^^
  File "/usr/lib/python3.13/asyncio/base_events.py", line 725, in run_until_complete
    return future.result()
           ~~~~~~~~~~~~~^^
  File "/home/arcana-novai/Documents/Xoe-NovAi/omega-engine/.venv/lib/python3.13/site-packages/anyio/_backends/_asyncio.py", line 2341, in wrapper
    return await func(*args)
           ^^^^^^^^^^^^^^^^^
  File "/home/arcana-novai/Documents/Xoe-NovAi/omega-engine/src/omega/workers/background_researcher/run.py", line 99, in main
    result = await loop.run_cycle()
             ^^^^^^^^^^^^^^^^^^^^^^
  File "/home/arcana-novai/Documents/Xoe-NovAi/omega-engine/src/omega/workers/background_researcher/loop.py", line 212, in run_cycle
    if not await self._is_network_available():
           ^^^^^^^^^^^^^^^^^^^^^^^^^^^^^^^^^^
  File "/home/arcana-novai/Documents/Xoe-NovAi/omega-engine/src/omega/workers/background_researcher/loop.py", line 586, in _is_network_available
    async with httpx.AsyncClient(timeout=5.0) as client:
               ^^^^^
NameError: name 'httpx' is not defined
Traceback (most recent call last):
  File "<frozen runpy>", line 189, in _run_module_as_main
  File "<frozen runpy>", line 112, in _get_module_details
  File "/home/arcana-novai/Documents/Xoe-NovAi/omega-engine/src/omega/workers/__init__.py", line 3, in <module>
    from .model_updater import ModelUpdaterWorker
  File "/home/arcana-novai/Documents/Xoe-NovAi/omega-engine/src/omega/workers/model_updater.py", line 35, in <module>
    from omega.oracle.model_gateway import ModelGateway
  File "/home/arcana-novai/Documents/Xoe-NovAi/omega-engine/src/omega/oracle/__init__.py", line 9, in <module>
    from .oracle import Oracle, OracleResponse
  File "/home/arcana-novai/Documents/Xoe-NovAi/omega-engine/src/omega/oracle/oracle.py", line 27, in <module>
    from .orchestrator import Orchestrator
  File "/home/arcana-novai/Documents/Xoe-NovAi/omega-engine/src/omega/oracle/orchestrator.py", line 44, in <module>
    from omega.workers.model_updater import ModelUpdaterWorker
ImportError: cannot import name 'ModelUpdaterWorker' from partially initialized module 'omega.workers.model_updater' (most likely due to a circular import) (/home/arcana-novai/Documents/Xoe-NovAi/omega-engine/src/omega/workers/model_updater.py)
Traceback (most recent call last):
  File "<frozen runpy>", line 189, in _run_module_as_main
  File "<frozen runpy>", line 112, in _get_module_details
  File "/home/arcana-novai/Documents/Xoe-NovAi/omega-engine/src/omega/workers/__init__.py", line 3, in <module>
    from .model_updater import ModelUpdaterWorker
  File "/home/arcana-novai/Documents/Xoe-NovAi/omega-engine/src/omega/workers/model_updater.py", line 35, in <module>
    from omega.oracle.model_gateway import ModelGateway
  File "/home/arcana-novai/Documents/Xoe-NovAi/omega-engine/src/omega/oracle/__init__.py", line 9, in <module>
    from .oracle import Oracle, OracleResponse
  File "/home/arcana-novai/Documents/Xoe-NovAi/omega-engine/src/omega/oracle/oracle.py", line 27, in <module>
    from .orchestrator import Orchestrator
  File "/home/arcana-novai/Documents/Xoe-NovAi/omega-engine/src/omega/oracle/orchestrator.py", line 44, in <module>
    from omega.workers.model_updater import ModelUpdaterWorker
ImportError: cannot import name 'ModelUpdaterWorker' from partially initialized module 'omega.workers.model_updater' (most likely due to a circular import) (/home/arcana-novai/Documents/Xoe-NovAi/omega-engine/src/omega/workers/model_updater.py)
2026-07-08 20:24:11 [INFO] omega.vault.key_vault: Vault loaded: 5 providers, 5 keys total
2026-07-08 20:24:11 [INFO] src.omega.oracle.world_state: WorldState Manager initialized. VR Omegaverse Breath: READY.
2026-07-08 20:24:11 [INFO] omega.memory.fts: FTS5 index initialized at /home/arcana-novai/Documents/Xoe-NovAi/omega-engine/data/memory/fts_memory.db
2026-07-08 20:24:11 [INFO] src.omega.oracle.pii_masker: pii-shield loaded: 18 PII types, context-aware detection
2026-07-08 20:24:11 [INFO] omega.researcher.run: Starting research cycle...
2026-07-08 20:24:11 [INFO] omega.library.coordinator: Worker registered: researcher
2026-07-08 20:24:11 [INFO] omega.library.coordinator: Worker started: researcher
2026-07-08 20:24:11 [INFO] omega.workers.background_researcher.loop: Starting research cycle cycle_20260708_232411_1
2026-07-08 20:24:11 [INFO] omega.library.coordinator: Worker stopped: researcher
Traceback (most recent call last):
  File "<frozen runpy>", line 198, in _run_module_as_main
  File "<frozen runpy>", line 88, in _run_code
  File "/home/arcana-novai/Documents/Xoe-NovAi/omega-engine/src/omega/workers/background_researcher/run.py", line 105, in <module>
    anyio.run(main)
    ~~~~~~~~~^^^^^^
  File "/home/arcana-novai/Documents/Xoe-NovAi/omega-engine/.venv/lib/python3.13/site-packages/anyio/_core/_eventloop.py", line 77, in run
    return async_backend.run(func, args, {}, backend_options)
           ~~~~~~~~~~~~~~~~~^^^^^^^^^^^^^^^^^^^^^^^^^^^^^^^^^
  File "/home/arcana-novai/Documents/Xoe-NovAi/omega-engine/.venv/lib/python3.13/site-packages/anyio/_backends/_asyncio.py", line 2358, in run
    return runner.run(wrapper())
           ~~~~~~~~~~^^^^^^^^^^^
  File "/usr/lib/python3.13/asyncio/runners.py", line 118, in run
    return self._loop.run_until_complete(task)
           ~~~~~~~~~~~~~~~~~~~~~~~~~~~~~^^^^^^
  File "/usr/lib/python3.13/asyncio/base_events.py", line 725, in run_until_complete
    return future.result()
           ~~~~~~~~~~~~~^^
  File "/home/arcana-novai/Documents/Xoe-NovAi/omega-engine/.venv/lib/python3.13/site-packages/anyio/_backends/_asyncio.py", line 2341, in wrapper
    return await func(*args)
           ^^^^^^^^^^^^^^^^^
  File "/home/arcana-novai/Documents/Xoe-NovAi/omega-engine/src/omega/workers/background_researcher/run.py", line 99, in main
    result = await loop.run_cycle()
             ^^^^^^^^^^^^^^^^^^^^^^
  File "/home/arcana-novai/Documents/Xoe-NovAi/omega-engine/src/omega/workers/background_researcher/loop.py", line 212, in run_cycle
    if not await self._is_network_available():
           ^^^^^^^^^^^^^^^^^^^^^^^^^^^^^^^^^^
  File "/home/arcana-novai/Documents/Xoe-NovAi/omega-engine/src/omega/workers/background_researcher/loop.py", line 586, in _is_network_available
    async with httpx.AsyncClient(timeout=5.0) as client:
               ^^^^^
NameError: name 'httpx' is not defined
2026-07-08 20:24:44 [INFO] omega.vault.key_vault: Vault loaded: 5 providers, 5 keys total
2026-07-08 20:24:44 [INFO] omega.memory.fts: FTS5 index initialized at /home/arcana-novai/Documents/Xoe-NovAi/omega-engine/data/memory/fts_memory.db
2026-07-08 20:24:44 [INFO] omega.oracle.pii_masker: pii-shield loaded: 18 PII types, context-aware detection
2026-07-08 20:24:44 [INFO] omega.researcher.run: Starting research cycle...
2026-07-08 20:24:44 [INFO] omega.library.coordinator: Worker registered: researcher
2026-07-08 20:24:44 [INFO] omega.library.coordinator: Worker started: researcher
2026-07-08 20:24:44 [INFO] omega.workers.background_researcher.loop: Starting research cycle cycle_20260708_232444_1
2026-07-08 20:24:47 [INFO] httpx: HTTP Request: GET https://httpbin.org/get "HTTP/1.1 200 OK"
2026-07-08 20:24:47 [INFO] omega.workers.background_researcher.loop: Frontier gap found: 'Phase 1 — Engine Hardening — Memory wiring, handoff protocol, soul atomicity, agent hardening, MCP consolidation research' (p=0.6) from master_ledger
2026-07-08 20:24:47 [INFO] omega.workers.background_researcher.loop: Frontier gap found: 'Phase 2 — Legacy Mining — Extract 12 quick-win assets, port legacy patterns, compile community content research' (p=0.6) from master_ledger
2026-07-08 20:24:47 [INFO] omega.workers.background_researcher.loop: Frontier gap found: 'Phase 3 — Community Tools — Entity Studio CLI → Visual Builder, Stack Builder Wizard, one-click Omega Desktop research' (p=0.6) from master_ledger
2026-07-08 20:24:47 [INFO] omega.workers.background_researcher.loop: Frontier gap found: 'Phase 4 — The Omegaverse — P2P network protocol, WAD registry, cross-instance entity communication, **Godot/id Tech VR bridge**, soul-to-visual mapping (R-24), **shared VR realms (P2P Metropolis)** research' (p=0.6) from master_ledger
2026-07-08 20:24:47 [INFO] omega.workers.background_researcher.loop: Frontier gap found: 'Knowledge base scaffolding for entity cli_cline' (p=0.5) from entity_gap
2026-07-08 20:24:47 [INFO] omega.workers.background_researcher.loop: Frontier growth complete — enqueued 5 topics from 31 candidates
2026-07-08 20:24:47 [INFO] omega.workers.background_researcher.loop: Researching: 'Phase 1 — Engine Hardening — Memory wiring, handoff protocol, soul atomicity, agent hardening, MCP consolidation research' (priority=0.60)
2026-07-08 20:24:47 [WARNING] omega.workers.background_researcher.searxng_client: SearXNG request failed: 
2026-07-08 20:24:47 [WARNING] omega.workers.background_researcher.searxng_client: SearXNG request failed: 
2026-07-08 20:24:48 [INFO] httpx: HTTP Request: POST https://api.exa.ai/search "HTTP/1.1 200 OK"
2026-07-08 20:24:49 [INFO] httpx: HTTP Request: POST https://generativelanguage.googleapis.com/v1beta/models/google-gemma-4:generateContent "HTTP/1.1 404 Not Found"
2026-07-08 20:24:49 [ERROR] omega.ingestion.pipeline: Sentry probe failed: Sentry Probe FAILED: HTTP 404
2026-07-08 20:24:49 [WARNING] omega.workers.background_researcher.loop: Sovereign Pipeline failed to ingest https://blog.vinkius.com/the-agentic-swarm-manifesto-how-vurb-ts-fhp-does-for-mcp-what-kubernetes-did-for-microservices
2026-07-08 20:24:49 [INFO] httpx: HTTP Request: POST https://generativelanguage.googleapis.com/v1beta/models/google-gemma-4:generateContent "HTTP/1.1 404 Not Found"
2026-07-08 20:24:49 [ERROR] omega.ingestion.pipeline: Sentry probe failed: Sentry Probe FAILED: HTTP 404
2026-07-08 20:24:49 [WARNING] omega.workers.background_researcher.loop: Sovereign Pipeline failed to ingest https://github.com/alphaonedev/ai-memory-mcp/blob/main/docs/atomisation.md
2026-07-08 20:24:49 [INFO] httpx: HTTP Request: POST https://generativelanguage.googleapis.com/v1beta/models/google-gemma-4:generateContent "HTTP/1.1 404 Not Found"
2026-07-08 20:24:49 [ERROR] omega.ingestion.pipeline: Sentry probe failed: Sentry Probe FAILED: HTTP 404
2026-07-08 20:24:49 [WARNING] omega.workers.background_researcher.loop: Sovereign Pipeline failed to ingest https://labs.cloudsecurityalliance.org/research/csa-research-note-mcp-security-crisis-20260504-csa-styled/
2026-07-08 20:24:50 [INFO] httpx: HTTP Request: POST https://generativelanguage.googleapis.com/v1beta/models/google-gemma-4:generateContent "HTTP/1.1 404 Not Found"
2026-07-08 20:24:50 [ERROR] omega.ingestion.pipeline: Sentry probe failed: Sentry Probe FAILED: HTTP 404
2026-07-08 20:24:50 [WARNING] omega.workers.background_researcher.loop: Sovereign Pipeline failed to ingest https://github.com/xChuCx/agent-memory/blob/main/agent-memory-design-doc-v0.4.1.md
2026-07-08 20:24:50 [INFO] httpx: HTTP Request: POST https://generativelanguage.googleapis.com/v1beta/models/google-gemma-4:generateContent "HTTP/1.1 404 Not Found"
2026-07-08 20:24:50 [ERROR] omega.ingestion.pipeline: Sentry probe failed: Sentry Probe FAILED: HTTP 404
2026-07-08 20:24:50 [WARNING] omega.workers.background_researcher.loop: Sovereign Pipeline failed to ingest https://github.com/MemberJunction/MJ/blob/next/specs/001-memory-consolidation/phase-2-design.md
2026-07-08 20:24:50 [INFO] omega.library.coordinator: Worker stopped: researcher
2026-07-08 20:24:50 [INFO] omega.researcher.run: Research cycle complete.
Traceback (most recent call last):
  File "<frozen runpy>", line 198, in _run_module_as_main
  File "<frozen runpy>", line 88, in _run_code
  File "/home/arcana-novai/Documents/Xoe-NovAi/omega-engine/src/omega/workers/background_researcher/run.py", line 105, in <module>
    anyio.run(main)
    ~~~~~~~~~^^^^^^
  File "/home/arcana-novai/Documents/Xoe-NovAi/omega-engine/.venv/lib/python3.13/site-packages/anyio/_core/_eventloop.py", line 77, in run
    return async_backend.run(func, args, {}, backend_options)
           ~~~~~~~~~~~~~~~~~^^^^^^^^^^^^^^^^^^^^^^^^^^^^^^^^^
  File "/home/arcana-novai/Documents/Xoe-NovAi/omega-engine/.venv/lib/python3.13/site-packages/anyio/_backends/_asyncio.py", line 2358, in run
    return runner.run(wrapper())
           ~~~~~~~~~~^^^^^^^^^^^
  File "/usr/lib/python3.13/asyncio/runners.py", line 118, in run
    return self._loop.run_until_complete(task)
           ~~~~~~~~~~~~~~~~~~~~~~~~~~~~~^^^^^^
  File "/usr/lib/python3.13/asyncio/base_events.py", line 725, in run_until_complete
    return future.result()
           ~~~~~~~~~~~~~^^
  File "/home/arcana-novai/Documents/Xoe-NovAi/omega-engine/.venv/lib/python3.13/site-packages/anyio/_backends/_asyncio.py", line 2341, in wrapper
    return await func(*args)
           ^^^^^^^^^^^^^^^^^
  File "/home/arcana-novai/Documents/Xoe-NovAi/omega-engine/src/omega/workers/background_researcher/run.py", line 86, in main
    loop = BackgroundResearcherLoop()
  File "/home/arcana-novai/Documents/Xoe-NovAi/omega-engine/src/omega/workers/background_researcher/loop.py", line 75, in __init__
    self.distiller = Distiller(model_gateway, budget=self.budget)
                     ~~~~~~~~~^^^^^^^^^^^^^^^^^^^^^^^^^^^^^^^^^^^
  File "/home/arcana-novai/Documents/Xoe-NovAi/omega-engine/src/omega/workers/background_researcher/distiller.py", line 854, in __init__
    self.t2 = T2Backend()
              ~~~~~~~~~^^
  File "/home/arcana-novai/Documents/Xoe-NovAi/omega-engine/src/omega/workers/background_researcher/distiller.py", line 353, in __init__
    self.google_api_key = self._resolve_key("google", "GOOGLE_API_KEY")
                          ~~~~~~~~~~~~~~~~~^^^^^^^^^^^^^^^^^^^^^^^^^^^^
  File "/home/arcana-novai/Documents/Xoe-NovAi/omega-engine/src/omega/workers/background_researcher/distiller.py", line 344, in _resolve_key
    return KeyVault().resolve(provider)
           ~~~~~~~~^^
  File "/home/arcana-novai/Documents/Xoe-NovAi/omega-engine/src/omega/vault/key_vault.py", line 126, in __init__
    self._load()
    ~~~~~~~~~~^^
  File "/home/arcana-novai/Documents/Xoe-NovAi/omega-engine/src/omega/vault/key_vault.py", line 327, in _load
    plaintext = decrypt(encrypted, self._master_key)
  File "/home/arcana-novai/Documents/Xoe-NovAi/omega-engine/src/omega/vault/crypto.py", line 164, in decrypt
    plaintext = aesgcm.decrypt(nonce, ciphertext, None)
cryptography.exceptions.InvalidTag
2026-07-08 20:35:50 [WARNING] omega.vault.key_vault: Invalid VAULT_MASTER_KEY: [VaultCryptoError] Invalid master key hex: non-hexadecimal number found in fromhex() arg at position 48
2026-07-08 20:35:50 [WARNING] omega.vault.key_vault: No VAULT_MASTER_KEY set — vault is locked. Falling back to environment variables.
2026-07-08 20:35:50 [INFO] omega.memory.fts: FTS5 index initialized at /home/arcana-novai/Documents/Xoe-NovAi/omega-engine/data/memory/fts_memory.db
2026-07-08 20:35:50 [INFO] omega.oracle.pii_masker: pii-shield loaded: 18 PII types, context-aware detection
2026-07-08 20:35:50 [INFO] omega.researcher.run: Starting research cycle...
2026-07-08 20:35:50 [INFO] omega.library.coordinator: Worker registered: researcher
2026-07-08 20:35:50 [INFO] omega.library.coordinator: Worker started: researcher
2026-07-08 20:35:50 [INFO] omega.workers.background_researcher.loop: Starting research cycle cycle_20260708_233550_1
2026-07-08 20:35:52 [INFO] httpx: HTTP Request: GET https://httpbin.org/get "HTTP/1.1 200 OK"
2026-07-08 20:35:52 [INFO] omega.workers.background_researcher.loop: Frontier gap found: 'Phase 1 — Engine Hardening — Memory wiring, handoff protocol, soul atomicity, agent hardening, MCP consolidation research' (p=0.6) from master_ledger
2026-07-08 20:35:52 [INFO] omega.workers.background_researcher.loop: Frontier gap found: 'Phase 2 — Legacy Mining — Extract 12 quick-win assets, port legacy patterns, compile community content research' (p=0.6) from master_ledger
2026-07-08 20:35:52 [INFO] omega.workers.background_researcher.loop: Frontier gap found: 'Phase 3 — Community Tools — Entity Studio CLI → Visual Builder, Stack Builder Wizard, one-click Omega Desktop research' (p=0.6) from master_ledger
2026-07-08 20:35:52 [INFO] omega.workers.background_researcher.loop: Frontier gap found: 'Phase 4 — The Omegaverse — P2P network protocol, WAD registry, cross-instance entity communication, **Godot/id Tech VR bridge**, soul-to-visual mapping (R-24), **shared VR realms (P2P Metropolis)** research' (p=0.6) from master_ledger
2026-07-08 20:35:52 [INFO] omega.workers.background_researcher.loop: Frontier gap found: 'Knowledge base scaffolding for entity cli_cline' (p=0.5) from entity_gap
2026-07-08 20:35:52 [INFO] omega.workers.background_researcher.loop: Frontier growth complete — enqueued 5 topics from 31 candidates
2026-07-08 20:35:52 [INFO] omega.workers.background_researcher.loop: Researching: 'Phase 1 — Engine Hardening — Memory wiring, handoff protocol, soul atomicity, agent hardening, MCP consolidation research' (priority=0.60)
2026-07-08 20:35:52 [WARNING] omega.workers.background_researcher.searxng_client: SearXNG request failed: 
2026-07-08 20:35:52 [WARNING] omega.workers.background_researcher.searxng_client: SearXNG request failed: 
2026-07-08 20:35:52 [INFO] httpx: HTTP Request: POST https://api.exa.ai/search "HTTP/1.1 200 OK"
2026-07-08 20:35:53 [INFO] httpx: HTTP Request: POST https://generativelanguage.googleapis.com/v1beta/models/google-gemma-4:generateContent "HTTP/1.1 404 Not Found"
2026-07-08 20:35:53 [ERROR] omega.ingestion.pipeline: Sentry probe failed: Sentry Probe FAILED: HTTP 404
2026-07-08 20:35:53 [WARNING] omega.workers.background_researcher.loop: Sovereign Pipeline failed to ingest https://blog.vinkius.com/the-agentic-swarm-manifesto-how-vurb-ts-fhp-does-for-mcp-what-kubernetes-did-for-microservices
2026-07-08 20:35:53 [INFO] httpx: HTTP Request: POST https://generativelanguage.googleapis.com/v1beta/models/google-gemma-4:generateContent "HTTP/1.1 404 Not Found"
2026-07-08 20:35:53 [ERROR] omega.ingestion.pipeline: Sentry probe failed: Sentry Probe FAILED: HTTP 404
2026-07-08 20:35:53 [WARNING] omega.workers.background_researcher.loop: Sovereign Pipeline failed to ingest https://github.com/alphaonedev/ai-memory-mcp/blob/main/docs/atomisation.md
2026-07-08 20:35:53 [INFO] httpx: HTTP Request: POST https://generativelanguage.googleapis.com/v1beta/models/google-gemma-4:generateContent "HTTP/1.1 404 Not Found"
2026-07-08 20:35:53 [ERROR] omega.ingestion.pipeline: Sentry probe failed: Sentry Probe FAILED: HTTP 404
2026-07-08 20:35:53 [WARNING] omega.workers.background_researcher.loop: Sovereign Pipeline failed to ingest https://labs.cloudsecurityalliance.org/research/csa-research-note-mcp-security-crisis-20260504-csa-styled/
2026-07-08 20:35:54 [INFO] httpx: HTTP Request: POST https://generativelanguage.googleapis.com/v1beta/models/google-gemma-4:generateContent "HTTP/1.1 404 Not Found"
2026-07-08 20:35:54 [ERROR] omega.ingestion.pipeline: Sentry probe failed: Sentry Probe FAILED: HTTP 404
2026-07-08 20:35:54 [WARNING] omega.workers.background_researcher.loop: Sovereign Pipeline failed to ingest https://github.com/xChuCx/agent-memory/blob/main/agent-memory-design-doc-v0.4.1.md
2026-07-08 20:35:54 [INFO] httpx: HTTP Request: POST https://generativelanguage.googleapis.com/v1beta/models/google-gemma-4:generateContent "HTTP/1.1 404 Not Found"
2026-07-08 20:35:54 [ERROR] omega.ingestion.pipeline: Sentry probe failed: Sentry Probe FAILED: HTTP 404
2026-07-08 20:35:54 [WARNING] omega.workers.background_researcher.loop: Sovereign Pipeline failed to ingest https://github.com/MemberJunction/MJ/blob/next/specs/001-memory-consolidation/phase-2-design.md
2026-07-08 20:35:54 [INFO] omega.library.coordinator: Worker stopped: researcher
2026-07-08 20:35:54 [INFO] omega.researcher.run: Research cycle complete.
2026-07-08 20:55:21 [WARNING] omega.vault.key_vault: Invalid VAULT_MASTER_KEY: [VaultCryptoError] Invalid master key hex: non-hexadecimal number found in fromhex() arg at position 48
2026-07-08 20:55:21 [WARNING] omega.vault.key_vault: No VAULT_MASTER_KEY set — vault is locked. Falling back to environment variables.
2026-07-08 20:55:21 [INFO] omega.memory.fts: FTS5 index initialized at /home/arcana-novai/Documents/Xoe-NovAi/omega-engine/data/memory/fts_memory.db
2026-07-08 20:55:21 [INFO] omega.oracle.pii_masker: pii-shield loaded: 18 PII types, context-aware detection
2026-07-08 20:55:21 [INFO] omega.researcher.run: Starting research cycle...
2026-07-08 20:55:21 [INFO] omega.library.coordinator: Worker registered: researcher
2026-07-08 20:55:21 [INFO] omega.library.coordinator: Worker started: researcher
2026-07-08 20:55:21 [INFO] omega.workers.background_researcher.loop: Starting research cycle cycle_20260708_235521_1
2026-07-08 20:55:22 [INFO] httpx: HTTP Request: GET https://httpbin.org/get "HTTP/1.1 200 OK"
2026-07-08 20:55:22 [INFO] omega.workers.background_researcher.loop: Frontier gap found: 'Phase 1 — Engine Hardening — Memory wiring, handoff protocol, soul atomicity, agent hardening, MCP consolidation research' (p=0.6) from master_ledger
2026-07-08 20:55:22 [INFO] omega.workers.background_researcher.loop: Frontier gap found: 'Phase 2 — Legacy Mining — Extract 12 quick-win assets, port legacy patterns, compile community content research' (p=0.6) from master_ledger
2026-07-08 20:55:22 [INFO] omega.workers.background_researcher.loop: Frontier gap found: 'Phase 3 — Community Tools — Entity Studio CLI → Visual Builder, Stack Builder Wizard, one-click Omega Desktop research' (p=0.6) from master_ledger
2026-07-08 20:55:22 [INFO] omega.workers.background_researcher.loop: Frontier gap found: 'Phase 4 — The Omegaverse — P2P network protocol, WAD registry, cross-instance entity communication, **Godot/id Tech VR bridge**, soul-to-visual mapping (R-24), **shared VR realms (P2P Metropolis)** research' (p=0.6) from master_ledger
2026-07-08 20:55:22 [INFO] omega.workers.background_researcher.loop: Frontier gap found: 'Knowledge base scaffolding for entity cli_cline' (p=0.5) from entity_gap
2026-07-08 20:55:22 [INFO] omega.workers.background_researcher.loop: Frontier growth complete — enqueued 5 topics from 31 candidates
2026-07-08 20:55:22 [INFO] omega.workers.background_researcher.loop: Researching: 'Phase 1 — Engine Hardening — Memory wiring, handoff protocol, soul atomicity, agent hardening, MCP consolidation research' (priority=0.60)
2026-07-08 20:55:22 [WARNING] omega.workers.background_researcher.searxng_client: SearXNG request failed: 
2026-07-08 20:55:22 [WARNING] omega.workers.background_researcher.searxng_client: SearXNG request failed: 
2026-07-08 20:55:23 [INFO] httpx: HTTP Request: POST https://api.exa.ai/search "HTTP/1.1 200 OK"
2026-07-08 20:55:23 [INFO] httpx: HTTP Request: POST https://generativelanguage.googleapis.com/v1beta/models/gemma-4-31b-it:generateContent "HTTP/1.1 200 OK"
2026-07-08 20:55:23 [INFO] omega.ingestion.guards: Sentry Probe SUCCESS for gemma-4-31b-it on attempt 1
2026-07-08 20:55:24 [INFO] urllib3.poolmanager: Redirecting https://blog.vinkius.com/the-agentic-swarm-manifesto-how-vurb-ts-fhp-does-for-mcp-what-kubernetes-did-for-microservices -> https://vinkius.com/blog/the-agentic-swarm-manifesto-how-vurb-ts-fhp-does-for-mcp-what-kubernetes-did-for-microservices
2026-07-08 20:55:25 [ERROR] trafilatura.downloads: not a 200 response: 404 for URL https://blog.vinkius.com/the-agentic-swarm-manifesto-how-vurb-ts-fhp-does-for-mcp-what-kubernetes-did-for-microservices
2026-07-08 20:55:25 [INFO] omega.library.coordinator: Worker stopped: researcher
2026-07-08 20:55:25 [ERROR] omega.researcher.run: Critical failure in research cycle: T1 Fast Scrape failed: Trafilatura failed to fetch URL
Traceback (most recent call last):
  File "/home/arcana-novai/Documents/Xoe-NovAi/omega-engine/src/omega/workers/background_researcher/run.py", line 100, in main
    result = await loop.run_cycle()
             ^^^^^^^^^^^^^^^^^^^^^^
  File "/home/arcana-novai/Documents/Xoe-NovAi/omega-engine/src/omega/workers/background_researcher/loop.py", line 268, in run_cycle
    content = await self._extract(task, sources)
              ^^^^^^^^^^^^^^^^^^^^^^^^^^^^^^^^^^
  File "/home/arcana-novai/Documents/Xoe-NovAi/omega-engine/src/omega/workers/background_researcher/loop.py", line 431, in _extract
    result = await self.pipeline.run_source(url)
             ^^^^^^^^^^^^^^^^^^^^^^^^^^^^^^^^^^^
  File "/home/arcana-novai/Documents/Xoe-NovAi/omega-engine/src/omega/ingestion/pipeline.py", line 187, in run_source
    raise TransportError(f"T1 Fast Scrape failed: {t1_res.error}")
omega.ingestion.ingestion_types.TransportError: T1 Fast Scrape failed: Trafilatura failed to fetch URL
2026-07-08 20:55:57 [WARNING] omega.vault.key_vault: Invalid VAULT_MASTER_KEY: [VaultCryptoError] Invalid master key hex: non-hexadecimal number found in fromhex() arg at position 48
2026-07-08 20:55:57 [WARNING] omega.vault.key_vault: No VAULT_MASTER_KEY set — vault is locked. Falling back to environment variables.
2026-07-08 20:55:57 [INFO] omega.memory.fts: FTS5 index initialized at /home/arcana-novai/Documents/Xoe-NovAi/omega-engine/data/memory/fts_memory.db
2026-07-08 20:55:57 [INFO] omega.oracle.pii_masker: pii-shield loaded: 18 PII types, context-aware detection
2026-07-08 20:55:57 [INFO] omega.researcher.run: Starting research cycle...
2026-07-08 20:55:57 [INFO] omega.library.coordinator: Worker registered: researcher
2026-07-08 20:55:57 [INFO] omega.library.coordinator: Worker started: researcher
2026-07-08 20:55:57 [INFO] omega.workers.background_researcher.loop: Starting research cycle cycle_20260708_235557_1
2026-07-08 20:56:00 [INFO] httpx: HTTP Request: GET https://httpbin.org/get "HTTP/1.1 200 OK"
2026-07-08 20:56:00 [INFO] omega.workers.background_researcher.loop: Frontier gap found: 'Phase 1 — Engine Hardening — Memory wiring, handoff protocol, soul atomicity, agent hardening, MCP consolidation research' (p=0.6) from master_ledger
2026-07-08 20:56:00 [INFO] omega.workers.background_researcher.loop: Frontier gap found: 'Phase 2 — Legacy Mining — Extract 12 quick-win assets, port legacy patterns, compile community content research' (p=0.6) from master_ledger
2026-07-08 20:56:00 [INFO] omega.workers.background_researcher.loop: Frontier gap found: 'Phase 3 — Community Tools — Entity Studio CLI → Visual Builder, Stack Builder Wizard, one-click Omega Desktop research' (p=0.6) from master_ledger
2026-07-08 20:56:00 [INFO] omega.workers.background_researcher.loop: Frontier gap found: 'Phase 4 — The Omegaverse — P2P network protocol, WAD registry, cross-instance entity communication, **Godot/id Tech VR bridge**, soul-to-visual mapping (R-24), **shared VR realms (P2P Metropolis)** research' (p=0.6) from master_ledger
2026-07-08 20:56:00 [INFO] omega.workers.background_researcher.loop: Frontier gap found: 'Knowledge base scaffolding for entity cli_cline' (p=0.5) from entity_gap
2026-07-08 20:56:00 [INFO] omega.workers.background_researcher.loop: Frontier growth complete — enqueued 5 topics from 31 candidates
2026-07-08 20:56:00 [INFO] omega.workers.background_researcher.loop: Researching: 'Phase 1 — Engine Hardening — Memory wiring, handoff protocol, soul atomicity, agent hardening, MCP consolidation research' (priority=0.60)
2026-07-08 20:56:00 [WARNING] omega.workers.background_researcher.searxng_client: SearXNG request failed: 
2026-07-08 20:56:00 [WARNING] omega.workers.background_researcher.searxng_client: SearXNG request failed: 
2026-07-08 20:56:01 [INFO] httpx: HTTP Request: POST https://api.exa.ai/search "HTTP/1.1 200 OK"
2026-07-08 20:56:02 [INFO] httpx: HTTP Request: POST https://generativelanguage.googleapis.com/v1beta/models/gemma-4-31b-it:generateContent "HTTP/1.1 200 OK"
2026-07-08 20:56:02 [INFO] omega.ingestion.guards: Sentry Probe SUCCESS for gemma-4-31b-it on attempt 1
2026-07-08 20:56:02 [INFO] urllib3.poolmanager: Redirecting https://blog.vinkius.com/the-agentic-swarm-manifesto-how-vurb-ts-fhp-does-for-mcp-what-kubernetes-did-for-microservices -> https://vinkius.com/blog/the-agentic-swarm-manifesto-how-vurb-ts-fhp-does-for-mcp-what-kubernetes-did-for-microservices
2026-07-08 20:56:03 [ERROR] trafilatura.downloads: not a 200 response: 404 for URL https://blog.vinkius.com/the-agentic-swarm-manifesto-how-vurb-ts-fhp-does-for-mcp-what-kubernetes-did-for-microservices
2026-07-08 20:56:03 [INFO] omega.library.coordinator: Worker stopped: researcher
2026-07-08 20:56:03 [ERROR] omega.researcher.run: Critical failure in research cycle: T1 Fast Scrape failed: Trafilatura failed to fetch URL
Traceback (most recent call last):
  File "/home/arcana-novai/Documents/Xoe-NovAi/omega-engine/src/omega/workers/background_researcher/run.py", line 100, in main
    result = await loop.run_cycle()
             ^^^^^^^^^^^^^^^^^^^^^^
  File "/home/arcana-novai/Documents/Xoe-NovAi/omega-engine/src/omega/workers/background_researcher/loop.py", line 268, in run_cycle
    content = await self._extract(task, sources)
              ^^^^^^^^^^^^^^^^^^^^^^^^^^^^^^^^^^
  File "/home/arcana-novai/Documents/Xoe-NovAi/omega-engine/src/omega/workers/background_researcher/loop.py", line 431, in _extract
    result = await self.pipeline.run_source(url)
             ^^^^^^^^^^^^^^^^^^^^^^^^^^^^^^^^^^^
  File "/home/arcana-novai/Documents/Xoe-NovAi/omega-engine/src/omega/ingestion/pipeline.py", line 187, in run_source
    raise TransportError(f"T1 Fast Scrape failed: {t1_res.error}")
omega.ingestion.ingestion_types.TransportError: T1 Fast Scrape failed: Trafilatura failed to fetch URL
2026-07-08 20:56:35 [WARNING] omega.vault.key_vault: Invalid VAULT_MASTER_KEY: [VaultCryptoError] Invalid master key hex: non-hexadecimal number found in fromhex() arg at position 48
2026-07-08 20:56:35 [WARNING] omega.vault.key_vault: No VAULT_MASTER_KEY set — vault is locked. Falling back to environment variables.
2026-07-08 20:56:35 [INFO] omega.memory.fts: FTS5 index initialized at /home/arcana-novai/Documents/Xoe-NovAi/omega-engine/data/memory/fts_memory.db
2026-07-08 20:56:35 [INFO] omega.oracle.pii_masker: pii-shield loaded: 18 PII types, context-aware detection
2026-07-08 20:56:35 [INFO] omega.researcher.run: Starting research cycle...
2026-07-08 20:56:35 [INFO] omega.library.coordinator: Worker registered: researcher
2026-07-08 20:56:35 [INFO] omega.library.coordinator: Worker started: researcher
2026-07-08 20:56:35 [INFO] omega.workers.background_researcher.loop: Starting research cycle cycle_20260708_235635_1
2026-07-08 20:56:37 [INFO] httpx: HTTP Request: GET https://httpbin.org/get "HTTP/1.1 200 OK"
2026-07-08 20:56:37 [INFO] omega.workers.background_researcher.loop: Frontier gap found: 'Phase 1 — Engine Hardening — Memory wiring, handoff protocol, soul atomicity, agent hardening, MCP consolidation research' (p=0.6) from master_ledger
2026-07-08 20:56:37 [INFO] omega.workers.background_researcher.loop: Frontier gap found: 'Phase 2 — Legacy Mining — Extract 12 quick-win assets, port legacy patterns, compile community content research' (p=0.6) from master_ledger
2026-07-08 20:56:37 [INFO] omega.workers.background_researcher.loop: Frontier gap found: 'Phase 3 — Community Tools — Entity Studio CLI → Visual Builder, Stack Builder Wizard, one-click Omega Desktop research' (p=0.6) from master_ledger
2026-07-08 20:56:37 [INFO] omega.workers.background_researcher.loop: Frontier gap found: 'Phase 4 — The Omegaverse — P2P network protocol, WAD registry, cross-instance entity communication, **Godot/id Tech VR bridge**, soul-to-visual mapping (R-24), **shared VR realms (P2P Metropolis)** research' (p=0.6) from master_ledger
2026-07-08 20:56:37 [INFO] omega.workers.background_researcher.loop: Frontier gap found: 'Knowledge base scaffolding for entity cli_cline' (p=0.5) from entity_gap
2026-07-08 20:56:37 [INFO] omega.workers.background_researcher.loop: Frontier growth complete — enqueued 5 topics from 31 candidates
2026-07-08 20:56:37 [INFO] omega.workers.background_researcher.loop: Researching: 'Phase 1 — Engine Hardening — Memory wiring, handoff protocol, soul atomicity, agent hardening, MCP consolidation research' (priority=0.60)
2026-07-08 20:56:37 [WARNING] omega.workers.background_researcher.searxng_client: SearXNG request failed: 
2026-07-08 20:56:37 [WARNING] omega.workers.background_researcher.searxng_client: SearXNG request failed: 
2026-07-08 20:56:37 [INFO] httpx: HTTP Request: POST https://api.exa.ai/search "HTTP/1.1 200 OK"
2026-07-08 20:56:38 [INFO] httpx: HTTP Request: POST https://generativelanguage.googleapis.com/v1beta/models/gemma-4-31b-it:generateContent "HTTP/1.1 200 OK"
2026-07-08 20:56:38 [INFO] omega.ingestion.guards: Sentry Probe SUCCESS for gemma-4-31b-it on attempt 1
2026-07-08 20:56:39 [INFO] urllib3.poolmanager: Redirecting https://blog.vinkius.com/the-agentic-swarm-manifesto-how-vurb-ts-fhp-does-for-mcp-what-kubernetes-did-for-microservices -> https://vinkius.com/blog/the-agentic-swarm-manifesto-how-vurb-ts-fhp-does-for-mcp-what-kubernetes-did-for-microservices
2026-07-08 20:56:39 [ERROR] trafilatura.downloads: not a 200 response: 404 for URL https://blog.vinkius.com/the-agentic-swarm-manifesto-how-vurb-ts-fhp-does-for-mcp-what-kubernetes-did-for-microservices
2026-07-08 20:56:39 [INFO] omega.library.coordinator: Worker stopped: researcher
2026-07-08 20:56:39 [ERROR] omega.researcher.run: Critical failure in research cycle: T1 Fast Scrape failed: Trafilatura failed to fetch URL
Traceback (most recent call last):
  File "/home/arcana-novai/Documents/Xoe-NovAi/omega-engine/src/omega/workers/background_researcher/run.py", line 100, in main
    result = await loop.run_cycle()
             ^^^^^^^^^^^^^^^^^^^^^^
  File "/home/arcana-novai/Documents/Xoe-NovAi/omega-engine/src/omega/workers/background_researcher/loop.py", line 268, in run_cycle
    content = await self._extract(task, sources)
              ^^^^^^^^^^^^^^^^^^^^^^^^^^^^^^^^^^
  File "/home/arcana-novai/Documents/Xoe-NovAi/omega-engine/src/omega/workers/background_researcher/loop.py", line 431, in _extract
    result = await self.pipeline.run_source(url)
             ^^^^^^^^^^^^^^^^^^^^^^^^^^^^^^^^^^^
  File "/home/arcana-novai/Documents/Xoe-NovAi/omega-engine/src/omega/ingestion/pipeline.py", line 187, in run_source
    raise TransportError(f"T1 Fast Scrape failed: {t1_res.error}")
omega.ingestion.ingestion_types.TransportError: T1 Fast Scrape failed: Trafilatura failed to fetch URL
2026-07-08 20:57:12 [WARNING] omega.vault.key_vault: Invalid VAULT_MASTER_KEY: [VaultCryptoError] Invalid master key hex: non-hexadecimal number found in fromhex() arg at position 48
2026-07-08 20:57:12 [WARNING] omega.vault.key_vault: No VAULT_MASTER_KEY set — vault is locked. Falling back to environment variables.
2026-07-08 20:57:12 [INFO] omega.memory.fts: FTS5 index initialized at /home/arcana-novai/Documents/Xoe-NovAi/omega-engine/data/memory/fts_memory.db
2026-07-08 20:57:12 [INFO] omega.oracle.pii_masker: pii-shield loaded: 18 PII types, context-aware detection
2026-07-08 20:57:12 [INFO] omega.researcher.run: Starting research cycle...
2026-07-08 20:57:12 [INFO] omega.library.coordinator: Worker registered: researcher
2026-07-08 20:57:12 [INFO] omega.library.coordinator: Worker started: researcher
2026-07-08 20:57:12 [INFO] omega.workers.background_researcher.loop: Starting research cycle cycle_20260708_235712_1
2026-07-08 20:57:14 [INFO] httpx: HTTP Request: GET https://httpbin.org/get "HTTP/1.1 200 OK"
2026-07-08 20:57:14 [INFO] omega.workers.background_researcher.loop: Frontier gap found: 'Phase 1 — Engine Hardening — Memory wiring, handoff protocol, soul atomicity, agent hardening, MCP consolidation research' (p=0.6) from master_ledger
2026-07-08 20:57:14 [INFO] omega.workers.background_researcher.loop: Frontier gap found: 'Phase 2 — Legacy Mining — Extract 12 quick-win assets, port legacy patterns, compile community content research' (p=0.6) from master_ledger
2026-07-08 20:57:14 [INFO] omega.workers.background_researcher.loop: Frontier gap found: 'Phase 3 — Community Tools — Entity Studio CLI → Visual Builder, Stack Builder Wizard, one-click Omega Desktop research' (p=0.6) from master_ledger
2026-07-08 20:57:14 [INFO] omega.workers.background_researcher.loop: Frontier gap found: 'Phase 4 — The Omegaverse — P2P network protocol, WAD registry, cross-instance entity communication, **Godot/id Tech VR bridge**, soul-to-visual mapping (R-24), **shared VR realms (P2P Metropolis)** research' (p=0.6) from master_ledger
2026-07-08 20:57:14 [INFO] omega.workers.background_researcher.loop: Frontier gap found: 'Knowledge base scaffolding for entity cli_cline' (p=0.5) from entity_gap
2026-07-08 20:57:14 [INFO] omega.workers.background_researcher.loop: Frontier growth complete — enqueued 5 topics from 31 candidates
2026-07-08 20:57:14 [INFO] omega.workers.background_researcher.loop: Researching: 'Phase 1 — Engine Hardening — Memory wiring, handoff protocol, soul atomicity, agent hardening, MCP consolidation research' (priority=0.60)
2026-07-08 20:57:14 [WARNING] omega.workers.background_researcher.searxng_client: SearXNG request failed: 
2026-07-08 20:57:14 [WARNING] omega.workers.background_researcher.searxng_client: SearXNG request failed: 
2026-07-08 20:57:14 [INFO] httpx: HTTP Request: POST https://api.exa.ai/search "HTTP/1.1 200 OK"
2026-07-08 20:57:15 [INFO] httpx: HTTP Request: POST https://generativelanguage.googleapis.com/v1beta/models/gemma-4-31b-it:generateContent "HTTP/1.1 200 OK"
2026-07-08 20:57:15 [INFO] omega.ingestion.guards: Sentry Probe SUCCESS for gemma-4-31b-it on attempt 1
2026-07-08 20:57:16 [INFO] urllib3.poolmanager: Redirecting https://blog.vinkius.com/the-agentic-swarm-manifesto-how-vurb-ts-fhp-does-for-mcp-what-kubernetes-did-for-microservices -> https://vinkius.com/blog/the-agentic-swarm-manifesto-how-vurb-ts-fhp-does-for-mcp-what-kubernetes-did-for-microservices
2026-07-08 20:57:16 [ERROR] trafilatura.downloads: not a 200 response: 404 for URL https://blog.vinkius.com/the-agentic-swarm-manifesto-how-vurb-ts-fhp-does-for-mcp-what-kubernetes-did-for-microservices
2026-07-08 20:57:16 [INFO] omega.library.coordinator: Worker stopped: researcher
2026-07-08 20:57:16 [ERROR] omega.researcher.run: Critical failure in research cycle: T1 Fast Scrape failed: Trafilatura failed to fetch URL
Traceback (most recent call last):
  File "/home/arcana-novai/Documents/Xoe-NovAi/omega-engine/src/omega/workers/background_researcher/run.py", line 100, in main
    result = await loop.run_cycle()
             ^^^^^^^^^^^^^^^^^^^^^^
  File "/home/arcana-novai/Documents/Xoe-NovAi/omega-engine/src/omega/workers/background_researcher/loop.py", line 268, in run_cycle
    content = await self._extract(task, sources)
              ^^^^^^^^^^^^^^^^^^^^^^^^^^^^^^^^^^
  File "/home/arcana-novai/Documents/Xoe-NovAi/omega-engine/src/omega/workers/background_researcher/loop.py", line 431, in _extract
    result = await self.pipeline.run_source(url)
             ^^^^^^^^^^^^^^^^^^^^^^^^^^^^^^^^^^^
  File "/home/arcana-novai/Documents/Xoe-NovAi/omega-engine/src/omega/ingestion/pipeline.py", line 187, in run_source
    raise TransportError(f"T1 Fast Scrape failed: {t1_res.error}")
omega.ingestion.ingestion_types.TransportError: T1 Fast Scrape failed: Trafilatura failed to fetch URL
2026-07-08 20:57:49 [WARNING] omega.vault.key_vault: Invalid VAULT_MASTER_KEY: [VaultCryptoError] Invalid master key hex: non-hexadecimal number found in fromhex() arg at position 48
2026-07-08 20:57:49 [WARNING] omega.vault.key_vault: No VAULT_MASTER_KEY set — vault is locked. Falling back to environment variables.
2026-07-08 20:57:49 [INFO] omega.memory.fts: FTS5 index initialized at /home/arcana-novai/Documents/Xoe-NovAi/omega-engine/data/memory/fts_memory.db
2026-07-08 20:57:49 [INFO] omega.oracle.pii_masker: pii-shield loaded: 18 PII types, context-aware detection
2026-07-08 20:57:49 [INFO] omega.researcher.run: Starting research cycle...
2026-07-08 20:57:49 [INFO] omega.library.coordinator: Worker registered: researcher
2026-07-08 20:57:49 [INFO] omega.library.coordinator: Worker started: researcher
2026-07-08 20:57:49 [INFO] omega.workers.background_researcher.loop: Starting research cycle cycle_20260708_235749_1
2026-07-08 20:57:51 [INFO] httpx: HTTP Request: GET https://httpbin.org/get "HTTP/1.1 200 OK"
2026-07-08 20:57:51 [INFO] omega.workers.background_researcher.loop: Frontier gap found: 'Phase 1 — Engine Hardening — Memory wiring, handoff protocol, soul atomicity, agent hardening, MCP consolidation research' (p=0.6) from master_ledger
2026-07-08 20:57:51 [INFO] omega.workers.background_researcher.loop: Frontier gap found: 'Phase 2 — Legacy Mining — Extract 12 quick-win assets, port legacy patterns, compile community content research' (p=0.6) from master_ledger
2026-07-08 20:57:51 [INFO] omega.workers.background_researcher.loop: Frontier gap found: 'Phase 3 — Community Tools — Entity Studio CLI → Visual Builder, Stack Builder Wizard, one-click Omega Desktop research' (p=0.6) from master_ledger
2026-07-08 20:57:51 [INFO] omega.workers.background_researcher.loop: Frontier gap found: 'Phase 4 — The Omegaverse — P2P network protocol, WAD registry, cross-instance entity communication, **Godot/id Tech VR bridge**, soul-to-visual mapping (R-24), **shared VR realms (P2P Metropolis)** research' (p=0.6) from master_ledger
2026-07-08 20:57:51 [INFO] omega.workers.background_researcher.loop: Frontier gap found: 'Knowledge base scaffolding for entity cli_cline' (p=0.5) from entity_gap
2026-07-08 20:57:51 [INFO] omega.workers.background_researcher.loop: Frontier growth complete — enqueued 5 topics from 31 candidates
2026-07-08 20:57:51 [INFO] omega.workers.background_researcher.loop: Researching: 'Phase 1 — Engine Hardening — Memory wiring, handoff protocol, soul atomicity, agent hardening, MCP consolidation research' (priority=0.60)
2026-07-08 20:57:51 [WARNING] omega.workers.background_researcher.searxng_client: SearXNG request failed: 
2026-07-08 20:57:51 [WARNING] omega.workers.background_researcher.searxng_client: SearXNG request failed: 
2026-07-08 20:57:52 [INFO] httpx: HTTP Request: POST https://api.exa.ai/search "HTTP/1.1 200 OK"
2026-07-08 20:57:53 [INFO] httpx: HTTP Request: POST https://generativelanguage.googleapis.com/v1beta/models/gemma-4-31b-it:generateContent "HTTP/1.1 200 OK"
2026-07-08 20:57:53 [INFO] omega.ingestion.guards: Sentry Probe SUCCESS for gemma-4-31b-it on attempt 1
2026-07-08 20:57:55 [INFO] urllib3.poolmanager: Redirecting https://blog.vinkius.com/the-agentic-swarm-manifesto-how-vurb-ts-fhp-does-for-mcp-what-kubernetes-did-for-microservices -> https://vinkius.com/blog/the-agentic-swarm-manifesto-how-vurb-ts-fhp-does-for-mcp-what-kubernetes-did-for-microservices
2026-07-08 20:57:57 [ERROR] trafilatura.downloads: not a 200 response: 404 for URL https://blog.vinkius.com/the-agentic-swarm-manifesto-how-vurb-ts-fhp-does-for-mcp-what-kubernetes-did-for-microservices
2026-07-08 20:57:57 [INFO] omega.library.coordinator: Worker stopped: researcher
2026-07-08 20:57:57 [ERROR] omega.researcher.run: Critical failure in research cycle: T1 Fast Scrape failed: Trafilatura failed to fetch URL
Traceback (most recent call last):
  File "/home/arcana-novai/Documents/Xoe-NovAi/omega-engine/src/omega/workers/background_researcher/run.py", line 100, in main
    result = await loop.run_cycle()
             ^^^^^^^^^^^^^^^^^^^^^^
  File "/home/arcana-novai/Documents/Xoe-NovAi/omega-engine/src/omega/workers/background_researcher/loop.py", line 268, in run_cycle
    content = await self._extract(task, sources)
              ^^^^^^^^^^^^^^^^^^^^^^^^^^^^^^^^^^
  File "/home/arcana-novai/Documents/Xoe-NovAi/omega-engine/src/omega/workers/background_researcher/loop.py", line 431, in _extract
    result = await self.pipeline.run_source(url)
             ^^^^^^^^^^^^^^^^^^^^^^^^^^^^^^^^^^^
  File "/home/arcana-novai/Documents/Xoe-NovAi/omega-engine/src/omega/ingestion/pipeline.py", line 187, in run_source
    raise TransportError(f"T1 Fast Scrape failed: {t1_res.error}")
omega.ingestion.ingestion_types.TransportError: T1 Fast Scrape failed: Trafilatura failed to fetch URL
2026-07-08 20:58:29 [WARNING] omega.vault.key_vault: Invalid VAULT_MASTER_KEY: [VaultCryptoError] Invalid master key hex: non-hexadecimal number found in fromhex() arg at position 48
2026-07-08 20:58:29 [WARNING] omega.vault.key_vault: No VAULT_MASTER_KEY set — vault is locked. Falling back to environment variables.
2026-07-08 20:58:29 [INFO] omega.memory.fts: FTS5 index initialized at /home/arcana-novai/Documents/Xoe-NovAi/omega-engine/data/memory/fts_memory.db
2026-07-08 20:58:29 [INFO] omega.oracle.pii_masker: pii-shield loaded: 18 PII types, context-aware detection
2026-07-08 20:58:29 [INFO] omega.researcher.run: Starting research cycle...
2026-07-08 20:58:29 [INFO] omega.library.coordinator: Worker registered: researcher
2026-07-08 20:58:29 [INFO] omega.library.coordinator: Worker started: researcher
2026-07-08 20:58:29 [INFO] omega.workers.background_researcher.loop: Starting research cycle cycle_20260708_235829_1
2026-07-08 20:58:31 [INFO] httpx: HTTP Request: GET https://httpbin.org/get "HTTP/1.1 200 OK"
2026-07-08 20:58:31 [INFO] omega.workers.background_researcher.loop: Frontier gap found: 'Phase 1 — Engine Hardening — Memory wiring, handoff protocol, soul atomicity, agent hardening, MCP consolidation research' (p=0.6) from master_ledger
2026-07-08 20:58:31 [INFO] omega.workers.background_researcher.loop: Frontier gap found: 'Phase 2 — Legacy Mining — Extract 12 quick-win assets, port legacy patterns, compile community content research' (p=0.6) from master_ledger
2026-07-08 20:58:31 [INFO] omega.workers.background_researcher.loop: Frontier gap found: 'Phase 3 — Community Tools — Entity Studio CLI → Visual Builder, Stack Builder Wizard, one-click Omega Desktop research' (p=0.6) from master_ledger
2026-07-08 20:58:31 [INFO] omega.workers.background_researcher.loop: Frontier gap found: 'Phase 4 — The Omegaverse — P2P network protocol, WAD registry, cross-instance entity communication, **Godot/id Tech VR bridge**, soul-to-visual mapping (R-24), **shared VR realms (P2P Metropolis)** research' (p=0.6) from master_ledger
2026-07-08 20:58:31 [INFO] omega.workers.background_researcher.loop: Frontier gap found: 'Knowledge base scaffolding for entity cli_cline' (p=0.5) from entity_gap
2026-07-08 20:58:31 [INFO] omega.workers.background_researcher.loop: Frontier growth complete — enqueued 5 topics from 31 candidates
2026-07-08 20:58:31 [INFO] omega.workers.background_researcher.loop: Researching: 'Phase 1 — Engine Hardening — Memory wiring, handoff protocol, soul atomicity, agent hardening, MCP consolidation research' (priority=0.60)
2026-07-08 20:58:31 [WARNING] omega.workers.background_researcher.searxng_client: SearXNG request failed: 
2026-07-08 20:58:31 [WARNING] omega.workers.background_researcher.searxng_client: SearXNG request failed: 
2026-07-08 20:58:33 [INFO] httpx: HTTP Request: POST https://api.exa.ai/search "HTTP/1.1 200 OK"
2026-07-08 20:58:34 [INFO] httpx: HTTP Request: POST https://generativelanguage.googleapis.com/v1beta/models/gemma-4-31b-it:generateContent "HTTP/1.1 200 OK"
2026-07-08 20:58:34 [INFO] omega.ingestion.guards: Sentry Probe SUCCESS for gemma-4-31b-it on attempt 1
2026-07-08 20:58:35 [INFO] urllib3.poolmanager: Redirecting https://blog.vinkius.com/the-agentic-swarm-manifesto-how-vurb-ts-fhp-does-for-mcp-what-kubernetes-did-for-microservices -> https://vinkius.com/blog/the-agentic-swarm-manifesto-how-vurb-ts-fhp-does-for-mcp-what-kubernetes-did-for-microservices
2026-07-08 20:58:36 [ERROR] trafilatura.downloads: not a 200 response: 404 for URL https://blog.vinkius.com/the-agentic-swarm-manifesto-how-vurb-ts-fhp-does-for-mcp-what-kubernetes-did-for-microservices
2026-07-08 20:58:36 [INFO] omega.library.coordinator: Worker stopped: researcher
2026-07-08 20:58:36 [ERROR] omega.researcher.run: Critical failure in research cycle: T1 Fast Scrape failed: Trafilatura failed to fetch URL
Traceback (most recent call last):
  File "/home/arcana-novai/Documents/Xoe-NovAi/omega-engine/src/omega/workers/background_researcher/run.py", line 100, in main
    result = await loop.run_cycle()
             ^^^^^^^^^^^^^^^^^^^^^^
  File "/home/arcana-novai/Documents/Xoe-NovAi/omega-engine/src/omega/workers/background_researcher/loop.py", line 268, in run_cycle
    content = await self._extract(task, sources)
              ^^^^^^^^^^^^^^^^^^^^^^^^^^^^^^^^^^
  File "/home/arcana-novai/Documents/Xoe-NovAi/omega-engine/src/omega/workers/background_researcher/loop.py", line 431, in _extract
    result = await self.pipeline.run_source(url)
             ^^^^^^^^^^^^^^^^^^^^^^^^^^^^^^^^^^^
  File "/home/arcana-novai/Documents/Xoe-NovAi/omega-engine/src/omega/ingestion/pipeline.py", line 187, in run_source
    raise TransportError(f"T1 Fast Scrape failed: {t1_res.error}")
omega.ingestion.ingestion_types.TransportError: T1 Fast Scrape failed: Trafilatura failed to fetch URL
2026-07-08 20:59:09 [WARNING] omega.vault.key_vault: Invalid VAULT_MASTER_KEY: [VaultCryptoError] Invalid master key hex: non-hexadecimal number found in fromhex() arg at position 48
2026-07-08 20:59:09 [WARNING] omega.vault.key_vault: No VAULT_MASTER_KEY set — vault is locked. Falling back to environment variables.
2026-07-08 20:59:09 [INFO] omega.memory.fts: FTS5 index initialized at /home/arcana-novai/Documents/Xoe-NovAi/omega-engine/data/memory/fts_memory.db
2026-07-08 20:59:09 [INFO] omega.oracle.pii_masker: pii-shield loaded: 18 PII types, context-aware detection
2026-07-08 20:59:09 [INFO] omega.researcher.run: Starting research cycle...
2026-07-08 20:59:09 [INFO] omega.library.coordinator: Worker registered: researcher
2026-07-08 20:59:09 [INFO] omega.library.coordinator: Worker started: researcher
2026-07-08 20:59:09 [INFO] omega.workers.background_researcher.loop: Starting research cycle cycle_20260708_235909_1
2026-07-08 20:59:12 [INFO] httpx: HTTP Request: GET https://httpbin.org/get "HTTP/1.1 200 OK"
2026-07-08 20:59:12 [INFO] omega.workers.background_researcher.loop: Frontier gap found: 'Phase 1 — Engine Hardening — Memory wiring, handoff protocol, soul atomicity, agent hardening, MCP consolidation research' (p=0.6) from master_ledger
2026-07-08 20:59:12 [INFO] omega.workers.background_researcher.loop: Frontier gap found: 'Phase 2 — Legacy Mining — Extract 12 quick-win assets, port legacy patterns, compile community content research' (p=0.6) from master_ledger
2026-07-08 20:59:12 [INFO] omega.workers.background_researcher.loop: Frontier gap found: 'Phase 3 — Community Tools — Entity Studio CLI → Visual Builder, Stack Builder Wizard, one-click Omega Desktop research' (p=0.6) from master_ledger
2026-07-08 20:59:12 [INFO] omega.workers.background_researcher.loop: Frontier gap found: 'Phase 4 — The Omegaverse — P2P network protocol, WAD registry, cross-instance entity communication, **Godot/id Tech VR bridge**, soul-to-visual mapping (R-24), **shared VR realms (P2P Metropolis)** research' (p=0.6) from master_ledger
2026-07-08 20:59:12 [INFO] omega.workers.background_researcher.loop: Frontier gap found: 'Knowledge base scaffolding for entity cli_cline' (p=0.5) from entity_gap
2026-07-08 20:59:12 [INFO] omega.workers.background_researcher.loop: Frontier growth complete — enqueued 5 topics from 31 candidates
2026-07-08 20:59:12 [INFO] omega.workers.background_researcher.loop: Researching: 'Phase 1 — Engine Hardening — Memory wiring, handoff protocol, soul atomicity, agent hardening, MCP consolidation research' (priority=0.60)
2026-07-08 20:59:12 [WARNING] omega.workers.background_researcher.searxng_client: SearXNG request failed: 
2026-07-08 20:59:12 [WARNING] omega.workers.background_researcher.searxng_client: SearXNG request failed: 
2026-07-08 20:59:14 [INFO] httpx: HTTP Request: POST https://api.exa.ai/search "HTTP/1.1 200 OK"
2026-07-08 20:59:15 [INFO] httpx: HTTP Request: POST https://generativelanguage.googleapis.com/v1beta/models/gemma-4-31b-it:generateContent "HTTP/1.1 200 OK"
2026-07-08 20:59:15 [INFO] omega.ingestion.guards: Sentry Probe SUCCESS for gemma-4-31b-it on attempt 1
2026-07-08 20:59:17 [INFO] urllib3.poolmanager: Redirecting https://blog.vinkius.com/the-agentic-swarm-manifesto-how-vurb-ts-fhp-does-for-mcp-what-kubernetes-did-for-microservices -> https://vinkius.com/blog/the-agentic-swarm-manifesto-how-vurb-ts-fhp-does-for-mcp-what-kubernetes-did-for-microservices
2026-07-08 20:59:19 [ERROR] trafilatura.downloads: not a 200 response: 404 for URL https://blog.vinkius.com/the-agentic-swarm-manifesto-how-vurb-ts-fhp-does-for-mcp-what-kubernetes-did-for-microservices
2026-07-08 20:59:19 [INFO] omega.library.coordinator: Worker stopped: researcher
2026-07-08 20:59:19 [ERROR] omega.researcher.run: Critical failure in research cycle: T1 Fast Scrape failed: Trafilatura failed to fetch URL
Traceback (most recent call last):
  File "/home/arcana-novai/Documents/Xoe-NovAi/omega-engine/src/omega/workers/background_researcher/run.py", line 100, in main
    result = await loop.run_cycle()
             ^^^^^^^^^^^^^^^^^^^^^^
  File "/home/arcana-novai/Documents/Xoe-NovAi/omega-engine/src/omega/workers/background_researcher/loop.py", line 268, in run_cycle
    content = await self._extract(task, sources)
              ^^^^^^^^^^^^^^^^^^^^^^^^^^^^^^^^^^
  File "/home/arcana-novai/Documents/Xoe-NovAi/omega-engine/src/omega/workers/background_researcher/loop.py", line 431, in _extract
    result = await self.pipeline.run_source(url)
             ^^^^^^^^^^^^^^^^^^^^^^^^^^^^^^^^^^^
  File "/home/arcana-novai/Documents/Xoe-NovAi/omega-engine/src/omega/ingestion/pipeline.py", line 187, in run_source
    raise TransportError(f"T1 Fast Scrape failed: {t1_res.error}")
omega.ingestion.ingestion_types.TransportError: T1 Fast Scrape failed: Trafilatura failed to fetch URL
2026-07-08 20:59:52 [WARNING] omega.vault.key_vault: Invalid VAULT_MASTER_KEY: [VaultCryptoError] Invalid master key hex: non-hexadecimal number found in fromhex() arg at position 48
2026-07-08 20:59:52 [WARNING] omega.vault.key_vault: No VAULT_MASTER_KEY set — vault is locked. Falling back to environment variables.
2026-07-08 20:59:52 [INFO] omega.memory.fts: FTS5 index initialized at /home/arcana-novai/Documents/Xoe-NovAi/omega-engine/data/memory/fts_memory.db
2026-07-08 20:59:52 [INFO] omega.oracle.pii_masker: pii-shield loaded: 18 PII types, context-aware detection
2026-07-08 20:59:52 [INFO] omega.researcher.run: Starting research cycle...
2026-07-08 20:59:52 [INFO] omega.library.coordinator: Worker registered: researcher
2026-07-08 20:59:52 [INFO] omega.library.coordinator: Worker started: researcher
2026-07-08 20:59:52 [INFO] omega.workers.background_researcher.loop: Starting research cycle cycle_20260708_235952_1
2026-07-08 20:59:54 [INFO] httpx: HTTP Request: GET https://httpbin.org/get "HTTP/1.1 200 OK"
2026-07-08 20:59:54 [INFO] omega.workers.background_researcher.loop: Frontier gap found: 'Phase 1 — Engine Hardening — Memory wiring, handoff protocol, soul atomicity, agent hardening, MCP consolidation research' (p=0.6) from master_ledger
2026-07-08 20:59:54 [INFO] omega.workers.background_researcher.loop: Frontier gap found: 'Phase 2 — Legacy Mining — Extract 12 quick-win assets, port legacy patterns, compile community content research' (p=0.6) from master_ledger
2026-07-08 20:59:54 [INFO] omega.workers.background_researcher.loop: Frontier gap found: 'Phase 3 — Community Tools — Entity Studio CLI → Visual Builder, Stack Builder Wizard, one-click Omega Desktop research' (p=0.6) from master_ledger
2026-07-08 20:59:54 [INFO] omega.workers.background_researcher.loop: Frontier gap found: 'Phase 4 — The Omegaverse — P2P network protocol, WAD registry, cross-instance entity communication, **Godot/id Tech VR bridge**, soul-to-visual mapping (R-24), **shared VR realms (P2P Metropolis)** research' (p=0.6) from master_ledger
2026-07-08 20:59:54 [INFO] omega.workers.background_researcher.loop: Frontier gap found: 'Knowledge base scaffolding for entity cli_cline' (p=0.5) from entity_gap
2026-07-08 20:59:54 [INFO] omega.workers.background_researcher.loop: Frontier growth complete — enqueued 5 topics from 31 candidates
2026-07-08 20:59:54 [INFO] omega.workers.background_researcher.loop: Researching: 'Phase 1 — Engine Hardening — Memory wiring, handoff protocol, soul atomicity, agent hardening, MCP consolidation research' (priority=0.60)
2026-07-08 20:59:54 [WARNING] omega.workers.background_researcher.searxng_client: SearXNG request failed: 
2026-07-08 20:59:54 [WARNING] omega.workers.background_researcher.searxng_client: SearXNG request failed: 
2026-07-08 20:59:55 [INFO] httpx: HTTP Request: POST https://api.exa.ai/search "HTTP/1.1 200 OK"
2026-07-08 20:59:57 [INFO] httpx: HTTP Request: POST https://generativelanguage.googleapis.com/v1beta/models/gemma-4-31b-it:generateContent "HTTP/1.1 200 OK"
2026-07-08 20:59:57 [INFO] omega.ingestion.guards: Sentry Probe SUCCESS for gemma-4-31b-it on attempt 1
2026-07-08 20:59:59 [INFO] urllib3.poolmanager: Redirecting https://blog.vinkius.com/the-agentic-swarm-manifesto-how-vurb-ts-fhp-does-for-mcp-what-kubernetes-did-for-microservices -> https://vinkius.com/blog/the-agentic-swarm-manifesto-how-vurb-ts-fhp-does-for-mcp-what-kubernetes-did-for-microservices
2026-07-08 21:00:00 [ERROR] trafilatura.downloads: not a 200 response: 404 for URL https://blog.vinkius.com/the-agentic-swarm-manifesto-how-vurb-ts-fhp-does-for-mcp-what-kubernetes-did-for-microservices
2026-07-08 21:00:00 [INFO] omega.library.coordinator: Worker stopped: researcher
2026-07-08 21:00:00 [ERROR] omega.researcher.run: Critical failure in research cycle: T1 Fast Scrape failed: Trafilatura failed to fetch URL
Traceback (most recent call last):
  File "/home/arcana-novai/Documents/Xoe-NovAi/omega-engine/src/omega/workers/background_researcher/run.py", line 100, in main
    result = await loop.run_cycle()
             ^^^^^^^^^^^^^^^^^^^^^^
  File "/home/arcana-novai/Documents/Xoe-NovAi/omega-engine/src/omega/workers/background_researcher/loop.py", line 268, in run_cycle
    content = await self._extract(task, sources)
              ^^^^^^^^^^^^^^^^^^^^^^^^^^^^^^^^^^
  File "/home/arcana-novai/Documents/Xoe-NovAi/omega-engine/src/omega/workers/background_researcher/loop.py", line 431, in _extract
    result = await self.pipeline.run_source(url)
             ^^^^^^^^^^^^^^^^^^^^^^^^^^^^^^^^^^^
  File "/home/arcana-novai/Documents/Xoe-NovAi/omega-engine/src/omega/ingestion/pipeline.py", line 187, in run_source
    raise TransportError(f"T1 Fast Scrape failed: {t1_res.error}")
omega.ingestion.ingestion_types.TransportError: T1 Fast Scrape failed: Trafilatura failed to fetch URL
2026-07-08 21:00:33 [WARNING] omega.vault.key_vault: Invalid VAULT_MASTER_KEY: [VaultCryptoError] Invalid master key hex: non-hexadecimal number found in fromhex() arg at position 48
2026-07-08 21:00:33 [WARNING] omega.vault.key_vault: No VAULT_MASTER_KEY set — vault is locked. Falling back to environment variables.
2026-07-08 21:00:33 [INFO] omega.memory.fts: FTS5 index initialized at /home/arcana-novai/Documents/Xoe-NovAi/omega-engine/data/memory/fts_memory.db
2026-07-08 21:00:33 [INFO] omega.oracle.pii_masker: pii-shield loaded: 18 PII types, context-aware detection
2026-07-08 21:00:33 [INFO] omega.researcher.run: Starting research cycle...
2026-07-08 21:00:33 [INFO] omega.library.coordinator: Worker registered: researcher
2026-07-08 21:00:33 [INFO] omega.library.coordinator: Worker started: researcher
2026-07-08 21:00:33 [INFO] omega.workers.background_researcher.loop: Starting research cycle cycle_20260709_000033_1
2026-07-08 21:00:37 [INFO] httpx: HTTP Request: GET https://httpbin.org/get "HTTP/1.1 200 OK"
2026-07-08 21:00:37 [INFO] omega.workers.background_researcher.loop: Frontier gap found: 'Phase 1 — Engine Hardening — Memory wiring, handoff protocol, soul atomicity, agent hardening, MCP consolidation research' (p=0.6) from master_ledger
2026-07-08 21:00:37 [INFO] omega.workers.background_researcher.loop: Frontier gap found: 'Phase 2 — Legacy Mining — Extract 12 quick-win assets, port legacy patterns, compile community content research' (p=0.6) from master_ledger
2026-07-08 21:00:37 [INFO] omega.workers.background_researcher.loop: Frontier gap found: 'Phase 3 — Community Tools — Entity Studio CLI → Visual Builder, Stack Builder Wizard, one-click Omega Desktop research' (p=0.6) from master_ledger
2026-07-08 21:00:37 [INFO] omega.workers.background_researcher.loop: Frontier gap found: 'Phase 4 — The Omegaverse — P2P network protocol, WAD registry, cross-instance entity communication, **Godot/id Tech VR bridge**, soul-to-visual mapping (R-24), **shared VR realms (P2P Metropolis)** research' (p=0.6) from master_ledger
2026-07-08 21:00:37 [INFO] omega.workers.background_researcher.loop: Frontier gap found: 'Knowledge base scaffolding for entity cli_cline' (p=0.5) from entity_gap
2026-07-08 21:00:37 [INFO] omega.workers.background_researcher.loop: Frontier growth complete — enqueued 5 topics from 31 candidates
2026-07-08 21:00:37 [INFO] omega.workers.background_researcher.loop: Researching: 'Phase 1 — Engine Hardening — Memory wiring, handoff protocol, soul atomicity, agent hardening, MCP consolidation research' (priority=0.60)
2026-07-08 21:00:37 [WARNING] omega.workers.background_researcher.searxng_client: SearXNG request failed: 
2026-07-08 21:00:37 [WARNING] omega.workers.background_researcher.searxng_client: SearXNG request failed: 
2026-07-08 21:00:40 [INFO] httpx: HTTP Request: POST https://api.exa.ai/search "HTTP/1.1 200 OK"
2026-07-08 21:00:42 [INFO] httpx: HTTP Request: POST https://generativelanguage.googleapis.com/v1beta/models/gemma-4-31b-it:generateContent "HTTP/1.1 200 OK"
2026-07-08 21:00:42 [INFO] omega.ingestion.guards: Sentry Probe SUCCESS for gemma-4-31b-it on attempt 1
2026-07-08 21:00:45 [WARNING] omega.ingestion.pipeline: T3 Deep Scrape failed for https://github.com/alphaonedev/ai-memory-mcp/blob/main/docs/atomisation.md, falling back to T1
2026-07-08 21:00:45 [WARNING] omega.workers.background_researcher.loop: Sovereign Pipeline failed to ingest https://github.com/alphaonedev/ai-memory-mcp/blob/main/docs/atomisation.md
2026-07-08 21:00:46 [INFO] httpx: HTTP Request: POST https://generativelanguage.googleapis.com/v1beta/models/gemma-4-31b-it:generateContent "HTTP/1.1 500 Internal Server Error"
2026-07-08 21:00:46 [WARNING] omega.ingestion.guards: Sentry Probe transient 500 on attempt 1/3. Retrying...
2026-07-08 21:00:51 [INFO] httpx: HTTP Request: POST https://generativelanguage.googleapis.com/v1beta/models/gemma-4-31b-it:generateContent "HTTP/1.1 200 OK"
2026-07-08 21:00:51 [INFO] omega.ingestion.guards: Sentry Probe SUCCESS for gemma-4-31b-it on attempt 2
2026-07-08 21:00:55 [WARNING] omega.ingestion.pipeline: T3 Deep Scrape failed for https://github.com/khan007/soul, falling back to T1
2026-07-08 21:00:55 [WARNING] omega.workers.background_researcher.loop: Sovereign Pipeline failed to ingest https://github.com/khan007/soul
2026-07-08 21:00:58 [INFO] httpx: HTTP Request: POST https://generativelanguage.googleapis.com/v1beta/models/gemma-4-31b-it:generateContent "HTTP/1.1 200 OK"
2026-07-08 21:00:58 [INFO] omega.ingestion.guards: Sentry Probe SUCCESS for gemma-4-31b-it on attempt 1
2026-07-08 21:00:59 [INFO] urllib3.poolmanager: Redirecting https://blog.vinkius.com/the-agentic-swarm-manifesto-how-vurb-ts-fhp-does-for-mcp-what-kubernetes-did-for-microservices -> https://vinkius.com/blog/the-agentic-swarm-manifesto-how-vurb-ts-fhp-does-for-mcp-what-kubernetes-did-for-microservices
2026-07-08 21:01:00 [ERROR] trafilatura.downloads: not a 200 response: 404 for URL https://blog.vinkius.com/the-agentic-swarm-manifesto-how-vurb-ts-fhp-does-for-mcp-what-kubernetes-did-for-microservices
2026-07-08 21:01:00 [INFO] omega.library.coordinator: Worker stopped: researcher
2026-07-08 21:01:00 [ERROR] omega.researcher.run: Critical failure in research cycle: T1 Fast Scrape failed: Trafilatura failed to fetch URL
Traceback (most recent call last):
  File "/home/arcana-novai/Documents/Xoe-NovAi/omega-engine/src/omega/workers/background_researcher/run.py", line 100, in main
    result = await loop.run_cycle()
             ^^^^^^^^^^^^^^^^^^^^^^
  File "/home/arcana-novai/Documents/Xoe-NovAi/omega-engine/src/omega/workers/background_researcher/loop.py", line 268, in run_cycle
    content = await self._extract(task, sources)
              ^^^^^^^^^^^^^^^^^^^^^^^^^^^^^^^^^^
  File "/home/arcana-novai/Documents/Xoe-NovAi/omega-engine/src/omega/workers/background_researcher/loop.py", line 431, in _extract
    result = await self.pipeline.run_source(url)
             ^^^^^^^^^^^^^^^^^^^^^^^^^^^^^^^^^^^
  File "/home/arcana-novai/Documents/Xoe-NovAi/omega-engine/src/omega/ingestion/pipeline.py", line 187, in run_source
    raise TransportError(f"T1 Fast Scrape failed: {t1_res.error}")
omega.ingestion.ingestion_types.TransportError: T1 Fast Scrape failed: Trafilatura failed to fetch URL
2026-07-08 21:01:33 [WARNING] omega.vault.key_vault: Invalid VAULT_MASTER_KEY: [VaultCryptoError] Invalid master key hex: non-hexadecimal number found in fromhex() arg at position 48
2026-07-08 21:01:33 [WARNING] omega.vault.key_vault: No VAULT_MASTER_KEY set — vault is locked. Falling back to environment variables.
2026-07-08 21:01:33 [INFO] omega.memory.fts: FTS5 index initialized at /home/arcana-novai/Documents/Xoe-NovAi/omega-engine/data/memory/fts_memory.db
2026-07-08 21:01:33 [INFO] omega.oracle.pii_masker: pii-shield loaded: 18 PII types, context-aware detection
2026-07-08 21:01:33 [INFO] omega.researcher.run: Starting research cycle...
2026-07-08 21:01:33 [INFO] omega.library.coordinator: Worker registered: researcher
2026-07-08 21:01:33 [INFO] omega.library.coordinator: Worker started: researcher
2026-07-08 21:01:33 [INFO] omega.workers.background_researcher.loop: Starting research cycle cycle_20260709_000133_1
2026-07-08 21:01:36 [INFO] httpx: HTTP Request: GET https://httpbin.org/get "HTTP/1.1 200 OK"
2026-07-08 21:01:36 [INFO] omega.workers.background_researcher.loop: Frontier gap found: 'Phase 1 — Engine Hardening — Memory wiring, handoff protocol, soul atomicity, agent hardening, MCP consolidation research' (p=0.6) from master_ledger
2026-07-08 21:01:36 [INFO] omega.workers.background_researcher.loop: Frontier gap found: 'Phase 2 — Legacy Mining — Extract 12 quick-win assets, port legacy patterns, compile community content research' (p=0.6) from master_ledger
2026-07-08 21:01:36 [INFO] omega.workers.background_researcher.loop: Frontier gap found: 'Phase 3 — Community Tools — Entity Studio CLI → Visual Builder, Stack Builder Wizard, one-click Omega Desktop research' (p=0.6) from master_ledger
2026-07-08 21:01:36 [INFO] omega.workers.background_researcher.loop: Frontier gap found: 'Phase 4 — The Omegaverse — P2P network protocol, WAD registry, cross-instance entity communication, **Godot/id Tech VR bridge**, soul-to-visual mapping (R-24), **shared VR realms (P2P Metropolis)** research' (p=0.6) from master_ledger
2026-07-08 21:01:36 [INFO] omega.workers.background_researcher.loop: Frontier gap found: 'Knowledge base scaffolding for entity cli_cline' (p=0.5) from entity_gap
2026-07-08 21:01:36 [INFO] omega.workers.background_researcher.loop: Frontier growth complete — enqueued 5 topics from 31 candidates
2026-07-08 21:01:36 [INFO] omega.workers.background_researcher.loop: Researching: 'Phase 1 — Engine Hardening — Memory wiring, handoff protocol, soul atomicity, agent hardening, MCP consolidation research' (priority=0.60)
2026-07-08 21:01:36 [WARNING] omega.workers.background_researcher.searxng_client: SearXNG request failed: 
2026-07-08 21:01:36 [WARNING] omega.workers.background_researcher.searxng_client: SearXNG request failed: 
2026-07-08 21:01:36 [INFO] httpx: HTTP Request: POST https://api.exa.ai/search "HTTP/1.1 200 OK"
2026-07-08 21:01:37 [INFO] httpx: HTTP Request: POST https://generativelanguage.googleapis.com/v1beta/models/gemma-4-31b-it:generateContent "HTTP/1.1 200 OK"
2026-07-08 21:01:37 [INFO] omega.ingestion.guards: Sentry Probe SUCCESS for gemma-4-31b-it on attempt 1
2026-07-08 21:01:41 [WARNING] omega.ingestion.pipeline: T3 Deep Scrape failed for https://github.com/alphaonedev/ai-memory-mcp/blob/main/docs/atomisation.md, falling back to T1
2026-07-08 21:01:41 [WARNING] omega.workers.background_researcher.loop: Sovereign Pipeline failed to ingest https://github.com/alphaonedev/ai-memory-mcp/blob/main/docs/atomisation.md
2026-07-08 21:01:43 [INFO] httpx: HTTP Request: POST https://generativelanguage.googleapis.com/v1beta/models/gemma-4-31b-it:generateContent "HTTP/1.1 200 OK"
2026-07-08 21:01:44 [INFO] omega.ingestion.guards: Sentry Probe SUCCESS for gemma-4-31b-it on attempt 1
2026-07-08 21:01:44 [WARNING] omega.ingestion.pipeline: T3 Deep Scrape failed for https://github.com/khan007/soul, falling back to T1
2026-07-08 21:01:44 [WARNING] omega.workers.background_researcher.loop: Sovereign Pipeline failed to ingest https://github.com/khan007/soul
2026-07-08 21:01:46 [INFO] httpx: HTTP Request: POST https://generativelanguage.googleapis.com/v1beta/models/gemma-4-31b-it:generateContent "HTTP/1.1 200 OK"
2026-07-08 21:01:46 [INFO] omega.ingestion.guards: Sentry Probe SUCCESS for gemma-4-31b-it on attempt 1
2026-07-08 21:01:46 [INFO] urllib3.poolmanager: Redirecting https://blog.vinkius.com/the-agentic-swarm-manifesto-how-vurb-ts-fhp-does-for-mcp-what-kubernetes-did-for-microservices -> https://vinkius.com/blog/the-agentic-swarm-manifesto-how-vurb-ts-fhp-does-for-mcp-what-kubernetes-did-for-microservices
2026-07-08 21:01:46 [ERROR] trafilatura.downloads: not a 200 response: 404 for URL https://blog.vinkius.com/the-agentic-swarm-manifesto-how-vurb-ts-fhp-does-for-mcp-what-kubernetes-did-for-microservices
2026-07-08 21:01:46 [INFO] omega.library.coordinator: Worker stopped: researcher
2026-07-08 21:01:46 [ERROR] omega.researcher.run: Critical failure in research cycle: T1 Fast Scrape failed: Trafilatura failed to fetch URL
Traceback (most recent call last):
  File "/home/arcana-novai/Documents/Xoe-NovAi/omega-engine/src/omega/workers/background_researcher/run.py", line 100, in main
    result = await loop.run_cycle()
             ^^^^^^^^^^^^^^^^^^^^^^
  File "/home/arcana-novai/Documents/Xoe-NovAi/omega-engine/src/omega/workers/background_researcher/loop.py", line 268, in run_cycle
    content = await self._extract(task, sources)
              ^^^^^^^^^^^^^^^^^^^^^^^^^^^^^^^^^^
  File "/home/arcana-novai/Documents/Xoe-NovAi/omega-engine/src/omega/workers/background_researcher/loop.py", line 431, in _extract
    result = await self.pipeline.run_source(url)
             ^^^^^^^^^^^^^^^^^^^^^^^^^^^^^^^^^^^
  File "/home/arcana-novai/Documents/Xoe-NovAi/omega-engine/src/omega/ingestion/pipeline.py", line 187, in run_source
    raise TransportError(f"T1 Fast Scrape failed: {t1_res.error}")
omega.ingestion.ingestion_types.TransportError: T1 Fast Scrape failed: Trafilatura failed to fetch URL
2026-07-08 21:02:19 [WARNING] omega.vault.key_vault: Invalid VAULT_MASTER_KEY: [VaultCryptoError] Invalid master key hex: non-hexadecimal number found in fromhex() arg at position 48
2026-07-08 21:02:19 [WARNING] omega.vault.key_vault: No VAULT_MASTER_KEY set — vault is locked. Falling back to environment variables.
2026-07-08 21:02:19 [INFO] omega.memory.fts: FTS5 index initialized at /home/arcana-novai/Documents/Xoe-NovAi/omega-engine/data/memory/fts_memory.db
2026-07-08 21:02:19 [INFO] omega.oracle.pii_masker: pii-shield loaded: 18 PII types, context-aware detection
2026-07-08 21:02:19 [INFO] omega.researcher.run: Starting research cycle...
2026-07-08 21:02:19 [INFO] omega.library.coordinator: Worker registered: researcher
2026-07-08 21:02:19 [INFO] omega.library.coordinator: Worker started: researcher
2026-07-08 21:02:19 [INFO] omega.workers.background_researcher.loop: Starting research cycle cycle_20260709_000219_1
2026-07-08 21:02:21 [INFO] httpx: HTTP Request: GET https://httpbin.org/get "HTTP/1.1 200 OK"
2026-07-08 21:02:21 [INFO] omega.workers.background_researcher.loop: Frontier gap found: 'Phase 1 — Engine Hardening — Memory wiring, handoff protocol, soul atomicity, agent hardening, MCP consolidation research' (p=0.6) from master_ledger
2026-07-08 21:02:21 [INFO] omega.workers.background_researcher.loop: Frontier gap found: 'Phase 2 — Legacy Mining — Extract 12 quick-win assets, port legacy patterns, compile community content research' (p=0.6) from master_ledger
2026-07-08 21:02:21 [INFO] omega.workers.background_researcher.loop: Frontier gap found: 'Phase 3 — Community Tools — Entity Studio CLI → Visual Builder, Stack Builder Wizard, one-click Omega Desktop research' (p=0.6) from master_ledger
2026-07-08 21:02:21 [INFO] omega.workers.background_researcher.loop: Frontier gap found: 'Phase 4 — The Omegaverse — P2P network protocol, WAD registry, cross-instance entity communication, **Godot/id Tech VR bridge**, soul-to-visual mapping (R-24), **shared VR realms (P2P Metropolis)** research' (p=0.6) from master_ledger
2026-07-08 21:02:21 [INFO] omega.workers.background_researcher.loop: Frontier gap found: 'Knowledge base scaffolding for entity cli_cline' (p=0.5) from entity_gap
2026-07-08 21:02:21 [INFO] omega.workers.background_researcher.loop: Frontier growth complete — enqueued 5 topics from 31 candidates
2026-07-08 21:02:21 [INFO] omega.workers.background_researcher.loop: Researching: 'Phase 1 — Engine Hardening — Memory wiring, handoff protocol, soul atomicity, agent hardening, MCP consolidation research' (priority=0.60)
2026-07-08 21:02:21 [WARNING] omega.workers.background_researcher.searxng_client: SearXNG request failed: 
2026-07-08 21:02:21 [WARNING] omega.workers.background_researcher.searxng_client: SearXNG request failed: 
2026-07-08 21:02:22 [INFO] httpx: HTTP Request: POST https://api.exa.ai/search "HTTP/1.1 200 OK"
2026-07-08 21:02:26 [INFO] httpx: HTTP Request: POST https://generativelanguage.googleapis.com/v1beta/models/gemma-4-31b-it:generateContent "HTTP/1.1 200 OK"
2026-07-08 21:02:26 [INFO] omega.ingestion.guards: Sentry Probe SUCCESS for gemma-4-31b-it on attempt 1
2026-07-08 21:02:30 [WARNING] omega.ingestion.pipeline: T3 Deep Scrape failed for https://github.com/alphaonedev/ai-memory-mcp/blob/main/docs/atomisation.md, falling back to T1
2026-07-08 21:02:30 [WARNING] omega.workers.background_researcher.loop: Sovereign Pipeline failed to ingest https://github.com/alphaonedev/ai-memory-mcp/blob/main/docs/atomisation.md
2026-07-08 21:02:31 [INFO] httpx: HTTP Request: POST https://generativelanguage.googleapis.com/v1beta/models/gemma-4-31b-it:generateContent "HTTP/1.1 200 OK"
2026-07-08 21:02:31 [INFO] omega.ingestion.guards: Sentry Probe SUCCESS for gemma-4-31b-it on attempt 1
2026-07-08 21:02:32 [WARNING] omega.ingestion.pipeline: T3 Deep Scrape failed for https://github.com/khan007/soul, falling back to T1
2026-07-08 21:02:32 [WARNING] omega.workers.background_researcher.loop: Sovereign Pipeline failed to ingest https://github.com/khan007/soul
2026-07-08 21:02:34 [INFO] httpx: HTTP Request: POST https://generativelanguage.googleapis.com/v1beta/models/gemma-4-31b-it:generateContent "HTTP/1.1 200 OK"
2026-07-08 21:02:34 [INFO] omega.ingestion.guards: Sentry Probe SUCCESS for gemma-4-31b-it on attempt 1
2026-07-08 21:02:34 [INFO] urllib3.poolmanager: Redirecting https://blog.vinkius.com/the-agentic-swarm-manifesto-how-vurb-ts-fhp-does-for-mcp-what-kubernetes-did-for-microservices -> https://vinkius.com/blog/the-agentic-swarm-manifesto-how-vurb-ts-fhp-does-for-mcp-what-kubernetes-did-for-microservices
2026-07-08 21:02:35 [ERROR] trafilatura.downloads: not a 200 response: 404 for URL https://blog.vinkius.com/the-agentic-swarm-manifesto-how-vurb-ts-fhp-does-for-mcp-what-kubernetes-did-for-microservices
2026-07-08 21:02:35 [INFO] omega.library.coordinator: Worker stopped: researcher
2026-07-08 21:02:35 [ERROR] omega.researcher.run: Critical failure in research cycle: T1 Fast Scrape failed: Trafilatura failed to fetch URL
Traceback (most recent call last):
  File "/home/arcana-novai/Documents/Xoe-NovAi/omega-engine/src/omega/workers/background_researcher/run.py", line 100, in main
    result = await loop.run_cycle()
             ^^^^^^^^^^^^^^^^^^^^^^
  File "/home/arcana-novai/Documents/Xoe-NovAi/omega-engine/src/omega/workers/background_researcher/loop.py", line 268, in run_cycle
    content = await self._extract(task, sources)
              ^^^^^^^^^^^^^^^^^^^^^^^^^^^^^^^^^^
  File "/home/arcana-novai/Documents/Xoe-NovAi/omega-engine/src/omega/workers/background_researcher/loop.py", line 431, in _extract
    result = await self.pipeline.run_source(url)
             ^^^^^^^^^^^^^^^^^^^^^^^^^^^^^^^^^^^
  File "/home/arcana-novai/Documents/Xoe-NovAi/omega-engine/src/omega/ingestion/pipeline.py", line 187, in run_source
    raise TransportError(f"T1 Fast Scrape failed: {t1_res.error}")
omega.ingestion.ingestion_types.TransportError: T1 Fast Scrape failed: Trafilatura failed to fetch URL
2026-07-08 21:03:08 [WARNING] omega.vault.key_vault: Invalid VAULT_MASTER_KEY: [VaultCryptoError] Invalid master key hex: non-hexadecimal number found in fromhex() arg at position 48
2026-07-08 21:03:08 [WARNING] omega.vault.key_vault: No VAULT_MASTER_KEY set — vault is locked. Falling back to environment variables.
2026-07-08 21:03:08 [INFO] omega.memory.fts: FTS5 index initialized at /home/arcana-novai/Documents/Xoe-NovAi/omega-engine/data/memory/fts_memory.db
2026-07-08 21:03:08 [INFO] omega.oracle.pii_masker: pii-shield loaded: 18 PII types, context-aware detection
2026-07-08 21:03:08 [INFO] omega.researcher.run: Starting research cycle...
2026-07-08 21:03:08 [INFO] omega.library.coordinator: Worker registered: researcher
2026-07-08 21:03:08 [INFO] omega.library.coordinator: Worker started: researcher
2026-07-08 21:03:08 [INFO] omega.workers.background_researcher.loop: Starting research cycle cycle_20260709_000308_1
2026-07-08 21:03:11 [INFO] httpx: HTTP Request: GET https://httpbin.org/get "HTTP/1.1 200 OK"
2026-07-08 21:03:11 [INFO] omega.workers.background_researcher.loop: Frontier gap found: 'Phase 1 — Engine Hardening — Memory wiring, handoff protocol, soul atomicity, agent hardening, MCP consolidation research' (p=0.6) from master_ledger
2026-07-08 21:03:11 [INFO] omega.workers.background_researcher.loop: Frontier gap found: 'Phase 2 — Legacy Mining — Extract 12 quick-win assets, port legacy patterns, compile community content research' (p=0.6) from master_ledger
2026-07-08 21:03:11 [INFO] omega.workers.background_researcher.loop: Frontier gap found: 'Phase 3 — Community Tools — Entity Studio CLI → Visual Builder, Stack Builder Wizard, one-click Omega Desktop research' (p=0.6) from master_ledger
2026-07-08 21:03:11 [INFO] omega.workers.background_researcher.loop: Frontier gap found: 'Phase 4 — The Omegaverse — P2P network protocol, WAD registry, cross-instance entity communication, **Godot/id Tech VR bridge**, soul-to-visual mapping (R-24), **shared VR realms (P2P Metropolis)** research' (p=0.6) from master_ledger
2026-07-08 21:03:11 [INFO] omega.workers.background_researcher.loop: Frontier gap found: 'Knowledge base scaffolding for entity cli_cline' (p=0.5) from entity_gap
2026-07-08 21:03:11 [INFO] omega.workers.background_researcher.loop: Frontier growth complete — enqueued 5 topics from 31 candidates
2026-07-08 21:03:11 [INFO] omega.workers.background_researcher.loop: Researching: 'Phase 1 — Engine Hardening — Memory wiring, handoff protocol, soul atomicity, agent hardening, MCP consolidation research' (priority=0.60)
2026-07-08 21:03:11 [WARNING] omega.workers.background_researcher.searxng_client: SearXNG request failed: 
2026-07-08 21:03:11 [WARNING] omega.workers.background_researcher.searxng_client: SearXNG request failed: 
2026-07-08 21:03:11 [INFO] httpx: HTTP Request: POST https://api.exa.ai/search "HTTP/1.1 200 OK"
2026-07-08 21:03:13 [INFO] httpx: HTTP Request: POST https://generativelanguage.googleapis.com/v1beta/models/gemma-4-31b-it:generateContent "HTTP/1.1 200 OK"
2026-07-08 21:03:13 [INFO] omega.ingestion.guards: Sentry Probe SUCCESS for gemma-4-31b-it on attempt 1
2026-07-08 21:03:16 [WARNING] omega.ingestion.pipeline: T3 Deep Scrape failed for https://github.com/alphaonedev/ai-memory-mcp/blob/main/docs/atomisation.md, falling back to T1
2026-07-08 21:03:16 [WARNING] omega.workers.background_researcher.loop: Sovereign Pipeline failed to ingest https://github.com/alphaonedev/ai-memory-mcp/blob/main/docs/atomisation.md
2026-07-08 21:03:20 [INFO] httpx: HTTP Request: POST https://generativelanguage.googleapis.com/v1beta/models/gemma-4-31b-it:generateContent "HTTP/1.1 200 OK"
2026-07-08 21:03:20 [INFO] omega.ingestion.guards: Sentry Probe SUCCESS for gemma-4-31b-it on attempt 1
2026-07-08 21:03:22 [WARNING] omega.ingestion.pipeline: T3 Deep Scrape failed for https://github.com/khan007/soul, falling back to T1
2026-07-08 21:03:22 [WARNING] omega.workers.background_researcher.loop: Sovereign Pipeline failed to ingest https://github.com/khan007/soul
2026-07-08 21:03:23 [INFO] httpx: HTTP Request: POST https://generativelanguage.googleapis.com/v1beta/models/gemma-4-31b-it:generateContent "HTTP/1.1 500 Internal Server Error"
2026-07-08 21:03:23 [WARNING] omega.ingestion.guards: Sentry Probe transient 500 on attempt 1/3. Retrying...
2026-07-08 21:03:29 [INFO] httpx: HTTP Request: POST https://generativelanguage.googleapis.com/v1beta/models/gemma-4-31b-it:generateContent "HTTP/1.1 200 OK"
2026-07-08 21:03:29 [INFO] omega.ingestion.guards: Sentry Probe SUCCESS for gemma-4-31b-it on attempt 2
2026-07-08 21:03:29 [INFO] urllib3.poolmanager: Redirecting https://blog.vinkius.com/the-agentic-swarm-manifesto-how-vurb-ts-fhp-does-for-mcp-what-kubernetes-did-for-microservices -> https://vinkius.com/blog/the-agentic-swarm-manifesto-how-vurb-ts-fhp-does-for-mcp-what-kubernetes-did-for-microservices
2026-07-08 21:03:30 [ERROR] trafilatura.downloads: not a 200 response: 404 for URL https://blog.vinkius.com/the-agentic-swarm-manifesto-how-vurb-ts-fhp-does-for-mcp-what-kubernetes-did-for-microservices
2026-07-08 21:03:30 [INFO] omega.library.coordinator: Worker stopped: researcher
2026-07-08 21:03:30 [ERROR] omega.researcher.run: Critical failure in research cycle: T1 Fast Scrape failed: Trafilatura failed to fetch URL
Traceback (most recent call last):
  File "/home/arcana-novai/Documents/Xoe-NovAi/omega-engine/src/omega/workers/background_researcher/run.py", line 100, in main
    result = await loop.run_cycle()
             ^^^^^^^^^^^^^^^^^^^^^^
  File "/home/arcana-novai/Documents/Xoe-NovAi/omega-engine/src/omega/workers/background_researcher/loop.py", line 268, in run_cycle
    content = await self._extract(task, sources)
              ^^^^^^^^^^^^^^^^^^^^^^^^^^^^^^^^^^
  File "/home/arcana-novai/Documents/Xoe-NovAi/omega-engine/src/omega/workers/background_researcher/loop.py", line 431, in _extract
    result = await self.pipeline.run_source(url)
             ^^^^^^^^^^^^^^^^^^^^^^^^^^^^^^^^^^^
  File "/home/arcana-novai/Documents/Xoe-NovAi/omega-engine/src/omega/ingestion/pipeline.py", line 187, in run_source
    raise TransportError(f"T1 Fast Scrape failed: {t1_res.error}")
omega.ingestion.ingestion_types.TransportError: T1 Fast Scrape failed: Trafilatura failed to fetch URL
2026-07-08 21:04:03 [WARNING] omega.vault.key_vault: Invalid VAULT_MASTER_KEY: [VaultCryptoError] Invalid master key hex: non-hexadecimal number found in fromhex() arg at position 48
2026-07-08 21:04:03 [WARNING] omega.vault.key_vault: No VAULT_MASTER_KEY set — vault is locked. Falling back to environment variables.
2026-07-08 21:04:03 [INFO] omega.memory.fts: FTS5 index initialized at /home/arcana-novai/Documents/Xoe-NovAi/omega-engine/data/memory/fts_memory.db
2026-07-08 21:04:03 [INFO] omega.oracle.pii_masker: pii-shield loaded: 18 PII types, context-aware detection
2026-07-08 21:04:03 [INFO] omega.researcher.run: Starting research cycle...
2026-07-08 21:04:03 [INFO] omega.library.coordinator: Worker registered: researcher
2026-07-08 21:04:03 [INFO] omega.library.coordinator: Worker started: researcher
2026-07-08 21:04:03 [INFO] omega.workers.background_researcher.loop: Starting research cycle cycle_20260709_000403_1
2026-07-08 21:04:04 [INFO] httpx: HTTP Request: GET https://httpbin.org/get "HTTP/1.1 200 OK"
2026-07-08 21:04:04 [INFO] omega.workers.background_researcher.loop: Frontier gap found: 'Phase 1 — Engine Hardening — Memory wiring, handoff protocol, soul atomicity, agent hardening, MCP consolidation research' (p=0.6) from master_ledger
2026-07-08 21:04:04 [INFO] omega.workers.background_researcher.loop: Frontier gap found: 'Phase 2 — Legacy Mining — Extract 12 quick-win assets, port legacy patterns, compile community content research' (p=0.6) from master_ledger
2026-07-08 21:04:04 [INFO] omega.workers.background_researcher.loop: Frontier gap found: 'Phase 3 — Community Tools — Entity Studio CLI → Visual Builder, Stack Builder Wizard, one-click Omega Desktop research' (p=0.6) from master_ledger
2026-07-08 21:04:04 [INFO] omega.workers.background_researcher.loop: Frontier gap found: 'Phase 4 — The Omegaverse — P2P network protocol, WAD registry, cross-instance entity communication, **Godot/id Tech VR bridge**, soul-to-visual mapping (R-24), **shared VR realms (P2P Metropolis)** research' (p=0.6) from master_ledger
2026-07-08 21:04:04 [INFO] omega.workers.background_researcher.loop: Frontier gap found: 'Knowledge base scaffolding for entity cli_cline' (p=0.5) from entity_gap
2026-07-08 21:04:04 [INFO] omega.workers.background_researcher.loop: Frontier growth complete — enqueued 5 topics from 31 candidates
2026-07-08 21:04:04 [INFO] omega.workers.background_researcher.loop: Researching: 'Phase 1 — Engine Hardening — Memory wiring, handoff protocol, soul atomicity, agent hardening, MCP consolidation research' (priority=0.60)
2026-07-08 21:04:04 [WARNING] omega.workers.background_researcher.searxng_client: SearXNG request failed: 
2026-07-08 21:04:04 [WARNING] omega.workers.background_researcher.searxng_client: SearXNG request failed: 
2026-07-08 21:04:04 [INFO] httpx: HTTP Request: POST https://api.exa.ai/search "HTTP/1.1 200 OK"
2026-07-08 21:04:08 [INFO] httpx: HTTP Request: POST https://generativelanguage.googleapis.com/v1beta/models/gemma-4-31b-it:generateContent "HTTP/1.1 200 OK"
2026-07-08 21:04:08 [INFO] omega.ingestion.guards: Sentry Probe SUCCESS for gemma-4-31b-it on attempt 1
2026-07-08 21:04:09 [WARNING] omega.ingestion.pipeline: T3 Deep Scrape failed for https://github.com/alphaonedev/ai-memory-mcp/blob/main/docs/atomisation.md, falling back to T1
2026-07-08 21:04:09 [WARNING] omega.workers.background_researcher.loop: Sovereign Pipeline failed to ingest https://github.com/alphaonedev/ai-memory-mcp/blob/main/docs/atomisation.md
2026-07-08 21:04:10 [INFO] httpx: HTTP Request: POST https://generativelanguage.googleapis.com/v1beta/models/gemma-4-31b-it:generateContent "HTTP/1.1 200 OK"
2026-07-08 21:04:10 [INFO] omega.ingestion.guards: Sentry Probe SUCCESS for gemma-4-31b-it on attempt 1
2026-07-08 21:04:11 [WARNING] omega.ingestion.pipeline: T3 Deep Scrape failed for https://github.com/khan007/soul, falling back to T1
2026-07-08 21:04:11 [WARNING] omega.workers.background_researcher.loop: Sovereign Pipeline failed to ingest https://github.com/khan007/soul
2026-07-08 21:04:17 [INFO] httpx: HTTP Request: POST https://generativelanguage.googleapis.com/v1beta/models/gemma-4-31b-it:generateContent "HTTP/1.1 200 OK"
2026-07-08 21:04:17 [INFO] omega.ingestion.guards: Sentry Probe SUCCESS for gemma-4-31b-it on attempt 1
2026-07-08 21:04:18 [INFO] urllib3.poolmanager: Redirecting https://blog.vinkius.com/the-agentic-swarm-manifesto-how-vurb-ts-fhp-does-for-mcp-what-kubernetes-did-for-microservices -> https://vinkius.com/blog/the-agentic-swarm-manifesto-how-vurb-ts-fhp-does-for-mcp-what-kubernetes-did-for-microservices
2026-07-08 21:04:18 [ERROR] trafilatura.downloads: not a 200 response: 404 for URL https://blog.vinkius.com/the-agentic-swarm-manifesto-how-vurb-ts-fhp-does-for-mcp-what-kubernetes-did-for-microservices
2026-07-08 21:04:18 [INFO] omega.library.coordinator: Worker stopped: researcher
2026-07-08 21:04:18 [ERROR] omega.researcher.run: Critical failure in research cycle: T1 Fast Scrape failed: Trafilatura failed to fetch URL
Traceback (most recent call last):
  File "/home/arcana-novai/Documents/Xoe-NovAi/omega-engine/src/omega/workers/background_researcher/run.py", line 100, in main
    result = await loop.run_cycle()
             ^^^^^^^^^^^^^^^^^^^^^^
  File "/home/arcana-novai/Documents/Xoe-NovAi/omega-engine/src/omega/workers/background_researcher/loop.py", line 268, in run_cycle
    content = await self._extract(task, sources)
              ^^^^^^^^^^^^^^^^^^^^^^^^^^^^^^^^^^
  File "/home/arcana-novai/Documents/Xoe-NovAi/omega-engine/src/omega/workers/background_researcher/loop.py", line 431, in _extract
    result = await self.pipeline.run_source(url)
             ^^^^^^^^^^^^^^^^^^^^^^^^^^^^^^^^^^^
  File "/home/arcana-novai/Documents/Xoe-NovAi/omega-engine/src/omega/ingestion/pipeline.py", line 187, in run_source
    raise TransportError(f"T1 Fast Scrape failed: {t1_res.error}")
omega.ingestion.ingestion_types.TransportError: T1 Fast Scrape failed: Trafilatura failed to fetch URL
2026-07-08 21:04:51 [WARNING] omega.vault.key_vault: Invalid VAULT_MASTER_KEY: [VaultCryptoError] Invalid master key hex: non-hexadecimal number found in fromhex() arg at position 48
2026-07-08 21:04:51 [WARNING] omega.vault.key_vault: No VAULT_MASTER_KEY set — vault is locked. Falling back to environment variables.
2026-07-08 21:04:51 [INFO] omega.memory.fts: FTS5 index initialized at /home/arcana-novai/Documents/Xoe-NovAi/omega-engine/data/memory/fts_memory.db
2026-07-08 21:04:51 [INFO] omega.oracle.pii_masker: pii-shield loaded: 18 PII types, context-aware detection
2026-07-08 21:04:51 [INFO] omega.researcher.run: Starting research cycle...
2026-07-08 21:04:51 [INFO] omega.library.coordinator: Worker registered: researcher
2026-07-08 21:04:51 [INFO] omega.library.coordinator: Worker started: researcher
2026-07-08 21:04:51 [INFO] omega.workers.background_researcher.loop: Starting research cycle cycle_20260709_000451_1
2026-07-08 21:04:52 [INFO] httpx: HTTP Request: GET https://httpbin.org/get "HTTP/1.1 200 OK"
2026-07-08 21:04:52 [INFO] omega.workers.background_researcher.loop: Frontier gap found: 'Phase 1 — Engine Hardening — Memory wiring, handoff protocol, soul atomicity, agent hardening, MCP consolidation research' (p=0.6) from master_ledger
2026-07-08 21:04:52 [INFO] omega.workers.background_researcher.loop: Frontier gap found: 'Phase 2 — Legacy Mining — Extract 12 quick-win assets, port legacy patterns, compile community content research' (p=0.6) from master_ledger
2026-07-08 21:04:52 [INFO] omega.workers.background_researcher.loop: Frontier gap found: 'Phase 3 — Community Tools — Entity Studio CLI → Visual Builder, Stack Builder Wizard, one-click Omega Desktop research' (p=0.6) from master_ledger
2026-07-08 21:04:52 [INFO] omega.workers.background_researcher.loop: Frontier gap found: 'Phase 4 — The Omegaverse — P2P network protocol, WAD registry, cross-instance entity communication, **Godot/id Tech VR bridge**, soul-to-visual mapping (R-24), **shared VR realms (P2P Metropolis)** research' (p=0.6) from master_ledger
2026-07-08 21:04:52 [INFO] omega.workers.background_researcher.loop: Frontier gap found: 'Knowledge base scaffolding for entity cli_cline' (p=0.5) from entity_gap
2026-07-08 21:04:52 [INFO] omega.workers.background_researcher.loop: Frontier growth complete — enqueued 5 topics from 31 candidates
2026-07-08 21:04:52 [INFO] omega.workers.background_researcher.loop: Researching: 'Phase 1 — Engine Hardening — Memory wiring, handoff protocol, soul atomicity, agent hardening, MCP consolidation research' (priority=0.60)
2026-07-08 21:04:52 [WARNING] omega.workers.background_researcher.searxng_client: SearXNG request failed: 
2026-07-08 21:04:52 [WARNING] omega.workers.background_researcher.searxng_client: SearXNG request failed: 
2026-07-08 21:04:53 [INFO] httpx: HTTP Request: POST https://api.exa.ai/search "HTTP/1.1 200 OK"
2026-07-08 21:04:55 [INFO] httpx: HTTP Request: POST https://generativelanguage.googleapis.com/v1beta/models/gemma-4-31b-it:generateContent "HTTP/1.1 200 OK"
2026-07-08 21:04:55 [INFO] omega.ingestion.guards: Sentry Probe SUCCESS for gemma-4-31b-it on attempt 1
2026-07-08 21:04:56 [WARNING] omega.ingestion.pipeline: T3 Deep Scrape failed for https://github.com/alphaonedev/ai-memory-mcp/blob/main/docs/atomisation.md, falling back to T1
2026-07-08 21:04:56 [WARNING] omega.workers.background_researcher.loop: Sovereign Pipeline failed to ingest https://github.com/alphaonedev/ai-memory-mcp/blob/main/docs/atomisation.md
2026-07-08 21:04:57 [INFO] httpx: HTTP Request: POST https://generativelanguage.googleapis.com/v1beta/models/gemma-4-31b-it:generateContent "HTTP/1.1 200 OK"
2026-07-08 21:04:57 [INFO] omega.ingestion.guards: Sentry Probe SUCCESS for gemma-4-31b-it on attempt 1
2026-07-08 21:04:58 [WARNING] omega.ingestion.pipeline: T3 Deep Scrape failed for https://github.com/khan007/soul, falling back to T1
2026-07-08 21:04:58 [WARNING] omega.workers.background_researcher.loop: Sovereign Pipeline failed to ingest https://github.com/khan007/soul
2026-07-08 21:05:01 [INFO] httpx: HTTP Request: POST https://generativelanguage.googleapis.com/v1beta/models/gemma-4-31b-it:generateContent "HTTP/1.1 200 OK"
2026-07-08 21:05:01 [INFO] omega.ingestion.guards: Sentry Probe SUCCESS for gemma-4-31b-it on attempt 1
2026-07-08 21:05:01 [INFO] urllib3.poolmanager: Redirecting https://blog.vinkius.com/the-agentic-swarm-manifesto-how-vurb-ts-fhp-does-for-mcp-what-kubernetes-did-for-microservices -> https://vinkius.com/blog/the-agentic-swarm-manifesto-how-vurb-ts-fhp-does-for-mcp-what-kubernetes-did-for-microservices
2026-07-08 21:05:02 [ERROR] trafilatura.downloads: not a 200 response: 404 for URL https://blog.vinkius.com/the-agentic-swarm-manifesto-how-vurb-ts-fhp-does-for-mcp-what-kubernetes-did-for-microservices
2026-07-08 21:05:02 [INFO] omega.library.coordinator: Worker stopped: researcher
2026-07-08 21:05:02 [ERROR] omega.researcher.run: Critical failure in research cycle: T1 Fast Scrape failed: Trafilatura failed to fetch URL
Traceback (most recent call last):
  File "/home/arcana-novai/Documents/Xoe-NovAi/omega-engine/src/omega/workers/background_researcher/run.py", line 100, in main
    result = await loop.run_cycle()
             ^^^^^^^^^^^^^^^^^^^^^^
  File "/home/arcana-novai/Documents/Xoe-NovAi/omega-engine/src/omega/workers/background_researcher/loop.py", line 268, in run_cycle
    content = await self._extract(task, sources)
              ^^^^^^^^^^^^^^^^^^^^^^^^^^^^^^^^^^
  File "/home/arcana-novai/Documents/Xoe-NovAi/omega-engine/src/omega/workers/background_researcher/loop.py", line 431, in _extract
    result = await self.pipeline.run_source(url)
             ^^^^^^^^^^^^^^^^^^^^^^^^^^^^^^^^^^^
  File "/home/arcana-novai/Documents/Xoe-NovAi/omega-engine/src/omega/ingestion/pipeline.py", line 187, in run_source
    raise TransportError(f"T1 Fast Scrape failed: {t1_res.error}")
omega.ingestion.ingestion_types.TransportError: T1 Fast Scrape failed: Trafilatura failed to fetch URL
2026-07-08 21:05:35 [WARNING] omega.vault.key_vault: Invalid VAULT_MASTER_KEY: [VaultCryptoError] Invalid master key hex: non-hexadecimal number found in fromhex() arg at position 48
2026-07-08 21:05:35 [WARNING] omega.vault.key_vault: No VAULT_MASTER_KEY set — vault is locked. Falling back to environment variables.
2026-07-08 21:05:35 [INFO] omega.memory.fts: FTS5 index initialized at /home/arcana-novai/Documents/Xoe-NovAi/omega-engine/data/memory/fts_memory.db
2026-07-08 21:05:35 [INFO] omega.oracle.pii_masker: pii-shield loaded: 18 PII types, context-aware detection
2026-07-08 21:05:35 [INFO] omega.researcher.run: Starting research cycle...
2026-07-08 21:05:35 [INFO] omega.library.coordinator: Worker registered: researcher
2026-07-08 21:05:35 [INFO] omega.library.coordinator: Worker started: researcher
2026-07-08 21:05:35 [INFO] omega.workers.background_researcher.loop: Starting research cycle cycle_20260709_000535_1
2026-07-08 21:05:36 [INFO] httpx: HTTP Request: GET https://httpbin.org/get "HTTP/1.1 200 OK"
2026-07-08 21:05:36 [INFO] omega.workers.background_researcher.loop: Frontier gap found: 'Phase 1 — Engine Hardening — Memory wiring, handoff protocol, soul atomicity, agent hardening, MCP consolidation research' (p=0.6) from master_ledger
2026-07-08 21:05:36 [INFO] omega.workers.background_researcher.loop: Frontier gap found: 'Phase 2 — Legacy Mining — Extract 12 quick-win assets, port legacy patterns, compile community content research' (p=0.6) from master_ledger
2026-07-08 21:05:36 [INFO] omega.workers.background_researcher.loop: Frontier gap found: 'Phase 3 — Community Tools — Entity Studio CLI → Visual Builder, Stack Builder Wizard, one-click Omega Desktop research' (p=0.6) from master_ledger
2026-07-08 21:05:36 [INFO] omega.workers.background_researcher.loop: Frontier gap found: 'Phase 4 — The Omegaverse — P2P network protocol, WAD registry, cross-instance entity communication, **Godot/id Tech VR bridge**, soul-to-visual mapping (R-24), **shared VR realms (P2P Metropolis)** research' (p=0.6) from master_ledger
2026-07-08 21:05:36 [INFO] omega.workers.background_researcher.loop: Frontier gap found: 'Knowledge base scaffolding for entity cli_cline' (p=0.5) from entity_gap
2026-07-08 21:05:36 [INFO] omega.workers.background_researcher.loop: Frontier growth complete — enqueued 5 topics from 31 candidates
2026-07-08 21:05:36 [INFO] omega.workers.background_researcher.loop: Researching: 'Phase 1 — Engine Hardening — Memory wiring, handoff protocol, soul atomicity, agent hardening, MCP consolidation research' (priority=0.60)
2026-07-08 21:05:36 [WARNING] omega.workers.background_researcher.searxng_client: SearXNG request failed: 
2026-07-08 21:05:36 [WARNING] omega.workers.background_researcher.searxng_client: SearXNG request failed: 
2026-07-08 21:05:36 [INFO] httpx: HTTP Request: POST https://api.exa.ai/search "HTTP/1.1 200 OK"
2026-07-08 21:05:42 [INFO] httpx: HTTP Request: POST https://generativelanguage.googleapis.com/v1beta/models/gemma-4-31b-it:generateContent "HTTP/1.1 200 OK"
2026-07-08 21:05:42 [INFO] omega.ingestion.guards: Sentry Probe SUCCESS for gemma-4-31b-it on attempt 1
2026-07-08 21:05:46 [WARNING] omega.ingestion.pipeline: T3 Deep Scrape failed for https://github.com/alphaonedev/ai-memory-mcp/blob/main/docs/atomisation.md, falling back to T1
2026-07-08 21:05:46 [WARNING] omega.workers.background_researcher.loop: Sovereign Pipeline failed to ingest https://github.com/alphaonedev/ai-memory-mcp/blob/main/docs/atomisation.md
2026-07-08 21:05:49 [INFO] httpx: HTTP Request: POST https://generativelanguage.googleapis.com/v1beta/models/gemma-4-31b-it:generateContent "HTTP/1.1 200 OK"
2026-07-08 21:05:49 [INFO] omega.ingestion.guards: Sentry Probe SUCCESS for gemma-4-31b-it on attempt 1
2026-07-08 21:05:50 [WARNING] omega.ingestion.pipeline: T3 Deep Scrape failed for https://github.com/khan007/soul, falling back to T1
2026-07-08 21:05:50 [WARNING] omega.workers.background_researcher.loop: Sovereign Pipeline failed to ingest https://github.com/khan007/soul
2026-07-08 21:05:51 [INFO] httpx: HTTP Request: POST https://generativelanguage.googleapis.com/v1beta/models/gemma-4-31b-it:generateContent "HTTP/1.1 200 OK"
2026-07-08 21:05:51 [INFO] omega.ingestion.guards: Sentry Probe SUCCESS for gemma-4-31b-it on attempt 1
2026-07-08 21:05:51 [INFO] urllib3.poolmanager: Redirecting https://blog.vinkius.com/the-agentic-swarm-manifesto-how-vurb-ts-fhp-does-for-mcp-what-kubernetes-did-for-microservices -> https://vinkius.com/blog/the-agentic-swarm-manifesto-how-vurb-ts-fhp-does-for-mcp-what-kubernetes-did-for-microservices
2026-07-08 21:05:52 [ERROR] trafilatura.downloads: not a 200 response: 404 for URL https://blog.vinkius.com/the-agentic-swarm-manifesto-how-vurb-ts-fhp-does-for-mcp-what-kubernetes-did-for-microservices
2026-07-08 21:05:52 [INFO] omega.library.coordinator: Worker stopped: researcher
2026-07-08 21:05:52 [ERROR] omega.researcher.run: Critical failure in research cycle: T1 Fast Scrape failed: Trafilatura failed to fetch URL
Traceback (most recent call last):
  File "/home/arcana-novai/Documents/Xoe-NovAi/omega-engine/src/omega/workers/background_researcher/run.py", line 100, in main
    result = await loop.run_cycle()
             ^^^^^^^^^^^^^^^^^^^^^^
  File "/home/arcana-novai/Documents/Xoe-NovAi/omega-engine/src/omega/workers/background_researcher/loop.py", line 268, in run_cycle
    content = await self._extract(task, sources)
              ^^^^^^^^^^^^^^^^^^^^^^^^^^^^^^^^^^
  File "/home/arcana-novai/Documents/Xoe-NovAi/omega-engine/src/omega/workers/background_researcher/loop.py", line 431, in _extract
    result = await self.pipeline.run_source(url)
             ^^^^^^^^^^^^^^^^^^^^^^^^^^^^^^^^^^^
  File "/home/arcana-novai/Documents/Xoe-NovAi/omega-engine/src/omega/ingestion/pipeline.py", line 187, in run_source
    raise TransportError(f"T1 Fast Scrape failed: {t1_res.error}")
omega.ingestion.ingestion_types.TransportError: T1 Fast Scrape failed: Trafilatura failed to fetch URL
2026-07-08 21:06:25 [WARNING] omega.vault.key_vault: Invalid VAULT_MASTER_KEY: [VaultCryptoError] Invalid master key hex: non-hexadecimal number found in fromhex() arg at position 48
2026-07-08 21:06:25 [WARNING] omega.vault.key_vault: No VAULT_MASTER_KEY set — vault is locked. Falling back to environment variables.
2026-07-08 21:06:25 [INFO] omega.memory.fts: FTS5 index initialized at /home/arcana-novai/Documents/Xoe-NovAi/omega-engine/data/memory/fts_memory.db
2026-07-08 21:06:25 [INFO] omega.oracle.pii_masker: pii-shield loaded: 18 PII types, context-aware detection
2026-07-08 21:06:25 [INFO] omega.researcher.run: Starting research cycle...
2026-07-08 21:06:25 [INFO] omega.library.coordinator: Worker registered: researcher
2026-07-08 21:06:25 [INFO] omega.library.coordinator: Worker started: researcher
2026-07-08 21:06:25 [INFO] omega.workers.background_researcher.loop: Starting research cycle cycle_20260709_000625_1
2026-07-08 21:06:26 [INFO] httpx: HTTP Request: GET https://httpbin.org/get "HTTP/1.1 200 OK"
2026-07-08 21:06:26 [INFO] omega.workers.background_researcher.loop: Frontier gap found: 'Phase 1 — Engine Hardening — Memory wiring, handoff protocol, soul atomicity, agent hardening, MCP consolidation research' (p=0.6) from master_ledger
2026-07-08 21:06:26 [INFO] omega.workers.background_researcher.loop: Frontier gap found: 'Phase 2 — Legacy Mining — Extract 12 quick-win assets, port legacy patterns, compile community content research' (p=0.6) from master_ledger
2026-07-08 21:06:26 [INFO] omega.workers.background_researcher.loop: Frontier gap found: 'Phase 3 — Community Tools — Entity Studio CLI → Visual Builder, Stack Builder Wizard, one-click Omega Desktop research' (p=0.6) from master_ledger
2026-07-08 21:06:26 [INFO] omega.workers.background_researcher.loop: Frontier gap found: 'Phase 4 — The Omegaverse — P2P network protocol, WAD registry, cross-instance entity communication, **Godot/id Tech VR bridge**, soul-to-visual mapping (R-24), **shared VR realms (P2P Metropolis)** research' (p=0.6) from master_ledger
2026-07-08 21:06:26 [INFO] omega.workers.background_researcher.loop: Frontier gap found: 'Knowledge base scaffolding for entity cli_cline' (p=0.5) from entity_gap
2026-07-08 21:06:26 [INFO] omega.workers.background_researcher.loop: Frontier growth complete — enqueued 5 topics from 31 candidates
2026-07-08 21:06:26 [INFO] omega.workers.background_researcher.loop: Researching: 'Phase 1 — Engine Hardening — Memory wiring, handoff protocol, soul atomicity, agent hardening, MCP consolidation research' (priority=0.60)
2026-07-08 21:06:26 [WARNING] omega.workers.background_researcher.searxng_client: SearXNG request failed: 
2026-07-08 21:06:26 [WARNING] omega.workers.background_researcher.searxng_client: SearXNG request failed: 
2026-07-08 21:06:26 [INFO] httpx: HTTP Request: POST https://api.exa.ai/search "HTTP/1.1 200 OK"
2026-07-08 21:06:27 [INFO] httpx: HTTP Request: POST https://generativelanguage.googleapis.com/v1beta/models/gemma-4-31b-it:generateContent "HTTP/1.1 200 OK"
2026-07-08 21:06:27 [INFO] omega.ingestion.guards: Sentry Probe SUCCESS for gemma-4-31b-it on attempt 1
2026-07-08 21:06:28 [WARNING] omega.ingestion.pipeline: T3 Deep Scrape failed for https://github.com/alphaonedev/ai-memory-mcp/blob/main/docs/atomisation.md, falling back to T1
2026-07-08 21:06:28 [WARNING] omega.workers.background_researcher.loop: Sovereign Pipeline failed to ingest https://github.com/alphaonedev/ai-memory-mcp/blob/main/docs/atomisation.md
2026-07-08 21:06:36 [INFO] httpx: HTTP Request: POST https://generativelanguage.googleapis.com/v1beta/models/gemma-4-31b-it:generateContent "HTTP/1.1 200 OK"
2026-07-08 21:06:36 [INFO] omega.ingestion.guards: Sentry Probe SUCCESS for gemma-4-31b-it on attempt 1
2026-07-08 21:06:37 [WARNING] omega.ingestion.pipeline: T3 Deep Scrape failed for https://github.com/khan007/soul, falling back to T1
2026-07-08 21:06:37 [WARNING] omega.workers.background_researcher.loop: Sovereign Pipeline failed to ingest https://github.com/khan007/soul
2026-07-08 21:06:38 [INFO] httpx: HTTP Request: POST https://generativelanguage.googleapis.com/v1beta/models/gemma-4-31b-it:generateContent "HTTP/1.1 200 OK"
2026-07-08 21:06:38 [INFO] omega.ingestion.guards: Sentry Probe SUCCESS for gemma-4-31b-it on attempt 1
2026-07-08 21:06:39 [INFO] urllib3.poolmanager: Redirecting https://blog.vinkius.com/the-agentic-swarm-manifesto-how-vurb-ts-fhp-does-for-mcp-what-kubernetes-did-for-microservices -> https://vinkius.com/blog/the-agentic-swarm-manifesto-how-vurb-ts-fhp-does-for-mcp-what-kubernetes-did-for-microservices
2026-07-08 21:06:39 [ERROR] trafilatura.downloads: not a 200 response: 404 for URL https://blog.vinkius.com/the-agentic-swarm-manifesto-how-vurb-ts-fhp-does-for-mcp-what-kubernetes-did-for-microservices
2026-07-08 21:06:39 [INFO] omega.library.coordinator: Worker stopped: researcher
2026-07-08 21:06:39 [ERROR] omega.researcher.run: Critical failure in research cycle: T1 Fast Scrape failed: Trafilatura failed to fetch URL
Traceback (most recent call last):
  File "/home/arcana-novai/Documents/Xoe-NovAi/omega-engine/src/omega/workers/background_researcher/run.py", line 100, in main
    result = await loop.run_cycle()
             ^^^^^^^^^^^^^^^^^^^^^^
  File "/home/arcana-novai/Documents/Xoe-NovAi/omega-engine/src/omega/workers/background_researcher/loop.py", line 268, in run_cycle
    content = await self._extract(task, sources)
              ^^^^^^^^^^^^^^^^^^^^^^^^^^^^^^^^^^
  File "/home/arcana-novai/Documents/Xoe-NovAi/omega-engine/src/omega/workers/background_researcher/loop.py", line 431, in _extract
    result = await self.pipeline.run_source(url)
             ^^^^^^^^^^^^^^^^^^^^^^^^^^^^^^^^^^^
  File "/home/arcana-novai/Documents/Xoe-NovAi/omega-engine/src/omega/ingestion/pipeline.py", line 187, in run_source
    raise TransportError(f"T1 Fast Scrape failed: {t1_res.error}")
omega.ingestion.ingestion_types.TransportError: T1 Fast Scrape failed: Trafilatura failed to fetch URL
2026-07-08 21:07:12 [WARNING] omega.vault.key_vault: Invalid VAULT_MASTER_KEY: [VaultCryptoError] Invalid master key hex: non-hexadecimal number found in fromhex() arg at position 48
2026-07-08 21:07:12 [WARNING] omega.vault.key_vault: No VAULT_MASTER_KEY set — vault is locked. Falling back to environment variables.
2026-07-08 21:07:12 [INFO] omega.memory.fts: FTS5 index initialized at /home/arcana-novai/Documents/Xoe-NovAi/omega-engine/data/memory/fts_memory.db
2026-07-08 21:07:12 [INFO] omega.oracle.pii_masker: pii-shield loaded: 18 PII types, context-aware detection
2026-07-08 21:07:12 [INFO] omega.researcher.run: Starting research cycle...
2026-07-08 21:07:12 [INFO] omega.library.coordinator: Worker registered: researcher
2026-07-08 21:07:12 [INFO] omega.library.coordinator: Worker started: researcher
2026-07-08 21:07:12 [INFO] omega.workers.background_researcher.loop: Starting research cycle cycle_20260709_000712_1
2026-07-08 21:07:13 [INFO] httpx: HTTP Request: GET https://httpbin.org/get "HTTP/1.1 200 OK"
2026-07-08 21:07:14 [INFO] omega.workers.background_researcher.loop: Frontier gap found: 'Phase 1 — Engine Hardening — Memory wiring, handoff protocol, soul atomicity, agent hardening, MCP consolidation research' (p=0.6) from master_ledger
2026-07-08 21:07:14 [INFO] omega.workers.background_researcher.loop: Frontier gap found: 'Phase 2 — Legacy Mining — Extract 12 quick-win assets, port legacy patterns, compile community content research' (p=0.6) from master_ledger
2026-07-08 21:07:14 [INFO] omega.workers.background_researcher.loop: Frontier gap found: 'Phase 3 — Community Tools — Entity Studio CLI → Visual Builder, Stack Builder Wizard, one-click Omega Desktop research' (p=0.6) from master_ledger
2026-07-08 21:07:14 [INFO] omega.workers.background_researcher.loop: Frontier gap found: 'Phase 4 — The Omegaverse — P2P network protocol, WAD registry, cross-instance entity communication, **Godot/id Tech VR bridge**, soul-to-visual mapping (R-24), **shared VR realms (P2P Metropolis)** research' (p=0.6) from master_ledger
2026-07-08 21:07:14 [INFO] omega.workers.background_researcher.loop: Frontier gap found: 'Knowledge base scaffolding for entity cli_cline' (p=0.5) from entity_gap
2026-07-08 21:07:14 [INFO] omega.workers.background_researcher.loop: Frontier growth complete — enqueued 5 topics from 31 candidates
2026-07-08 21:07:14 [INFO] omega.workers.background_researcher.loop: Researching: 'Phase 1 — Engine Hardening — Memory wiring, handoff protocol, soul atomicity, agent hardening, MCP consolidation research' (priority=0.60)
2026-07-08 21:07:14 [WARNING] omega.workers.background_researcher.searxng_client: SearXNG request failed: 
2026-07-08 21:07:14 [WARNING] omega.workers.background_researcher.searxng_client: SearXNG request failed: 
2026-07-08 21:07:14 [INFO] httpx: HTTP Request: POST https://api.exa.ai/search "HTTP/1.1 200 OK"
2026-07-08 21:07:16 [INFO] httpx: HTTP Request: POST https://generativelanguage.googleapis.com/v1beta/models/gemma-4-31b-it:generateContent "HTTP/1.1 200 OK"
2026-07-08 21:07:16 [INFO] omega.ingestion.guards: Sentry Probe SUCCESS for gemma-4-31b-it on attempt 1
2026-07-08 21:07:18 [WARNING] omega.ingestion.pipeline: T3 Deep Scrape failed for https://github.com/alphaonedev/ai-memory-mcp/blob/main/docs/atomisation.md, falling back to T1
2026-07-08 21:07:18 [WARNING] omega.workers.background_researcher.loop: Sovereign Pipeline failed to ingest https://github.com/alphaonedev/ai-memory-mcp/blob/main/docs/atomisation.md
2026-07-08 21:07:19 [INFO] httpx: HTTP Request: POST https://generativelanguage.googleapis.com/v1beta/models/gemma-4-31b-it:generateContent "HTTP/1.1 200 OK"
2026-07-08 21:07:19 [INFO] omega.ingestion.guards: Sentry Probe SUCCESS for gemma-4-31b-it on attempt 1
2026-07-08 21:07:22 [WARNING] omega.ingestion.pipeline: T3 Deep Scrape failed for https://github.com/khan007/soul, falling back to T1
2026-07-08 21:07:22 [WARNING] omega.workers.background_researcher.loop: Sovereign Pipeline failed to ingest https://github.com/khan007/soul
2026-07-08 21:07:23 [INFO] httpx: HTTP Request: POST https://generativelanguage.googleapis.com/v1beta/models/gemma-4-31b-it:generateContent "HTTP/1.1 200 OK"
2026-07-08 21:07:23 [INFO] omega.ingestion.guards: Sentry Probe SUCCESS for gemma-4-31b-it on attempt 1
2026-07-08 21:07:24 [INFO] urllib3.poolmanager: Redirecting https://blog.vinkius.com/the-agentic-swarm-manifesto-how-vurb-ts-fhp-does-for-mcp-what-kubernetes-did-for-microservices -> https://vinkius.com/blog/the-agentic-swarm-manifesto-how-vurb-ts-fhp-does-for-mcp-what-kubernetes-did-for-microservices
2026-07-08 21:07:24 [ERROR] trafilatura.downloads: not a 200 response: 404 for URL https://blog.vinkius.com/the-agentic-swarm-manifesto-how-vurb-ts-fhp-does-for-mcp-what-kubernetes-did-for-microservices
2026-07-08 21:07:24 [INFO] omega.library.coordinator: Worker stopped: researcher
2026-07-08 21:07:24 [ERROR] omega.researcher.run: Critical failure in research cycle: T1 Fast Scrape failed: Trafilatura failed to fetch URL
Traceback (most recent call last):
  File "/home/arcana-novai/Documents/Xoe-NovAi/omega-engine/src/omega/workers/background_researcher/run.py", line 100, in main
    result = await loop.run_cycle()
             ^^^^^^^^^^^^^^^^^^^^^^
  File "/home/arcana-novai/Documents/Xoe-NovAi/omega-engine/src/omega/workers/background_researcher/loop.py", line 268, in run_cycle
    content = await self._extract(task, sources)
              ^^^^^^^^^^^^^^^^^^^^^^^^^^^^^^^^^^
  File "/home/arcana-novai/Documents/Xoe-NovAi/omega-engine/src/omega/workers/background_researcher/loop.py", line 431, in _extract
    result = await self.pipeline.run_source(url)
             ^^^^^^^^^^^^^^^^^^^^^^^^^^^^^^^^^^^
  File "/home/arcana-novai/Documents/Xoe-NovAi/omega-engine/src/omega/ingestion/pipeline.py", line 187, in run_source
    raise TransportError(f"T1 Fast Scrape failed: {t1_res.error}")
omega.ingestion.ingestion_types.TransportError: T1 Fast Scrape failed: Trafilatura failed to fetch URL
2026-07-08 21:07:57 [WARNING] omega.vault.key_vault: Invalid VAULT_MASTER_KEY: [VaultCryptoError] Invalid master key hex: non-hexadecimal number found in fromhex() arg at position 48
2026-07-08 21:07:57 [WARNING] omega.vault.key_vault: No VAULT_MASTER_KEY set — vault is locked. Falling back to environment variables.
2026-07-08 21:07:57 [INFO] omega.memory.fts: FTS5 index initialized at /home/arcana-novai/Documents/Xoe-NovAi/omega-engine/data/memory/fts_memory.db
2026-07-08 21:07:57 [INFO] omega.oracle.pii_masker: pii-shield loaded: 18 PII types, context-aware detection
2026-07-08 21:07:57 [INFO] omega.researcher.run: Starting research cycle...
2026-07-08 21:07:57 [INFO] omega.library.coordinator: Worker registered: researcher
2026-07-08 21:07:57 [INFO] omega.library.coordinator: Worker started: researcher
2026-07-08 21:07:57 [INFO] omega.workers.background_researcher.loop: Starting research cycle cycle_20260709_000757_1
2026-07-08 21:07:58 [INFO] httpx: HTTP Request: GET https://httpbin.org/get "HTTP/1.1 200 OK"
2026-07-08 21:07:58 [INFO] omega.workers.background_researcher.loop: Frontier gap found: 'Phase 1 — Engine Hardening — Memory wiring, handoff protocol, soul atomicity, agent hardening, MCP consolidation research' (p=0.6) from master_ledger
2026-07-08 21:07:58 [INFO] omega.workers.background_researcher.loop: Frontier gap found: 'Phase 2 — Legacy Mining — Extract 12 quick-win assets, port legacy patterns, compile community content research' (p=0.6) from master_ledger
2026-07-08 21:07:58 [INFO] omega.workers.background_researcher.loop: Frontier gap found: 'Phase 3 — Community Tools — Entity Studio CLI → Visual Builder, Stack Builder Wizard, one-click Omega Desktop research' (p=0.6) from master_ledger
2026-07-08 21:07:58 [INFO] omega.workers.background_researcher.loop: Frontier gap found: 'Phase 4 — The Omegaverse — P2P network protocol, WAD registry, cross-instance entity communication, **Godot/id Tech VR bridge**, soul-to-visual mapping (R-24), **shared VR realms (P2P Metropolis)** research' (p=0.6) from master_ledger
2026-07-08 21:07:58 [INFO] omega.workers.background_researcher.loop: Frontier gap found: 'Knowledge base scaffolding for entity cli_cline' (p=0.5) from entity_gap
2026-07-08 21:07:58 [INFO] omega.workers.background_researcher.loop: Frontier growth complete — enqueued 5 topics from 31 candidates
2026-07-08 21:07:58 [INFO] omega.workers.background_researcher.loop: Researching: 'Phase 1 — Engine Hardening — Memory wiring, handoff protocol, soul atomicity, agent hardening, MCP consolidation research' (priority=0.60)
2026-07-08 21:07:58 [WARNING] omega.workers.background_researcher.searxng_client: SearXNG request failed: 
2026-07-08 21:07:58 [WARNING] omega.workers.background_researcher.searxng_client: SearXNG request failed: 
2026-07-08 21:07:59 [INFO] httpx: HTTP Request: POST https://api.exa.ai/search "HTTP/1.1 200 OK"
2026-07-08 21:08:03 [INFO] httpx: HTTP Request: POST https://generativelanguage.googleapis.com/v1beta/models/gemma-4-31b-it:generateContent "HTTP/1.1 200 OK"
2026-07-08 21:08:03 [INFO] omega.ingestion.guards: Sentry Probe SUCCESS for gemma-4-31b-it on attempt 1
2026-07-08 21:08:05 [WARNING] omega.ingestion.pipeline: T3 Deep Scrape failed for https://github.com/alphaonedev/ai-memory-mcp/blob/main/docs/atomisation.md, falling back to T1
2026-07-08 21:08:05 [WARNING] omega.workers.background_researcher.loop: Sovereign Pipeline failed to ingest https://github.com/alphaonedev/ai-memory-mcp/blob/main/docs/atomisation.md
2026-07-08 21:08:10 [INFO] httpx: HTTP Request: POST https://generativelanguage.googleapis.com/v1beta/models/gemma-4-31b-it:generateContent "HTTP/1.1 200 OK"
2026-07-08 21:08:10 [INFO] omega.ingestion.guards: Sentry Probe SUCCESS for gemma-4-31b-it on attempt 1
2026-07-08 21:08:11 [WARNING] omega.ingestion.pipeline: T3 Deep Scrape failed for https://github.com/khan007/soul, falling back to T1
2026-07-08 21:08:11 [WARNING] omega.workers.background_researcher.loop: Sovereign Pipeline failed to ingest https://github.com/khan007/soul
2026-07-08 21:08:14 [INFO] httpx: HTTP Request: POST https://generativelanguage.googleapis.com/v1beta/models/gemma-4-31b-it:generateContent "HTTP/1.1 200 OK"
2026-07-08 21:08:14 [INFO] omega.ingestion.guards: Sentry Probe SUCCESS for gemma-4-31b-it on attempt 1
2026-07-08 21:08:14 [INFO] urllib3.poolmanager: Redirecting https://blog.vinkius.com/the-agentic-swarm-manifesto-how-vurb-ts-fhp-does-for-mcp-what-kubernetes-did-for-microservices -> https://vinkius.com/blog/the-agentic-swarm-manifesto-how-vurb-ts-fhp-does-for-mcp-what-kubernetes-did-for-microservices
2026-07-08 21:08:14 [ERROR] trafilatura.downloads: not a 200 response: 404 for URL https://blog.vinkius.com/the-agentic-swarm-manifesto-how-vurb-ts-fhp-does-for-mcp-what-kubernetes-did-for-microservices
2026-07-08 21:08:14 [INFO] omega.library.coordinator: Worker stopped: researcher
2026-07-08 21:08:14 [ERROR] omega.researcher.run: Critical failure in research cycle: T1 Fast Scrape failed: Trafilatura failed to fetch URL
Traceback (most recent call last):
  File "/home/arcana-novai/Documents/Xoe-NovAi/omega-engine/src/omega/workers/background_researcher/run.py", line 100, in main
    result = await loop.run_cycle()
             ^^^^^^^^^^^^^^^^^^^^^^
  File "/home/arcana-novai/Documents/Xoe-NovAi/omega-engine/src/omega/workers/background_researcher/loop.py", line 268, in run_cycle
    content = await self._extract(task, sources)
              ^^^^^^^^^^^^^^^^^^^^^^^^^^^^^^^^^^
  File "/home/arcana-novai/Documents/Xoe-NovAi/omega-engine/src/omega/workers/background_researcher/loop.py", line 431, in _extract
    result = await self.pipeline.run_source(url)
             ^^^^^^^^^^^^^^^^^^^^^^^^^^^^^^^^^^^
  File "/home/arcana-novai/Documents/Xoe-NovAi/omega-engine/src/omega/ingestion/pipeline.py", line 187, in run_source
    raise TransportError(f"T1 Fast Scrape failed: {t1_res.error}")
omega.ingestion.ingestion_types.TransportError: T1 Fast Scrape failed: Trafilatura failed to fetch URL
2026-07-08 21:08:48 [WARNING] omega.vault.key_vault: Invalid VAULT_MASTER_KEY: [VaultCryptoError] Invalid master key hex: non-hexadecimal number found in fromhex() arg at position 48
2026-07-08 21:08:48 [WARNING] omega.vault.key_vault: No VAULT_MASTER_KEY set — vault is locked. Falling back to environment variables.
2026-07-08 21:08:48 [INFO] omega.memory.fts: FTS5 index initialized at /home/arcana-novai/Documents/Xoe-NovAi/omega-engine/data/memory/fts_memory.db
2026-07-08 21:08:48 [INFO] omega.oracle.pii_masker: pii-shield loaded: 18 PII types, context-aware detection
2026-07-08 21:08:48 [INFO] omega.researcher.run: Starting research cycle...
2026-07-08 21:08:48 [INFO] omega.library.coordinator: Worker registered: researcher
2026-07-08 21:08:48 [INFO] omega.library.coordinator: Worker started: researcher
2026-07-08 21:08:48 [INFO] omega.workers.background_researcher.loop: Starting research cycle cycle_20260709_000848_1
2026-07-08 21:08:50 [INFO] httpx: HTTP Request: GET https://httpbin.org/get "HTTP/1.1 200 OK"
2026-07-08 21:08:50 [INFO] omega.workers.background_researcher.loop: Frontier gap found: 'Phase 1 — Engine Hardening — Memory wiring, handoff protocol, soul atomicity, agent hardening, MCP consolidation research' (p=0.6) from master_ledger
2026-07-08 21:08:50 [INFO] omega.workers.background_researcher.loop: Frontier gap found: 'Phase 2 — Legacy Mining — Extract 12 quick-win assets, port legacy patterns, compile community content research' (p=0.6) from master_ledger
2026-07-08 21:08:50 [INFO] omega.workers.background_researcher.loop: Frontier gap found: 'Phase 3 — Community Tools — Entity Studio CLI → Visual Builder, Stack Builder Wizard, one-click Omega Desktop research' (p=0.6) from master_ledger
2026-07-08 21:08:50 [INFO] omega.workers.background_researcher.loop: Frontier gap found: 'Phase 4 — The Omegaverse — P2P network protocol, WAD registry, cross-instance entity communication, **Godot/id Tech VR bridge**, soul-to-visual mapping (R-24), **shared VR realms (P2P Metropolis)** research' (p=0.6) from master_ledger
2026-07-08 21:08:50 [INFO] omega.workers.background_researcher.loop: Frontier gap found: 'Knowledge base scaffolding for entity cli_cline' (p=0.5) from entity_gap
2026-07-08 21:08:50 [INFO] omega.workers.background_researcher.loop: Frontier growth complete — enqueued 5 topics from 31 candidates
2026-07-08 21:08:50 [INFO] omega.workers.background_researcher.loop: Researching: 'Phase 1 — Engine Hardening — Memory wiring, handoff protocol, soul atomicity, agent hardening, MCP consolidation research' (priority=0.60)
2026-07-08 21:08:50 [WARNING] omega.workers.background_researcher.searxng_client: SearXNG request failed: 
2026-07-08 21:08:50 [WARNING] omega.workers.background_researcher.searxng_client: SearXNG request failed: 
2026-07-08 21:08:50 [INFO] httpx: HTTP Request: POST https://api.exa.ai/search "HTTP/1.1 200 OK"
2026-07-08 21:08:53 [INFO] httpx: HTTP Request: POST https://generativelanguage.googleapis.com/v1beta/models/gemma-4-31b-it:generateContent "HTTP/1.1 200 OK"
2026-07-08 21:08:53 [INFO] omega.ingestion.guards: Sentry Probe SUCCESS for gemma-4-31b-it on attempt 1
2026-07-08 21:08:55 [WARNING] omega.ingestion.pipeline: T3 Deep Scrape failed for https://github.com/alphaonedev/ai-memory-mcp/blob/main/docs/atomisation.md, falling back to T1
2026-07-08 21:08:55 [WARNING] omega.workers.background_researcher.loop: Sovereign Pipeline failed to ingest https://github.com/alphaonedev/ai-memory-mcp/blob/main/docs/atomisation.md
2026-07-08 21:08:55 [INFO] httpx: HTTP Request: POST https://generativelanguage.googleapis.com/v1beta/models/gemma-4-31b-it:generateContent "HTTP/1.1 200 OK"
2026-07-08 21:08:55 [INFO] omega.ingestion.guards: Sentry Probe SUCCESS for gemma-4-31b-it on attempt 1
2026-07-08 21:08:56 [WARNING] omega.ingestion.pipeline: T3 Deep Scrape failed for https://github.com/khan007/soul, falling back to T1
2026-07-08 21:08:56 [WARNING] omega.workers.background_researcher.loop: Sovereign Pipeline failed to ingest https://github.com/khan007/soul
2026-07-08 21:08:57 [INFO] httpx: HTTP Request: POST https://generativelanguage.googleapis.com/v1beta/models/gemma-4-31b-it:generateContent "HTTP/1.1 200 OK"
2026-07-08 21:08:57 [INFO] omega.ingestion.guards: Sentry Probe SUCCESS for gemma-4-31b-it on attempt 1
2026-07-08 21:08:57 [INFO] urllib3.poolmanager: Redirecting https://blog.vinkius.com/the-agentic-swarm-manifesto-how-vurb-ts-fhp-does-for-mcp-what-kubernetes-did-for-microservices -> https://vinkius.com/blog/the-agentic-swarm-manifesto-how-vurb-ts-fhp-does-for-mcp-what-kubernetes-did-for-microservices
2026-07-08 21:08:58 [ERROR] trafilatura.downloads: not a 200 response: 404 for URL https://blog.vinkius.com/the-agentic-swarm-manifesto-how-vurb-ts-fhp-does-for-mcp-what-kubernetes-did-for-microservices
2026-07-08 21:08:58 [INFO] omega.library.coordinator: Worker stopped: researcher
2026-07-08 21:08:58 [ERROR] omega.researcher.run: Critical failure in research cycle: T1 Fast Scrape failed: Trafilatura failed to fetch URL
Traceback (most recent call last):
  File "/home/arcana-novai/Documents/Xoe-NovAi/omega-engine/src/omega/workers/background_researcher/run.py", line 100, in main
    result = await loop.run_cycle()
             ^^^^^^^^^^^^^^^^^^^^^^
  File "/home/arcana-novai/Documents/Xoe-NovAi/omega-engine/src/omega/workers/background_researcher/loop.py", line 268, in run_cycle
    content = await self._extract(task, sources)
              ^^^^^^^^^^^^^^^^^^^^^^^^^^^^^^^^^^
  File "/home/arcana-novai/Documents/Xoe-NovAi/omega-engine/src/omega/workers/background_researcher/loop.py", line 431, in _extract
    result = await self.pipeline.run_source(url)
             ^^^^^^^^^^^^^^^^^^^^^^^^^^^^^^^^^^^
  File "/home/arcana-novai/Documents/Xoe-NovAi/omega-engine/src/omega/ingestion/pipeline.py", line 187, in run_source
    raise TransportError(f"T1 Fast Scrape failed: {t1_res.error}")
omega.ingestion.ingestion_types.TransportError: T1 Fast Scrape failed: Trafilatura failed to fetch URL
2026-07-08 21:09:31 [WARNING] omega.vault.key_vault: Invalid VAULT_MASTER_KEY: [VaultCryptoError] Invalid master key hex: non-hexadecimal number found in fromhex() arg at position 48
2026-07-08 21:09:31 [WARNING] omega.vault.key_vault: No VAULT_MASTER_KEY set — vault is locked. Falling back to environment variables.
2026-07-08 21:09:31 [INFO] omega.memory.fts: FTS5 index initialized at /home/arcana-novai/Documents/Xoe-NovAi/omega-engine/data/memory/fts_memory.db
2026-07-08 21:09:31 [INFO] omega.oracle.pii_masker: pii-shield loaded: 18 PII types, context-aware detection
2026-07-08 21:09:31 [INFO] omega.researcher.run: Starting research cycle...
2026-07-08 21:09:31 [INFO] omega.library.coordinator: Worker registered: researcher
2026-07-08 21:09:31 [INFO] omega.library.coordinator: Worker started: researcher
2026-07-08 21:09:31 [INFO] omega.workers.background_researcher.loop: Starting research cycle cycle_20260709_000931_1
2026-07-08 21:09:33 [INFO] httpx: HTTP Request: GET https://httpbin.org/get "HTTP/1.1 200 OK"
2026-07-08 21:09:33 [INFO] omega.workers.background_researcher.loop: Frontier gap found: 'Phase 1 — Engine Hardening — Memory wiring, handoff protocol, soul atomicity, agent hardening, MCP consolidation research' (p=0.6) from master_ledger
2026-07-08 21:09:33 [INFO] omega.workers.background_researcher.loop: Frontier gap found: 'Phase 2 — Legacy Mining — Extract 12 quick-win assets, port legacy patterns, compile community content research' (p=0.6) from master_ledger
2026-07-08 21:09:33 [INFO] omega.workers.background_researcher.loop: Frontier gap found: 'Phase 3 — Community Tools — Entity Studio CLI → Visual Builder, Stack Builder Wizard, one-click Omega Desktop research' (p=0.6) from master_ledger
2026-07-08 21:09:33 [INFO] omega.workers.background_researcher.loop: Frontier gap found: 'Phase 4 — The Omegaverse — P2P network protocol, WAD registry, cross-instance entity communication, **Godot/id Tech VR bridge**, soul-to-visual mapping (R-24), **shared VR realms (P2P Metropolis)** research' (p=0.6) from master_ledger
2026-07-08 21:09:33 [INFO] omega.workers.background_researcher.loop: Frontier gap found: 'Knowledge base scaffolding for entity cli_cline' (p=0.5) from entity_gap
2026-07-08 21:09:33 [INFO] omega.workers.background_researcher.loop: Frontier growth complete — enqueued 5 topics from 31 candidates
2026-07-08 21:09:33 [INFO] omega.workers.background_researcher.loop: Researching: 'Phase 1 — Engine Hardening — Memory wiring, handoff protocol, soul atomicity, agent hardening, MCP consolidation research' (priority=0.60)
2026-07-08 21:09:33 [WARNING] omega.workers.background_researcher.searxng_client: SearXNG request failed: 
2026-07-08 21:09:33 [WARNING] omega.workers.background_researcher.searxng_client: SearXNG request failed: 
2026-07-08 21:09:33 [INFO] httpx: HTTP Request: POST https://api.exa.ai/search "HTTP/1.1 200 OK"
2026-07-08 21:09:34 [INFO] httpx: HTTP Request: POST https://generativelanguage.googleapis.com/v1beta/models/gemma-4-31b-it:generateContent "HTTP/1.1 200 OK"
2026-07-08 21:09:34 [INFO] omega.ingestion.guards: Sentry Probe SUCCESS for gemma-4-31b-it on attempt 1
2026-07-08 21:09:37 [WARNING] omega.ingestion.pipeline: T3 Deep Scrape failed for https://github.com/alphaonedev/ai-memory-mcp/blob/main/docs/atomisation.md, falling back to T1
2026-07-08 21:09:37 [WARNING] omega.workers.background_researcher.loop: Sovereign Pipeline failed to ingest https://github.com/alphaonedev/ai-memory-mcp/blob/main/docs/atomisation.md
2026-07-08 21:09:37 [INFO] httpx: HTTP Request: POST https://generativelanguage.googleapis.com/v1beta/models/gemma-4-31b-it:generateContent "HTTP/1.1 200 OK"
2026-07-08 21:09:37 [INFO] omega.ingestion.guards: Sentry Probe SUCCESS for gemma-4-31b-it on attempt 1
2026-07-08 21:09:39 [WARNING] omega.ingestion.pipeline: T3 Deep Scrape failed for https://github.com/khan007/soul, falling back to T1
2026-07-08 21:09:39 [WARNING] omega.workers.background_researcher.loop: Sovereign Pipeline failed to ingest https://github.com/khan007/soul
2026-07-08 21:09:40 [INFO] httpx: HTTP Request: POST https://generativelanguage.googleapis.com/v1beta/models/gemma-4-31b-it:generateContent "HTTP/1.1 200 OK"
2026-07-08 21:09:40 [INFO] omega.ingestion.guards: Sentry Probe SUCCESS for gemma-4-31b-it on attempt 1
2026-07-08 21:09:40 [INFO] urllib3.poolmanager: Redirecting https://blog.vinkius.com/the-agentic-swarm-manifesto-how-vurb-ts-fhp-does-for-mcp-what-kubernetes-did-for-microservices -> https://vinkius.com/blog/the-agentic-swarm-manifesto-how-vurb-ts-fhp-does-for-mcp-what-kubernetes-did-for-microservices
2026-07-08 21:09:41 [ERROR] trafilatura.downloads: not a 200 response: 404 for URL https://blog.vinkius.com/the-agentic-swarm-manifesto-how-vurb-ts-fhp-does-for-mcp-what-kubernetes-did-for-microservices
2026-07-08 21:09:41 [INFO] omega.library.coordinator: Worker stopped: researcher
2026-07-08 21:09:41 [ERROR] omega.researcher.run: Critical failure in research cycle: T1 Fast Scrape failed: Trafilatura failed to fetch URL
Traceback (most recent call last):
  File "/home/arcana-novai/Documents/Xoe-NovAi/omega-engine/src/omega/workers/background_researcher/run.py", line 100, in main
    result = await loop.run_cycle()
             ^^^^^^^^^^^^^^^^^^^^^^
  File "/home/arcana-novai/Documents/Xoe-NovAi/omega-engine/src/omega/workers/background_researcher/loop.py", line 268, in run_cycle
    content = await self._extract(task, sources)
              ^^^^^^^^^^^^^^^^^^^^^^^^^^^^^^^^^^
  File "/home/arcana-novai/Documents/Xoe-NovAi/omega-engine/src/omega/workers/background_researcher/loop.py", line 431, in _extract
    result = await self.pipeline.run_source(url)
             ^^^^^^^^^^^^^^^^^^^^^^^^^^^^^^^^^^^
  File "/home/arcana-novai/Documents/Xoe-NovAi/omega-engine/src/omega/ingestion/pipeline.py", line 187, in run_source
    raise TransportError(f"T1 Fast Scrape failed: {t1_res.error}")
omega.ingestion.ingestion_types.TransportError: T1 Fast Scrape failed: Trafilatura failed to fetch URL
2026-07-08 21:10:14 [WARNING] omega.vault.key_vault: Invalid VAULT_MASTER_KEY: [VaultCryptoError] Invalid master key hex: non-hexadecimal number found in fromhex() arg at position 48
2026-07-08 21:10:14 [WARNING] omega.vault.key_vault: No VAULT_MASTER_KEY set — vault is locked. Falling back to environment variables.
2026-07-08 21:10:14 [INFO] omega.memory.fts: FTS5 index initialized at /home/arcana-novai/Documents/Xoe-NovAi/omega-engine/data/memory/fts_memory.db
2026-07-08 21:10:14 [INFO] omega.oracle.pii_masker: pii-shield loaded: 18 PII types, context-aware detection
2026-07-08 21:10:14 [INFO] omega.researcher.run: Starting research cycle...
2026-07-08 21:10:14 [INFO] omega.library.coordinator: Worker registered: researcher
2026-07-08 21:10:14 [INFO] omega.library.coordinator: Worker started: researcher
2026-07-08 21:10:14 [INFO] omega.workers.background_researcher.loop: Starting research cycle cycle_20260709_001014_1
2026-07-08 21:10:16 [INFO] httpx: HTTP Request: GET https://httpbin.org/get "HTTP/1.1 200 OK"
2026-07-08 21:10:16 [INFO] omega.workers.background_researcher.loop: Frontier gap found: 'Phase 1 — Engine Hardening — Memory wiring, handoff protocol, soul atomicity, agent hardening, MCP consolidation research' (p=0.6) from master_ledger
2026-07-08 21:10:16 [INFO] omega.workers.background_researcher.loop: Frontier gap found: 'Phase 2 — Legacy Mining — Extract 12 quick-win assets, port legacy patterns, compile community content research' (p=0.6) from master_ledger
2026-07-08 21:10:16 [INFO] omega.workers.background_researcher.loop: Frontier gap found: 'Phase 3 — Community Tools — Entity Studio CLI → Visual Builder, Stack Builder Wizard, one-click Omega Desktop research' (p=0.6) from master_ledger
2026-07-08 21:10:16 [INFO] omega.workers.background_researcher.loop: Frontier gap found: 'Phase 4 — The Omegaverse — P2P network protocol, WAD registry, cross-instance entity communication, **Godot/id Tech VR bridge**, soul-to-visual mapping (R-24), **shared VR realms (P2P Metropolis)** research' (p=0.6) from master_ledger
2026-07-08 21:10:16 [INFO] omega.workers.background_researcher.loop: Frontier gap found: 'Knowledge base scaffolding for entity cli_cline' (p=0.5) from entity_gap
2026-07-08 21:10:16 [INFO] omega.workers.background_researcher.loop: Frontier growth complete — enqueued 5 topics from 31 candidates
2026-07-08 21:10:16 [INFO] omega.workers.background_researcher.loop: Researching: 'Phase 1 — Engine Hardening — Memory wiring, handoff protocol, soul atomicity, agent hardening, MCP consolidation research' (priority=0.60)
2026-07-08 21:10:16 [WARNING] omega.workers.background_researcher.searxng_client: SearXNG request failed: 
2026-07-08 21:10:16 [WARNING] omega.workers.background_researcher.searxng_client: SearXNG request failed: 
2026-07-08 21:10:16 [INFO] httpx: HTTP Request: POST https://api.exa.ai/search "HTTP/1.1 200 OK"
2026-07-08 21:10:17 [INFO] httpx: HTTP Request: POST https://generativelanguage.googleapis.com/v1beta/models/gemma-4-31b-it:generateContent "HTTP/1.1 200 OK"
2026-07-08 21:10:17 [INFO] omega.ingestion.guards: Sentry Probe SUCCESS for gemma-4-31b-it on attempt 1
2026-07-08 21:10:19 [WARNING] omega.ingestion.pipeline: T3 Deep Scrape failed for https://github.com/alphaonedev/ai-memory-mcp/blob/main/docs/atomisation.md, falling back to T1
2026-07-08 21:10:19 [WARNING] omega.workers.background_researcher.loop: Sovereign Pipeline failed to ingest https://github.com/alphaonedev/ai-memory-mcp/blob/main/docs/atomisation.md
2026-07-08 21:10:24 [INFO] httpx: HTTP Request: POST https://generativelanguage.googleapis.com/v1beta/models/gemma-4-31b-it:generateContent "HTTP/1.1 200 OK"
2026-07-08 21:10:24 [INFO] omega.ingestion.guards: Sentry Probe SUCCESS for gemma-4-31b-it on attempt 1
2026-07-08 21:10:26 [WARNING] omega.ingestion.pipeline: T3 Deep Scrape failed for https://github.com/khan007/soul, falling back to T1
2026-07-08 21:10:26 [WARNING] omega.workers.background_researcher.loop: Sovereign Pipeline failed to ingest https://github.com/khan007/soul
2026-07-08 21:10:28 [INFO] httpx: HTTP Request: POST https://generativelanguage.googleapis.com/v1beta/models/gemma-4-31b-it:generateContent "HTTP/1.1 200 OK"
2026-07-08 21:10:28 [INFO] omega.ingestion.guards: Sentry Probe SUCCESS for gemma-4-31b-it on attempt 1
2026-07-08 21:10:28 [INFO] urllib3.poolmanager: Redirecting https://blog.vinkius.com/the-agentic-swarm-manifesto-how-vurb-ts-fhp-does-for-mcp-what-kubernetes-did-for-microservices -> https://vinkius.com/blog/the-agentic-swarm-manifesto-how-vurb-ts-fhp-does-for-mcp-what-kubernetes-did-for-microservices
2026-07-08 21:10:29 [ERROR] trafilatura.downloads: not a 200 response: 404 for URL https://blog.vinkius.com/the-agentic-swarm-manifesto-how-vurb-ts-fhp-does-for-mcp-what-kubernetes-did-for-microservices
2026-07-08 21:10:29 [INFO] omega.library.coordinator: Worker stopped: researcher
2026-07-08 21:10:29 [ERROR] omega.researcher.run: Critical failure in research cycle: T1 Fast Scrape failed: Trafilatura failed to fetch URL
Traceback (most recent call last):
  File "/home/arcana-novai/Documents/Xoe-NovAi/omega-engine/src/omega/workers/background_researcher/run.py", line 100, in main
    result = await loop.run_cycle()
             ^^^^^^^^^^^^^^^^^^^^^^
  File "/home/arcana-novai/Documents/Xoe-NovAi/omega-engine/src/omega/workers/background_researcher/loop.py", line 268, in run_cycle
    content = await self._extract(task, sources)
              ^^^^^^^^^^^^^^^^^^^^^^^^^^^^^^^^^^
  File "/home/arcana-novai/Documents/Xoe-NovAi/omega-engine/src/omega/workers/background_researcher/loop.py", line 431, in _extract
    result = await self.pipeline.run_source(url)
             ^^^^^^^^^^^^^^^^^^^^^^^^^^^^^^^^^^^
  File "/home/arcana-novai/Documents/Xoe-NovAi/omega-engine/src/omega/ingestion/pipeline.py", line 187, in run_source
    raise TransportError(f"T1 Fast Scrape failed: {t1_res.error}")
omega.ingestion.ingestion_types.TransportError: T1 Fast Scrape failed: Trafilatura failed to fetch URL
2026-07-08 21:11:03 [WARNING] omega.vault.key_vault: Invalid VAULT_MASTER_KEY: [VaultCryptoError] Invalid master key hex: non-hexadecimal number found in fromhex() arg at position 48
2026-07-08 21:11:03 [WARNING] omega.vault.key_vault: No VAULT_MASTER_KEY set — vault is locked. Falling back to environment variables.
2026-07-08 21:11:03 [INFO] omega.memory.fts: FTS5 index initialized at /home/arcana-novai/Documents/Xoe-NovAi/omega-engine/data/memory/fts_memory.db
2026-07-08 21:11:03 [INFO] omega.oracle.pii_masker: pii-shield loaded: 18 PII types, context-aware detection
2026-07-08 21:11:03 [INFO] omega.researcher.run: Starting research cycle...
2026-07-08 21:11:03 [INFO] omega.library.coordinator: Worker registered: researcher
2026-07-08 21:11:03 [INFO] omega.library.coordinator: Worker started: researcher
2026-07-08 21:11:03 [INFO] omega.workers.background_researcher.loop: Starting research cycle cycle_20260709_001103_1
2026-07-08 21:11:04 [INFO] httpx: HTTP Request: GET https://httpbin.org/get "HTTP/1.1 200 OK"
2026-07-08 21:11:04 [INFO] omega.workers.background_researcher.loop: Frontier gap found: 'Phase 1 — Engine Hardening — Memory wiring, handoff protocol, soul atomicity, agent hardening, MCP consolidation research' (p=0.6) from master_ledger
2026-07-08 21:11:04 [INFO] omega.workers.background_researcher.loop: Frontier gap found: 'Phase 2 — Legacy Mining — Extract 12 quick-win assets, port legacy patterns, compile community content research' (p=0.6) from master_ledger
2026-07-08 21:11:04 [INFO] omega.workers.background_researcher.loop: Frontier gap found: 'Phase 3 — Community Tools — Entity Studio CLI → Visual Builder, Stack Builder Wizard, one-click Omega Desktop research' (p=0.6) from master_ledger
2026-07-08 21:11:04 [INFO] omega.workers.background_researcher.loop: Frontier gap found: 'Phase 4 — The Omegaverse — P2P network protocol, WAD registry, cross-instance entity communication, **Godot/id Tech VR bridge**, soul-to-visual mapping (R-24), **shared VR realms (P2P Metropolis)** research' (p=0.6) from master_ledger
2026-07-08 21:11:04 [INFO] omega.workers.background_researcher.loop: Frontier gap found: 'Knowledge base scaffolding for entity cli_cline' (p=0.5) from entity_gap
2026-07-08 21:11:04 [INFO] omega.workers.background_researcher.loop: Frontier growth complete — enqueued 5 topics from 31 candidates
2026-07-08 21:11:04 [INFO] omega.workers.background_researcher.loop: Researching: 'Phase 1 — Engine Hardening — Memory wiring, handoff protocol, soul atomicity, agent hardening, MCP consolidation research' (priority=0.60)
2026-07-08 21:11:04 [WARNING] omega.workers.background_researcher.searxng_client: SearXNG request failed: 
2026-07-08 21:11:04 [WARNING] omega.workers.background_researcher.searxng_client: SearXNG request failed: 
2026-07-08 21:11:05 [INFO] httpx: HTTP Request: POST https://api.exa.ai/search "HTTP/1.1 200 OK"
2026-07-08 21:11:06 [INFO] httpx: HTTP Request: POST https://generativelanguage.googleapis.com/v1beta/models/gemma-4-31b-it:generateContent "HTTP/1.1 200 OK"
2026-07-08 21:11:06 [INFO] omega.ingestion.guards: Sentry Probe SUCCESS for gemma-4-31b-it on attempt 1
2026-07-08 21:11:07 [WARNING] omega.ingestion.pipeline: T3 Deep Scrape failed for https://github.com/alphaonedev/ai-memory-mcp/blob/main/docs/atomisation.md, falling back to T1
2026-07-08 21:11:07 [WARNING] omega.workers.background_researcher.loop: Sovereign Pipeline failed to ingest https://github.com/alphaonedev/ai-memory-mcp/blob/main/docs/atomisation.md
2026-07-08 21:11:09 [INFO] httpx: HTTP Request: POST https://generativelanguage.googleapis.com/v1beta/models/gemma-4-31b-it:generateContent "HTTP/1.1 200 OK"
2026-07-08 21:11:09 [INFO] omega.ingestion.guards: Sentry Probe SUCCESS for gemma-4-31b-it on attempt 1
2026-07-08 21:11:09 [WARNING] omega.ingestion.pipeline: T3 Deep Scrape failed for https://github.com/khan007/soul, falling back to T1
2026-07-08 21:11:09 [WARNING] omega.workers.background_researcher.loop: Sovereign Pipeline failed to ingest https://github.com/khan007/soul
2026-07-08 21:11:10 [INFO] httpx: HTTP Request: POST https://generativelanguage.googleapis.com/v1beta/models/gemma-4-31b-it:generateContent "HTTP/1.1 200 OK"
2026-07-08 21:11:10 [INFO] omega.ingestion.guards: Sentry Probe SUCCESS for gemma-4-31b-it on attempt 1
2026-07-08 21:11:10 [INFO] urllib3.poolmanager: Redirecting https://blog.vinkius.com/the-agentic-swarm-manifesto-how-vurb-ts-fhp-does-for-mcp-what-kubernetes-did-for-microservices -> https://vinkius.com/blog/the-agentic-swarm-manifesto-how-vurb-ts-fhp-does-for-mcp-what-kubernetes-did-for-microservices
2026-07-08 21:11:11 [ERROR] trafilatura.downloads: not a 200 response: 404 for URL https://blog.vinkius.com/the-agentic-swarm-manifesto-how-vurb-ts-fhp-does-for-mcp-what-kubernetes-did-for-microservices
2026-07-08 21:11:11 [INFO] omega.library.coordinator: Worker stopped: researcher
2026-07-08 21:11:11 [ERROR] omega.researcher.run: Critical failure in research cycle: T1 Fast Scrape failed: Trafilatura failed to fetch URL
Traceback (most recent call last):
  File "/home/arcana-novai/Documents/Xoe-NovAi/omega-engine/src/omega/workers/background_researcher/run.py", line 100, in main
    result = await loop.run_cycle()
             ^^^^^^^^^^^^^^^^^^^^^^
  File "/home/arcana-novai/Documents/Xoe-NovAi/omega-engine/src/omega/workers/background_researcher/loop.py", line 268, in run_cycle
    content = await self._extract(task, sources)
              ^^^^^^^^^^^^^^^^^^^^^^^^^^^^^^^^^^
  File "/home/arcana-novai/Documents/Xoe-NovAi/omega-engine/src/omega/workers/background_researcher/loop.py", line 431, in _extract
    result = await self.pipeline.run_source(url)
             ^^^^^^^^^^^^^^^^^^^^^^^^^^^^^^^^^^^
  File "/home/arcana-novai/Documents/Xoe-NovAi/omega-engine/src/omega/ingestion/pipeline.py", line 187, in run_source
    raise TransportError(f"T1 Fast Scrape failed: {t1_res.error}")
omega.ingestion.ingestion_types.TransportError: T1 Fast Scrape failed: Trafilatura failed to fetch URL
2026-07-08 21:11:44 [WARNING] omega.vault.key_vault: Invalid VAULT_MASTER_KEY: [VaultCryptoError] Invalid master key hex: non-hexadecimal number found in fromhex() arg at position 48
2026-07-08 21:11:44 [WARNING] omega.vault.key_vault: No VAULT_MASTER_KEY set — vault is locked. Falling back to environment variables.
2026-07-08 21:11:44 [INFO] omega.memory.fts: FTS5 index initialized at /home/arcana-novai/Documents/Xoe-NovAi/omega-engine/data/memory/fts_memory.db
2026-07-08 21:11:44 [INFO] omega.oracle.pii_masker: pii-shield loaded: 18 PII types, context-aware detection
2026-07-08 21:11:44 [INFO] omega.researcher.run: Starting research cycle...
2026-07-08 21:11:44 [INFO] omega.library.coordinator: Worker registered: researcher
2026-07-08 21:11:44 [INFO] omega.library.coordinator: Worker started: researcher
2026-07-08 21:11:44 [INFO] omega.workers.background_researcher.loop: Starting research cycle cycle_20260709_001144_1
2026-07-08 21:11:46 [INFO] httpx: HTTP Request: GET https://httpbin.org/get "HTTP/1.1 200 OK"
2026-07-08 21:11:46 [INFO] omega.workers.background_researcher.loop: Frontier gap found: 'Phase 1 — Engine Hardening — Memory wiring, handoff protocol, soul atomicity, agent hardening, MCP consolidation research' (p=0.6) from master_ledger
2026-07-08 21:11:46 [INFO] omega.workers.background_researcher.loop: Frontier gap found: 'Phase 2 — Legacy Mining — Extract 12 quick-win assets, port legacy patterns, compile community content research' (p=0.6) from master_ledger
2026-07-08 21:11:46 [INFO] omega.workers.background_researcher.loop: Frontier gap found: 'Phase 3 — Community Tools — Entity Studio CLI → Visual Builder, Stack Builder Wizard, one-click Omega Desktop research' (p=0.6) from master_ledger
2026-07-08 21:11:46 [INFO] omega.workers.background_researcher.loop: Frontier gap found: 'Phase 4 — The Omegaverse — P2P network protocol, WAD registry, cross-instance entity communication, **Godot/id Tech VR bridge**, soul-to-visual mapping (R-24), **shared VR realms (P2P Metropolis)** research' (p=0.6) from master_ledger
2026-07-08 21:11:46 [INFO] omega.workers.background_researcher.loop: Frontier gap found: 'Knowledge base scaffolding for entity cli_cline' (p=0.5) from entity_gap
2026-07-08 21:11:46 [INFO] omega.workers.background_researcher.loop: Frontier growth complete — enqueued 5 topics from 31 candidates
2026-07-08 21:11:46 [INFO] omega.workers.background_researcher.loop: Researching: 'Phase 1 — Engine Hardening — Memory wiring, handoff protocol, soul atomicity, agent hardening, MCP consolidation research' (priority=0.60)
2026-07-08 21:11:46 [WARNING] omega.workers.background_researcher.searxng_client: SearXNG request failed: 
2026-07-08 21:11:46 [WARNING] omega.workers.background_researcher.searxng_client: SearXNG request failed: Server disconnected without sending a response.
2026-07-08 21:11:46 [INFO] httpx: HTTP Request: POST https://api.exa.ai/search "HTTP/1.1 200 OK"
2026-07-08 21:11:47 [INFO] httpx: HTTP Request: POST https://generativelanguage.googleapis.com/v1beta/models/gemma-4-31b-it:generateContent "HTTP/1.1 200 OK"
2026-07-08 21:11:47 [INFO] omega.ingestion.guards: Sentry Probe SUCCESS for gemma-4-31b-it on attempt 1
2026-07-08 21:11:49 [WARNING] omega.ingestion.pipeline: T3 Deep Scrape failed for https://github.com/alphaonedev/ai-memory-mcp/blob/main/docs/atomisation.md, falling back to T1
2026-07-08 21:11:49 [WARNING] omega.workers.background_researcher.loop: Sovereign Pipeline failed to ingest https://github.com/alphaonedev/ai-memory-mcp/blob/main/docs/atomisation.md
2026-07-08 21:11:50 [INFO] httpx: HTTP Request: POST https://generativelanguage.googleapis.com/v1beta/models/gemma-4-31b-it:generateContent "HTTP/1.1 200 OK"
2026-07-08 21:11:50 [INFO] omega.ingestion.guards: Sentry Probe SUCCESS for gemma-4-31b-it on attempt 1
2026-07-08 21:11:51 [WARNING] omega.ingestion.pipeline: T3 Deep Scrape failed for https://github.com/khan007/soul, falling back to T1
2026-07-08 21:11:51 [WARNING] omega.workers.background_researcher.loop: Sovereign Pipeline failed to ingest https://github.com/khan007/soul
2026-07-08 21:11:52 [INFO] httpx: HTTP Request: POST https://generativelanguage.googleapis.com/v1beta/models/gemma-4-31b-it:generateContent "HTTP/1.1 200 OK"
2026-07-08 21:11:52 [INFO] omega.ingestion.guards: Sentry Probe SUCCESS for gemma-4-31b-it on attempt 1
2026-07-08 21:11:53 [INFO] urllib3.poolmanager: Redirecting https://blog.vinkius.com/the-agentic-swarm-manifesto-how-vurb-ts-fhp-does-for-mcp-what-kubernetes-did-for-microservices -> https://vinkius.com/blog/the-agentic-swarm-manifesto-how-vurb-ts-fhp-does-for-mcp-what-kubernetes-did-for-microservices
2026-07-08 21:11:53 [ERROR] trafilatura.downloads: not a 200 response: 404 for URL https://blog.vinkius.com/the-agentic-swarm-manifesto-how-vurb-ts-fhp-does-for-mcp-what-kubernetes-did-for-microservices
2026-07-08 21:11:53 [INFO] omega.library.coordinator: Worker stopped: researcher
2026-07-08 21:11:53 [ERROR] omega.researcher.run: Critical failure in research cycle: T1 Fast Scrape failed: Trafilatura failed to fetch URL
Traceback (most recent call last):
  File "/home/arcana-novai/Documents/Xoe-NovAi/omega-engine/src/omega/workers/background_researcher/run.py", line 100, in main
    result = await loop.run_cycle()
             ^^^^^^^^^^^^^^^^^^^^^^
  File "/home/arcana-novai/Documents/Xoe-NovAi/omega-engine/src/omega/workers/background_researcher/loop.py", line 268, in run_cycle
    content = await self._extract(task, sources)
              ^^^^^^^^^^^^^^^^^^^^^^^^^^^^^^^^^^
  File "/home/arcana-novai/Documents/Xoe-NovAi/omega-engine/src/omega/workers/background_researcher/loop.py", line 431, in _extract
    result = await self.pipeline.run_source(url)
             ^^^^^^^^^^^^^^^^^^^^^^^^^^^^^^^^^^^
  File "/home/arcana-novai/Documents/Xoe-NovAi/omega-engine/src/omega/ingestion/pipeline.py", line 187, in run_source
    raise TransportError(f"T1 Fast Scrape failed: {t1_res.error}")
omega.ingestion.ingestion_types.TransportError: T1 Fast Scrape failed: Trafilatura failed to fetch URL
2026-07-08 21:12:28 [WARNING] omega.vault.key_vault: Invalid VAULT_MASTER_KEY: [VaultCryptoError] Invalid master key hex: non-hexadecimal number found in fromhex() arg at position 48
2026-07-08 21:12:28 [WARNING] omega.vault.key_vault: No VAULT_MASTER_KEY set — vault is locked. Falling back to environment variables.
2026-07-08 21:12:28 [INFO] omega.memory.fts: FTS5 index initialized at /home/arcana-novai/Documents/Xoe-NovAi/omega-engine/data/memory/fts_memory.db
2026-07-08 21:12:28 [INFO] omega.oracle.pii_masker: pii-shield loaded: 18 PII types, context-aware detection
2026-07-08 21:12:28 [INFO] omega.researcher.run: Starting research cycle...
2026-07-08 21:12:28 [INFO] omega.library.coordinator: Worker registered: researcher
2026-07-08 21:12:28 [INFO] omega.library.coordinator: Worker started: researcher
2026-07-08 21:12:28 [INFO] omega.workers.background_researcher.loop: Starting research cycle cycle_20260709_001228_1
2026-07-08 21:12:29 [INFO] httpx: HTTP Request: GET https://httpbin.org/get "HTTP/1.1 200 OK"
2026-07-08 21:12:29 [INFO] omega.workers.background_researcher.loop: Frontier gap found: 'Phase 1 — Engine Hardening — Memory wiring, handoff protocol, soul atomicity, agent hardening, MCP consolidation research' (p=0.6) from master_ledger
2026-07-08 21:12:29 [INFO] omega.workers.background_researcher.loop: Frontier gap found: 'Phase 2 — Legacy Mining — Extract 12 quick-win assets, port legacy patterns, compile community content research' (p=0.6) from master_ledger
2026-07-08 21:12:29 [INFO] omega.workers.background_researcher.loop: Frontier gap found: 'Phase 3 — Community Tools — Entity Studio CLI → Visual Builder, Stack Builder Wizard, one-click Omega Desktop research' (p=0.6) from master_ledger
2026-07-08 21:12:29 [INFO] omega.workers.background_researcher.loop: Frontier gap found: 'Phase 4 — The Omegaverse — P2P network protocol, WAD registry, cross-instance entity communication, **Godot/id Tech VR bridge**, soul-to-visual mapping (R-24), **shared VR realms (P2P Metropolis)** research' (p=0.6) from master_ledger
2026-07-08 21:12:29 [INFO] omega.workers.background_researcher.loop: Frontier gap found: 'Knowledge base scaffolding for entity cli_cline' (p=0.5) from entity_gap
2026-07-08 21:12:29 [INFO] omega.workers.background_researcher.loop: Frontier growth complete — enqueued 5 topics from 31 candidates
2026-07-08 21:12:29 [INFO] omega.workers.background_researcher.loop: Researching: 'Phase 1 — Engine Hardening — Memory wiring, handoff protocol, soul atomicity, agent hardening, MCP consolidation research' (priority=0.60)
2026-07-08 21:12:29 [WARNING] omega.workers.background_researcher.searxng_client: SearXNG request failed: 
2026-07-08 21:12:29 [WARNING] omega.workers.background_researcher.searxng_client: SearXNG request failed: 
2026-07-08 21:12:31 [INFO] httpx: HTTP Request: POST https://api.exa.ai/search "HTTP/1.1 200 OK"
2026-07-08 21:12:31 [INFO] httpx: HTTP Request: POST https://generativelanguage.googleapis.com/v1beta/models/gemma-4-31b-it:generateContent "HTTP/1.1 200 OK"
2026-07-08 21:12:31 [INFO] omega.ingestion.guards: Sentry Probe SUCCESS for gemma-4-31b-it on attempt 1
2026-07-08 21:12:33 [WARNING] omega.ingestion.pipeline: T3 Deep Scrape failed for https://github.com/alphaonedev/ai-memory-mcp/blob/main/docs/atomisation.md, falling back to T1
2026-07-08 21:12:33 [WARNING] omega.workers.background_researcher.loop: Sovereign Pipeline failed to ingest https://github.com/alphaonedev/ai-memory-mcp/blob/main/docs/atomisation.md
2026-07-08 21:12:36 [INFO] httpx: HTTP Request: POST https://generativelanguage.googleapis.com/v1beta/models/gemma-4-31b-it:generateContent "HTTP/1.1 200 OK"
2026-07-08 21:12:36 [INFO] omega.ingestion.guards: Sentry Probe SUCCESS for gemma-4-31b-it on attempt 1
2026-07-08 21:12:36 [WARNING] omega.ingestion.pipeline: T3 Deep Scrape failed for https://github.com/khan007/soul, falling back to T1
2026-07-08 21:12:36 [WARNING] omega.workers.background_researcher.loop: Sovereign Pipeline failed to ingest https://github.com/khan007/soul
2026-07-08 21:12:37 [INFO] httpx: HTTP Request: POST https://generativelanguage.googleapis.com/v1beta/models/gemma-4-31b-it:generateContent "HTTP/1.1 200 OK"
2026-07-08 21:12:37 [INFO] omega.ingestion.guards: Sentry Probe SUCCESS for gemma-4-31b-it on attempt 1
2026-07-08 21:12:37 [INFO] urllib3.poolmanager: Redirecting https://blog.vinkius.com/the-agentic-swarm-manifesto-how-vurb-ts-fhp-does-for-mcp-what-kubernetes-did-for-microservices -> https://vinkius.com/blog/the-agentic-swarm-manifesto-how-vurb-ts-fhp-does-for-mcp-what-kubernetes-did-for-microservices
2026-07-08 21:12:37 [ERROR] trafilatura.downloads: not a 200 response: 404 for URL https://blog.vinkius.com/the-agentic-swarm-manifesto-how-vurb-ts-fhp-does-for-mcp-what-kubernetes-did-for-microservices
2026-07-08 21:12:37 [INFO] omega.library.coordinator: Worker stopped: researcher
2026-07-08 21:12:37 [ERROR] omega.researcher.run: Critical failure in research cycle: T1 Fast Scrape failed: Trafilatura failed to fetch URL
Traceback (most recent call last):
  File "/home/arcana-novai/Documents/Xoe-NovAi/omega-engine/src/omega/workers/background_researcher/run.py", line 100, in main
    result = await loop.run_cycle()
             ^^^^^^^^^^^^^^^^^^^^^^
  File "/home/arcana-novai/Documents/Xoe-NovAi/omega-engine/src/omega/workers/background_researcher/loop.py", line 268, in run_cycle
    content = await self._extract(task, sources)
              ^^^^^^^^^^^^^^^^^^^^^^^^^^^^^^^^^^
  File "/home/arcana-novai/Documents/Xoe-NovAi/omega-engine/src/omega/workers/background_researcher/loop.py", line 431, in _extract
    result = await self.pipeline.run_source(url)
             ^^^^^^^^^^^^^^^^^^^^^^^^^^^^^^^^^^^
  File "/home/arcana-novai/Documents/Xoe-NovAi/omega-engine/src/omega/ingestion/pipeline.py", line 187, in run_source
    raise TransportError(f"T1 Fast Scrape failed: {t1_res.error}")
omega.ingestion.ingestion_types.TransportError: T1 Fast Scrape failed: Trafilatura failed to fetch URL
2026-07-08 21:13:11 [WARNING] omega.vault.key_vault: Invalid VAULT_MASTER_KEY: [VaultCryptoError] Invalid master key hex: non-hexadecimal number found in fromhex() arg at position 48
2026-07-08 21:13:11 [WARNING] omega.vault.key_vault: No VAULT_MASTER_KEY set — vault is locked. Falling back to environment variables.
2026-07-08 21:13:11 [INFO] omega.memory.fts: FTS5 index initialized at /home/arcana-novai/Documents/Xoe-NovAi/omega-engine/data/memory/fts_memory.db
2026-07-08 21:13:11 [INFO] omega.oracle.pii_masker: pii-shield loaded: 18 PII types, context-aware detection
2026-07-08 21:13:11 [INFO] omega.researcher.run: Starting research cycle...
2026-07-08 21:13:11 [INFO] omega.library.coordinator: Worker registered: researcher
2026-07-08 21:13:11 [INFO] omega.library.coordinator: Worker started: researcher
2026-07-08 21:13:11 [INFO] omega.workers.background_researcher.loop: Starting research cycle cycle_20260709_001311_1
2026-07-08 21:13:14 [INFO] httpx: HTTP Request: GET https://httpbin.org/get "HTTP/1.1 200 OK"
2026-07-08 21:13:14 [INFO] omega.workers.background_researcher.loop: Frontier gap found: 'Phase 1 — Engine Hardening — Memory wiring, handoff protocol, soul atomicity, agent hardening, MCP consolidation research' (p=0.6) from master_ledger
2026-07-08 21:13:14 [INFO] omega.workers.background_researcher.loop: Frontier gap found: 'Phase 2 — Legacy Mining — Extract 12 quick-win assets, port legacy patterns, compile community content research' (p=0.6) from master_ledger
2026-07-08 21:13:14 [INFO] omega.workers.background_researcher.loop: Frontier gap found: 'Phase 3 — Community Tools — Entity Studio CLI → Visual Builder, Stack Builder Wizard, one-click Omega Desktop research' (p=0.6) from master_ledger
2026-07-08 21:13:14 [INFO] omega.workers.background_researcher.loop: Frontier gap found: 'Phase 4 — The Omegaverse — P2P network protocol, WAD registry, cross-instance entity communication, **Godot/id Tech VR bridge**, soul-to-visual mapping (R-24), **shared VR realms (P2P Metropolis)** research' (p=0.6) from master_ledger
2026-07-08 21:13:14 [INFO] omega.workers.background_researcher.loop: Frontier gap found: 'Knowledge base scaffolding for entity cli_cline' (p=0.5) from entity_gap
2026-07-08 21:13:14 [INFO] omega.workers.background_researcher.loop: Frontier growth complete — enqueued 5 topics from 31 candidates
2026-07-08 21:13:14 [INFO] omega.workers.background_researcher.loop: Researching: 'Phase 1 — Engine Hardening — Memory wiring, handoff protocol, soul atomicity, agent hardening, MCP consolidation research' (priority=0.60)
2026-07-08 21:13:14 [WARNING] omega.workers.background_researcher.searxng_client: SearXNG request failed: 
2026-07-08 21:13:14 [WARNING] omega.workers.background_researcher.searxng_client: SearXNG request failed: 
2026-07-08 21:13:15 [INFO] httpx: HTTP Request: POST https://api.exa.ai/search "HTTP/1.1 200 OK"
2026-07-08 21:13:15 [INFO] httpx: HTTP Request: POST https://generativelanguage.googleapis.com/v1beta/models/gemma-4-31b-it:generateContent "HTTP/1.1 200 OK"
2026-07-08 21:13:15 [INFO] omega.ingestion.guards: Sentry Probe SUCCESS for gemma-4-31b-it on attempt 1
2026-07-08 21:13:17 [WARNING] omega.ingestion.pipeline: T3 Deep Scrape failed for https://github.com/alphaonedev/ai-memory-mcp/blob/main/docs/atomisation.md, falling back to T1
2026-07-08 21:13:17 [WARNING] omega.workers.background_researcher.loop: Sovereign Pipeline failed to ingest https://github.com/alphaonedev/ai-memory-mcp/blob/main/docs/atomisation.md
2026-07-08 21:13:18 [INFO] httpx: HTTP Request: POST https://generativelanguage.googleapis.com/v1beta/models/gemma-4-31b-it:generateContent "HTTP/1.1 200 OK"
2026-07-08 21:13:18 [INFO] omega.ingestion.guards: Sentry Probe SUCCESS for gemma-4-31b-it on attempt 1
2026-07-08 21:13:19 [WARNING] omega.ingestion.pipeline: T3 Deep Scrape failed for https://github.com/khan007/soul, falling back to T1
2026-07-08 21:13:19 [WARNING] omega.workers.background_researcher.loop: Sovereign Pipeline failed to ingest https://github.com/khan007/soul
2026-07-08 21:13:19 [INFO] httpx: HTTP Request: POST https://generativelanguage.googleapis.com/v1beta/models/gemma-4-31b-it:generateContent "HTTP/1.1 200 OK"
2026-07-08 21:13:19 [INFO] omega.ingestion.guards: Sentry Probe SUCCESS for gemma-4-31b-it on attempt 1
2026-07-08 21:13:20 [INFO] urllib3.poolmanager: Redirecting https://blog.vinkius.com/the-agentic-swarm-manifesto-how-vurb-ts-fhp-does-for-mcp-what-kubernetes-did-for-microservices -> https://vinkius.com/blog/the-agentic-swarm-manifesto-how-vurb-ts-fhp-does-for-mcp-what-kubernetes-did-for-microservices
2026-07-08 21:13:20 [ERROR] trafilatura.downloads: not a 200 response: 404 for URL https://blog.vinkius.com/the-agentic-swarm-manifesto-how-vurb-ts-fhp-does-for-mcp-what-kubernetes-did-for-microservices
2026-07-08 21:13:20 [INFO] omega.library.coordinator: Worker stopped: researcher
2026-07-08 21:13:20 [ERROR] omega.researcher.run: Critical failure in research cycle: T1 Fast Scrape failed: Trafilatura failed to fetch URL
Traceback (most recent call last):
  File "/home/arcana-novai/Documents/Xoe-NovAi/omega-engine/src/omega/workers/background_researcher/run.py", line 100, in main
    result = await loop.run_cycle()
             ^^^^^^^^^^^^^^^^^^^^^^
  File "/home/arcana-novai/Documents/Xoe-NovAi/omega-engine/src/omega/workers/background_researcher/loop.py", line 268, in run_cycle
    content = await self._extract(task, sources)
              ^^^^^^^^^^^^^^^^^^^^^^^^^^^^^^^^^^
  File "/home/arcana-novai/Documents/Xoe-NovAi/omega-engine/src/omega/workers/background_researcher/loop.py", line 431, in _extract
    result = await self.pipeline.run_source(url)
             ^^^^^^^^^^^^^^^^^^^^^^^^^^^^^^^^^^^
  File "/home/arcana-novai/Documents/Xoe-NovAi/omega-engine/src/omega/ingestion/pipeline.py", line 187, in run_source
    raise TransportError(f"T1 Fast Scrape failed: {t1_res.error}")
omega.ingestion.ingestion_types.TransportError: T1 Fast Scrape failed: Trafilatura failed to fetch URL
2026-07-08 21:13:54 [WARNING] omega.vault.key_vault: Invalid VAULT_MASTER_KEY: [VaultCryptoError] Invalid master key hex: non-hexadecimal number found in fromhex() arg at position 48
2026-07-08 21:13:54 [WARNING] omega.vault.key_vault: No VAULT_MASTER_KEY set — vault is locked. Falling back to environment variables.
2026-07-08 21:13:54 [INFO] omega.memory.fts: FTS5 index initialized at /home/arcana-novai/Documents/Xoe-NovAi/omega-engine/data/memory/fts_memory.db
2026-07-08 21:13:54 [INFO] omega.oracle.pii_masker: pii-shield loaded: 18 PII types, context-aware detection
2026-07-08 21:13:54 [INFO] omega.researcher.run: Starting research cycle...
2026-07-08 21:13:54 [INFO] omega.library.coordinator: Worker registered: researcher
2026-07-08 21:13:54 [INFO] omega.library.coordinator: Worker started: researcher
2026-07-08 21:13:54 [INFO] omega.workers.background_researcher.loop: Starting research cycle cycle_20260709_001354_1
2026-07-08 21:13:55 [INFO] httpx: HTTP Request: GET https://httpbin.org/get "HTTP/1.1 200 OK"
2026-07-08 21:13:55 [INFO] omega.workers.background_researcher.loop: Frontier gap found: 'Phase 1 — Engine Hardening — Memory wiring, handoff protocol, soul atomicity, agent hardening, MCP consolidation research' (p=0.6) from master_ledger
2026-07-08 21:13:55 [INFO] omega.workers.background_researcher.loop: Frontier gap found: 'Phase 2 — Legacy Mining — Extract 12 quick-win assets, port legacy patterns, compile community content research' (p=0.6) from master_ledger
2026-07-08 21:13:55 [INFO] omega.workers.background_researcher.loop: Frontier gap found: 'Phase 3 — Community Tools — Entity Studio CLI → Visual Builder, Stack Builder Wizard, one-click Omega Desktop research' (p=0.6) from master_ledger
2026-07-08 21:13:55 [INFO] omega.workers.background_researcher.loop: Frontier gap found: 'Phase 4 — The Omegaverse — P2P network protocol, WAD registry, cross-instance entity communication, **Godot/id Tech VR bridge**, soul-to-visual mapping (R-24), **shared VR realms (P2P Metropolis)** research' (p=0.6) from master_ledger
2026-07-08 21:13:55 [INFO] omega.workers.background_researcher.loop: Frontier gap found: 'Knowledge base scaffolding for entity cli_cline' (p=0.5) from entity_gap
2026-07-08 21:13:55 [INFO] omega.workers.background_researcher.loop: Frontier growth complete — enqueued 5 topics from 31 candidates
2026-07-08 21:13:55 [INFO] omega.workers.background_researcher.loop: Researching: 'Phase 1 — Engine Hardening — Memory wiring, handoff protocol, soul atomicity, agent hardening, MCP consolidation research' (priority=0.60)
2026-07-08 21:13:55 [WARNING] omega.workers.background_researcher.searxng_client: SearXNG request failed: 
2026-07-08 21:13:55 [WARNING] omega.workers.background_researcher.searxng_client: SearXNG request failed: 
2026-07-08 21:13:55 [INFO] httpx: HTTP Request: POST https://api.exa.ai/search "HTTP/1.1 200 OK"
2026-07-08 21:13:56 [INFO] httpx: HTTP Request: POST https://generativelanguage.googleapis.com/v1beta/models/gemma-4-31b-it:generateContent "HTTP/1.1 200 OK"
2026-07-08 21:13:56 [INFO] omega.ingestion.guards: Sentry Probe SUCCESS for gemma-4-31b-it on attempt 1
2026-07-08 21:13:58 [WARNING] omega.ingestion.pipeline: T3 Deep Scrape failed for https://github.com/alphaonedev/ai-memory-mcp/blob/main/docs/atomisation.md, falling back to T1
2026-07-08 21:13:58 [WARNING] omega.workers.background_researcher.loop: Sovereign Pipeline failed to ingest https://github.com/alphaonedev/ai-memory-mcp/blob/main/docs/atomisation.md
2026-07-08 21:13:58 [INFO] httpx: HTTP Request: POST https://generativelanguage.googleapis.com/v1beta/models/gemma-4-31b-it:generateContent "HTTP/1.1 200 OK"
2026-07-08 21:13:58 [INFO] omega.ingestion.guards: Sentry Probe SUCCESS for gemma-4-31b-it on attempt 1
2026-07-08 21:13:59 [WARNING] omega.ingestion.pipeline: T3 Deep Scrape failed for https://github.com/khan007/soul, falling back to T1
2026-07-08 21:13:59 [WARNING] omega.workers.background_researcher.loop: Sovereign Pipeline failed to ingest https://github.com/khan007/soul
2026-07-08 21:14:00 [INFO] httpx: HTTP Request: POST https://generativelanguage.googleapis.com/v1beta/models/gemma-4-31b-it:generateContent "HTTP/1.1 200 OK"
2026-07-08 21:14:00 [INFO] omega.ingestion.guards: Sentry Probe SUCCESS for gemma-4-31b-it on attempt 1
2026-07-08 21:14:00 [INFO] urllib3.poolmanager: Redirecting https://blog.vinkius.com/the-agentic-swarm-manifesto-how-vurb-ts-fhp-does-for-mcp-what-kubernetes-did-for-microservices -> https://vinkius.com/blog/the-agentic-swarm-manifesto-how-vurb-ts-fhp-does-for-mcp-what-kubernetes-did-for-microservices
2026-07-08 21:14:01 [ERROR] trafilatura.downloads: not a 200 response: 404 for URL https://blog.vinkius.com/the-agentic-swarm-manifesto-how-vurb-ts-fhp-does-for-mcp-what-kubernetes-did-for-microservices
2026-07-08 21:14:01 [INFO] omega.library.coordinator: Worker stopped: researcher
2026-07-08 21:14:01 [ERROR] omega.researcher.run: Critical failure in research cycle: T1 Fast Scrape failed: Trafilatura failed to fetch URL
Traceback (most recent call last):
  File "/home/arcana-novai/Documents/Xoe-NovAi/omega-engine/src/omega/workers/background_researcher/run.py", line 100, in main
    result = await loop.run_cycle()
             ^^^^^^^^^^^^^^^^^^^^^^
  File "/home/arcana-novai/Documents/Xoe-NovAi/omega-engine/src/omega/workers/background_researcher/loop.py", line 268, in run_cycle
    content = await self._extract(task, sources)
              ^^^^^^^^^^^^^^^^^^^^^^^^^^^^^^^^^^
  File "/home/arcana-novai/Documents/Xoe-NovAi/omega-engine/src/omega/workers/background_researcher/loop.py", line 431, in _extract
    result = await self.pipeline.run_source(url)
             ^^^^^^^^^^^^^^^^^^^^^^^^^^^^^^^^^^^
  File "/home/arcana-novai/Documents/Xoe-NovAi/omega-engine/src/omega/ingestion/pipeline.py", line 187, in run_source
    raise TransportError(f"T1 Fast Scrape failed: {t1_res.error}")
omega.ingestion.ingestion_types.TransportError: T1 Fast Scrape failed: Trafilatura failed to fetch URL
2026-07-08 21:14:34 [WARNING] omega.vault.key_vault: Invalid VAULT_MASTER_KEY: [VaultCryptoError] Invalid master key hex: non-hexadecimal number found in fromhex() arg at position 48
2026-07-08 21:14:34 [WARNING] omega.vault.key_vault: No VAULT_MASTER_KEY set — vault is locked. Falling back to environment variables.
2026-07-08 21:14:35 [INFO] omega.memory.fts: FTS5 index initialized at /home/arcana-novai/Documents/Xoe-NovAi/omega-engine/data/memory/fts_memory.db
2026-07-08 21:14:35 [INFO] omega.oracle.pii_masker: pii-shield loaded: 18 PII types, context-aware detection
2026-07-08 21:14:35 [INFO] omega.researcher.run: Starting research cycle...
2026-07-08 21:14:35 [INFO] omega.library.coordinator: Worker registered: researcher
2026-07-08 21:14:35 [INFO] omega.library.coordinator: Worker started: researcher
2026-07-08 21:14:35 [INFO] omega.workers.background_researcher.loop: Starting research cycle cycle_20260709_001435_1
2026-07-08 21:14:35 [INFO] httpx: HTTP Request: GET https://httpbin.org/get "HTTP/1.1 200 OK"
2026-07-08 21:14:35 [INFO] omega.workers.background_researcher.loop: Frontier gap found: 'Phase 1 — Engine Hardening — Memory wiring, handoff protocol, soul atomicity, agent hardening, MCP consolidation research' (p=0.6) from master_ledger
2026-07-08 21:14:35 [INFO] omega.workers.background_researcher.loop: Frontier gap found: 'Phase 2 — Legacy Mining — Extract 12 quick-win assets, port legacy patterns, compile community content research' (p=0.6) from master_ledger
2026-07-08 21:14:35 [INFO] omega.workers.background_researcher.loop: Frontier gap found: 'Phase 3 — Community Tools — Entity Studio CLI → Visual Builder, Stack Builder Wizard, one-click Omega Desktop research' (p=0.6) from master_ledger
2026-07-08 21:14:35 [INFO] omega.workers.background_researcher.loop: Frontier gap found: 'Phase 4 — The Omegaverse — P2P network protocol, WAD registry, cross-instance entity communication, **Godot/id Tech VR bridge**, soul-to-visual mapping (R-24), **shared VR realms (P2P Metropolis)** research' (p=0.6) from master_ledger
2026-07-08 21:14:35 [INFO] omega.workers.background_researcher.loop: Frontier gap found: 'Knowledge base scaffolding for entity cli_cline' (p=0.5) from entity_gap
2026-07-08 21:14:35 [INFO] omega.workers.background_researcher.loop: Frontier growth complete — enqueued 5 topics from 31 candidates
2026-07-08 21:14:35 [INFO] omega.workers.background_researcher.loop: Researching: 'Phase 1 — Engine Hardening — Memory wiring, handoff protocol, soul atomicity, agent hardening, MCP consolidation research' (priority=0.60)
2026-07-08 21:14:35 [WARNING] omega.workers.background_researcher.searxng_client: SearXNG request failed: 
2026-07-08 21:14:35 [WARNING] omega.workers.background_researcher.searxng_client: SearXNG request failed: 
2026-07-08 21:14:35 [INFO] httpx: HTTP Request: POST https://api.exa.ai/search "HTTP/1.1 200 OK"
2026-07-08 21:14:36 [INFO] httpx: HTTP Request: POST https://generativelanguage.googleapis.com/v1beta/models/gemma-4-31b-it:generateContent "HTTP/1.1 200 OK"
2026-07-08 21:14:36 [INFO] omega.ingestion.guards: Sentry Probe SUCCESS for gemma-4-31b-it on attempt 1
2026-07-08 21:14:38 [WARNING] omega.ingestion.pipeline: T3 Deep Scrape failed for https://github.com/alphaonedev/ai-memory-mcp/blob/main/docs/atomisation.md, falling back to T1
2026-07-08 21:14:38 [WARNING] omega.workers.background_researcher.loop: Sovereign Pipeline failed to ingest https://github.com/alphaonedev/ai-memory-mcp/blob/main/docs/atomisation.md
2026-07-08 21:14:39 [INFO] httpx: HTTP Request: POST https://generativelanguage.googleapis.com/v1beta/models/gemma-4-31b-it:generateContent "HTTP/1.1 200 OK"
2026-07-08 21:14:39 [INFO] omega.ingestion.guards: Sentry Probe SUCCESS for gemma-4-31b-it on attempt 1
2026-07-08 21:14:40 [WARNING] omega.ingestion.pipeline: T3 Deep Scrape failed for https://github.com/khan007/soul, falling back to T1
2026-07-08 21:14:40 [WARNING] omega.workers.background_researcher.loop: Sovereign Pipeline failed to ingest https://github.com/khan007/soul
2026-07-08 21:14:41 [INFO] httpx: HTTP Request: POST https://generativelanguage.googleapis.com/v1beta/models/gemma-4-31b-it:generateContent "HTTP/1.1 200 OK"
2026-07-08 21:14:41 [INFO] omega.ingestion.guards: Sentry Probe SUCCESS for gemma-4-31b-it on attempt 1
2026-07-08 21:14:41 [INFO] urllib3.poolmanager: Redirecting https://blog.vinkius.com/the-agentic-swarm-manifesto-how-vurb-ts-fhp-does-for-mcp-what-kubernetes-did-for-microservices -> https://vinkius.com/blog/the-agentic-swarm-manifesto-how-vurb-ts-fhp-does-for-mcp-what-kubernetes-did-for-microservices
2026-07-08 21:14:42 [ERROR] trafilatura.downloads: not a 200 response: 404 for URL https://blog.vinkius.com/the-agentic-swarm-manifesto-how-vurb-ts-fhp-does-for-mcp-what-kubernetes-did-for-microservices
2026-07-08 21:14:42 [INFO] omega.library.coordinator: Worker stopped: researcher
2026-07-08 21:14:42 [ERROR] omega.researcher.run: Critical failure in research cycle: T1 Fast Scrape failed: Trafilatura failed to fetch URL
Traceback (most recent call last):
  File "/home/arcana-novai/Documents/Xoe-NovAi/omega-engine/src/omega/workers/background_researcher/run.py", line 100, in main
    result = await loop.run_cycle()
             ^^^^^^^^^^^^^^^^^^^^^^
  File "/home/arcana-novai/Documents/Xoe-NovAi/omega-engine/src/omega/workers/background_researcher/loop.py", line 268, in run_cycle
    content = await self._extract(task, sources)
              ^^^^^^^^^^^^^^^^^^^^^^^^^^^^^^^^^^
  File "/home/arcana-novai/Documents/Xoe-NovAi/omega-engine/src/omega/workers/background_researcher/loop.py", line 431, in _extract
    result = await self.pipeline.run_source(url)
             ^^^^^^^^^^^^^^^^^^^^^^^^^^^^^^^^^^^
  File "/home/arcana-novai/Documents/Xoe-NovAi/omega-engine/src/omega/ingestion/pipeline.py", line 187, in run_source
    raise TransportError(f"T1 Fast Scrape failed: {t1_res.error}")
omega.ingestion.ingestion_types.TransportError: T1 Fast Scrape failed: Trafilatura failed to fetch URL
2026-07-08 21:15:15 [WARNING] omega.vault.key_vault: Invalid VAULT_MASTER_KEY: [VaultCryptoError] Invalid master key hex: non-hexadecimal number found in fromhex() arg at position 48
2026-07-08 21:15:15 [WARNING] omega.vault.key_vault: No VAULT_MASTER_KEY set — vault is locked. Falling back to environment variables.
2026-07-08 21:15:15 [INFO] omega.memory.fts: FTS5 index initialized at /home/arcana-novai/Documents/Xoe-NovAi/omega-engine/data/memory/fts_memory.db
2026-07-08 21:15:15 [INFO] omega.oracle.pii_masker: pii-shield loaded: 18 PII types, context-aware detection
2026-07-08 21:15:15 [INFO] omega.researcher.run: Starting research cycle...
2026-07-08 21:15:15 [INFO] omega.library.coordinator: Worker registered: researcher
2026-07-08 21:15:15 [INFO] omega.library.coordinator: Worker started: researcher
2026-07-08 21:15:15 [INFO] omega.workers.background_researcher.loop: Starting research cycle cycle_20260709_001515_1
2026-07-08 21:15:15 [INFO] httpx: HTTP Request: GET https://httpbin.org/get "HTTP/1.1 200 OK"
2026-07-08 21:15:15 [INFO] omega.workers.background_researcher.loop: Frontier gap found: 'Phase 1 — Engine Hardening — Memory wiring, handoff protocol, soul atomicity, agent hardening, MCP consolidation research' (p=0.6) from master_ledger
2026-07-08 21:15:15 [INFO] omega.workers.background_researcher.loop: Frontier gap found: 'Phase 2 — Legacy Mining — Extract 12 quick-win assets, port legacy patterns, compile community content research' (p=0.6) from master_ledger
2026-07-08 21:15:15 [INFO] omega.workers.background_researcher.loop: Frontier gap found: 'Phase 3 — Community Tools — Entity Studio CLI → Visual Builder, Stack Builder Wizard, one-click Omega Desktop research' (p=0.6) from master_ledger
2026-07-08 21:15:15 [INFO] omega.workers.background_researcher.loop: Frontier gap found: 'Phase 4 — The Omegaverse — P2P network protocol, WAD registry, cross-instance entity communication, **Godot/id Tech VR bridge**, soul-to-visual mapping (R-24), **shared VR realms (P2P Metropolis)** research' (p=0.6) from master_ledger
2026-07-08 21:15:15 [INFO] omega.workers.background_researcher.loop: Frontier gap found: 'Knowledge base scaffolding for entity cli_cline' (p=0.5) from entity_gap
2026-07-08 21:15:15 [INFO] omega.workers.background_researcher.loop: Frontier growth complete — enqueued 5 topics from 31 candidates
2026-07-08 21:15:15 [INFO] omega.workers.background_researcher.loop: Researching: 'Phase 1 — Engine Hardening — Memory wiring, handoff protocol, soul atomicity, agent hardening, MCP consolidation research' (priority=0.60)
2026-07-08 21:15:15 [WARNING] omega.workers.background_researcher.searxng_client: SearXNG request failed: 
2026-07-08 21:15:15 [WARNING] omega.workers.background_researcher.searxng_client: SearXNG request failed: 
2026-07-08 21:15:16 [INFO] httpx: HTTP Request: POST https://api.exa.ai/search "HTTP/1.1 200 OK"
2026-07-08 21:15:16 [INFO] httpx: HTTP Request: POST https://generativelanguage.googleapis.com/v1beta/models/gemma-4-31b-it:generateContent "HTTP/1.1 200 OK"
2026-07-08 21:15:16 [INFO] omega.ingestion.guards: Sentry Probe SUCCESS for gemma-4-31b-it on attempt 1
2026-07-08 21:15:18 [WARNING] omega.ingestion.pipeline: T3 Deep Scrape failed for https://github.com/alphaonedev/ai-memory-mcp/blob/main/docs/atomisation.md, falling back to T1
2026-07-08 21:15:18 [WARNING] omega.workers.background_researcher.loop: Sovereign Pipeline failed to ingest https://github.com/alphaonedev/ai-memory-mcp/blob/main/docs/atomisation.md
2026-07-08 21:15:18 [INFO] httpx: HTTP Request: POST https://generativelanguage.googleapis.com/v1beta/models/gemma-4-31b-it:generateContent "HTTP/1.1 200 OK"
2026-07-08 21:15:18 [INFO] omega.ingestion.guards: Sentry Probe SUCCESS for gemma-4-31b-it on attempt 1
2026-07-08 21:15:19 [WARNING] omega.ingestion.pipeline: T3 Deep Scrape failed for https://github.com/khan007/soul, falling back to T1
2026-07-08 21:15:19 [WARNING] omega.workers.background_researcher.loop: Sovereign Pipeline failed to ingest https://github.com/khan007/soul
2026-07-08 21:15:19 [INFO] httpx: HTTP Request: POST https://generativelanguage.googleapis.com/v1beta/models/gemma-4-31b-it:generateContent "HTTP/1.1 200 OK"
2026-07-08 21:15:20 [INFO] omega.ingestion.guards: Sentry Probe SUCCESS for gemma-4-31b-it on attempt 1
2026-07-08 21:15:20 [INFO] urllib3.poolmanager: Redirecting https://blog.vinkius.com/the-agentic-swarm-manifesto-how-vurb-ts-fhp-does-for-mcp-what-kubernetes-did-for-microservices -> https://vinkius.com/blog/the-agentic-swarm-manifesto-how-vurb-ts-fhp-does-for-mcp-what-kubernetes-did-for-microservices
2026-07-08 21:15:20 [ERROR] trafilatura.downloads: not a 200 response: 404 for URL https://blog.vinkius.com/the-agentic-swarm-manifesto-how-vurb-ts-fhp-does-for-mcp-what-kubernetes-did-for-microservices
2026-07-08 21:15:20 [INFO] omega.library.coordinator: Worker stopped: researcher
2026-07-08 21:15:20 [ERROR] omega.researcher.run: Critical failure in research cycle: T1 Fast Scrape failed: Trafilatura failed to fetch URL
Traceback (most recent call last):
  File "/home/arcana-novai/Documents/Xoe-NovAi/omega-engine/src/omega/workers/background_researcher/run.py", line 100, in main
    result = await loop.run_cycle()
             ^^^^^^^^^^^^^^^^^^^^^^
  File "/home/arcana-novai/Documents/Xoe-NovAi/omega-engine/src/omega/workers/background_researcher/loop.py", line 268, in run_cycle
    content = await self._extract(task, sources)
              ^^^^^^^^^^^^^^^^^^^^^^^^^^^^^^^^^^
  File "/home/arcana-novai/Documents/Xoe-NovAi/omega-engine/src/omega/workers/background_researcher/loop.py", line 431, in _extract
    result = await self.pipeline.run_source(url)
             ^^^^^^^^^^^^^^^^^^^^^^^^^^^^^^^^^^^
  File "/home/arcana-novai/Documents/Xoe-NovAi/omega-engine/src/omega/ingestion/pipeline.py", line 187, in run_source
    raise TransportError(f"T1 Fast Scrape failed: {t1_res.error}")
omega.ingestion.ingestion_types.TransportError: T1 Fast Scrape failed: Trafilatura failed to fetch URL
2026-07-08 21:15:53 [WARNING] omega.vault.key_vault: Invalid VAULT_MASTER_KEY: [VaultCryptoError] Invalid master key hex: non-hexadecimal number found in fromhex() arg at position 48
2026-07-08 21:15:53 [WARNING] omega.vault.key_vault: No VAULT_MASTER_KEY set — vault is locked. Falling back to environment variables.
2026-07-08 21:15:53 [INFO] omega.memory.fts: FTS5 index initialized at /home/arcana-novai/Documents/Xoe-NovAi/omega-engine/data/memory/fts_memory.db
2026-07-08 21:15:53 [INFO] omega.oracle.pii_masker: pii-shield loaded: 18 PII types, context-aware detection
2026-07-08 21:15:53 [INFO] omega.researcher.run: Starting research cycle...
2026-07-08 21:15:53 [INFO] omega.library.coordinator: Worker registered: researcher
2026-07-08 21:15:53 [INFO] omega.library.coordinator: Worker started: researcher
2026-07-08 21:15:53 [INFO] omega.workers.background_researcher.loop: Starting research cycle cycle_20260709_001553_1
2026-07-08 21:15:54 [INFO] httpx: HTTP Request: GET https://httpbin.org/get "HTTP/1.1 200 OK"
2026-07-08 21:15:54 [INFO] omega.workers.background_researcher.loop: Frontier gap found: 'Phase 1 — Engine Hardening — Memory wiring, handoff protocol, soul atomicity, agent hardening, MCP consolidation research' (p=0.6) from master_ledger
2026-07-08 21:15:54 [INFO] omega.workers.background_researcher.loop: Frontier gap found: 'Phase 2 — Legacy Mining — Extract 12 quick-win assets, port legacy patterns, compile community content research' (p=0.6) from master_ledger
2026-07-08 21:15:54 [INFO] omega.workers.background_researcher.loop: Frontier gap found: 'Phase 3 — Community Tools — Entity Studio CLI → Visual Builder, Stack Builder Wizard, one-click Omega Desktop research' (p=0.6) from master_ledger
2026-07-08 21:15:54 [INFO] omega.workers.background_researcher.loop: Frontier gap found: 'Phase 4 — The Omegaverse — P2P network protocol, WAD registry, cross-instance entity communication, **Godot/id Tech VR bridge**, soul-to-visual mapping (R-24), **shared VR realms (P2P Metropolis)** research' (p=0.6) from master_ledger
2026-07-08 21:15:54 [INFO] omega.workers.background_researcher.loop: Frontier gap found: 'Knowledge base scaffolding for entity cli_cline' (p=0.5) from entity_gap
2026-07-08 21:15:54 [INFO] omega.workers.background_researcher.loop: Frontier growth complete — enqueued 5 topics from 31 candidates
2026-07-08 21:15:54 [INFO] omega.workers.background_researcher.loop: Researching: 'Phase 1 — Engine Hardening — Memory wiring, handoff protocol, soul atomicity, agent hardening, MCP consolidation research' (priority=0.60)
2026-07-08 21:15:54 [WARNING] omega.workers.background_researcher.searxng_client: SearXNG request failed: 
2026-07-08 21:15:54 [WARNING] omega.workers.background_researcher.searxng_client: SearXNG request failed: 
2026-07-08 21:15:56 [INFO] httpx: HTTP Request: POST https://api.exa.ai/search "HTTP/1.1 200 OK"
2026-07-08 21:15:57 [INFO] httpx: HTTP Request: POST https://generativelanguage.googleapis.com/v1beta/models/gemma-4-31b-it:generateContent "HTTP/1.1 200 OK"
2026-07-08 21:15:57 [INFO] omega.ingestion.guards: Sentry Probe SUCCESS for gemma-4-31b-it on attempt 1
2026-07-08 21:15:59 [WARNING] omega.ingestion.pipeline: T3 Deep Scrape failed for https://github.com/alphaonedev/ai-memory-mcp/blob/main/docs/atomisation.md, falling back to T1
2026-07-08 21:15:59 [WARNING] omega.workers.background_researcher.loop: Sovereign Pipeline failed to ingest https://github.com/alphaonedev/ai-memory-mcp/blob/main/docs/atomisation.md
2026-07-08 21:16:00 [INFO] httpx: HTTP Request: POST https://generativelanguage.googleapis.com/v1beta/models/gemma-4-31b-it:generateContent "HTTP/1.1 500 Internal Server Error"
2026-07-08 21:16:00 [WARNING] omega.ingestion.guards: Sentry Probe transient 500 on attempt 1/3. Retrying...
2026-07-08 21:16:02 [INFO] httpx: HTTP Request: POST https://generativelanguage.googleapis.com/v1beta/models/gemma-4-31b-it:generateContent "HTTP/1.1 500 Internal Server Error"
2026-07-08 21:16:02 [WARNING] omega.ingestion.guards: Sentry Probe transient 500 on attempt 2/3. Retrying...
2026-07-08 21:16:07 [INFO] httpx: HTTP Request: POST https://generativelanguage.googleapis.com/v1beta/models/gemma-4-31b-it:generateContent "HTTP/1.1 200 OK"
2026-07-08 21:16:07 [INFO] omega.ingestion.guards: Sentry Probe SUCCESS for gemma-4-31b-it on attempt 3
2026-07-08 21:16:07 [INFO] urllib3.poolmanager: Redirecting https://blog.vinkius.com/the-agentic-swarm-manifesto-how-vurb-ts-fhp-does-for-mcp-what-kubernetes-did-for-microservices -> https://vinkius.com/blog/the-agentic-swarm-manifesto-how-vurb-ts-fhp-does-for-mcp-what-kubernetes-did-for-microservices
2026-07-08 21:16:08 [ERROR] trafilatura.downloads: not a 200 response: 404 for URL https://blog.vinkius.com/the-agentic-swarm-manifesto-how-vurb-ts-fhp-does-for-mcp-what-kubernetes-did-for-microservices
2026-07-08 21:16:08 [INFO] omega.library.coordinator: Worker stopped: researcher
2026-07-08 21:16:08 [ERROR] omega.researcher.run: Critical failure in research cycle: T1 Fast Scrape failed: Trafilatura failed to fetch URL
Traceback (most recent call last):
  File "/home/arcana-novai/Documents/Xoe-NovAi/omega-engine/src/omega/workers/background_researcher/run.py", line 100, in main
    result = await loop.run_cycle()
             ^^^^^^^^^^^^^^^^^^^^^^
  File "/home/arcana-novai/Documents/Xoe-NovAi/omega-engine/src/omega/workers/background_researcher/loop.py", line 268, in run_cycle
    content = await self._extract(task, sources)
              ^^^^^^^^^^^^^^^^^^^^^^^^^^^^^^^^^^
  File "/home/arcana-novai/Documents/Xoe-NovAi/omega-engine/src/omega/workers/background_researcher/loop.py", line 431, in _extract
    result = await self.pipeline.run_source(url)
             ^^^^^^^^^^^^^^^^^^^^^^^^^^^^^^^^^^^
  File "/home/arcana-novai/Documents/Xoe-NovAi/omega-engine/src/omega/ingestion/pipeline.py", line 187, in run_source
    raise TransportError(f"T1 Fast Scrape failed: {t1_res.error}")
omega.ingestion.ingestion_types.TransportError: T1 Fast Scrape failed: Trafilatura failed to fetch URL
2026-07-08 21:16:41 [WARNING] omega.vault.key_vault: Invalid VAULT_MASTER_KEY: [VaultCryptoError] Invalid master key hex: non-hexadecimal number found in fromhex() arg at position 48
2026-07-08 21:16:41 [WARNING] omega.vault.key_vault: No VAULT_MASTER_KEY set — vault is locked. Falling back to environment variables.
2026-07-08 21:16:41 [INFO] omega.memory.fts: FTS5 index initialized at /home/arcana-novai/Documents/Xoe-NovAi/omega-engine/data/memory/fts_memory.db
2026-07-08 21:16:41 [INFO] omega.oracle.pii_masker: pii-shield loaded: 18 PII types, context-aware detection
2026-07-08 21:16:41 [INFO] omega.researcher.run: Starting research cycle...
2026-07-08 21:16:41 [INFO] omega.library.coordinator: Worker registered: researcher
2026-07-08 21:16:41 [INFO] omega.library.coordinator: Worker started: researcher
2026-07-08 21:16:41 [INFO] omega.workers.background_researcher.loop: Starting research cycle cycle_20260709_001641_1
2026-07-08 21:16:42 [INFO] httpx: HTTP Request: GET https://httpbin.org/get "HTTP/1.1 200 OK"
2026-07-08 21:16:42 [INFO] omega.workers.background_researcher.loop: Frontier gap found: 'Phase 1 — Engine Hardening — Memory wiring, handoff protocol, soul atomicity, agent hardening, MCP consolidation research' (p=0.6) from master_ledger
2026-07-08 21:16:42 [INFO] omega.workers.background_researcher.loop: Frontier gap found: 'Phase 2 — Legacy Mining — Extract 12 quick-win assets, port legacy patterns, compile community content research' (p=0.6) from master_ledger
2026-07-08 21:16:42 [INFO] omega.workers.background_researcher.loop: Frontier gap found: 'Phase 3 — Community Tools — Entity Studio CLI → Visual Builder, Stack Builder Wizard, one-click Omega Desktop research' (p=0.6) from master_ledger
2026-07-08 21:16:42 [INFO] omega.workers.background_researcher.loop: Frontier gap found: 'Phase 4 — The Omegaverse — P2P network protocol, WAD registry, cross-instance entity communication, **Godot/id Tech VR bridge**, soul-to-visual mapping (R-24), **shared VR realms (P2P Metropolis)** research' (p=0.6) from master_ledger
2026-07-08 21:16:42 [INFO] omega.workers.background_researcher.loop: Frontier gap found: 'Knowledge base scaffolding for entity cli_cline' (p=0.5) from entity_gap
2026-07-08 21:16:42 [INFO] omega.workers.background_researcher.loop: Frontier growth complete — enqueued 5 topics from 31 candidates
2026-07-08 21:16:42 [INFO] omega.workers.background_researcher.loop: Researching: 'Phase 1 — Engine Hardening — Memory wiring, handoff protocol, soul atomicity, agent hardening, MCP consolidation research' (priority=0.60)
2026-07-08 21:16:42 [WARNING] omega.workers.background_researcher.searxng_client: SearXNG request failed: 
2026-07-08 21:16:42 [WARNING] omega.workers.background_researcher.searxng_client: SearXNG request failed: 
2026-07-08 21:16:42 [INFO] httpx: HTTP Request: POST https://api.exa.ai/search "HTTP/1.1 200 OK"
2026-07-08 21:16:43 [INFO] httpx: HTTP Request: POST https://generativelanguage.googleapis.com/v1beta/models/gemma-4-31b-it:generateContent "HTTP/1.1 200 OK"
2026-07-08 21:16:43 [INFO] omega.ingestion.guards: Sentry Probe SUCCESS for gemma-4-31b-it on attempt 1
2026-07-08 21:16:44 [WARNING] omega.ingestion.pipeline: T3 Deep Scrape failed for https://github.com/alphaonedev/ai-memory-mcp/blob/main/docs/atomisation.md, falling back to T1
2026-07-08 21:16:44 [WARNING] omega.workers.background_researcher.loop: Sovereign Pipeline failed to ingest https://github.com/alphaonedev/ai-memory-mcp/blob/main/docs/atomisation.md
2026-07-08 21:16:46 [INFO] httpx: HTTP Request: POST https://generativelanguage.googleapis.com/v1beta/models/gemma-4-31b-it:generateContent "HTTP/1.1 200 OK"
2026-07-08 21:16:46 [INFO] omega.ingestion.guards: Sentry Probe SUCCESS for gemma-4-31b-it on attempt 1
2026-07-08 21:16:46 [INFO] urllib3.poolmanager: Redirecting https://blog.vinkius.com/the-agentic-swarm-manifesto-how-vurb-ts-fhp-does-for-mcp-what-kubernetes-did-for-microservices -> https://vinkius.com/blog/the-agentic-swarm-manifesto-how-vurb-ts-fhp-does-for-mcp-what-kubernetes-did-for-microservices
2026-07-08 21:16:47 [ERROR] trafilatura.downloads: not a 200 response: 404 for URL https://blog.vinkius.com/the-agentic-swarm-manifesto-how-vurb-ts-fhp-does-for-mcp-what-kubernetes-did-for-microservices
2026-07-08 21:16:47 [INFO] omega.library.coordinator: Worker stopped: researcher
2026-07-08 21:16:47 [ERROR] omega.researcher.run: Critical failure in research cycle: T1 Fast Scrape failed: Trafilatura failed to fetch URL
Traceback (most recent call last):
  File "/home/arcana-novai/Documents/Xoe-NovAi/omega-engine/src/omega/workers/background_researcher/run.py", line 100, in main
    result = await loop.run_cycle()
             ^^^^^^^^^^^^^^^^^^^^^^
  File "/home/arcana-novai/Documents/Xoe-NovAi/omega-engine/src/omega/workers/background_researcher/loop.py", line 268, in run_cycle
    content = await self._extract(task, sources)
              ^^^^^^^^^^^^^^^^^^^^^^^^^^^^^^^^^^
  File "/home/arcana-novai/Documents/Xoe-NovAi/omega-engine/src/omega/workers/background_researcher/loop.py", line 431, in _extract
    result = await self.pipeline.run_source(url)
             ^^^^^^^^^^^^^^^^^^^^^^^^^^^^^^^^^^^
  File "/home/arcana-novai/Documents/Xoe-NovAi/omega-engine/src/omega/ingestion/pipeline.py", line 187, in run_source
    raise TransportError(f"T1 Fast Scrape failed: {t1_res.error}")
omega.ingestion.ingestion_types.TransportError: T1 Fast Scrape failed: Trafilatura failed to fetch URL
2026-07-08 21:17:20 [WARNING] omega.vault.key_vault: Invalid VAULT_MASTER_KEY: [VaultCryptoError] Invalid master key hex: non-hexadecimal number found in fromhex() arg at position 48
2026-07-08 21:17:20 [WARNING] omega.vault.key_vault: No VAULT_MASTER_KEY set — vault is locked. Falling back to environment variables.
2026-07-08 21:17:20 [INFO] omega.memory.fts: FTS5 index initialized at /home/arcana-novai/Documents/Xoe-NovAi/omega-engine/data/memory/fts_memory.db
2026-07-08 21:17:20 [INFO] omega.oracle.pii_masker: pii-shield loaded: 18 PII types, context-aware detection
2026-07-08 21:17:20 [INFO] omega.researcher.run: Starting research cycle...
2026-07-08 21:17:20 [INFO] omega.library.coordinator: Worker registered: researcher
2026-07-08 21:17:20 [INFO] omega.library.coordinator: Worker started: researcher
2026-07-08 21:17:20 [INFO] omega.workers.background_researcher.loop: Starting research cycle cycle_20260709_001720_1
2026-07-08 21:17:21 [INFO] httpx: HTTP Request: GET https://httpbin.org/get "HTTP/1.1 200 OK"
2026-07-08 21:17:21 [INFO] omega.workers.background_researcher.loop: Frontier gap found: 'Phase 1 — Engine Hardening — Memory wiring, handoff protocol, soul atomicity, agent hardening, MCP consolidation research' (p=0.6) from master_ledger
2026-07-08 21:17:21 [INFO] omega.workers.background_researcher.loop: Frontier gap found: 'Phase 2 — Legacy Mining — Extract 12 quick-win assets, port legacy patterns, compile community content research' (p=0.6) from master_ledger
2026-07-08 21:17:21 [INFO] omega.workers.background_researcher.loop: Frontier gap found: 'Phase 3 — Community Tools — Entity Studio CLI → Visual Builder, Stack Builder Wizard, one-click Omega Desktop research' (p=0.6) from master_ledger
2026-07-08 21:17:21 [INFO] omega.workers.background_researcher.loop: Frontier gap found: 'Phase 4 — The Omegaverse — P2P network protocol, WAD registry, cross-instance entity communication, **Godot/id Tech VR bridge**, soul-to-visual mapping (R-24), **shared VR realms (P2P Metropolis)** research' (p=0.6) from master_ledger
2026-07-08 21:17:21 [INFO] omega.workers.background_researcher.loop: Frontier gap found: 'Knowledge base scaffolding for entity cli_cline' (p=0.5) from entity_gap
2026-07-08 21:17:21 [INFO] omega.workers.background_researcher.loop: Frontier growth complete — enqueued 5 topics from 31 candidates
2026-07-08 21:17:21 [INFO] omega.workers.background_researcher.loop: Researching: 'Phase 1 — Engine Hardening — Memory wiring, handoff protocol, soul atomicity, agent hardening, MCP consolidation research' (priority=0.60)
2026-07-08 21:17:21 [WARNING] omega.workers.background_researcher.searxng_client: SearXNG request failed: 
2026-07-08 21:17:21 [WARNING] omega.workers.background_researcher.searxng_client: SearXNG request failed: 
2026-07-08 21:17:21 [INFO] httpx: HTTP Request: POST https://api.exa.ai/search "HTTP/1.1 200 OK"
2026-07-08 21:17:22 [INFO] httpx: HTTP Request: POST https://generativelanguage.googleapis.com/v1beta/models/gemma-4-31b-it:generateContent "HTTP/1.1 200 OK"
2026-07-08 21:17:22 [INFO] omega.ingestion.guards: Sentry Probe SUCCESS for gemma-4-31b-it on attempt 1
2026-07-08 21:17:23 [WARNING] omega.ingestion.pipeline: T3 Deep Scrape failed for https://github.com/alphaonedev/ai-memory-mcp/blob/main/docs/atomisation.md, falling back to T1
2026-07-08 21:17:23 [WARNING] omega.workers.background_researcher.loop: Sovereign Pipeline failed to ingest https://github.com/alphaonedev/ai-memory-mcp/blob/main/docs/atomisation.md
2026-07-08 21:17:24 [INFO] httpx: HTTP Request: POST https://generativelanguage.googleapis.com/v1beta/models/gemma-4-31b-it:generateContent "HTTP/1.1 200 OK"
2026-07-08 21:17:24 [INFO] omega.ingestion.guards: Sentry Probe SUCCESS for gemma-4-31b-it on attempt 1
2026-07-08 21:17:24 [WARNING] omega.ingestion.pipeline: T3 Deep Scrape failed for https://github.com/khan007/soul, falling back to T1
2026-07-08 21:17:24 [WARNING] omega.workers.background_researcher.loop: Sovereign Pipeline failed to ingest https://github.com/khan007/soul
2026-07-08 21:17:25 [INFO] httpx: HTTP Request: POST https://generativelanguage.googleapis.com/v1beta/models/gemma-4-31b-it:generateContent "HTTP/1.1 200 OK"
2026-07-08 21:17:25 [INFO] omega.ingestion.guards: Sentry Probe SUCCESS for gemma-4-31b-it on attempt 1
2026-07-08 21:17:26 [INFO] urllib3.poolmanager: Redirecting https://blog.vinkius.com/the-agentic-swarm-manifesto-how-vurb-ts-fhp-does-for-mcp-what-kubernetes-did-for-microservices -> https://vinkius.com/blog/the-agentic-swarm-manifesto-how-vurb-ts-fhp-does-for-mcp-what-kubernetes-did-for-microservices
2026-07-08 21:17:26 [ERROR] trafilatura.downloads: not a 200 response: 404 for URL https://blog.vinkius.com/the-agentic-swarm-manifesto-how-vurb-ts-fhp-does-for-mcp-what-kubernetes-did-for-microservices
2026-07-08 21:17:26 [INFO] omega.library.coordinator: Worker stopped: researcher
2026-07-08 21:17:26 [ERROR] omega.researcher.run: Critical failure in research cycle: T1 Fast Scrape failed: Trafilatura failed to fetch URL
Traceback (most recent call last):
  File "/home/arcana-novai/Documents/Xoe-NovAi/omega-engine/src/omega/workers/background_researcher/run.py", line 100, in main
    result = await loop.run_cycle()
             ^^^^^^^^^^^^^^^^^^^^^^
  File "/home/arcana-novai/Documents/Xoe-NovAi/omega-engine/src/omega/workers/background_researcher/loop.py", line 268, in run_cycle
    content = await self._extract(task, sources)
              ^^^^^^^^^^^^^^^^^^^^^^^^^^^^^^^^^^
  File "/home/arcana-novai/Documents/Xoe-NovAi/omega-engine/src/omega/workers/background_researcher/loop.py", line 431, in _extract
    result = await self.pipeline.run_source(url)
             ^^^^^^^^^^^^^^^^^^^^^^^^^^^^^^^^^^^
  File "/home/arcana-novai/Documents/Xoe-NovAi/omega-engine/src/omega/ingestion/pipeline.py", line 187, in run_source
    raise TransportError(f"T1 Fast Scrape failed: {t1_res.error}")
omega.ingestion.ingestion_types.TransportError: T1 Fast Scrape failed: Trafilatura failed to fetch URL
2026-07-08 21:17:59 [WARNING] omega.vault.key_vault: Invalid VAULT_MASTER_KEY: [VaultCryptoError] Invalid master key hex: non-hexadecimal number found in fromhex() arg at position 48
2026-07-08 21:17:59 [WARNING] omega.vault.key_vault: No VAULT_MASTER_KEY set — vault is locked. Falling back to environment variables.
2026-07-08 21:17:59 [INFO] omega.memory.fts: FTS5 index initialized at /home/arcana-novai/Documents/Xoe-NovAi/omega-engine/data/memory/fts_memory.db
2026-07-08 21:17:59 [INFO] omega.oracle.pii_masker: pii-shield loaded: 18 PII types, context-aware detection
2026-07-08 21:17:59 [INFO] omega.researcher.run: Starting research cycle...
2026-07-08 21:17:59 [INFO] omega.library.coordinator: Worker registered: researcher
2026-07-08 21:17:59 [INFO] omega.library.coordinator: Worker started: researcher
2026-07-08 21:17:59 [INFO] omega.workers.background_researcher.loop: Starting research cycle cycle_20260709_001759_1
2026-07-08 21:17:59 [INFO] httpx: HTTP Request: GET https://httpbin.org/get "HTTP/1.1 200 OK"
2026-07-08 21:17:59 [INFO] omega.workers.background_researcher.loop: Frontier gap found: 'Phase 1 — Engine Hardening — Memory wiring, handoff protocol, soul atomicity, agent hardening, MCP consolidation research' (p=0.6) from master_ledger
2026-07-08 21:17:59 [INFO] omega.workers.background_researcher.loop: Frontier gap found: 'Phase 2 — Legacy Mining — Extract 12 quick-win assets, port legacy patterns, compile community content research' (p=0.6) from master_ledger
2026-07-08 21:17:59 [INFO] omega.workers.background_researcher.loop: Frontier gap found: 'Phase 3 — Community Tools — Entity Studio CLI → Visual Builder, Stack Builder Wizard, one-click Omega Desktop research' (p=0.6) from master_ledger
2026-07-08 21:17:59 [INFO] omega.workers.background_researcher.loop: Frontier gap found: 'Phase 4 — The Omegaverse — P2P network protocol, WAD registry, cross-instance entity communication, **Godot/id Tech VR bridge**, soul-to-visual mapping (R-24), **shared VR realms (P2P Metropolis)** research' (p=0.6) from master_ledger
2026-07-08 21:17:59 [INFO] omega.workers.background_researcher.loop: Frontier gap found: 'Knowledge base scaffolding for entity cli_cline' (p=0.5) from entity_gap
2026-07-08 21:17:59 [INFO] omega.workers.background_researcher.loop: Frontier growth complete — enqueued 5 topics from 31 candidates
2026-07-08 21:17:59 [INFO] omega.workers.background_researcher.loop: Researching: 'Phase 1 — Engine Hardening — Memory wiring, handoff protocol, soul atomicity, agent hardening, MCP consolidation research' (priority=0.60)
2026-07-08 21:17:59 [WARNING] omega.workers.background_researcher.searxng_client: SearXNG request failed: 
2026-07-08 21:17:59 [WARNING] omega.workers.background_researcher.searxng_client: SearXNG request failed: 
2026-07-08 21:18:00 [INFO] httpx: HTTP Request: POST https://api.exa.ai/search "HTTP/1.1 200 OK"
2026-07-08 21:18:00 [INFO] httpx: HTTP Request: POST https://generativelanguage.googleapis.com/v1beta/models/gemma-4-31b-it:generateContent "HTTP/1.1 200 OK"
2026-07-08 21:18:00 [INFO] omega.ingestion.guards: Sentry Probe SUCCESS for gemma-4-31b-it on attempt 1
2026-07-08 21:18:01 [WARNING] omega.ingestion.pipeline: T3 Deep Scrape failed for https://github.com/alphaonedev/ai-memory-mcp/blob/main/docs/atomisation.md, falling back to T1
2026-07-08 21:18:01 [WARNING] omega.workers.background_researcher.loop: Sovereign Pipeline failed to ingest https://github.com/alphaonedev/ai-memory-mcp/blob/main/docs/atomisation.md
2026-07-08 21:18:02 [INFO] httpx: HTTP Request: POST https://generativelanguage.googleapis.com/v1beta/models/gemma-4-31b-it:generateContent "HTTP/1.1 200 OK"
2026-07-08 21:18:02 [INFO] omega.ingestion.guards: Sentry Probe SUCCESS for gemma-4-31b-it on attempt 1
2026-07-08 21:18:02 [INFO] urllib3.poolmanager: Redirecting https://blog.vinkius.com/the-agentic-swarm-manifesto-how-vurb-ts-fhp-does-for-mcp-what-kubernetes-did-for-microservices -> https://vinkius.com/blog/the-agentic-swarm-manifesto-how-vurb-ts-fhp-does-for-mcp-what-kubernetes-did-for-microservices
2026-07-08 21:18:03 [ERROR] trafilatura.downloads: not a 200 response: 404 for URL https://blog.vinkius.com/the-agentic-swarm-manifesto-how-vurb-ts-fhp-does-for-mcp-what-kubernetes-did-for-microservices
2026-07-08 21:18:03 [INFO] omega.library.coordinator: Worker stopped: researcher
2026-07-08 21:18:03 [ERROR] omega.researcher.run: Critical failure in research cycle: T1 Fast Scrape failed: Trafilatura failed to fetch URL
Traceback (most recent call last):
  File "/home/arcana-novai/Documents/Xoe-NovAi/omega-engine/src/omega/workers/background_researcher/run.py", line 100, in main
    result = await loop.run_cycle()
             ^^^^^^^^^^^^^^^^^^^^^^
  File "/home/arcana-novai/Documents/Xoe-NovAi/omega-engine/src/omega/workers/background_researcher/loop.py", line 268, in run_cycle
    content = await self._extract(task, sources)
              ^^^^^^^^^^^^^^^^^^^^^^^^^^^^^^^^^^
  File "/home/arcana-novai/Documents/Xoe-NovAi/omega-engine/src/omega/workers/background_researcher/loop.py", line 431, in _extract
    result = await self.pipeline.run_source(url)
             ^^^^^^^^^^^^^^^^^^^^^^^^^^^^^^^^^^^
  File "/home/arcana-novai/Documents/Xoe-NovAi/omega-engine/src/omega/ingestion/pipeline.py", line 187, in run_source
    raise TransportError(f"T1 Fast Scrape failed: {t1_res.error}")
omega.ingestion.ingestion_types.TransportError: T1 Fast Scrape failed: Trafilatura failed to fetch URL
2026-07-08 21:18:36 [WARNING] omega.vault.key_vault: Invalid VAULT_MASTER_KEY: [VaultCryptoError] Invalid master key hex: non-hexadecimal number found in fromhex() arg at position 48
2026-07-08 21:18:36 [WARNING] omega.vault.key_vault: No VAULT_MASTER_KEY set — vault is locked. Falling back to environment variables.
2026-07-08 21:18:36 [INFO] omega.memory.fts: FTS5 index initialized at /home/arcana-novai/Documents/Xoe-NovAi/omega-engine/data/memory/fts_memory.db
2026-07-08 21:18:36 [INFO] omega.oracle.pii_masker: pii-shield loaded: 18 PII types, context-aware detection
2026-07-08 21:18:36 [INFO] omega.researcher.run: Starting research cycle...
2026-07-08 21:18:36 [INFO] omega.library.coordinator: Worker registered: researcher
2026-07-08 21:18:36 [INFO] omega.library.coordinator: Worker started: researcher
2026-07-08 21:18:36 [INFO] omega.workers.background_researcher.loop: Starting research cycle cycle_20260709_001836_1
2026-07-08 21:18:37 [INFO] httpx: HTTP Request: GET https://httpbin.org/get "HTTP/1.1 200 OK"
2026-07-08 21:18:37 [INFO] omega.workers.background_researcher.loop: Frontier gap found: 'Phase 1 — Engine Hardening — Memory wiring, handoff protocol, soul atomicity, agent hardening, MCP consolidation research' (p=0.6) from master_ledger
2026-07-08 21:18:37 [INFO] omega.workers.background_researcher.loop: Frontier gap found: 'Phase 2 — Legacy Mining — Extract 12 quick-win assets, port legacy patterns, compile community content research' (p=0.6) from master_ledger
2026-07-08 21:18:37 [INFO] omega.workers.background_researcher.loop: Frontier gap found: 'Phase 3 — Community Tools — Entity Studio CLI → Visual Builder, Stack Builder Wizard, one-click Omega Desktop research' (p=0.6) from master_ledger
2026-07-08 21:18:37 [INFO] omega.workers.background_researcher.loop: Frontier gap found: 'Phase 4 — The Omegaverse — P2P network protocol, WAD registry, cross-instance entity communication, **Godot/id Tech VR bridge**, soul-to-visual mapping (R-24), **shared VR realms (P2P Metropolis)** research' (p=0.6) from master_ledger
2026-07-08 21:18:37 [INFO] omega.workers.background_researcher.loop: Frontier gap found: 'Knowledge base scaffolding for entity cli_cline' (p=0.5) from entity_gap
2026-07-08 21:18:37 [INFO] omega.workers.background_researcher.loop: Frontier growth complete — enqueued 5 topics from 31 candidates
2026-07-08 21:18:37 [INFO] omega.workers.background_researcher.loop: Researching: 'Phase 1 — Engine Hardening — Memory wiring, handoff protocol, soul atomicity, agent hardening, MCP consolidation research' (priority=0.60)
2026-07-08 21:18:37 [WARNING] omega.workers.background_researcher.searxng_client: SearXNG request failed: 
2026-07-08 21:18:37 [WARNING] omega.workers.background_researcher.searxng_client: SearXNG request failed: 
2026-07-08 21:18:37 [INFO] httpx: HTTP Request: POST https://api.exa.ai/search "HTTP/1.1 200 OK"
2026-07-08 21:18:38 [INFO] httpx: HTTP Request: POST https://generativelanguage.googleapis.com/v1beta/models/gemma-4-31b-it:generateContent "HTTP/1.1 200 OK"
2026-07-08 21:18:38 [INFO] omega.ingestion.guards: Sentry Probe SUCCESS for gemma-4-31b-it on attempt 1
2026-07-08 21:18:39 [WARNING] omega.ingestion.pipeline: T3 Deep Scrape failed for https://github.com/alphaonedev/ai-memory-mcp/blob/main/docs/atomisation.md, falling back to T1
2026-07-08 21:18:39 [WARNING] omega.workers.background_researcher.loop: Sovereign Pipeline failed to ingest https://github.com/alphaonedev/ai-memory-mcp/blob/main/docs/atomisation.md
2026-07-08 21:18:40 [INFO] httpx: HTTP Request: POST https://generativelanguage.googleapis.com/v1beta/models/gemma-4-31b-it:generateContent "HTTP/1.1 200 OK"
2026-07-08 21:18:40 [INFO] omega.ingestion.guards: Sentry Probe SUCCESS for gemma-4-31b-it on attempt 1
2026-07-08 21:18:41 [INFO] urllib3.poolmanager: Redirecting https://blog.vinkius.com/the-agentic-swarm-manifesto-how-vurb-ts-fhp-does-for-mcp-what-kubernetes-did-for-microservices -> https://vinkius.com/blog/the-agentic-swarm-manifesto-how-vurb-ts-fhp-does-for-mcp-what-kubernetes-did-for-microservices
2026-07-08 21:18:41 [ERROR] trafilatura.downloads: not a 200 response: 404 for URL https://blog.vinkius.com/the-agentic-swarm-manifesto-how-vurb-ts-fhp-does-for-mcp-what-kubernetes-did-for-microservices
2026-07-08 21:18:41 [INFO] omega.library.coordinator: Worker stopped: researcher
2026-07-08 21:18:41 [ERROR] omega.researcher.run: Critical failure in research cycle: T1 Fast Scrape failed: Trafilatura failed to fetch URL
Traceback (most recent call last):
  File "/home/arcana-novai/Documents/Xoe-NovAi/omega-engine/src/omega/workers/background_researcher/run.py", line 100, in main
    result = await loop.run_cycle()
             ^^^^^^^^^^^^^^^^^^^^^^
  File "/home/arcana-novai/Documents/Xoe-NovAi/omega-engine/src/omega/workers/background_researcher/loop.py", line 268, in run_cycle
    content = await self._extract(task, sources)
              ^^^^^^^^^^^^^^^^^^^^^^^^^^^^^^^^^^
  File "/home/arcana-novai/Documents/Xoe-NovAi/omega-engine/src/omega/workers/background_researcher/loop.py", line 431, in _extract
    result = await self.pipeline.run_source(url)
             ^^^^^^^^^^^^^^^^^^^^^^^^^^^^^^^^^^^
  File "/home/arcana-novai/Documents/Xoe-NovAi/omega-engine/src/omega/ingestion/pipeline.py", line 187, in run_source
    raise TransportError(f"T1 Fast Scrape failed: {t1_res.error}")
omega.ingestion.ingestion_types.TransportError: T1 Fast Scrape failed: Trafilatura failed to fetch URL
2026-07-08 21:19:14 [WARNING] omega.vault.key_vault: Invalid VAULT_MASTER_KEY: [VaultCryptoError] Invalid master key hex: non-hexadecimal number found in fromhex() arg at position 48
2026-07-08 21:19:14 [WARNING] omega.vault.key_vault: No VAULT_MASTER_KEY set — vault is locked. Falling back to environment variables.
2026-07-08 21:19:14 [INFO] omega.memory.fts: FTS5 index initialized at /home/arcana-novai/Documents/Xoe-NovAi/omega-engine/data/memory/fts_memory.db
2026-07-08 21:19:14 [INFO] omega.oracle.pii_masker: pii-shield loaded: 18 PII types, context-aware detection
2026-07-08 21:19:14 [INFO] omega.researcher.run: Starting research cycle...
2026-07-08 21:19:14 [INFO] omega.library.coordinator: Worker registered: researcher
2026-07-08 21:19:14 [INFO] omega.library.coordinator: Worker started: researcher
2026-07-08 21:19:14 [INFO] omega.workers.background_researcher.loop: Starting research cycle cycle_20260709_001914_1
2026-07-08 21:19:14 [INFO] httpx: HTTP Request: GET https://httpbin.org/get "HTTP/1.1 200 OK"
2026-07-08 21:19:14 [INFO] omega.workers.background_researcher.loop: Frontier gap found: 'Phase 1 — Engine Hardening — Memory wiring, handoff protocol, soul atomicity, agent hardening, MCP consolidation research' (p=0.6) from master_ledger
2026-07-08 21:19:14 [INFO] omega.workers.background_researcher.loop: Frontier gap found: 'Phase 2 — Legacy Mining — Extract 12 quick-win assets, port legacy patterns, compile community content research' (p=0.6) from master_ledger
2026-07-08 21:19:14 [INFO] omega.workers.background_researcher.loop: Frontier gap found: 'Phase 3 — Community Tools — Entity Studio CLI → Visual Builder, Stack Builder Wizard, one-click Omega Desktop research' (p=0.6) from master_ledger
2026-07-08 21:19:14 [INFO] omega.workers.background_researcher.loop: Frontier gap found: 'Phase 4 — The Omegaverse — P2P network protocol, WAD registry, cross-instance entity communication, **Godot/id Tech VR bridge**, soul-to-visual mapping (R-24), **shared VR realms (P2P Metropolis)** research' (p=0.6) from master_ledger
2026-07-08 21:19:14 [INFO] omega.workers.background_researcher.loop: Frontier gap found: 'Knowledge base scaffolding for entity cli_cline' (p=0.5) from entity_gap
2026-07-08 21:19:14 [INFO] omega.workers.background_researcher.loop: Frontier growth complete — enqueued 5 topics from 31 candidates
2026-07-08 21:19:14 [INFO] omega.workers.background_researcher.loop: Researching: 'Phase 1 — Engine Hardening — Memory wiring, handoff protocol, soul atomicity, agent hardening, MCP consolidation research' (priority=0.60)
2026-07-08 21:19:14 [WARNING] omega.workers.background_researcher.searxng_client: SearXNG request failed: 
2026-07-08 21:19:14 [WARNING] omega.workers.background_researcher.searxng_client: SearXNG request failed: 
2026-07-08 21:19:15 [INFO] httpx: HTTP Request: POST https://api.exa.ai/search "HTTP/1.1 200 OK"
2026-07-08 21:19:19 [INFO] httpx: HTTP Request: POST https://generativelanguage.googleapis.com/v1beta/models/gemma-4-31b-it:generateContent "HTTP/1.1 200 OK"
2026-07-08 21:19:19 [INFO] omega.ingestion.guards: Sentry Probe SUCCESS for gemma-4-31b-it on attempt 1
2026-07-08 21:19:20 [WARNING] omega.ingestion.pipeline: T3 Deep Scrape failed for https://github.com/alphaonedev/ai-memory-mcp/blob/main/docs/atomisation.md, falling back to T1
2026-07-08 21:19:20 [WARNING] omega.workers.background_researcher.loop: Sovereign Pipeline failed to ingest https://github.com/alphaonedev/ai-memory-mcp/blob/main/docs/atomisation.md
2026-07-08 21:19:22 [INFO] httpx: HTTP Request: POST https://generativelanguage.googleapis.com/v1beta/models/gemma-4-31b-it:generateContent "HTTP/1.1 200 OK"
2026-07-08 21:19:22 [INFO] omega.ingestion.guards: Sentry Probe SUCCESS for gemma-4-31b-it on attempt 1
2026-07-08 21:19:22 [WARNING] omega.ingestion.pipeline: T3 Deep Scrape failed for https://github.com/khan007/soul, falling back to T1
2026-07-08 21:19:22 [WARNING] omega.workers.background_researcher.loop: Sovereign Pipeline failed to ingest https://github.com/khan007/soul
2026-07-08 21:19:23 [INFO] httpx: HTTP Request: POST https://generativelanguage.googleapis.com/v1beta/models/gemma-4-31b-it:generateContent "HTTP/1.1 200 OK"
2026-07-08 21:19:23 [INFO] omega.ingestion.guards: Sentry Probe SUCCESS for gemma-4-31b-it on attempt 1
2026-07-08 21:19:23 [INFO] urllib3.poolmanager: Redirecting https://blog.vinkius.com/the-agentic-swarm-manifesto-how-vurb-ts-fhp-does-for-mcp-what-kubernetes-did-for-microservices -> https://vinkius.com/blog/the-agentic-swarm-manifesto-how-vurb-ts-fhp-does-for-mcp-what-kubernetes-did-for-microservices
2026-07-08 21:19:24 [ERROR] trafilatura.downloads: not a 200 response: 404 for URL https://blog.vinkius.com/the-agentic-swarm-manifesto-how-vurb-ts-fhp-does-for-mcp-what-kubernetes-did-for-microservices
2026-07-08 21:19:24 [INFO] omega.library.coordinator: Worker stopped: researcher
2026-07-08 21:19:24 [ERROR] omega.researcher.run: Critical failure in research cycle: T1 Fast Scrape failed: Trafilatura failed to fetch URL
Traceback (most recent call last):
  File "/home/arcana-novai/Documents/Xoe-NovAi/omega-engine/src/omega/workers/background_researcher/run.py", line 100, in main
    result = await loop.run_cycle()
             ^^^^^^^^^^^^^^^^^^^^^^
  File "/home/arcana-novai/Documents/Xoe-NovAi/omega-engine/src/omega/workers/background_researcher/loop.py", line 268, in run_cycle
    content = await self._extract(task, sources)
              ^^^^^^^^^^^^^^^^^^^^^^^^^^^^^^^^^^
  File "/home/arcana-novai/Documents/Xoe-NovAi/omega-engine/src/omega/workers/background_researcher/loop.py", line 431, in _extract
    result = await self.pipeline.run_source(url)
             ^^^^^^^^^^^^^^^^^^^^^^^^^^^^^^^^^^^
  File "/home/arcana-novai/Documents/Xoe-NovAi/omega-engine/src/omega/ingestion/pipeline.py", line 187, in run_source
    raise TransportError(f"T1 Fast Scrape failed: {t1_res.error}")
omega.ingestion.ingestion_types.TransportError: T1 Fast Scrape failed: Trafilatura failed to fetch URL
2026-07-08 21:19:57 [WARNING] omega.vault.key_vault: Invalid VAULT_MASTER_KEY: [VaultCryptoError] Invalid master key hex: non-hexadecimal number found in fromhex() arg at position 48
2026-07-08 21:19:57 [WARNING] omega.vault.key_vault: No VAULT_MASTER_KEY set — vault is locked. Falling back to environment variables.
2026-07-08 21:19:57 [INFO] omega.memory.fts: FTS5 index initialized at /home/arcana-novai/Documents/Xoe-NovAi/omega-engine/data/memory/fts_memory.db
2026-07-08 21:19:57 [INFO] omega.oracle.pii_masker: pii-shield loaded: 18 PII types, context-aware detection
2026-07-08 21:19:57 [INFO] omega.researcher.run: Starting research cycle...
2026-07-08 21:19:57 [INFO] omega.library.coordinator: Worker registered: researcher
2026-07-08 21:19:57 [INFO] omega.library.coordinator: Worker started: researcher
2026-07-08 21:19:57 [INFO] omega.workers.background_researcher.loop: Starting research cycle cycle_20260709_001957_1
2026-07-08 21:19:57 [INFO] httpx: HTTP Request: GET https://httpbin.org/get "HTTP/1.1 200 OK"
2026-07-08 21:19:57 [INFO] omega.workers.background_researcher.loop: Frontier gap found: 'Phase 1 — Engine Hardening — Memory wiring, handoff protocol, soul atomicity, agent hardening, MCP consolidation research' (p=0.6) from master_ledger
2026-07-08 21:19:57 [INFO] omega.workers.background_researcher.loop: Frontier gap found: 'Phase 2 — Legacy Mining — Extract 12 quick-win assets, port legacy patterns, compile community content research' (p=0.6) from master_ledger
2026-07-08 21:19:57 [INFO] omega.workers.background_researcher.loop: Frontier gap found: 'Phase 3 — Community Tools — Entity Studio CLI → Visual Builder, Stack Builder Wizard, one-click Omega Desktop research' (p=0.6) from master_ledger
2026-07-08 21:19:57 [INFO] omega.workers.background_researcher.loop: Frontier gap found: 'Phase 4 — The Omegaverse — P2P network protocol, WAD registry, cross-instance entity communication, **Godot/id Tech VR bridge**, soul-to-visual mapping (R-24), **shared VR realms (P2P Metropolis)** research' (p=0.6) from master_ledger
2026-07-08 21:19:57 [INFO] omega.workers.background_researcher.loop: Frontier gap found: 'Knowledge base scaffolding for entity cli_cline' (p=0.5) from entity_gap
2026-07-08 21:19:57 [INFO] omega.workers.background_researcher.loop: Frontier growth complete — enqueued 5 topics from 31 candidates
2026-07-08 21:19:57 [INFO] omega.workers.background_researcher.loop: Researching: 'Phase 1 — Engine Hardening — Memory wiring, handoff protocol, soul atomicity, agent hardening, MCP consolidation research' (priority=0.60)
2026-07-08 21:19:57 [WARNING] omega.workers.background_researcher.searxng_client: SearXNG request failed: 
2026-07-08 21:19:57 [WARNING] omega.workers.background_researcher.searxng_client: SearXNG request failed: 
2026-07-08 21:19:58 [INFO] httpx: HTTP Request: POST https://api.exa.ai/search "HTTP/1.1 200 OK"
2026-07-08 21:19:58 [INFO] httpx: HTTP Request: POST https://generativelanguage.googleapis.com/v1beta/models/gemma-4-31b-it:generateContent "HTTP/1.1 200 OK"
2026-07-08 21:19:58 [INFO] omega.ingestion.guards: Sentry Probe SUCCESS for gemma-4-31b-it on attempt 1
2026-07-08 21:20:00 [WARNING] omega.ingestion.pipeline: T3 Deep Scrape failed for https://github.com/alphaonedev/ai-memory-mcp/blob/main/docs/atomisation.md, falling back to T1
2026-07-08 21:20:00 [WARNING] omega.workers.background_researcher.loop: Sovereign Pipeline failed to ingest https://github.com/alphaonedev/ai-memory-mcp/blob/main/docs/atomisation.md
2026-07-08 21:20:01 [INFO] httpx: HTTP Request: POST https://generativelanguage.googleapis.com/v1beta/models/gemma-4-31b-it:generateContent "HTTP/1.1 200 OK"
2026-07-08 21:20:01 [INFO] omega.ingestion.guards: Sentry Probe SUCCESS for gemma-4-31b-it on attempt 1
2026-07-08 21:20:01 [WARNING] omega.ingestion.pipeline: T3 Deep Scrape failed for https://github.com/khan007/soul, falling back to T1
2026-07-08 21:20:01 [WARNING] omega.workers.background_researcher.loop: Sovereign Pipeline failed to ingest https://github.com/khan007/soul
2026-07-08 21:20:03 [INFO] httpx: HTTP Request: POST https://generativelanguage.googleapis.com/v1beta/models/gemma-4-31b-it:generateContent "HTTP/1.1 200 OK"
2026-07-08 21:20:03 [INFO] omega.ingestion.guards: Sentry Probe SUCCESS for gemma-4-31b-it on attempt 1
2026-07-08 21:20:03 [INFO] urllib3.poolmanager: Redirecting https://blog.vinkius.com/the-agentic-swarm-manifesto-how-vurb-ts-fhp-does-for-mcp-what-kubernetes-did-for-microservices -> https://vinkius.com/blog/the-agentic-swarm-manifesto-how-vurb-ts-fhp-does-for-mcp-what-kubernetes-did-for-microservices
2026-07-08 21:20:04 [ERROR] trafilatura.downloads: not a 200 response: 404 for URL https://blog.vinkius.com/the-agentic-swarm-manifesto-how-vurb-ts-fhp-does-for-mcp-what-kubernetes-did-for-microservices
2026-07-08 21:20:04 [INFO] omega.library.coordinator: Worker stopped: researcher
2026-07-08 21:20:04 [ERROR] omega.researcher.run: Critical failure in research cycle: T1 Fast Scrape failed: Trafilatura failed to fetch URL
Traceback (most recent call last):
  File "/home/arcana-novai/Documents/Xoe-NovAi/omega-engine/src/omega/workers/background_researcher/run.py", line 100, in main
    result = await loop.run_cycle()
             ^^^^^^^^^^^^^^^^^^^^^^
  File "/home/arcana-novai/Documents/Xoe-NovAi/omega-engine/src/omega/workers/background_researcher/loop.py", line 268, in run_cycle
    content = await self._extract(task, sources)
              ^^^^^^^^^^^^^^^^^^^^^^^^^^^^^^^^^^
  File "/home/arcana-novai/Documents/Xoe-NovAi/omega-engine/src/omega/workers/background_researcher/loop.py", line 431, in _extract
    result = await self.pipeline.run_source(url)
             ^^^^^^^^^^^^^^^^^^^^^^^^^^^^^^^^^^^
  File "/home/arcana-novai/Documents/Xoe-NovAi/omega-engine/src/omega/ingestion/pipeline.py", line 187, in run_source
    raise TransportError(f"T1 Fast Scrape failed: {t1_res.error}")
omega.ingestion.ingestion_types.TransportError: T1 Fast Scrape failed: Trafilatura failed to fetch URL
2026-07-08 21:20:36 [WARNING] omega.vault.key_vault: Invalid VAULT_MASTER_KEY: [VaultCryptoError] Invalid master key hex: non-hexadecimal number found in fromhex() arg at position 48
2026-07-08 21:20:36 [WARNING] omega.vault.key_vault: No VAULT_MASTER_KEY set — vault is locked. Falling back to environment variables.
2026-07-08 21:20:36 [INFO] omega.memory.fts: FTS5 index initialized at /home/arcana-novai/Documents/Xoe-NovAi/omega-engine/data/memory/fts_memory.db
2026-07-08 21:20:36 [INFO] omega.oracle.pii_masker: pii-shield loaded: 18 PII types, context-aware detection
2026-07-08 21:20:36 [INFO] omega.researcher.run: Starting research cycle...
2026-07-08 21:20:36 [INFO] omega.library.coordinator: Worker registered: researcher
2026-07-08 21:20:36 [INFO] omega.library.coordinator: Worker started: researcher
2026-07-08 21:20:36 [INFO] omega.workers.background_researcher.loop: Starting research cycle cycle_20260709_002036_1
2026-07-08 21:20:37 [INFO] httpx: HTTP Request: GET https://httpbin.org/get "HTTP/1.1 200 OK"
2026-07-08 21:20:37 [INFO] omega.workers.background_researcher.loop: Frontier gap found: 'Phase 1 — Engine Hardening — Memory wiring, handoff protocol, soul atomicity, agent hardening, MCP consolidation research' (p=0.6) from master_ledger
2026-07-08 21:20:37 [INFO] omega.workers.background_researcher.loop: Frontier gap found: 'Phase 2 — Legacy Mining — Extract 12 quick-win assets, port legacy patterns, compile community content research' (p=0.6) from master_ledger
2026-07-08 21:20:37 [INFO] omega.workers.background_researcher.loop: Frontier gap found: 'Phase 3 — Community Tools — Entity Studio CLI → Visual Builder, Stack Builder Wizard, one-click Omega Desktop research' (p=0.6) from master_ledger
2026-07-08 21:20:37 [INFO] omega.workers.background_researcher.loop: Frontier gap found: 'Phase 4 — The Omegaverse — P2P network protocol, WAD registry, cross-instance entity communication, **Godot/id Tech VR bridge**, soul-to-visual mapping (R-24), **shared VR realms (P2P Metropolis)** research' (p=0.6) from master_ledger
2026-07-08 21:20:37 [INFO] omega.workers.background_researcher.loop: Frontier gap found: 'Knowledge base scaffolding for entity cli_cline' (p=0.5) from entity_gap
2026-07-08 21:20:37 [INFO] omega.workers.background_researcher.loop: Frontier growth complete — enqueued 5 topics from 31 candidates
2026-07-08 21:20:37 [INFO] omega.workers.background_researcher.loop: Researching: 'Phase 1 — Engine Hardening — Memory wiring, handoff protocol, soul atomicity, agent hardening, MCP consolidation research' (priority=0.60)
2026-07-08 21:20:37 [WARNING] omega.workers.background_researcher.searxng_client: SearXNG request failed: 
2026-07-08 21:20:37 [WARNING] omega.workers.background_researcher.searxng_client: SearXNG request failed: 
2026-07-08 21:20:37 [INFO] httpx: HTTP Request: POST https://api.exa.ai/search "HTTP/1.1 200 OK"
2026-07-08 21:20:38 [INFO] httpx: HTTP Request: POST https://generativelanguage.googleapis.com/v1beta/models/gemma-4-31b-it:generateContent "HTTP/1.1 200 OK"
2026-07-08 21:20:38 [INFO] omega.ingestion.guards: Sentry Probe SUCCESS for gemma-4-31b-it on attempt 1
2026-07-08 21:20:39 [WARNING] omega.ingestion.pipeline: T3 Deep Scrape failed for https://github.com/alphaonedev/ai-memory-mcp/blob/main/docs/atomisation.md, falling back to T1
2026-07-08 21:20:39 [WARNING] omega.workers.background_researcher.loop: Sovereign Pipeline failed to ingest https://github.com/alphaonedev/ai-memory-mcp/blob/main/docs/atomisation.md
2026-07-08 21:20:40 [INFO] httpx: HTTP Request: POST https://generativelanguage.googleapis.com/v1beta/models/gemma-4-31b-it:generateContent "HTTP/1.1 500 Internal Server Error"
2026-07-08 21:20:40 [WARNING] omega.ingestion.guards: Sentry Probe transient 500 on attempt 1/3. Retrying...
2026-07-08 21:20:46 [INFO] httpx: HTTP Request: POST https://generativelanguage.googleapis.com/v1beta/models/gemma-4-31b-it:generateContent "HTTP/1.1 200 OK"
2026-07-08 21:20:46 [INFO] omega.ingestion.guards: Sentry Probe SUCCESS for gemma-4-31b-it on attempt 2
2026-07-08 21:20:47 [INFO] urllib3.poolmanager: Redirecting https://blog.vinkius.com/the-agentic-swarm-manifesto-how-vurb-ts-fhp-does-for-mcp-what-kubernetes-did-for-microservices -> https://vinkius.com/blog/the-agentic-swarm-manifesto-how-vurb-ts-fhp-does-for-mcp-what-kubernetes-did-for-microservices
2026-07-08 21:20:47 [ERROR] trafilatura.downloads: not a 200 response: 404 for URL https://blog.vinkius.com/the-agentic-swarm-manifesto-how-vurb-ts-fhp-does-for-mcp-what-kubernetes-did-for-microservices
2026-07-08 21:20:47 [INFO] omega.library.coordinator: Worker stopped: researcher
2026-07-08 21:20:47 [ERROR] omega.researcher.run: Critical failure in research cycle: T1 Fast Scrape failed: Trafilatura failed to fetch URL
Traceback (most recent call last):
  File "/home/arcana-novai/Documents/Xoe-NovAi/omega-engine/src/omega/workers/background_researcher/run.py", line 100, in main
    result = await loop.run_cycle()
             ^^^^^^^^^^^^^^^^^^^^^^
  File "/home/arcana-novai/Documents/Xoe-NovAi/omega-engine/src/omega/workers/background_researcher/loop.py", line 268, in run_cycle
    content = await self._extract(task, sources)
              ^^^^^^^^^^^^^^^^^^^^^^^^^^^^^^^^^^
  File "/home/arcana-novai/Documents/Xoe-NovAi/omega-engine/src/omega/workers/background_researcher/loop.py", line 431, in _extract
    result = await self.pipeline.run_source(url)
             ^^^^^^^^^^^^^^^^^^^^^^^^^^^^^^^^^^^
  File "/home/arcana-novai/Documents/Xoe-NovAi/omega-engine/src/omega/ingestion/pipeline.py", line 187, in run_source
    raise TransportError(f"T1 Fast Scrape failed: {t1_res.error}")
omega.ingestion.ingestion_types.TransportError: T1 Fast Scrape failed: Trafilatura failed to fetch URL
2026-07-08 21:21:19 [WARNING] omega.vault.key_vault: Invalid VAULT_MASTER_KEY: [VaultCryptoError] Invalid master key hex: non-hexadecimal number found in fromhex() arg at position 48
2026-07-08 21:21:19 [WARNING] omega.vault.key_vault: No VAULT_MASTER_KEY set — vault is locked. Falling back to environment variables.
2026-07-08 21:21:19 [INFO] omega.memory.fts: FTS5 index initialized at /home/arcana-novai/Documents/Xoe-NovAi/omega-engine/data/memory/fts_memory.db
2026-07-08 21:21:19 [INFO] omega.oracle.pii_masker: pii-shield loaded: 18 PII types, context-aware detection
2026-07-08 21:21:19 [INFO] omega.researcher.run: Starting research cycle...
2026-07-08 21:21:19 [INFO] omega.library.coordinator: Worker registered: researcher
2026-07-08 21:21:19 [INFO] omega.library.coordinator: Worker started: researcher
2026-07-08 21:21:19 [INFO] omega.workers.background_researcher.loop: Starting research cycle cycle_20260709_002119_1
2026-07-08 21:21:20 [INFO] httpx: HTTP Request: GET https://httpbin.org/get "HTTP/1.1 200 OK"
2026-07-08 21:21:20 [INFO] omega.workers.background_researcher.loop: Frontier gap found: 'Phase 1 — Engine Hardening — Memory wiring, handoff protocol, soul atomicity, agent hardening, MCP consolidation research' (p=0.6) from master_ledger
2026-07-08 21:21:20 [INFO] omega.workers.background_researcher.loop: Frontier gap found: 'Phase 2 — Legacy Mining — Extract 12 quick-win assets, port legacy patterns, compile community content research' (p=0.6) from master_ledger
2026-07-08 21:21:20 [INFO] omega.workers.background_researcher.loop: Frontier gap found: 'Phase 3 — Community Tools — Entity Studio CLI → Visual Builder, Stack Builder Wizard, one-click Omega Desktop research' (p=0.6) from master_ledger
2026-07-08 21:21:20 [INFO] omega.workers.background_researcher.loop: Frontier gap found: 'Phase 4 — The Omegaverse — P2P network protocol, WAD registry, cross-instance entity communication, **Godot/id Tech VR bridge**, soul-to-visual mapping (R-24), **shared VR realms (P2P Metropolis)** research' (p=0.6) from master_ledger
2026-07-08 21:21:20 [INFO] omega.workers.background_researcher.loop: Frontier gap found: 'Knowledge base scaffolding for entity cli_cline' (p=0.5) from entity_gap
2026-07-08 21:21:20 [INFO] omega.workers.background_researcher.loop: Frontier growth complete — enqueued 5 topics from 31 candidates
2026-07-08 21:21:20 [INFO] omega.workers.background_researcher.loop: Researching: 'Phase 1 — Engine Hardening — Memory wiring, handoff protocol, soul atomicity, agent hardening, MCP consolidation research' (priority=0.60)
2026-07-08 21:21:20 [WARNING] omega.workers.background_researcher.searxng_client: SearXNG request failed: 
2026-07-08 21:21:20 [WARNING] omega.workers.background_researcher.searxng_client: SearXNG request failed: 
2026-07-08 21:21:20 [INFO] httpx: HTTP Request: POST https://api.exa.ai/search "HTTP/1.1 200 OK"
2026-07-08 21:21:21 [INFO] httpx: HTTP Request: POST https://generativelanguage.googleapis.com/v1beta/models/gemma-4-31b-it:generateContent "HTTP/1.1 200 OK"
2026-07-08 21:21:21 [INFO] omega.ingestion.guards: Sentry Probe SUCCESS for gemma-4-31b-it on attempt 1
2026-07-08 21:21:22 [WARNING] omega.ingestion.pipeline: T3 Deep Scrape failed for https://github.com/alphaonedev/ai-memory-mcp/blob/main/docs/atomisation.md, falling back to T1
2026-07-08 21:21:22 [WARNING] omega.workers.background_researcher.loop: Sovereign Pipeline failed to ingest https://github.com/alphaonedev/ai-memory-mcp/blob/main/docs/atomisation.md
2026-07-08 21:21:28 [INFO] httpx: HTTP Request: POST https://generativelanguage.googleapis.com/v1beta/models/gemma-4-31b-it:generateContent "HTTP/1.1 200 OK"
2026-07-08 21:21:28 [INFO] omega.ingestion.guards: Sentry Probe SUCCESS for gemma-4-31b-it on attempt 1
2026-07-08 21:21:29 [WARNING] omega.ingestion.pipeline: T3 Deep Scrape failed for https://github.com/khan007/soul, falling back to T1
2026-07-08 21:21:29 [WARNING] omega.workers.background_researcher.loop: Sovereign Pipeline failed to ingest https://github.com/khan007/soul
2026-07-08 21:21:31 [INFO] httpx: HTTP Request: POST https://generativelanguage.googleapis.com/v1beta/models/gemma-4-31b-it:generateContent "HTTP/1.1 200 OK"
2026-07-08 21:21:31 [INFO] omega.ingestion.guards: Sentry Probe SUCCESS for gemma-4-31b-it on attempt 1
2026-07-08 21:21:31 [INFO] urllib3.poolmanager: Redirecting https://blog.vinkius.com/the-agentic-swarm-manifesto-how-vurb-ts-fhp-does-for-mcp-what-kubernetes-did-for-microservices -> https://vinkius.com/blog/the-agentic-swarm-manifesto-how-vurb-ts-fhp-does-for-mcp-what-kubernetes-did-for-microservices
2026-07-08 21:21:32 [ERROR] trafilatura.downloads: not a 200 response: 404 for URL https://blog.vinkius.com/the-agentic-swarm-manifesto-how-vurb-ts-fhp-does-for-mcp-what-kubernetes-did-for-microservices
2026-07-08 21:21:32 [INFO] omega.library.coordinator: Worker stopped: researcher
2026-07-08 21:21:32 [ERROR] omega.researcher.run: Critical failure in research cycle: T1 Fast Scrape failed: Trafilatura failed to fetch URL
Traceback (most recent call last):
  File "/home/arcana-novai/Documents/Xoe-NovAi/omega-engine/src/omega/workers/background_researcher/run.py", line 100, in main
    result = await loop.run_cycle()
             ^^^^^^^^^^^^^^^^^^^^^^
  File "/home/arcana-novai/Documents/Xoe-NovAi/omega-engine/src/omega/workers/background_researcher/loop.py", line 268, in run_cycle
    content = await self._extract(task, sources)
              ^^^^^^^^^^^^^^^^^^^^^^^^^^^^^^^^^^
  File "/home/arcana-novai/Documents/Xoe-NovAi/omega-engine/src/omega/workers/background_researcher/loop.py", line 431, in _extract
    result = await self.pipeline.run_source(url)
             ^^^^^^^^^^^^^^^^^^^^^^^^^^^^^^^^^^^
  File "/home/arcana-novai/Documents/Xoe-NovAi/omega-engine/src/omega/ingestion/pipeline.py", line 187, in run_source
    raise TransportError(f"T1 Fast Scrape failed: {t1_res.error}")
omega.ingestion.ingestion_types.TransportError: T1 Fast Scrape failed: Trafilatura failed to fetch URL
2026-07-08 21:22:04 [WARNING] omega.vault.key_vault: Invalid VAULT_MASTER_KEY: [VaultCryptoError] Invalid master key hex: non-hexadecimal number found in fromhex() arg at position 48
2026-07-08 21:22:04 [WARNING] omega.vault.key_vault: No VAULT_MASTER_KEY set — vault is locked. Falling back to environment variables.
2026-07-08 21:22:04 [INFO] omega.memory.fts: FTS5 index initialized at /home/arcana-novai/Documents/Xoe-NovAi/omega-engine/data/memory/fts_memory.db
2026-07-08 21:22:04 [INFO] omega.oracle.pii_masker: pii-shield loaded: 18 PII types, context-aware detection
2026-07-08 21:22:04 [INFO] omega.researcher.run: Starting research cycle...
2026-07-08 21:22:04 [INFO] omega.library.coordinator: Worker registered: researcher
2026-07-08 21:22:04 [INFO] omega.library.coordinator: Worker started: researcher
2026-07-08 21:22:04 [INFO] omega.workers.background_researcher.loop: Starting research cycle cycle_20260709_002204_1
2026-07-08 21:22:05 [INFO] httpx: HTTP Request: GET https://httpbin.org/get "HTTP/1.1 200 OK"
2026-07-08 21:22:05 [INFO] omega.workers.background_researcher.loop: Frontier gap found: 'Phase 1 — Engine Hardening — Memory wiring, handoff protocol, soul atomicity, agent hardening, MCP consolidation research' (p=0.6) from master_ledger
2026-07-08 21:22:05 [INFO] omega.workers.background_researcher.loop: Frontier gap found: 'Phase 2 — Legacy Mining — Extract 12 quick-win assets, port legacy patterns, compile community content research' (p=0.6) from master_ledger
2026-07-08 21:22:05 [INFO] omega.workers.background_researcher.loop: Frontier gap found: 'Phase 3 — Community Tools — Entity Studio CLI → Visual Builder, Stack Builder Wizard, one-click Omega Desktop research' (p=0.6) from master_ledger
2026-07-08 21:22:05 [INFO] omega.workers.background_researcher.loop: Frontier gap found: 'Phase 4 — The Omegaverse — P2P network protocol, WAD registry, cross-instance entity communication, **Godot/id Tech VR bridge**, soul-to-visual mapping (R-24), **shared VR realms (P2P Metropolis)** research' (p=0.6) from master_ledger
2026-07-08 21:22:05 [INFO] omega.workers.background_researcher.loop: Frontier gap found: 'Knowledge base scaffolding for entity cli_cline' (p=0.5) from entity_gap
2026-07-08 21:22:05 [INFO] omega.workers.background_researcher.loop: Frontier growth complete — enqueued 5 topics from 31 candidates
2026-07-08 21:22:05 [INFO] omega.workers.background_researcher.loop: Researching: 'Phase 1 — Engine Hardening — Memory wiring, handoff protocol, soul atomicity, agent hardening, MCP consolidation research' (priority=0.60)
2026-07-08 21:22:05 [WARNING] omega.workers.background_researcher.searxng_client: SearXNG request failed: 
2026-07-08 21:22:05 [WARNING] omega.workers.background_researcher.searxng_client: SearXNG request failed: 
2026-07-08 21:22:05 [INFO] httpx: HTTP Request: POST https://api.exa.ai/search "HTTP/1.1 200 OK"
2026-07-08 21:22:06 [INFO] httpx: HTTP Request: POST https://generativelanguage.googleapis.com/v1beta/models/gemma-4-31b-it:generateContent "HTTP/1.1 200 OK"
2026-07-08 21:22:06 [INFO] omega.ingestion.guards: Sentry Probe SUCCESS for gemma-4-31b-it on attempt 1
2026-07-08 21:22:07 [WARNING] omega.ingestion.pipeline: T3 Deep Scrape failed for https://github.com/alphaonedev/ai-memory-mcp/blob/main/docs/atomisation.md, falling back to T1
2026-07-08 21:22:07 [WARNING] omega.workers.background_researcher.loop: Sovereign Pipeline failed to ingest https://github.com/alphaonedev/ai-memory-mcp/blob/main/docs/atomisation.md
2026-07-08 21:22:09 [INFO] httpx: HTTP Request: POST https://generativelanguage.googleapis.com/v1beta/models/gemma-4-31b-it:generateContent "HTTP/1.1 200 OK"
2026-07-08 21:22:09 [INFO] omega.ingestion.guards: Sentry Probe SUCCESS for gemma-4-31b-it on attempt 1
2026-07-08 21:22:09 [INFO] urllib3.poolmanager: Redirecting https://blog.vinkius.com/the-agentic-swarm-manifesto-how-vurb-ts-fhp-does-for-mcp-what-kubernetes-did-for-microservices -> https://vinkius.com/blog/the-agentic-swarm-manifesto-how-vurb-ts-fhp-does-for-mcp-what-kubernetes-did-for-microservices
2026-07-08 21:22:09 [ERROR] trafilatura.downloads: not a 200 response: 404 for URL https://blog.vinkius.com/the-agentic-swarm-manifesto-how-vurb-ts-fhp-does-for-mcp-what-kubernetes-did-for-microservices
2026-07-08 21:22:09 [INFO] omega.library.coordinator: Worker stopped: researcher
2026-07-08 21:22:09 [ERROR] omega.researcher.run: Critical failure in research cycle: T1 Fast Scrape failed: Trafilatura failed to fetch URL
Traceback (most recent call last):
  File "/home/arcana-novai/Documents/Xoe-NovAi/omega-engine/src/omega/workers/background_researcher/run.py", line 100, in main
    result = await loop.run_cycle()
             ^^^^^^^^^^^^^^^^^^^^^^
  File "/home/arcana-novai/Documents/Xoe-NovAi/omega-engine/src/omega/workers/background_researcher/loop.py", line 268, in run_cycle
    content = await self._extract(task, sources)
              ^^^^^^^^^^^^^^^^^^^^^^^^^^^^^^^^^^
  File "/home/arcana-novai/Documents/Xoe-NovAi/omega-engine/src/omega/workers/background_researcher/loop.py", line 431, in _extract
    result = await self.pipeline.run_source(url)
             ^^^^^^^^^^^^^^^^^^^^^^^^^^^^^^^^^^^
  File "/home/arcana-novai/Documents/Xoe-NovAi/omega-engine/src/omega/ingestion/pipeline.py", line 187, in run_source
    raise TransportError(f"T1 Fast Scrape failed: {t1_res.error}")
omega.ingestion.ingestion_types.TransportError: T1 Fast Scrape failed: Trafilatura failed to fetch URL
2026-07-08 21:22:42 [WARNING] omega.vault.key_vault: Invalid VAULT_MASTER_KEY: [VaultCryptoError] Invalid master key hex: non-hexadecimal number found in fromhex() arg at position 48
2026-07-08 21:22:42 [WARNING] omega.vault.key_vault: No VAULT_MASTER_KEY set — vault is locked. Falling back to environment variables.
2026-07-08 21:22:42 [INFO] omega.memory.fts: FTS5 index initialized at /home/arcana-novai/Documents/Xoe-NovAi/omega-engine/data/memory/fts_memory.db
2026-07-08 21:22:42 [INFO] omega.oracle.pii_masker: pii-shield loaded: 18 PII types, context-aware detection
2026-07-08 21:22:42 [INFO] omega.researcher.run: Starting research cycle...
2026-07-08 21:22:42 [INFO] omega.library.coordinator: Worker registered: researcher
2026-07-08 21:22:42 [INFO] omega.library.coordinator: Worker started: researcher
2026-07-08 21:22:42 [INFO] omega.workers.background_researcher.loop: Starting research cycle cycle_20260709_002242_1
2026-07-08 21:22:42 [INFO] httpx: HTTP Request: GET https://httpbin.org/get "HTTP/1.1 200 OK"
2026-07-08 21:22:42 [INFO] omega.workers.background_researcher.loop: Frontier gap found: 'Phase 1 — Engine Hardening — Memory wiring, handoff protocol, soul atomicity, agent hardening, MCP consolidation research' (p=0.6) from master_ledger
2026-07-08 21:22:42 [INFO] omega.workers.background_researcher.loop: Frontier gap found: 'Phase 2 — Legacy Mining — Extract 12 quick-win assets, port legacy patterns, compile community content research' (p=0.6) from master_ledger
2026-07-08 21:22:42 [INFO] omega.workers.background_researcher.loop: Frontier gap found: 'Phase 3 — Community Tools — Entity Studio CLI → Visual Builder, Stack Builder Wizard, one-click Omega Desktop research' (p=0.6) from master_ledger
2026-07-08 21:22:42 [INFO] omega.workers.background_researcher.loop: Frontier gap found: 'Phase 4 — The Omegaverse — P2P network protocol, WAD registry, cross-instance entity communication, **Godot/id Tech VR bridge**, soul-to-visual mapping (R-24), **shared VR realms (P2P Metropolis)** research' (p=0.6) from master_ledger
2026-07-08 21:22:42 [INFO] omega.workers.background_researcher.loop: Frontier gap found: 'Knowledge base scaffolding for entity cli_cline' (p=0.5) from entity_gap
2026-07-08 21:22:42 [INFO] omega.workers.background_researcher.loop: Frontier growth complete — enqueued 5 topics from 31 candidates
2026-07-08 21:22:42 [INFO] omega.workers.background_researcher.loop: Researching: 'Phase 1 — Engine Hardening — Memory wiring, handoff protocol, soul atomicity, agent hardening, MCP consolidation research' (priority=0.60)
2026-07-08 21:22:42 [WARNING] omega.workers.background_researcher.searxng_client: SearXNG request failed: 
2026-07-08 21:22:42 [WARNING] omega.workers.background_researcher.searxng_client: SearXNG request failed: 
2026-07-08 21:22:43 [INFO] httpx: HTTP Request: POST https://api.exa.ai/search "HTTP/1.1 200 OK"
2026-07-08 21:22:45 [INFO] httpx: HTTP Request: POST https://generativelanguage.googleapis.com/v1beta/models/gemma-4-31b-it:generateContent "HTTP/1.1 200 OK"
2026-07-08 21:22:45 [INFO] omega.ingestion.guards: Sentry Probe SUCCESS for gemma-4-31b-it on attempt 1
2026-07-08 21:22:46 [WARNING] omega.ingestion.pipeline: T3 Deep Scrape failed for https://github.com/alphaonedev/ai-memory-mcp/blob/main/docs/atomisation.md, falling back to T1
2026-07-08 21:22:46 [WARNING] omega.workers.background_researcher.loop: Sovereign Pipeline failed to ingest https://github.com/alphaonedev/ai-memory-mcp/blob/main/docs/atomisation.md
2026-07-08 21:22:47 [INFO] httpx: HTTP Request: POST https://generativelanguage.googleapis.com/v1beta/models/gemma-4-31b-it:generateContent "HTTP/1.1 200 OK"
2026-07-08 21:22:47 [INFO] omega.ingestion.guards: Sentry Probe SUCCESS for gemma-4-31b-it on attempt 1
2026-07-08 21:22:47 [INFO] urllib3.poolmanager: Redirecting https://blog.vinkius.com/the-agentic-swarm-manifesto-how-vurb-ts-fhp-does-for-mcp-what-kubernetes-did-for-microservices -> https://vinkius.com/blog/the-agentic-swarm-manifesto-how-vurb-ts-fhp-does-for-mcp-what-kubernetes-did-for-microservices
2026-07-08 21:22:48 [ERROR] trafilatura.downloads: not a 200 response: 404 for URL https://blog.vinkius.com/the-agentic-swarm-manifesto-how-vurb-ts-fhp-does-for-mcp-what-kubernetes-did-for-microservices
2026-07-08 21:22:48 [INFO] omega.library.coordinator: Worker stopped: researcher
2026-07-08 21:22:48 [ERROR] omega.researcher.run: Critical failure in research cycle: T1 Fast Scrape failed: Trafilatura failed to fetch URL
Traceback (most recent call last):
  File "/home/arcana-novai/Documents/Xoe-NovAi/omega-engine/src/omega/workers/background_researcher/run.py", line 100, in main
    result = await loop.run_cycle()
             ^^^^^^^^^^^^^^^^^^^^^^
  File "/home/arcana-novai/Documents/Xoe-NovAi/omega-engine/src/omega/workers/background_researcher/loop.py", line 268, in run_cycle
    content = await self._extract(task, sources)
              ^^^^^^^^^^^^^^^^^^^^^^^^^^^^^^^^^^
  File "/home/arcana-novai/Documents/Xoe-NovAi/omega-engine/src/omega/workers/background_researcher/loop.py", line 431, in _extract
    result = await self.pipeline.run_source(url)
             ^^^^^^^^^^^^^^^^^^^^^^^^^^^^^^^^^^^
  File "/home/arcana-novai/Documents/Xoe-NovAi/omega-engine/src/omega/ingestion/pipeline.py", line 187, in run_source
    raise TransportError(f"T1 Fast Scrape failed: {t1_res.error}")
omega.ingestion.ingestion_types.TransportError: T1 Fast Scrape failed: Trafilatura failed to fetch URL
2026-07-08 21:23:20 [WARNING] omega.vault.key_vault: Invalid VAULT_MASTER_KEY: [VaultCryptoError] Invalid master key hex: non-hexadecimal number found in fromhex() arg at position 48
2026-07-08 21:23:20 [WARNING] omega.vault.key_vault: No VAULT_MASTER_KEY set — vault is locked. Falling back to environment variables.
2026-07-08 21:23:20 [INFO] omega.memory.fts: FTS5 index initialized at /home/arcana-novai/Documents/Xoe-NovAi/omega-engine/data/memory/fts_memory.db
2026-07-08 21:23:20 [INFO] omega.oracle.pii_masker: pii-shield loaded: 18 PII types, context-aware detection
2026-07-08 21:23:20 [INFO] omega.researcher.run: Starting research cycle...
2026-07-08 21:23:20 [INFO] omega.library.coordinator: Worker registered: researcher
2026-07-08 21:23:20 [INFO] omega.library.coordinator: Worker started: researcher
2026-07-08 21:23:20 [INFO] omega.workers.background_researcher.loop: Starting research cycle cycle_20260709_002320_1
2026-07-08 21:23:21 [INFO] httpx: HTTP Request: GET https://httpbin.org/get "HTTP/1.1 200 OK"
2026-07-08 21:23:21 [INFO] omega.workers.background_researcher.loop: Frontier gap found: 'Phase 1 — Engine Hardening — Memory wiring, handoff protocol, soul atomicity, agent hardening, MCP consolidation research' (p=0.6) from master_ledger
2026-07-08 21:23:21 [INFO] omega.workers.background_researcher.loop: Frontier gap found: 'Phase 2 — Legacy Mining — Extract 12 quick-win assets, port legacy patterns, compile community content research' (p=0.6) from master_ledger
2026-07-08 21:23:21 [INFO] omega.workers.background_researcher.loop: Frontier gap found: 'Phase 3 — Community Tools — Entity Studio CLI → Visual Builder, Stack Builder Wizard, one-click Omega Desktop research' (p=0.6) from master_ledger
2026-07-08 21:23:21 [INFO] omega.workers.background_researcher.loop: Frontier gap found: 'Phase 4 — The Omegaverse — P2P network protocol, WAD registry, cross-instance entity communication, **Godot/id Tech VR bridge**, soul-to-visual mapping (R-24), **shared VR realms (P2P Metropolis)** research' (p=0.6) from master_ledger
2026-07-08 21:23:21 [INFO] omega.workers.background_researcher.loop: Frontier gap found: 'Knowledge base scaffolding for entity cli_cline' (p=0.5) from entity_gap
2026-07-08 21:23:21 [INFO] omega.workers.background_researcher.loop: Frontier growth complete — enqueued 5 topics from 31 candidates
2026-07-08 21:23:21 [INFO] omega.workers.background_researcher.loop: Researching: 'Phase 1 — Engine Hardening — Memory wiring, handoff protocol, soul atomicity, agent hardening, MCP consolidation research' (priority=0.60)
2026-07-08 21:23:21 [WARNING] omega.workers.background_researcher.searxng_client: SearXNG request failed: 
2026-07-08 21:23:21 [WARNING] omega.workers.background_researcher.searxng_client: SearXNG request failed: 
2026-07-08 21:23:21 [INFO] httpx: HTTP Request: POST https://api.exa.ai/search "HTTP/1.1 200 OK"
2026-07-08 21:23:22 [INFO] httpx: HTTP Request: POST https://generativelanguage.googleapis.com/v1beta/models/gemma-4-31b-it:generateContent "HTTP/1.1 200 OK"
2026-07-08 21:23:22 [INFO] omega.ingestion.guards: Sentry Probe SUCCESS for gemma-4-31b-it on attempt 1
2026-07-08 21:23:23 [WARNING] omega.ingestion.pipeline: T3 Deep Scrape failed for https://github.com/alphaonedev/ai-memory-mcp/blob/main/docs/atomisation.md, falling back to T1
2026-07-08 21:23:23 [WARNING] omega.workers.background_researcher.loop: Sovereign Pipeline failed to ingest https://github.com/alphaonedev/ai-memory-mcp/blob/main/docs/atomisation.md
2026-07-08 21:23:23 [INFO] httpx: HTTP Request: POST https://generativelanguage.googleapis.com/v1beta/models/gemma-4-31b-it:generateContent "HTTP/1.1 200 OK"
2026-07-08 21:23:23 [INFO] omega.ingestion.guards: Sentry Probe SUCCESS for gemma-4-31b-it on attempt 1
2026-07-08 21:23:24 [INFO] urllib3.poolmanager: Redirecting https://blog.vinkius.com/the-agentic-swarm-manifesto-how-vurb-ts-fhp-does-for-mcp-what-kubernetes-did-for-microservices -> https://vinkius.com/blog/the-agentic-swarm-manifesto-how-vurb-ts-fhp-does-for-mcp-what-kubernetes-did-for-microservices
2026-07-08 21:23:24 [ERROR] trafilatura.downloads: not a 200 response: 404 for URL https://blog.vinkius.com/the-agentic-swarm-manifesto-how-vurb-ts-fhp-does-for-mcp-what-kubernetes-did-for-microservices
2026-07-08 21:23:24 [INFO] omega.library.coordinator: Worker stopped: researcher
2026-07-08 21:23:24 [ERROR] omega.researcher.run: Critical failure in research cycle: T1 Fast Scrape failed: Trafilatura failed to fetch URL
Traceback (most recent call last):
  File "/home/arcana-novai/Documents/Xoe-NovAi/omega-engine/src/omega/workers/background_researcher/run.py", line 100, in main
    result = await loop.run_cycle()
             ^^^^^^^^^^^^^^^^^^^^^^
  File "/home/arcana-novai/Documents/Xoe-NovAi/omega-engine/src/omega/workers/background_researcher/loop.py", line 268, in run_cycle
    content = await self._extract(task, sources)
              ^^^^^^^^^^^^^^^^^^^^^^^^^^^^^^^^^^
  File "/home/arcana-novai/Documents/Xoe-NovAi/omega-engine/src/omega/workers/background_researcher/loop.py", line 431, in _extract
    result = await self.pipeline.run_source(url)
             ^^^^^^^^^^^^^^^^^^^^^^^^^^^^^^^^^^^
  File "/home/arcana-novai/Documents/Xoe-NovAi/omega-engine/src/omega/ingestion/pipeline.py", line 187, in run_source
    raise TransportError(f"T1 Fast Scrape failed: {t1_res.error}")
omega.ingestion.ingestion_types.TransportError: T1 Fast Scrape failed: Trafilatura failed to fetch URL
2026-07-08 21:23:57 [WARNING] omega.vault.key_vault: Invalid VAULT_MASTER_KEY: [VaultCryptoError] Invalid master key hex: non-hexadecimal number found in fromhex() arg at position 48
2026-07-08 21:23:57 [WARNING] omega.vault.key_vault: No VAULT_MASTER_KEY set — vault is locked. Falling back to environment variables.
2026-07-08 21:23:57 [INFO] omega.memory.fts: FTS5 index initialized at /home/arcana-novai/Documents/Xoe-NovAi/omega-engine/data/memory/fts_memory.db
2026-07-08 21:23:57 [INFO] omega.oracle.pii_masker: pii-shield loaded: 18 PII types, context-aware detection
2026-07-08 21:23:57 [INFO] omega.researcher.run: Starting research cycle...
2026-07-08 21:23:57 [INFO] omega.library.coordinator: Worker registered: researcher
2026-07-08 21:23:57 [INFO] omega.library.coordinator: Worker started: researcher
2026-07-08 21:23:57 [INFO] omega.workers.background_researcher.loop: Starting research cycle cycle_20260709_002357_1
2026-07-08 21:23:57 [INFO] httpx: HTTP Request: GET https://httpbin.org/get "HTTP/1.1 200 OK"
2026-07-08 21:23:57 [INFO] omega.workers.background_researcher.loop: Frontier gap found: 'Phase 1 — Engine Hardening — Memory wiring, handoff protocol, soul atomicity, agent hardening, MCP consolidation research' (p=0.6) from master_ledger
2026-07-08 21:23:57 [INFO] omega.workers.background_researcher.loop: Frontier gap found: 'Phase 2 — Legacy Mining — Extract 12 quick-win assets, port legacy patterns, compile community content research' (p=0.6) from master_ledger
2026-07-08 21:23:57 [INFO] omega.workers.background_researcher.loop: Frontier gap found: 'Phase 3 — Community Tools — Entity Studio CLI → Visual Builder, Stack Builder Wizard, one-click Omega Desktop research' (p=0.6) from master_ledger
2026-07-08 21:23:57 [INFO] omega.workers.background_researcher.loop: Frontier gap found: 'Phase 4 — The Omegaverse — P2P network protocol, WAD registry, cross-instance entity communication, **Godot/id Tech VR bridge**, soul-to-visual mapping (R-24), **shared VR realms (P2P Metropolis)** research' (p=0.6) from master_ledger
2026-07-08 21:23:57 [INFO] omega.workers.background_researcher.loop: Frontier gap found: 'Knowledge base scaffolding for entity cli_cline' (p=0.5) from entity_gap
2026-07-08 21:23:57 [INFO] omega.workers.background_researcher.loop: Frontier growth complete — enqueued 5 topics from 31 candidates
2026-07-08 21:23:57 [INFO] omega.workers.background_researcher.loop: Researching: 'Phase 1 — Engine Hardening — Memory wiring, handoff protocol, soul atomicity, agent hardening, MCP consolidation research' (priority=0.60)
2026-07-08 21:23:57 [WARNING] omega.workers.background_researcher.searxng_client: SearXNG request failed: 
2026-07-08 21:23:57 [WARNING] omega.workers.background_researcher.searxng_client: SearXNG request failed: 
2026-07-08 21:23:58 [INFO] httpx: HTTP Request: POST https://api.exa.ai/search "HTTP/1.1 200 OK"
2026-07-08 21:23:58 [INFO] httpx: HTTP Request: POST https://generativelanguage.googleapis.com/v1beta/models/gemma-4-31b-it:generateContent "HTTP/1.1 200 OK"
2026-07-08 21:23:58 [INFO] omega.ingestion.guards: Sentry Probe SUCCESS for gemma-4-31b-it on attempt 1
2026-07-08 21:24:00 [WARNING] omega.ingestion.pipeline: T3 Deep Scrape failed for https://github.com/alphaonedev/ai-memory-mcp/blob/main/docs/atomisation.md, falling back to T1
2026-07-08 21:24:00 [WARNING] omega.workers.background_researcher.loop: Sovereign Pipeline failed to ingest https://github.com/alphaonedev/ai-memory-mcp/blob/main/docs/atomisation.md
2026-07-08 21:24:01 [INFO] httpx: HTTP Request: POST https://generativelanguage.googleapis.com/v1beta/models/gemma-4-31b-it:generateContent "HTTP/1.1 200 OK"
2026-07-08 21:24:01 [INFO] omega.ingestion.guards: Sentry Probe SUCCESS for gemma-4-31b-it on attempt 1
2026-07-08 21:24:01 [INFO] urllib3.poolmanager: Redirecting https://blog.vinkius.com/the-agentic-swarm-manifesto-how-vurb-ts-fhp-does-for-mcp-what-kubernetes-did-for-microservices -> https://vinkius.com/blog/the-agentic-swarm-manifesto-how-vurb-ts-fhp-does-for-mcp-what-kubernetes-did-for-microservices
2026-07-08 21:24:02 [ERROR] trafilatura.downloads: not a 200 response: 404 for URL https://blog.vinkius.com/the-agentic-swarm-manifesto-how-vurb-ts-fhp-does-for-mcp-what-kubernetes-did-for-microservices
2026-07-08 21:24:02 [INFO] omega.library.coordinator: Worker stopped: researcher
2026-07-08 21:24:02 [ERROR] omega.researcher.run: Critical failure in research cycle: T1 Fast Scrape failed: Trafilatura failed to fetch URL
Traceback (most recent call last):
  File "/home/arcana-novai/Documents/Xoe-NovAi/omega-engine/src/omega/workers/background_researcher/run.py", line 100, in main
    result = await loop.run_cycle()
             ^^^^^^^^^^^^^^^^^^^^^^
  File "/home/arcana-novai/Documents/Xoe-NovAi/omega-engine/src/omega/workers/background_researcher/loop.py", line 268, in run_cycle
    content = await self._extract(task, sources)
              ^^^^^^^^^^^^^^^^^^^^^^^^^^^^^^^^^^
  File "/home/arcana-novai/Documents/Xoe-NovAi/omega-engine/src/omega/workers/background_researcher/loop.py", line 431, in _extract
    result = await self.pipeline.run_source(url)
             ^^^^^^^^^^^^^^^^^^^^^^^^^^^^^^^^^^^
  File "/home/arcana-novai/Documents/Xoe-NovAi/omega-engine/src/omega/ingestion/pipeline.py", line 187, in run_source
    raise TransportError(f"T1 Fast Scrape failed: {t1_res.error}")
omega.ingestion.ingestion_types.TransportError: T1 Fast Scrape failed: Trafilatura failed to fetch URL
2026-07-08 21:24:34 [WARNING] omega.vault.key_vault: Invalid VAULT_MASTER_KEY: [VaultCryptoError] Invalid master key hex: non-hexadecimal number found in fromhex() arg at position 48
2026-07-08 21:24:34 [WARNING] omega.vault.key_vault: No VAULT_MASTER_KEY set — vault is locked. Falling back to environment variables.
2026-07-08 21:24:34 [INFO] omega.memory.fts: FTS5 index initialized at /home/arcana-novai/Documents/Xoe-NovAi/omega-engine/data/memory/fts_memory.db
2026-07-08 21:24:34 [INFO] omega.oracle.pii_masker: pii-shield loaded: 18 PII types, context-aware detection
2026-07-08 21:24:34 [INFO] omega.researcher.run: Starting research cycle...
2026-07-08 21:24:34 [INFO] omega.library.coordinator: Worker registered: researcher
2026-07-08 21:24:34 [INFO] omega.library.coordinator: Worker started: researcher
2026-07-08 21:24:34 [INFO] omega.workers.background_researcher.loop: Starting research cycle cycle_20260709_002434_1
2026-07-08 21:24:35 [INFO] httpx: HTTP Request: GET https://httpbin.org/get "HTTP/1.1 200 OK"
2026-07-08 21:24:35 [INFO] omega.workers.background_researcher.loop: Frontier gap found: 'Phase 1 — Engine Hardening — Memory wiring, handoff protocol, soul atomicity, agent hardening, MCP consolidation research' (p=0.6) from master_ledger
2026-07-08 21:24:35 [INFO] omega.workers.background_researcher.loop: Frontier gap found: 'Phase 2 — Legacy Mining — Extract 12 quick-win assets, port legacy patterns, compile community content research' (p=0.6) from master_ledger
2026-07-08 21:24:35 [INFO] omega.workers.background_researcher.loop: Frontier gap found: 'Phase 3 — Community Tools — Entity Studio CLI → Visual Builder, Stack Builder Wizard, one-click Omega Desktop research' (p=0.6) from master_ledger
2026-07-08 21:24:35 [INFO] omega.workers.background_researcher.loop: Frontier gap found: 'Phase 4 — The Omegaverse — P2P network protocol, WAD registry, cross-instance entity communication, **Godot/id Tech VR bridge**, soul-to-visual mapping (R-24), **shared VR realms (P2P Metropolis)** research' (p=0.6) from master_ledger
2026-07-08 21:24:35 [INFO] omega.workers.background_researcher.loop: Frontier gap found: 'Knowledge base scaffolding for entity cli_cline' (p=0.5) from entity_gap
2026-07-08 21:24:35 [INFO] omega.workers.background_researcher.loop: Frontier growth complete — enqueued 5 topics from 31 candidates
2026-07-08 21:24:35 [INFO] omega.workers.background_researcher.loop: Researching: 'Phase 1 — Engine Hardening — Memory wiring, handoff protocol, soul atomicity, agent hardening, MCP consolidation research' (priority=0.60)
2026-07-08 21:24:35 [WARNING] omega.workers.background_researcher.searxng_client: SearXNG request failed: 
2026-07-08 21:24:35 [WARNING] omega.workers.background_researcher.searxng_client: SearXNG request failed: Server disconnected without sending a response.
2026-07-08 21:24:36 [INFO] httpx: HTTP Request: POST https://api.exa.ai/search "HTTP/1.1 200 OK"
2026-07-08 21:24:38 [INFO] httpx: HTTP Request: POST https://generativelanguage.googleapis.com/v1beta/models/gemma-4-31b-it:generateContent "HTTP/1.1 200 OK"
2026-07-08 21:24:38 [INFO] omega.ingestion.guards: Sentry Probe SUCCESS for gemma-4-31b-it on attempt 1
2026-07-08 21:24:39 [WARNING] omega.ingestion.pipeline: T3 Deep Scrape failed for https://github.com/alphaonedev/ai-memory-mcp/blob/main/docs/atomisation.md, falling back to T1
2026-07-08 21:24:39 [WARNING] omega.workers.background_researcher.loop: Sovereign Pipeline failed to ingest https://github.com/alphaonedev/ai-memory-mcp/blob/main/docs/atomisation.md
2026-07-08 21:24:40 [INFO] httpx: HTTP Request: POST https://generativelanguage.googleapis.com/v1beta/models/gemma-4-31b-it:generateContent "HTTP/1.1 200 OK"
2026-07-08 21:24:40 [INFO] omega.ingestion.guards: Sentry Probe SUCCESS for gemma-4-31b-it on attempt 1
2026-07-08 21:24:40 [INFO] urllib3.poolmanager: Redirecting https://blog.vinkius.com/the-agentic-swarm-manifesto-how-vurb-ts-fhp-does-for-mcp-what-kubernetes-did-for-microservices -> https://vinkius.com/blog/the-agentic-swarm-manifesto-how-vurb-ts-fhp-does-for-mcp-what-kubernetes-did-for-microservices
2026-07-08 21:24:41 [ERROR] trafilatura.downloads: not a 200 response: 404 for URL https://blog.vinkius.com/the-agentic-swarm-manifesto-how-vurb-ts-fhp-does-for-mcp-what-kubernetes-did-for-microservices
2026-07-08 21:24:41 [INFO] omega.library.coordinator: Worker stopped: researcher
2026-07-08 21:24:41 [ERROR] omega.researcher.run: Critical failure in research cycle: T1 Fast Scrape failed: Trafilatura failed to fetch URL
Traceback (most recent call last):
  File "/home/arcana-novai/Documents/Xoe-NovAi/omega-engine/src/omega/workers/background_researcher/run.py", line 100, in main
    result = await loop.run_cycle()
             ^^^^^^^^^^^^^^^^^^^^^^
  File "/home/arcana-novai/Documents/Xoe-NovAi/omega-engine/src/omega/workers/background_researcher/loop.py", line 268, in run_cycle
    content = await self._extract(task, sources)
              ^^^^^^^^^^^^^^^^^^^^^^^^^^^^^^^^^^
  File "/home/arcana-novai/Documents/Xoe-NovAi/omega-engine/src/omega/workers/background_researcher/loop.py", line 431, in _extract
    result = await self.pipeline.run_source(url)
             ^^^^^^^^^^^^^^^^^^^^^^^^^^^^^^^^^^^
  File "/home/arcana-novai/Documents/Xoe-NovAi/omega-engine/src/omega/ingestion/pipeline.py", line 187, in run_source
    raise TransportError(f"T1 Fast Scrape failed: {t1_res.error}")
omega.ingestion.ingestion_types.TransportError: T1 Fast Scrape failed: Trafilatura failed to fetch URL
2026-07-08 21:25:13 [WARNING] omega.vault.key_vault: Invalid VAULT_MASTER_KEY: [VaultCryptoError] Invalid master key hex: non-hexadecimal number found in fromhex() arg at position 48
2026-07-08 21:25:13 [WARNING] omega.vault.key_vault: No VAULT_MASTER_KEY set — vault is locked. Falling back to environment variables.
2026-07-08 21:25:13 [INFO] omega.memory.fts: FTS5 index initialized at /home/arcana-novai/Documents/Xoe-NovAi/omega-engine/data/memory/fts_memory.db
2026-07-08 21:25:13 [INFO] omega.oracle.pii_masker: pii-shield loaded: 18 PII types, context-aware detection
2026-07-08 21:25:13 [INFO] omega.researcher.run: Starting research cycle...
2026-07-08 21:25:13 [INFO] omega.library.coordinator: Worker registered: researcher
2026-07-08 21:25:13 [INFO] omega.library.coordinator: Worker started: researcher
2026-07-08 21:25:13 [INFO] omega.workers.background_researcher.loop: Starting research cycle cycle_20260709_002513_1
2026-07-08 21:25:15 [INFO] httpx: HTTP Request: GET https://httpbin.org/get "HTTP/1.1 200 OK"
2026-07-08 21:25:15 [INFO] omega.workers.background_researcher.loop: Frontier gap found: 'Phase 1 — Engine Hardening — Memory wiring, handoff protocol, soul atomicity, agent hardening, MCP consolidation research' (p=0.6) from master_ledger
2026-07-08 21:25:15 [INFO] omega.workers.background_researcher.loop: Frontier gap found: 'Phase 2 — Legacy Mining — Extract 12 quick-win assets, port legacy patterns, compile community content research' (p=0.6) from master_ledger
2026-07-08 21:25:15 [INFO] omega.workers.background_researcher.loop: Frontier gap found: 'Phase 3 — Community Tools — Entity Studio CLI → Visual Builder, Stack Builder Wizard, one-click Omega Desktop research' (p=0.6) from master_ledger
2026-07-08 21:25:15 [INFO] omega.workers.background_researcher.loop: Frontier gap found: 'Phase 4 — The Omegaverse — P2P network protocol, WAD registry, cross-instance entity communication, **Godot/id Tech VR bridge**, soul-to-visual mapping (R-24), **shared VR realms (P2P Metropolis)** research' (p=0.6) from master_ledger
2026-07-08 21:25:15 [INFO] omega.workers.background_researcher.loop: Frontier gap found: 'Knowledge base scaffolding for entity cli_cline' (p=0.5) from entity_gap
2026-07-08 21:25:15 [INFO] omega.workers.background_researcher.loop: Frontier growth complete — enqueued 5 topics from 31 candidates
2026-07-08 21:25:15 [INFO] omega.workers.background_researcher.loop: Researching: 'Phase 1 — Engine Hardening — Memory wiring, handoff protocol, soul atomicity, agent hardening, MCP consolidation research' (priority=0.60)
2026-07-08 21:25:15 [WARNING] omega.workers.background_researcher.searxng_client: SearXNG request failed: 
2026-07-08 21:25:15 [WARNING] omega.workers.background_researcher.searxng_client: SearXNG request failed: 
2026-07-08 21:25:17 [INFO] httpx: HTTP Request: POST https://api.exa.ai/search "HTTP/1.1 200 OK"
2026-07-08 21:25:18 [INFO] httpx: HTTP Request: POST https://generativelanguage.googleapis.com/v1beta/models/gemma-4-31b-it:generateContent "HTTP/1.1 200 OK"
2026-07-08 21:25:18 [INFO] omega.ingestion.guards: Sentry Probe SUCCESS for gemma-4-31b-it on attempt 1
2026-07-08 21:25:20 [WARNING] omega.ingestion.pipeline: T3 Deep Scrape failed for https://github.com/alphaonedev/ai-memory-mcp/blob/main/docs/atomisation.md, falling back to T1
2026-07-08 21:25:20 [WARNING] omega.workers.background_researcher.loop: Sovereign Pipeline failed to ingest https://github.com/alphaonedev/ai-memory-mcp/blob/main/docs/atomisation.md
2026-07-08 21:25:21 [INFO] httpx: HTTP Request: POST https://generativelanguage.googleapis.com/v1beta/models/gemma-4-31b-it:generateContent "HTTP/1.1 200 OK"
2026-07-08 21:25:21 [INFO] omega.ingestion.guards: Sentry Probe SUCCESS for gemma-4-31b-it on attempt 1
2026-07-08 21:25:21 [INFO] urllib3.poolmanager: Redirecting https://blog.vinkius.com/the-agentic-swarm-manifesto-how-vurb-ts-fhp-does-for-mcp-what-kubernetes-did-for-microservices -> https://vinkius.com/blog/the-agentic-swarm-manifesto-how-vurb-ts-fhp-does-for-mcp-what-kubernetes-did-for-microservices
2026-07-08 21:25:22 [ERROR] trafilatura.downloads: not a 200 response: 404 for URL https://blog.vinkius.com/the-agentic-swarm-manifesto-how-vurb-ts-fhp-does-for-mcp-what-kubernetes-did-for-microservices
2026-07-08 21:25:22 [INFO] omega.library.coordinator: Worker stopped: researcher
2026-07-08 21:25:22 [ERROR] omega.researcher.run: Critical failure in research cycle: T1 Fast Scrape failed: Trafilatura failed to fetch URL
Traceback (most recent call last):
  File "/home/arcana-novai/Documents/Xoe-NovAi/omega-engine/src/omega/workers/background_researcher/run.py", line 100, in main
    result = await loop.run_cycle()
             ^^^^^^^^^^^^^^^^^^^^^^
  File "/home/arcana-novai/Documents/Xoe-NovAi/omega-engine/src/omega/workers/background_researcher/loop.py", line 268, in run_cycle
    content = await self._extract(task, sources)
              ^^^^^^^^^^^^^^^^^^^^^^^^^^^^^^^^^^
  File "/home/arcana-novai/Documents/Xoe-NovAi/omega-engine/src/omega/workers/background_researcher/loop.py", line 431, in _extract
    result = await self.pipeline.run_source(url)
             ^^^^^^^^^^^^^^^^^^^^^^^^^^^^^^^^^^^
  File "/home/arcana-novai/Documents/Xoe-NovAi/omega-engine/src/omega/ingestion/pipeline.py", line 187, in run_source
    raise TransportError(f"T1 Fast Scrape failed: {t1_res.error}")
omega.ingestion.ingestion_types.TransportError: T1 Fast Scrape failed: Trafilatura failed to fetch URL
2026-07-08 21:25:54 [WARNING] omega.vault.key_vault: Invalid VAULT_MASTER_KEY: [VaultCryptoError] Invalid master key hex: non-hexadecimal number found in fromhex() arg at position 48
2026-07-08 21:25:54 [WARNING] omega.vault.key_vault: No VAULT_MASTER_KEY set — vault is locked. Falling back to environment variables.
2026-07-08 21:25:54 [INFO] omega.memory.fts: FTS5 index initialized at /home/arcana-novai/Documents/Xoe-NovAi/omega-engine/data/memory/fts_memory.db
2026-07-08 21:25:54 [INFO] omega.oracle.pii_masker: pii-shield loaded: 18 PII types, context-aware detection
2026-07-08 21:25:54 [INFO] omega.researcher.run: Starting research cycle...
2026-07-08 21:25:54 [INFO] omega.library.coordinator: Worker registered: researcher
2026-07-08 21:25:54 [INFO] omega.library.coordinator: Worker started: researcher
2026-07-08 21:25:54 [INFO] omega.workers.background_researcher.loop: Starting research cycle cycle_20260709_002554_1
2026-07-08 21:25:54 [INFO] httpx: HTTP Request: GET https://httpbin.org/get "HTTP/1.1 200 OK"
2026-07-08 21:25:54 [INFO] omega.workers.background_researcher.loop: Frontier gap found: 'Phase 1 — Engine Hardening — Memory wiring, handoff protocol, soul atomicity, agent hardening, MCP consolidation research' (p=0.6) from master_ledger
2026-07-08 21:25:54 [INFO] omega.workers.background_researcher.loop: Frontier gap found: 'Phase 2 — Legacy Mining — Extract 12 quick-win assets, port legacy patterns, compile community content research' (p=0.6) from master_ledger
2026-07-08 21:25:54 [INFO] omega.workers.background_researcher.loop: Frontier gap found: 'Phase 3 — Community Tools — Entity Studio CLI → Visual Builder, Stack Builder Wizard, one-click Omega Desktop research' (p=0.6) from master_ledger
2026-07-08 21:25:54 [INFO] omega.workers.background_researcher.loop: Frontier gap found: 'Phase 4 — The Omegaverse — P2P network protocol, WAD registry, cross-instance entity communication, **Godot/id Tech VR bridge**, soul-to-visual mapping (R-24), **shared VR realms (P2P Metropolis)** research' (p=0.6) from master_ledger
2026-07-08 21:25:54 [INFO] omega.workers.background_researcher.loop: Frontier gap found: 'Knowledge base scaffolding for entity cli_cline' (p=0.5) from entity_gap
2026-07-08 21:25:54 [INFO] omega.workers.background_researcher.loop: Frontier growth complete — enqueued 5 topics from 31 candidates
2026-07-08 21:25:54 [INFO] omega.workers.background_researcher.loop: Researching: 'Phase 1 — Engine Hardening — Memory wiring, handoff protocol, soul atomicity, agent hardening, MCP consolidation research' (priority=0.60)
2026-07-08 21:25:54 [WARNING] omega.workers.background_researcher.searxng_client: SearXNG request failed: 
2026-07-08 21:25:54 [WARNING] omega.workers.background_researcher.searxng_client: SearXNG request failed: 
2026-07-08 21:25:55 [INFO] httpx: HTTP Request: POST https://api.exa.ai/search "HTTP/1.1 200 OK"
2026-07-08 21:25:59 [INFO] httpx: HTTP Request: POST https://generativelanguage.googleapis.com/v1beta/models/gemma-4-31b-it:generateContent "HTTP/1.1 200 OK"
2026-07-08 21:25:59 [INFO] omega.ingestion.guards: Sentry Probe SUCCESS for gemma-4-31b-it on attempt 1
2026-07-08 21:26:01 [WARNING] omega.ingestion.pipeline: T3 Deep Scrape failed for https://github.com/alphaonedev/ai-memory-mcp/blob/main/docs/atomisation.md, falling back to T1
2026-07-08 21:26:01 [WARNING] omega.workers.background_researcher.loop: Sovereign Pipeline failed to ingest https://github.com/alphaonedev/ai-memory-mcp/blob/main/docs/atomisation.md
2026-07-08 21:26:06 [INFO] httpx: HTTP Request: POST https://generativelanguage.googleapis.com/v1beta/models/gemma-4-31b-it:generateContent "HTTP/1.1 200 OK"
2026-07-08 21:26:06 [INFO] omega.ingestion.guards: Sentry Probe SUCCESS for gemma-4-31b-it on attempt 1
2026-07-08 21:26:06 [INFO] urllib3.poolmanager: Redirecting https://blog.vinkius.com/the-agentic-swarm-manifesto-how-vurb-ts-fhp-does-for-mcp-what-kubernetes-did-for-microservices -> https://vinkius.com/blog/the-agentic-swarm-manifesto-how-vurb-ts-fhp-does-for-mcp-what-kubernetes-did-for-microservices
2026-07-08 21:26:07 [ERROR] trafilatura.downloads: not a 200 response: 404 for URL https://blog.vinkius.com/the-agentic-swarm-manifesto-how-vurb-ts-fhp-does-for-mcp-what-kubernetes-did-for-microservices
2026-07-08 21:26:07 [INFO] omega.library.coordinator: Worker stopped: researcher
2026-07-08 21:26:07 [ERROR] omega.researcher.run: Critical failure in research cycle: T1 Fast Scrape failed: Trafilatura failed to fetch URL
Traceback (most recent call last):
  File "/home/arcana-novai/Documents/Xoe-NovAi/omega-engine/src/omega/workers/background_researcher/run.py", line 100, in main
    result = await loop.run_cycle()
             ^^^^^^^^^^^^^^^^^^^^^^
  File "/home/arcana-novai/Documents/Xoe-NovAi/omega-engine/src/omega/workers/background_researcher/loop.py", line 268, in run_cycle
    content = await self._extract(task, sources)
              ^^^^^^^^^^^^^^^^^^^^^^^^^^^^^^^^^^
  File "/home/arcana-novai/Documents/Xoe-NovAi/omega-engine/src/omega/workers/background_researcher/loop.py", line 431, in _extract
    result = await self.pipeline.run_source(url)
             ^^^^^^^^^^^^^^^^^^^^^^^^^^^^^^^^^^^
  File "/home/arcana-novai/Documents/Xoe-NovAi/omega-engine/src/omega/ingestion/pipeline.py", line 187, in run_source
    raise TransportError(f"T1 Fast Scrape failed: {t1_res.error}")
omega.ingestion.ingestion_types.TransportError: T1 Fast Scrape failed: Trafilatura failed to fetch URL
2026-07-08 21:26:39 [WARNING] omega.vault.key_vault: Invalid VAULT_MASTER_KEY: [VaultCryptoError] Invalid master key hex: non-hexadecimal number found in fromhex() arg at position 48
2026-07-08 21:26:39 [WARNING] omega.vault.key_vault: No VAULT_MASTER_KEY set — vault is locked. Falling back to environment variables.
2026-07-08 21:26:39 [INFO] omega.memory.fts: FTS5 index initialized at /home/arcana-novai/Documents/Xoe-NovAi/omega-engine/data/memory/fts_memory.db
2026-07-08 21:26:39 [INFO] omega.oracle.pii_masker: pii-shield loaded: 18 PII types, context-aware detection
2026-07-08 21:26:39 [INFO] omega.researcher.run: Starting research cycle...
2026-07-08 21:26:39 [INFO] omega.library.coordinator: Worker registered: researcher
2026-07-08 21:26:39 [INFO] omega.library.coordinator: Worker started: researcher
2026-07-08 21:26:39 [INFO] omega.workers.background_researcher.loop: Starting research cycle cycle_20260709_002639_1
2026-07-08 21:26:40 [INFO] httpx: HTTP Request: GET https://httpbin.org/get "HTTP/1.1 200 OK"
2026-07-08 21:26:40 [INFO] omega.workers.background_researcher.loop: Frontier gap found: 'Phase 1 — Engine Hardening — Memory wiring, handoff protocol, soul atomicity, agent hardening, MCP consolidation research' (p=0.6) from master_ledger
2026-07-08 21:26:40 [INFO] omega.workers.background_researcher.loop: Frontier gap found: 'Phase 2 — Legacy Mining — Extract 12 quick-win assets, port legacy patterns, compile community content research' (p=0.6) from master_ledger
2026-07-08 21:26:40 [INFO] omega.workers.background_researcher.loop: Frontier gap found: 'Phase 3 — Community Tools — Entity Studio CLI → Visual Builder, Stack Builder Wizard, one-click Omega Desktop research' (p=0.6) from master_ledger
2026-07-08 21:26:40 [INFO] omega.workers.background_researcher.loop: Frontier gap found: 'Phase 4 — The Omegaverse — P2P network protocol, WAD registry, cross-instance entity communication, **Godot/id Tech VR bridge**, soul-to-visual mapping (R-24), **shared VR realms (P2P Metropolis)** research' (p=0.6) from master_ledger
2026-07-08 21:26:40 [INFO] omega.workers.background_researcher.loop: Frontier gap found: 'Knowledge base scaffolding for entity cli_cline' (p=0.5) from entity_gap
2026-07-08 21:26:40 [INFO] omega.workers.background_researcher.loop: Frontier growth complete — enqueued 5 topics from 31 candidates
2026-07-08 21:26:40 [INFO] omega.workers.background_researcher.loop: Researching: 'Phase 1 — Engine Hardening — Memory wiring, handoff protocol, soul atomicity, agent hardening, MCP consolidation research' (priority=0.60)
2026-07-08 21:26:40 [WARNING] omega.workers.background_researcher.searxng_client: SearXNG request failed: 
2026-07-08 21:26:40 [WARNING] omega.workers.background_researcher.searxng_client: SearXNG request failed: 
2026-07-08 21:26:41 [INFO] httpx: HTTP Request: POST https://api.exa.ai/search "HTTP/1.1 200 OK"
2026-07-08 21:26:56 [INFO] httpx: HTTP Request: POST https://generativelanguage.googleapis.com/v1beta/models/gemma-4-31b-it:generateContent "HTTP/1.1 200 OK"
2026-07-08 21:26:56 [INFO] omega.ingestion.guards: Sentry Probe SUCCESS for gemma-4-31b-it on attempt 1
2026-07-08 21:27:03 [WARNING] omega.ingestion.pipeline: T3 Deep Scrape failed for https://github.com/alphaonedev/ai-memory-mcp/blob/main/docs/atomisation.md, falling back to T1
2026-07-08 21:27:03 [WARNING] omega.workers.background_researcher.loop: Sovereign Pipeline failed to ingest https://github.com/alphaonedev/ai-memory-mcp/blob/main/docs/atomisation.md
2026-07-08 21:27:03 [INFO] httpx: HTTP Request: POST https://generativelanguage.googleapis.com/v1beta/models/gemma-4-31b-it:generateContent "HTTP/1.1 200 OK"
2026-07-08 21:27:03 [INFO] omega.ingestion.guards: Sentry Probe SUCCESS for gemma-4-31b-it on attempt 1
2026-07-08 21:27:04 [INFO] urllib3.poolmanager: Redirecting https://blog.vinkius.com/the-agentic-swarm-manifesto-how-vurb-ts-fhp-does-for-mcp-what-kubernetes-did-for-microservices -> https://vinkius.com/blog/the-agentic-swarm-manifesto-how-vurb-ts-fhp-does-for-mcp-what-kubernetes-did-for-microservices
2026-07-08 21:27:04 [ERROR] trafilatura.downloads: not a 200 response: 404 for URL https://blog.vinkius.com/the-agentic-swarm-manifesto-how-vurb-ts-fhp-does-for-mcp-what-kubernetes-did-for-microservices
2026-07-08 21:27:04 [INFO] omega.library.coordinator: Worker stopped: researcher
2026-07-08 21:27:04 [ERROR] omega.researcher.run: Critical failure in research cycle: T1 Fast Scrape failed: Trafilatura failed to fetch URL
Traceback (most recent call last):
  File "/home/arcana-novai/Documents/Xoe-NovAi/omega-engine/src/omega/workers/background_researcher/run.py", line 100, in main
    result = await loop.run_cycle()
             ^^^^^^^^^^^^^^^^^^^^^^
  File "/home/arcana-novai/Documents/Xoe-NovAi/omega-engine/src/omega/workers/background_researcher/loop.py", line 268, in run_cycle
    content = await self._extract(task, sources)
              ^^^^^^^^^^^^^^^^^^^^^^^^^^^^^^^^^^
  File "/home/arcana-novai/Documents/Xoe-NovAi/omega-engine/src/omega/workers/background_researcher/loop.py", line 431, in _extract
    result = await self.pipeline.run_source(url)
             ^^^^^^^^^^^^^^^^^^^^^^^^^^^^^^^^^^^
  File "/home/arcana-novai/Documents/Xoe-NovAi/omega-engine/src/omega/ingestion/pipeline.py", line 187, in run_source
    raise TransportError(f"T1 Fast Scrape failed: {t1_res.error}")
omega.ingestion.ingestion_types.TransportError: T1 Fast Scrape failed: Trafilatura failed to fetch URL
2026-07-08 21:27:36 [WARNING] omega.vault.key_vault: Invalid VAULT_MASTER_KEY: [VaultCryptoError] Invalid master key hex: non-hexadecimal number found in fromhex() arg at position 48
2026-07-08 21:27:36 [WARNING] omega.vault.key_vault: No VAULT_MASTER_KEY set — vault is locked. Falling back to environment variables.
2026-07-08 21:27:36 [INFO] omega.memory.fts: FTS5 index initialized at /home/arcana-novai/Documents/Xoe-NovAi/omega-engine/data/memory/fts_memory.db
2026-07-08 21:27:36 [INFO] omega.oracle.pii_masker: pii-shield loaded: 18 PII types, context-aware detection
2026-07-08 21:27:36 [INFO] omega.researcher.run: Starting research cycle...
2026-07-08 21:27:36 [INFO] omega.library.coordinator: Worker registered: researcher
2026-07-08 21:27:36 [INFO] omega.library.coordinator: Worker started: researcher
2026-07-08 21:27:36 [INFO] omega.workers.background_researcher.loop: Starting research cycle cycle_20260709_002736_1
2026-07-08 21:27:37 [INFO] httpx: HTTP Request: GET https://httpbin.org/get "HTTP/1.1 200 OK"
2026-07-08 21:27:37 [INFO] omega.workers.background_researcher.loop: Frontier gap found: 'Phase 1 — Engine Hardening — Memory wiring, handoff protocol, soul atomicity, agent hardening, MCP consolidation research' (p=0.6) from master_ledger
2026-07-08 21:27:37 [INFO] omega.workers.background_researcher.loop: Frontier gap found: 'Phase 2 — Legacy Mining — Extract 12 quick-win assets, port legacy patterns, compile community content research' (p=0.6) from master_ledger
2026-07-08 21:27:37 [INFO] omega.workers.background_researcher.loop: Frontier gap found: 'Phase 3 — Community Tools — Entity Studio CLI → Visual Builder, Stack Builder Wizard, one-click Omega Desktop research' (p=0.6) from master_ledger
2026-07-08 21:27:37 [INFO] omega.workers.background_researcher.loop: Frontier gap found: 'Phase 4 — The Omegaverse — P2P network protocol, WAD registry, cross-instance entity communication, **Godot/id Tech VR bridge**, soul-to-visual mapping (R-24), **shared VR realms (P2P Metropolis)** research' (p=0.6) from master_ledger
2026-07-08 21:27:37 [INFO] omega.workers.background_researcher.loop: Frontier gap found: 'Knowledge base scaffolding for entity cli_cline' (p=0.5) from entity_gap
2026-07-08 21:27:37 [INFO] omega.workers.background_researcher.loop: Frontier growth complete — enqueued 5 topics from 31 candidates
2026-07-08 21:27:37 [INFO] omega.workers.background_researcher.loop: Researching: 'Phase 1 — Engine Hardening — Memory wiring, handoff protocol, soul atomicity, agent hardening, MCP consolidation research' (priority=0.60)
2026-07-08 21:27:37 [WARNING] omega.workers.background_researcher.searxng_client: SearXNG request failed: 
2026-07-08 21:27:37 [WARNING] omega.workers.background_researcher.searxng_client: SearXNG request failed: 
2026-07-08 21:27:37 [INFO] httpx: HTTP Request: POST https://api.exa.ai/search "HTTP/1.1 200 OK"
2026-07-08 21:27:38 [INFO] httpx: HTTP Request: POST https://generativelanguage.googleapis.com/v1beta/models/gemma-4-31b-it:generateContent "HTTP/1.1 200 OK"
2026-07-08 21:27:38 [INFO] omega.ingestion.guards: Sentry Probe SUCCESS for gemma-4-31b-it on attempt 1
2026-07-08 21:27:39 [WARNING] omega.ingestion.pipeline: T3 Deep Scrape failed for https://github.com/alphaonedev/ai-memory-mcp/blob/main/docs/atomisation.md, falling back to T1
2026-07-08 21:27:39 [WARNING] omega.workers.background_researcher.loop: Sovereign Pipeline failed to ingest https://github.com/alphaonedev/ai-memory-mcp/blob/main/docs/atomisation.md
2026-07-08 21:27:40 [INFO] httpx: HTTP Request: POST https://generativelanguage.googleapis.com/v1beta/models/gemma-4-31b-it:generateContent "HTTP/1.1 200 OK"
2026-07-08 21:27:40 [INFO] omega.ingestion.guards: Sentry Probe SUCCESS for gemma-4-31b-it on attempt 1
2026-07-08 21:27:40 [INFO] urllib3.poolmanager: Redirecting https://blog.vinkius.com/the-agentic-swarm-manifesto-how-vurb-ts-fhp-does-for-mcp-what-kubernetes-did-for-microservices -> https://vinkius.com/blog/the-agentic-swarm-manifesto-how-vurb-ts-fhp-does-for-mcp-what-kubernetes-did-for-microservices
2026-07-08 21:27:40 [ERROR] trafilatura.downloads: not a 200 response: 404 for URL https://blog.vinkius.com/the-agentic-swarm-manifesto-how-vurb-ts-fhp-does-for-mcp-what-kubernetes-did-for-microservices
2026-07-08 21:27:40 [INFO] omega.library.coordinator: Worker stopped: researcher
2026-07-08 21:27:40 [ERROR] omega.researcher.run: Critical failure in research cycle: T1 Fast Scrape failed: Trafilatura failed to fetch URL
Traceback (most recent call last):
  File "/home/arcana-novai/Documents/Xoe-NovAi/omega-engine/src/omega/workers/background_researcher/run.py", line 100, in main
    result = await loop.run_cycle()
             ^^^^^^^^^^^^^^^^^^^^^^
  File "/home/arcana-novai/Documents/Xoe-NovAi/omega-engine/src/omega/workers/background_researcher/loop.py", line 268, in run_cycle
    content = await self._extract(task, sources)
              ^^^^^^^^^^^^^^^^^^^^^^^^^^^^^^^^^^
  File "/home/arcana-novai/Documents/Xoe-NovAi/omega-engine/src/omega/workers/background_researcher/loop.py", line 431, in _extract
    result = await self.pipeline.run_source(url)
             ^^^^^^^^^^^^^^^^^^^^^^^^^^^^^^^^^^^
  File "/home/arcana-novai/Documents/Xoe-NovAi/omega-engine/src/omega/ingestion/pipeline.py", line 187, in run_source
    raise TransportError(f"T1 Fast Scrape failed: {t1_res.error}")
omega.ingestion.ingestion_types.TransportError: T1 Fast Scrape failed: Trafilatura failed to fetch URL
2026-07-08 21:28:13 [WARNING] omega.vault.key_vault: Invalid VAULT_MASTER_KEY: [VaultCryptoError] Invalid master key hex: non-hexadecimal number found in fromhex() arg at position 48
2026-07-08 21:28:13 [WARNING] omega.vault.key_vault: No VAULT_MASTER_KEY set — vault is locked. Falling back to environment variables.
2026-07-08 21:28:13 [INFO] omega.memory.fts: FTS5 index initialized at /home/arcana-novai/Documents/Xoe-NovAi/omega-engine/data/memory/fts_memory.db
2026-07-08 21:28:13 [INFO] omega.oracle.pii_masker: pii-shield loaded: 18 PII types, context-aware detection
2026-07-08 21:28:13 [INFO] omega.researcher.run: Starting research cycle...
2026-07-08 21:28:13 [INFO] omega.library.coordinator: Worker registered: researcher
2026-07-08 21:28:13 [INFO] omega.library.coordinator: Worker started: researcher
2026-07-08 21:28:13 [INFO] omega.workers.background_researcher.loop: Starting research cycle cycle_20260709_002813_1
2026-07-08 21:28:13 [INFO] httpx: HTTP Request: GET https://httpbin.org/get "HTTP/1.1 200 OK"
2026-07-08 21:28:13 [INFO] omega.workers.background_researcher.loop: Frontier gap found: 'Phase 1 — Engine Hardening — Memory wiring, handoff protocol, soul atomicity, agent hardening, MCP consolidation research' (p=0.6) from master_ledger
2026-07-08 21:28:13 [INFO] omega.workers.background_researcher.loop: Frontier gap found: 'Phase 2 — Legacy Mining — Extract 12 quick-win assets, port legacy patterns, compile community content research' (p=0.6) from master_ledger
2026-07-08 21:28:13 [INFO] omega.workers.background_researcher.loop: Frontier gap found: 'Phase 3 — Community Tools — Entity Studio CLI → Visual Builder, Stack Builder Wizard, one-click Omega Desktop research' (p=0.6) from master_ledger
2026-07-08 21:28:13 [INFO] omega.workers.background_researcher.loop: Frontier gap found: 'Phase 4 — The Omegaverse — P2P network protocol, WAD registry, cross-instance entity communication, **Godot/id Tech VR bridge**, soul-to-visual mapping (R-24), **shared VR realms (P2P Metropolis)** research' (p=0.6) from master_ledger
2026-07-08 21:28:13 [INFO] omega.workers.background_researcher.loop: Frontier gap found: 'Knowledge base scaffolding for entity cli_cline' (p=0.5) from entity_gap
2026-07-08 21:28:13 [INFO] omega.workers.background_researcher.loop: Frontier growth complete — enqueued 5 topics from 31 candidates
2026-07-08 21:28:13 [INFO] omega.workers.background_researcher.loop: Researching: 'Phase 1 — Engine Hardening — Memory wiring, handoff protocol, soul atomicity, agent hardening, MCP consolidation research' (priority=0.60)
2026-07-08 21:28:13 [WARNING] omega.workers.background_researcher.searxng_client: SearXNG request failed: 
2026-07-08 21:28:13 [WARNING] omega.workers.background_researcher.searxng_client: SearXNG request failed: 
2026-07-08 21:28:14 [INFO] httpx: HTTP Request: POST https://api.exa.ai/search "HTTP/1.1 200 OK"
2026-07-08 21:28:17 [INFO] httpx: HTTP Request: POST https://generativelanguage.googleapis.com/v1beta/models/gemma-4-31b-it:generateContent "HTTP/1.1 200 OK"
2026-07-08 21:28:17 [INFO] omega.ingestion.guards: Sentry Probe SUCCESS for gemma-4-31b-it on attempt 1
2026-07-08 21:28:18 [WARNING] omega.ingestion.pipeline: T3 Deep Scrape failed for https://github.com/alphaonedev/ai-memory-mcp/blob/main/docs/atomisation.md, falling back to T1
2026-07-08 21:28:18 [WARNING] omega.workers.background_researcher.loop: Sovereign Pipeline failed to ingest https://github.com/alphaonedev/ai-memory-mcp/blob/main/docs/atomisation.md
2026-07-08 21:28:24 [INFO] httpx: HTTP Request: POST https://generativelanguage.googleapis.com/v1beta/models/gemma-4-31b-it:generateContent "HTTP/1.1 200 OK"
2026-07-08 21:28:24 [INFO] omega.ingestion.guards: Sentry Probe SUCCESS for gemma-4-31b-it on attempt 1
2026-07-08 21:28:25 [INFO] urllib3.poolmanager: Redirecting https://blog.vinkius.com/the-agentic-swarm-manifesto-how-vurb-ts-fhp-does-for-mcp-what-kubernetes-did-for-microservices -> https://vinkius.com/blog/the-agentic-swarm-manifesto-how-vurb-ts-fhp-does-for-mcp-what-kubernetes-did-for-microservices
2026-07-08 21:28:25 [ERROR] trafilatura.downloads: not a 200 response: 404 for URL https://blog.vinkius.com/the-agentic-swarm-manifesto-how-vurb-ts-fhp-does-for-mcp-what-kubernetes-did-for-microservices
2026-07-08 21:28:25 [INFO] omega.library.coordinator: Worker stopped: researcher
2026-07-08 21:28:25 [ERROR] omega.researcher.run: Critical failure in research cycle: T1 Fast Scrape failed: Trafilatura failed to fetch URL
Traceback (most recent call last):
  File "/home/arcana-novai/Documents/Xoe-NovAi/omega-engine/src/omega/workers/background_researcher/run.py", line 100, in main
    result = await loop.run_cycle()
             ^^^^^^^^^^^^^^^^^^^^^^
  File "/home/arcana-novai/Documents/Xoe-NovAi/omega-engine/src/omega/workers/background_researcher/loop.py", line 268, in run_cycle
    content = await self._extract(task, sources)
              ^^^^^^^^^^^^^^^^^^^^^^^^^^^^^^^^^^
  File "/home/arcana-novai/Documents/Xoe-NovAi/omega-engine/src/omega/workers/background_researcher/loop.py", line 431, in _extract
    result = await self.pipeline.run_source(url)
             ^^^^^^^^^^^^^^^^^^^^^^^^^^^^^^^^^^^
  File "/home/arcana-novai/Documents/Xoe-NovAi/omega-engine/src/omega/ingestion/pipeline.py", line 187, in run_source
    raise TransportError(f"T1 Fast Scrape failed: {t1_res.error}")
omega.ingestion.ingestion_types.TransportError: T1 Fast Scrape failed: Trafilatura failed to fetch URL
2026-07-08 21:28:58 [WARNING] omega.vault.key_vault: Invalid VAULT_MASTER_KEY: [VaultCryptoError] Invalid master key hex: non-hexadecimal number found in fromhex() arg at position 48
2026-07-08 21:28:58 [WARNING] omega.vault.key_vault: No VAULT_MASTER_KEY set — vault is locked. Falling back to environment variables.
2026-07-08 21:28:58 [INFO] omega.memory.fts: FTS5 index initialized at /home/arcana-novai/Documents/Xoe-NovAi/omega-engine/data/memory/fts_memory.db
2026-07-08 21:28:58 [INFO] omega.oracle.pii_masker: pii-shield loaded: 18 PII types, context-aware detection
2026-07-08 21:28:58 [INFO] omega.researcher.run: Starting research cycle...
2026-07-08 21:28:58 [INFO] omega.library.coordinator: Worker registered: researcher
2026-07-08 21:28:58 [INFO] omega.library.coordinator: Worker started: researcher
2026-07-08 21:28:58 [INFO] omega.workers.background_researcher.loop: Starting research cycle cycle_20260709_002858_1
2026-07-08 21:28:59 [INFO] httpx: HTTP Request: GET https://httpbin.org/get "HTTP/1.1 200 OK"
2026-07-08 21:28:59 [INFO] omega.workers.background_researcher.loop: Frontier gap found: 'Phase 1 — Engine Hardening — Memory wiring, handoff protocol, soul atomicity, agent hardening, MCP consolidation research' (p=0.6) from master_ledger
2026-07-08 21:28:59 [INFO] omega.workers.background_researcher.loop: Frontier gap found: 'Phase 2 — Legacy Mining — Extract 12 quick-win assets, port legacy patterns, compile community content research' (p=0.6) from master_ledger
2026-07-08 21:28:59 [INFO] omega.workers.background_researcher.loop: Frontier gap found: 'Phase 3 — Community Tools — Entity Studio CLI → Visual Builder, Stack Builder Wizard, one-click Omega Desktop research' (p=0.6) from master_ledger
2026-07-08 21:28:59 [INFO] omega.workers.background_researcher.loop: Frontier gap found: 'Phase 4 — The Omegaverse — P2P network protocol, WAD registry, cross-instance entity communication, **Godot/id Tech VR bridge**, soul-to-visual mapping (R-24), **shared VR realms (P2P Metropolis)** research' (p=0.6) from master_ledger
2026-07-08 21:28:59 [INFO] omega.workers.background_researcher.loop: Frontier gap found: 'Knowledge base scaffolding for entity cli_cline' (p=0.5) from entity_gap
2026-07-08 21:28:59 [INFO] omega.workers.background_researcher.loop: Frontier growth complete — enqueued 5 topics from 31 candidates
2026-07-08 21:28:59 [INFO] omega.workers.background_researcher.loop: Researching: 'Phase 1 — Engine Hardening — Memory wiring, handoff protocol, soul atomicity, agent hardening, MCP consolidation research' (priority=0.60)
2026-07-08 21:28:59 [WARNING] omega.workers.background_researcher.searxng_client: SearXNG request failed: 
2026-07-08 21:28:59 [WARNING] omega.workers.background_researcher.searxng_client: SearXNG request failed: 
2026-07-08 21:28:59 [INFO] httpx: HTTP Request: POST https://api.exa.ai/search "HTTP/1.1 200 OK"
2026-07-08 21:29:00 [INFO] httpx: HTTP Request: POST https://generativelanguage.googleapis.com/v1beta/models/gemma-4-31b-it:generateContent "HTTP/1.1 200 OK"
2026-07-08 21:29:00 [INFO] omega.ingestion.guards: Sentry Probe SUCCESS for gemma-4-31b-it on attempt 1
2026-07-08 21:29:02 [WARNING] omega.ingestion.pipeline: T3 Deep Scrape failed for https://github.com/alphaonedev/ai-memory-mcp/blob/main/docs/atomisation.md, falling back to T1
2026-07-08 21:29:02 [WARNING] omega.workers.background_researcher.loop: Sovereign Pipeline failed to ingest https://github.com/alphaonedev/ai-memory-mcp/blob/main/docs/atomisation.md
2026-07-08 21:29:02 [INFO] httpx: HTTP Request: POST https://generativelanguage.googleapis.com/v1beta/models/gemma-4-31b-it:generateContent "HTTP/1.1 200 OK"
2026-07-08 21:29:02 [INFO] omega.ingestion.guards: Sentry Probe SUCCESS for gemma-4-31b-it on attempt 1
2026-07-08 21:29:02 [INFO] urllib3.poolmanager: Redirecting https://blog.vinkius.com/the-agentic-swarm-manifesto-how-vurb-ts-fhp-does-for-mcp-what-kubernetes-did-for-microservices -> https://vinkius.com/blog/the-agentic-swarm-manifesto-how-vurb-ts-fhp-does-for-mcp-what-kubernetes-did-for-microservices
2026-07-08 21:29:03 [ERROR] trafilatura.downloads: not a 200 response: 404 for URL https://blog.vinkius.com/the-agentic-swarm-manifesto-how-vurb-ts-fhp-does-for-mcp-what-kubernetes-did-for-microservices
2026-07-08 21:29:03 [INFO] omega.library.coordinator: Worker stopped: researcher
2026-07-08 21:29:03 [ERROR] omega.researcher.run: Critical failure in research cycle: T1 Fast Scrape failed: Trafilatura failed to fetch URL
Traceback (most recent call last):
  File "/home/arcana-novai/Documents/Xoe-NovAi/omega-engine/src/omega/workers/background_researcher/run.py", line 100, in main
    result = await loop.run_cycle()
             ^^^^^^^^^^^^^^^^^^^^^^
  File "/home/arcana-novai/Documents/Xoe-NovAi/omega-engine/src/omega/workers/background_researcher/loop.py", line 268, in run_cycle
    content = await self._extract(task, sources)
              ^^^^^^^^^^^^^^^^^^^^^^^^^^^^^^^^^^
  File "/home/arcana-novai/Documents/Xoe-NovAi/omega-engine/src/omega/workers/background_researcher/loop.py", line 431, in _extract
    result = await self.pipeline.run_source(url)
             ^^^^^^^^^^^^^^^^^^^^^^^^^^^^^^^^^^^
  File "/home/arcana-novai/Documents/Xoe-NovAi/omega-engine/src/omega/ingestion/pipeline.py", line 187, in run_source
    raise TransportError(f"T1 Fast Scrape failed: {t1_res.error}")
omega.ingestion.ingestion_types.TransportError: T1 Fast Scrape failed: Trafilatura failed to fetch URL
2026-07-08 21:29:36 [WARNING] omega.vault.key_vault: Invalid VAULT_MASTER_KEY: [VaultCryptoError] Invalid master key hex: non-hexadecimal number found in fromhex() arg at position 48
2026-07-08 21:29:36 [WARNING] omega.vault.key_vault: No VAULT_MASTER_KEY set — vault is locked. Falling back to environment variables.
2026-07-08 21:29:36 [INFO] omega.memory.fts: FTS5 index initialized at /home/arcana-novai/Documents/Xoe-NovAi/omega-engine/data/memory/fts_memory.db
2026-07-08 21:29:36 [INFO] omega.oracle.pii_masker: pii-shield loaded: 18 PII types, context-aware detection
2026-07-08 21:29:36 [INFO] omega.researcher.run: Starting research cycle...
2026-07-08 21:29:36 [INFO] omega.library.coordinator: Worker registered: researcher
2026-07-08 21:29:36 [INFO] omega.library.coordinator: Worker started: researcher
2026-07-08 21:29:36 [INFO] omega.workers.background_researcher.loop: Starting research cycle cycle_20260709_002936_1
2026-07-08 21:29:36 [INFO] httpx: HTTP Request: GET https://httpbin.org/get "HTTP/1.1 200 OK"
2026-07-08 21:29:36 [INFO] omega.workers.background_researcher.loop: Frontier gap found: 'Phase 1 — Engine Hardening — Memory wiring, handoff protocol, soul atomicity, agent hardening, MCP consolidation research' (p=0.6) from master_ledger
2026-07-08 21:29:36 [INFO] omega.workers.background_researcher.loop: Frontier gap found: 'Phase 2 — Legacy Mining — Extract 12 quick-win assets, port legacy patterns, compile community content research' (p=0.6) from master_ledger
2026-07-08 21:29:36 [INFO] omega.workers.background_researcher.loop: Frontier gap found: 'Phase 3 — Community Tools — Entity Studio CLI → Visual Builder, Stack Builder Wizard, one-click Omega Desktop research' (p=0.6) from master_ledger
2026-07-08 21:29:36 [INFO] omega.workers.background_researcher.loop: Frontier gap found: 'Phase 4 — The Omegaverse — P2P network protocol, WAD registry, cross-instance entity communication, **Godot/id Tech VR bridge**, soul-to-visual mapping (R-24), **shared VR realms (P2P Metropolis)** research' (p=0.6) from master_ledger
2026-07-08 21:29:36 [INFO] omega.workers.background_researcher.loop: Frontier gap found: 'Knowledge base scaffolding for entity cli_cline' (p=0.5) from entity_gap
2026-07-08 21:29:36 [INFO] omega.workers.background_researcher.loop: Frontier growth complete — enqueued 5 topics from 31 candidates
2026-07-08 21:29:36 [INFO] omega.workers.background_researcher.loop: Researching: 'Phase 1 — Engine Hardening — Memory wiring, handoff protocol, soul atomicity, agent hardening, MCP consolidation research' (priority=0.60)
2026-07-08 21:29:36 [WARNING] omega.workers.background_researcher.searxng_client: SearXNG request failed: 
2026-07-08 21:29:36 [WARNING] omega.workers.background_researcher.searxng_client: SearXNG request failed: 
2026-07-08 21:29:37 [INFO] httpx: HTTP Request: POST https://api.exa.ai/search "HTTP/1.1 200 OK"
2026-07-08 21:29:38 [INFO] httpx: HTTP Request: POST https://generativelanguage.googleapis.com/v1beta/models/gemma-4-31b-it:generateContent "HTTP/1.1 200 OK"
2026-07-08 21:29:38 [INFO] omega.ingestion.guards: Sentry Probe SUCCESS for gemma-4-31b-it on attempt 1
2026-07-08 21:29:39 [WARNING] omega.ingestion.pipeline: T3 Deep Scrape failed for https://github.com/alphaonedev/ai-memory-mcp/blob/main/docs/atomisation.md, falling back to T1
2026-07-08 21:29:39 [WARNING] omega.workers.background_researcher.loop: Sovereign Pipeline failed to ingest https://github.com/alphaonedev/ai-memory-mcp/blob/main/docs/atomisation.md
2026-07-08 21:29:39 [INFO] httpx: HTTP Request: POST https://generativelanguage.googleapis.com/v1beta/models/gemma-4-31b-it:generateContent "HTTP/1.1 200 OK"
2026-07-08 21:29:39 [INFO] omega.ingestion.guards: Sentry Probe SUCCESS for gemma-4-31b-it on attempt 1
2026-07-08 21:29:40 [INFO] urllib3.poolmanager: Redirecting https://blog.vinkius.com/the-agentic-swarm-manifesto-how-vurb-ts-fhp-does-for-mcp-what-kubernetes-did-for-microservices -> https://vinkius.com/blog/the-agentic-swarm-manifesto-how-vurb-ts-fhp-does-for-mcp-what-kubernetes-did-for-microservices
2026-07-08 21:29:40 [ERROR] trafilatura.downloads: not a 200 response: 404 for URL https://blog.vinkius.com/the-agentic-swarm-manifesto-how-vurb-ts-fhp-does-for-mcp-what-kubernetes-did-for-microservices
2026-07-08 21:29:40 [INFO] omega.library.coordinator: Worker stopped: researcher
2026-07-08 21:29:40 [ERROR] omega.researcher.run: Critical failure in research cycle: T1 Fast Scrape failed: Trafilatura failed to fetch URL
Traceback (most recent call last):
  File "/home/arcana-novai/Documents/Xoe-NovAi/omega-engine/src/omega/workers/background_researcher/run.py", line 100, in main
    result = await loop.run_cycle()
             ^^^^^^^^^^^^^^^^^^^^^^
  File "/home/arcana-novai/Documents/Xoe-NovAi/omega-engine/src/omega/workers/background_researcher/loop.py", line 268, in run_cycle
    content = await self._extract(task, sources)
              ^^^^^^^^^^^^^^^^^^^^^^^^^^^^^^^^^^
  File "/home/arcana-novai/Documents/Xoe-NovAi/omega-engine/src/omega/workers/background_researcher/loop.py", line 431, in _extract
    result = await self.pipeline.run_source(url)
             ^^^^^^^^^^^^^^^^^^^^^^^^^^^^^^^^^^^
  File "/home/arcana-novai/Documents/Xoe-NovAi/omega-engine/src/omega/ingestion/pipeline.py", line 187, in run_source
    raise TransportError(f"T1 Fast Scrape failed: {t1_res.error}")
omega.ingestion.ingestion_types.TransportError: T1 Fast Scrape failed: Trafilatura failed to fetch URL
2026-07-08 21:30:13 [WARNING] omega.vault.key_vault: Invalid VAULT_MASTER_KEY: [VaultCryptoError] Invalid master key hex: non-hexadecimal number found in fromhex() arg at position 48
2026-07-08 21:30:13 [WARNING] omega.vault.key_vault: No VAULT_MASTER_KEY set — vault is locked. Falling back to environment variables.
2026-07-08 21:30:13 [INFO] omega.memory.fts: FTS5 index initialized at /home/arcana-novai/Documents/Xoe-NovAi/omega-engine/data/memory/fts_memory.db
2026-07-08 21:30:13 [INFO] omega.oracle.pii_masker: pii-shield loaded: 18 PII types, context-aware detection
2026-07-08 21:30:13 [INFO] omega.researcher.run: Starting research cycle...
2026-07-08 21:30:13 [INFO] omega.library.coordinator: Worker registered: researcher
2026-07-08 21:30:13 [INFO] omega.library.coordinator: Worker started: researcher
2026-07-08 21:30:13 [INFO] omega.workers.background_researcher.loop: Starting research cycle cycle_20260709_003013_1
2026-07-08 21:30:14 [INFO] httpx: HTTP Request: GET https://httpbin.org/get "HTTP/1.1 200 OK"
2026-07-08 21:30:14 [INFO] omega.workers.background_researcher.loop: Frontier gap found: 'Phase 1 — Engine Hardening — Memory wiring, handoff protocol, soul atomicity, agent hardening, MCP consolidation research' (p=0.6) from master_ledger
2026-07-08 21:30:14 [INFO] omega.workers.background_researcher.loop: Frontier gap found: 'Phase 2 — Legacy Mining — Extract 12 quick-win assets, port legacy patterns, compile community content research' (p=0.6) from master_ledger
2026-07-08 21:30:14 [INFO] omega.workers.background_researcher.loop: Frontier gap found: 'Phase 3 — Community Tools — Entity Studio CLI → Visual Builder, Stack Builder Wizard, one-click Omega Desktop research' (p=0.6) from master_ledger
2026-07-08 21:30:14 [INFO] omega.workers.background_researcher.loop: Frontier gap found: 'Phase 4 — The Omegaverse — P2P network protocol, WAD registry, cross-instance entity communication, **Godot/id Tech VR bridge**, soul-to-visual mapping (R-24), **shared VR realms (P2P Metropolis)** research' (p=0.6) from master_ledger
2026-07-08 21:30:14 [INFO] omega.workers.background_researcher.loop: Frontier gap found: 'Knowledge base scaffolding for entity cli_cline' (p=0.5) from entity_gap
2026-07-08 21:30:14 [INFO] omega.workers.background_researcher.loop: Frontier growth complete — enqueued 5 topics from 31 candidates
2026-07-08 21:30:14 [INFO] omega.workers.background_researcher.loop: Researching: 'Phase 1 — Engine Hardening — Memory wiring, handoff protocol, soul atomicity, agent hardening, MCP consolidation research' (priority=0.60)
2026-07-08 21:30:14 [WARNING] omega.workers.background_researcher.searxng_client: SearXNG request failed: 
2026-07-08 21:30:14 [WARNING] omega.workers.background_researcher.searxng_client: SearXNG request failed: 
2026-07-08 21:30:14 [INFO] httpx: HTTP Request: POST https://api.exa.ai/search "HTTP/1.1 200 OK"
2026-07-08 21:30:15 [INFO] httpx: HTTP Request: POST https://generativelanguage.googleapis.com/v1beta/models/gemma-4-31b-it:generateContent "HTTP/1.1 200 OK"
2026-07-08 21:30:15 [INFO] omega.ingestion.guards: Sentry Probe SUCCESS for gemma-4-31b-it on attempt 1
2026-07-08 21:30:16 [WARNING] omega.ingestion.pipeline: T3 Deep Scrape failed for https://github.com/alphaonedev/ai-memory-mcp/blob/main/docs/atomisation.md, falling back to T1
2026-07-08 21:30:16 [WARNING] omega.workers.background_researcher.loop: Sovereign Pipeline failed to ingest https://github.com/alphaonedev/ai-memory-mcp/blob/main/docs/atomisation.md
2026-07-08 21:30:17 [INFO] httpx: HTTP Request: POST https://generativelanguage.googleapis.com/v1beta/models/gemma-4-31b-it:generateContent "HTTP/1.1 200 OK"
2026-07-08 21:30:17 [INFO] omega.ingestion.guards: Sentry Probe SUCCESS for gemma-4-31b-it on attempt 1
2026-07-08 21:30:17 [INFO] urllib3.poolmanager: Redirecting https://blog.vinkius.com/the-agentic-swarm-manifesto-how-vurb-ts-fhp-does-for-mcp-what-kubernetes-did-for-microservices -> https://vinkius.com/blog/the-agentic-swarm-manifesto-how-vurb-ts-fhp-does-for-mcp-what-kubernetes-did-for-microservices
2026-07-08 21:30:17 [ERROR] trafilatura.downloads: not a 200 response: 404 for URL https://blog.vinkius.com/the-agentic-swarm-manifesto-how-vurb-ts-fhp-does-for-mcp-what-kubernetes-did-for-microservices
2026-07-08 21:30:17 [INFO] omega.library.coordinator: Worker stopped: researcher
2026-07-08 21:30:17 [ERROR] omega.researcher.run: Critical failure in research cycle: T1 Fast Scrape failed: Trafilatura failed to fetch URL
Traceback (most recent call last):
  File "/home/arcana-novai/Documents/Xoe-NovAi/omega-engine/src/omega/workers/background_researcher/run.py", line 100, in main
    result = await loop.run_cycle()
             ^^^^^^^^^^^^^^^^^^^^^^
  File "/home/arcana-novai/Documents/Xoe-NovAi/omega-engine/src/omega/workers/background_researcher/loop.py", line 268, in run_cycle
    content = await self._extract(task, sources)
              ^^^^^^^^^^^^^^^^^^^^^^^^^^^^^^^^^^
  File "/home/arcana-novai/Documents/Xoe-NovAi/omega-engine/src/omega/workers/background_researcher/loop.py", line 431, in _extract
    result = await self.pipeline.run_source(url)
             ^^^^^^^^^^^^^^^^^^^^^^^^^^^^^^^^^^^
  File "/home/arcana-novai/Documents/Xoe-NovAi/omega-engine/src/omega/ingestion/pipeline.py", line 187, in run_source
    raise TransportError(f"T1 Fast Scrape failed: {t1_res.error}")
omega.ingestion.ingestion_types.TransportError: T1 Fast Scrape failed: Trafilatura failed to fetch URL
2026-07-08 21:30:50 [WARNING] omega.vault.key_vault: Invalid VAULT_MASTER_KEY: [VaultCryptoError] Invalid master key hex: non-hexadecimal number found in fromhex() arg at position 48
2026-07-08 21:30:50 [WARNING] omega.vault.key_vault: No VAULT_MASTER_KEY set — vault is locked. Falling back to environment variables.
2026-07-08 21:30:50 [INFO] omega.memory.fts: FTS5 index initialized at /home/arcana-novai/Documents/Xoe-NovAi/omega-engine/data/memory/fts_memory.db
2026-07-08 21:30:50 [INFO] omega.oracle.pii_masker: pii-shield loaded: 18 PII types, context-aware detection
2026-07-08 21:30:50 [INFO] omega.researcher.run: Starting research cycle...
2026-07-08 21:30:50 [INFO] omega.library.coordinator: Worker registered: researcher
2026-07-08 21:30:50 [INFO] omega.library.coordinator: Worker started: researcher
2026-07-08 21:30:50 [INFO] omega.workers.background_researcher.loop: Starting research cycle cycle_20260709_003050_1
2026-07-08 21:30:51 [INFO] httpx: HTTP Request: GET https://httpbin.org/get "HTTP/1.1 200 OK"
2026-07-08 21:30:51 [INFO] omega.workers.background_researcher.loop: Frontier gap found: 'Phase 1 — Engine Hardening — Memory wiring, handoff protocol, soul atomicity, agent hardening, MCP consolidation research' (p=0.6) from master_ledger
2026-07-08 21:30:51 [INFO] omega.workers.background_researcher.loop: Frontier gap found: 'Phase 2 — Legacy Mining — Extract 12 quick-win assets, port legacy patterns, compile community content research' (p=0.6) from master_ledger
2026-07-08 21:30:51 [INFO] omega.workers.background_researcher.loop: Frontier gap found: 'Phase 3 — Community Tools — Entity Studio CLI → Visual Builder, Stack Builder Wizard, one-click Omega Desktop research' (p=0.6) from master_ledger
2026-07-08 21:30:51 [INFO] omega.workers.background_researcher.loop: Frontier gap found: 'Phase 4 — The Omegaverse — P2P network protocol, WAD registry, cross-instance entity communication, **Godot/id Tech VR bridge**, soul-to-visual mapping (R-24), **shared VR realms (P2P Metropolis)** research' (p=0.6) from master_ledger
2026-07-08 21:30:51 [INFO] omega.workers.background_researcher.loop: Frontier gap found: 'Knowledge base scaffolding for entity cli_cline' (p=0.5) from entity_gap
2026-07-08 21:30:51 [INFO] omega.workers.background_researcher.loop: Frontier growth complete — enqueued 5 topics from 31 candidates
2026-07-08 21:30:51 [INFO] omega.workers.background_researcher.loop: Researching: 'Phase 1 — Engine Hardening — Memory wiring, handoff protocol, soul atomicity, agent hardening, MCP consolidation research' (priority=0.60)
2026-07-08 21:30:51 [WARNING] omega.workers.background_researcher.searxng_client: SearXNG request failed: 
2026-07-08 21:30:51 [WARNING] omega.workers.background_researcher.searxng_client: SearXNG request failed: 
2026-07-08 21:30:51 [INFO] httpx: HTTP Request: POST https://api.exa.ai/search "HTTP/1.1 200 OK"
2026-07-08 21:30:57 [INFO] httpx: HTTP Request: POST https://generativelanguage.googleapis.com/v1beta/models/gemma-4-31b-it:generateContent "HTTP/1.1 200 OK"
2026-07-08 21:30:58 [INFO] omega.ingestion.guards: Sentry Probe SUCCESS for gemma-4-31b-it on attempt 1
2026-07-08 21:30:59 [WARNING] omega.ingestion.pipeline: T3 Deep Scrape failed for https://github.com/alphaonedev/ai-memory-mcp/blob/main/docs/atomisation.md, falling back to T1
2026-07-08 21:30:59 [WARNING] omega.workers.background_researcher.loop: Sovereign Pipeline failed to ingest https://github.com/alphaonedev/ai-memory-mcp/blob/main/docs/atomisation.md
2026-07-08 21:31:00 [INFO] httpx: HTTP Request: POST https://generativelanguage.googleapis.com/v1beta/models/gemma-4-31b-it:generateContent "HTTP/1.1 200 OK"
2026-07-08 21:31:00 [INFO] omega.ingestion.guards: Sentry Probe SUCCESS for gemma-4-31b-it on attempt 1
2026-07-08 21:31:00 [INFO] urllib3.poolmanager: Redirecting https://blog.vinkius.com/the-agentic-swarm-manifesto-how-vurb-ts-fhp-does-for-mcp-what-kubernetes-did-for-microservices -> https://vinkius.com/blog/the-agentic-swarm-manifesto-how-vurb-ts-fhp-does-for-mcp-what-kubernetes-did-for-microservices
2026-07-08 21:31:01 [ERROR] trafilatura.downloads: not a 200 response: 404 for URL https://blog.vinkius.com/the-agentic-swarm-manifesto-how-vurb-ts-fhp-does-for-mcp-what-kubernetes-did-for-microservices
2026-07-08 21:31:01 [INFO] omega.library.coordinator: Worker stopped: researcher
2026-07-08 21:31:01 [ERROR] omega.researcher.run: Critical failure in research cycle: T1 Fast Scrape failed: Trafilatura failed to fetch URL
Traceback (most recent call last):
  File "/home/arcana-novai/Documents/Xoe-NovAi/omega-engine/src/omega/workers/background_researcher/run.py", line 100, in main
    result = await loop.run_cycle()
             ^^^^^^^^^^^^^^^^^^^^^^
  File "/home/arcana-novai/Documents/Xoe-NovAi/omega-engine/src/omega/workers/background_researcher/loop.py", line 268, in run_cycle
    content = await self._extract(task, sources)
              ^^^^^^^^^^^^^^^^^^^^^^^^^^^^^^^^^^
  File "/home/arcana-novai/Documents/Xoe-NovAi/omega-engine/src/omega/workers/background_researcher/loop.py", line 431, in _extract
    result = await self.pipeline.run_source(url)
             ^^^^^^^^^^^^^^^^^^^^^^^^^^^^^^^^^^^
  File "/home/arcana-novai/Documents/Xoe-NovAi/omega-engine/src/omega/ingestion/pipeline.py", line 187, in run_source
    raise TransportError(f"T1 Fast Scrape failed: {t1_res.error}")
omega.ingestion.ingestion_types.TransportError: T1 Fast Scrape failed: Trafilatura failed to fetch URL
2026-07-08 21:31:33 [WARNING] omega.vault.key_vault: Invalid VAULT_MASTER_KEY: [VaultCryptoError] Invalid master key hex: non-hexadecimal number found in fromhex() arg at position 48
2026-07-08 21:31:33 [WARNING] omega.vault.key_vault: No VAULT_MASTER_KEY set — vault is locked. Falling back to environment variables.
2026-07-08 21:31:33 [INFO] omega.memory.fts: FTS5 index initialized at /home/arcana-novai/Documents/Xoe-NovAi/omega-engine/data/memory/fts_memory.db
2026-07-08 21:31:33 [INFO] omega.oracle.pii_masker: pii-shield loaded: 18 PII types, context-aware detection
2026-07-08 21:31:33 [INFO] omega.researcher.run: Starting research cycle...
2026-07-08 21:31:33 [INFO] omega.library.coordinator: Worker registered: researcher
2026-07-08 21:31:33 [INFO] omega.library.coordinator: Worker started: researcher
2026-07-08 21:31:33 [INFO] omega.workers.background_researcher.loop: Starting research cycle cycle_20260709_003133_1
2026-07-08 21:31:34 [INFO] httpx: HTTP Request: GET https://httpbin.org/get "HTTP/1.1 200 OK"
2026-07-08 21:31:34 [INFO] omega.workers.background_researcher.loop: Frontier gap found: 'Phase 1 — Engine Hardening — Memory wiring, handoff protocol, soul atomicity, agent hardening, MCP consolidation research' (p=0.6) from master_ledger
2026-07-08 21:31:34 [INFO] omega.workers.background_researcher.loop: Frontier gap found: 'Phase 2 — Legacy Mining — Extract 12 quick-win assets, port legacy patterns, compile community content research' (p=0.6) from master_ledger
2026-07-08 21:31:34 [INFO] omega.workers.background_researcher.loop: Frontier gap found: 'Phase 3 — Community Tools — Entity Studio CLI → Visual Builder, Stack Builder Wizard, one-click Omega Desktop research' (p=0.6) from master_ledger
2026-07-08 21:31:34 [INFO] omega.workers.background_researcher.loop: Frontier gap found: 'Phase 4 — The Omegaverse — P2P network protocol, WAD registry, cross-instance entity communication, **Godot/id Tech VR bridge**, soul-to-visual mapping (R-24), **shared VR realms (P2P Metropolis)** research' (p=0.6) from master_ledger
2026-07-08 21:31:34 [INFO] omega.workers.background_researcher.loop: Frontier gap found: 'Knowledge base scaffolding for entity cli_cline' (p=0.5) from entity_gap
2026-07-08 21:31:34 [INFO] omega.workers.background_researcher.loop: Frontier growth complete — enqueued 5 topics from 31 candidates
2026-07-08 21:31:34 [INFO] omega.workers.background_researcher.loop: Researching: 'Phase 1 — Engine Hardening — Memory wiring, handoff protocol, soul atomicity, agent hardening, MCP consolidation research' (priority=0.60)
2026-07-08 21:31:34 [WARNING] omega.workers.background_researcher.searxng_client: SearXNG request failed: 
2026-07-08 21:31:34 [WARNING] omega.workers.background_researcher.searxng_client: SearXNG request failed: 
2026-07-08 21:31:35 [INFO] httpx: HTTP Request: POST https://api.exa.ai/search "HTTP/1.1 200 OK"
2026-07-08 21:31:41 [INFO] httpx: HTTP Request: POST https://generativelanguage.googleapis.com/v1beta/models/gemma-4-31b-it:generateContent "HTTP/1.1 200 OK"
2026-07-08 21:31:41 [INFO] omega.ingestion.guards: Sentry Probe SUCCESS for gemma-4-31b-it on attempt 1
2026-07-08 21:31:43 [WARNING] omega.ingestion.pipeline: T3 Deep Scrape failed for https://github.com/alphaonedev/ai-memory-mcp/blob/main/docs/atomisation.md, falling back to T1
2026-07-08 21:31:43 [WARNING] omega.workers.background_researcher.loop: Sovereign Pipeline failed to ingest https://github.com/alphaonedev/ai-memory-mcp/blob/main/docs/atomisation.md
2026-07-08 21:31:43 [INFO] httpx: HTTP Request: POST https://generativelanguage.googleapis.com/v1beta/models/gemma-4-31b-it:generateContent "HTTP/1.1 200 OK"
2026-07-08 21:31:43 [INFO] omega.ingestion.guards: Sentry Probe SUCCESS for gemma-4-31b-it on attempt 1
2026-07-08 21:31:44 [INFO] urllib3.poolmanager: Redirecting https://blog.vinkius.com/the-agentic-swarm-manifesto-how-vurb-ts-fhp-does-for-mcp-what-kubernetes-did-for-microservices -> https://vinkius.com/blog/the-agentic-swarm-manifesto-how-vurb-ts-fhp-does-for-mcp-what-kubernetes-did-for-microservices
2026-07-08 21:31:44 [ERROR] trafilatura.downloads: not a 200 response: 404 for URL https://blog.vinkius.com/the-agentic-swarm-manifesto-how-vurb-ts-fhp-does-for-mcp-what-kubernetes-did-for-microservices
2026-07-08 21:31:44 [INFO] omega.library.coordinator: Worker stopped: researcher
2026-07-08 21:31:44 [ERROR] omega.researcher.run: Critical failure in research cycle: T1 Fast Scrape failed: Trafilatura failed to fetch URL
Traceback (most recent call last):
  File "/home/arcana-novai/Documents/Xoe-NovAi/omega-engine/src/omega/workers/background_researcher/run.py", line 100, in main
    result = await loop.run_cycle()
             ^^^^^^^^^^^^^^^^^^^^^^
  File "/home/arcana-novai/Documents/Xoe-NovAi/omega-engine/src/omega/workers/background_researcher/loop.py", line 268, in run_cycle
    content = await self._extract(task, sources)
              ^^^^^^^^^^^^^^^^^^^^^^^^^^^^^^^^^^
  File "/home/arcana-novai/Documents/Xoe-NovAi/omega-engine/src/omega/workers/background_researcher/loop.py", line 431, in _extract
    result = await self.pipeline.run_source(url)
             ^^^^^^^^^^^^^^^^^^^^^^^^^^^^^^^^^^^
  File "/home/arcana-novai/Documents/Xoe-NovAi/omega-engine/src/omega/ingestion/pipeline.py", line 187, in run_source
    raise TransportError(f"T1 Fast Scrape failed: {t1_res.error}")
omega.ingestion.ingestion_types.TransportError: T1 Fast Scrape failed: Trafilatura failed to fetch URL
2026-07-08 21:32:17 [WARNING] omega.vault.key_vault: Invalid VAULT_MASTER_KEY: [VaultCryptoError] Invalid master key hex: non-hexadecimal number found in fromhex() arg at position 48
2026-07-08 21:32:17 [WARNING] omega.vault.key_vault: No VAULT_MASTER_KEY set — vault is locked. Falling back to environment variables.
2026-07-08 21:32:17 [INFO] omega.memory.fts: FTS5 index initialized at /home/arcana-novai/Documents/Xoe-NovAi/omega-engine/data/memory/fts_memory.db
2026-07-08 21:32:17 [INFO] omega.oracle.pii_masker: pii-shield loaded: 18 PII types, context-aware detection
2026-07-08 21:32:17 [INFO] omega.researcher.run: Starting research cycle...
2026-07-08 21:32:17 [INFO] omega.library.coordinator: Worker registered: researcher
2026-07-08 21:32:17 [INFO] omega.library.coordinator: Worker started: researcher
2026-07-08 21:32:17 [INFO] omega.workers.background_researcher.loop: Starting research cycle cycle_20260709_003217_1
2026-07-08 21:32:17 [INFO] httpx: HTTP Request: GET https://httpbin.org/get "HTTP/1.1 200 OK"
2026-07-08 21:32:17 [INFO] omega.workers.background_researcher.loop: Frontier gap found: 'Phase 1 — Engine Hardening — Memory wiring, handoff protocol, soul atomicity, agent hardening, MCP consolidation research' (p=0.6) from master_ledger
2026-07-08 21:32:17 [INFO] omega.workers.background_researcher.loop: Frontier gap found: 'Phase 2 — Legacy Mining — Extract 12 quick-win assets, port legacy patterns, compile community content research' (p=0.6) from master_ledger
2026-07-08 21:32:17 [INFO] omega.workers.background_researcher.loop: Frontier gap found: 'Phase 3 — Community Tools — Entity Studio CLI → Visual Builder, Stack Builder Wizard, one-click Omega Desktop research' (p=0.6) from master_ledger
2026-07-08 21:32:17 [INFO] omega.workers.background_researcher.loop: Frontier gap found: 'Phase 4 — The Omegaverse — P2P network protocol, WAD registry, cross-instance entity communication, **Godot/id Tech VR bridge**, soul-to-visual mapping (R-24), **shared VR realms (P2P Metropolis)** research' (p=0.6) from master_ledger
2026-07-08 21:32:17 [INFO] omega.workers.background_researcher.loop: Frontier gap found: 'Knowledge base scaffolding for entity cli_cline' (p=0.5) from entity_gap
2026-07-08 21:32:17 [INFO] omega.workers.background_researcher.loop: Frontier growth complete — enqueued 5 topics from 31 candidates
2026-07-08 21:32:17 [INFO] omega.workers.background_researcher.loop: Researching: 'Phase 1 — Engine Hardening — Memory wiring, handoff protocol, soul atomicity, agent hardening, MCP consolidation research' (priority=0.60)
2026-07-08 21:32:17 [WARNING] omega.workers.background_researcher.searxng_client: SearXNG request failed: 
2026-07-08 21:32:17 [WARNING] omega.workers.background_researcher.searxng_client: SearXNG request failed: 
2026-07-08 21:32:18 [INFO] httpx: HTTP Request: POST https://api.exa.ai/search "HTTP/1.1 200 OK"
2026-07-08 21:32:21 [INFO] httpx: HTTP Request: POST https://generativelanguage.googleapis.com/v1beta/models/gemma-4-31b-it:generateContent "HTTP/1.1 200 OK"
2026-07-08 21:32:21 [INFO] omega.ingestion.guards: Sentry Probe SUCCESS for gemma-4-31b-it on attempt 1
2026-07-08 21:32:22 [WARNING] omega.ingestion.pipeline: T3 Deep Scrape failed for https://github.com/alphaonedev/ai-memory-mcp/blob/main/docs/atomisation.md, falling back to T1
2026-07-08 21:32:22 [WARNING] omega.workers.background_researcher.loop: Sovereign Pipeline failed to ingest https://github.com/alphaonedev/ai-memory-mcp/blob/main/docs/atomisation.md
2026-07-08 21:32:23 [INFO] httpx: HTTP Request: POST https://generativelanguage.googleapis.com/v1beta/models/gemma-4-31b-it:generateContent "HTTP/1.1 200 OK"
2026-07-08 21:32:23 [INFO] omega.ingestion.guards: Sentry Probe SUCCESS for gemma-4-31b-it on attempt 1
2026-07-08 21:32:23 [INFO] urllib3.poolmanager: Redirecting https://blog.vinkius.com/the-agentic-swarm-manifesto-how-vurb-ts-fhp-does-for-mcp-what-kubernetes-did-for-microservices -> https://vinkius.com/blog/the-agentic-swarm-manifesto-how-vurb-ts-fhp-does-for-mcp-what-kubernetes-did-for-microservices
2026-07-08 21:32:24 [ERROR] trafilatura.downloads: not a 200 response: 404 for URL https://blog.vinkius.com/the-agentic-swarm-manifesto-how-vurb-ts-fhp-does-for-mcp-what-kubernetes-did-for-microservices
2026-07-08 21:32:24 [INFO] omega.library.coordinator: Worker stopped: researcher
2026-07-08 21:32:24 [ERROR] omega.researcher.run: Critical failure in research cycle: T1 Fast Scrape failed: Trafilatura failed to fetch URL
Traceback (most recent call last):
  File "/home/arcana-novai/Documents/Xoe-NovAi/omega-engine/src/omega/workers/background_researcher/run.py", line 100, in main
    result = await loop.run_cycle()
             ^^^^^^^^^^^^^^^^^^^^^^
  File "/home/arcana-novai/Documents/Xoe-NovAi/omega-engine/src/omega/workers/background_researcher/loop.py", line 268, in run_cycle
    content = await self._extract(task, sources)
              ^^^^^^^^^^^^^^^^^^^^^^^^^^^^^^^^^^
  File "/home/arcana-novai/Documents/Xoe-NovAi/omega-engine/src/omega/workers/background_researcher/loop.py", line 431, in _extract
    result = await self.pipeline.run_source(url)
             ^^^^^^^^^^^^^^^^^^^^^^^^^^^^^^^^^^^
  File "/home/arcana-novai/Documents/Xoe-NovAi/omega-engine/src/omega/ingestion/pipeline.py", line 187, in run_source
    raise TransportError(f"T1 Fast Scrape failed: {t1_res.error}")
omega.ingestion.ingestion_types.TransportError: T1 Fast Scrape failed: Trafilatura failed to fetch URL
2026-07-08 21:32:57 [WARNING] omega.vault.key_vault: Invalid VAULT_MASTER_KEY: [VaultCryptoError] Invalid master key hex: non-hexadecimal number found in fromhex() arg at position 48
2026-07-08 21:32:57 [WARNING] omega.vault.key_vault: No VAULT_MASTER_KEY set — vault is locked. Falling back to environment variables.
2026-07-08 21:32:57 [INFO] omega.memory.fts: FTS5 index initialized at /home/arcana-novai/Documents/Xoe-NovAi/omega-engine/data/memory/fts_memory.db
2026-07-08 21:32:57 [INFO] omega.oracle.pii_masker: pii-shield loaded: 18 PII types, context-aware detection
2026-07-08 21:32:57 [INFO] omega.researcher.run: Starting research cycle...
2026-07-08 21:32:57 [INFO] omega.library.coordinator: Worker registered: researcher
2026-07-08 21:32:57 [INFO] omega.library.coordinator: Worker started: researcher
2026-07-08 21:32:57 [INFO] omega.workers.background_researcher.loop: Starting research cycle cycle_20260709_003257_1
2026-07-08 21:32:57 [INFO] httpx: HTTP Request: GET https://httpbin.org/get "HTTP/1.1 200 OK"
2026-07-08 21:32:57 [INFO] omega.workers.background_researcher.loop: Frontier gap found: 'Phase 1 — Engine Hardening — Memory wiring, handoff protocol, soul atomicity, agent hardening, MCP consolidation research' (p=0.6) from master_ledger
2026-07-08 21:32:57 [INFO] omega.workers.background_researcher.loop: Frontier gap found: 'Phase 2 — Legacy Mining — Extract 12 quick-win assets, port legacy patterns, compile community content research' (p=0.6) from master_ledger
2026-07-08 21:32:57 [INFO] omega.workers.background_researcher.loop: Frontier gap found: 'Phase 3 — Community Tools — Entity Studio CLI → Visual Builder, Stack Builder Wizard, one-click Omega Desktop research' (p=0.6) from master_ledger
2026-07-08 21:32:57 [INFO] omega.workers.background_researcher.loop: Frontier gap found: 'Phase 4 — The Omegaverse — P2P network protocol, WAD registry, cross-instance entity communication, **Godot/id Tech VR bridge**, soul-to-visual mapping (R-24), **shared VR realms (P2P Metropolis)** research' (p=0.6) from master_ledger
2026-07-08 21:32:57 [INFO] omega.workers.background_researcher.loop: Frontier gap found: 'Knowledge base scaffolding for entity cli_cline' (p=0.5) from entity_gap
2026-07-08 21:32:57 [INFO] omega.workers.background_researcher.loop: Frontier growth complete — enqueued 5 topics from 31 candidates
2026-07-08 21:32:57 [INFO] omega.workers.background_researcher.loop: Researching: 'Phase 1 — Engine Hardening — Memory wiring, handoff protocol, soul atomicity, agent hardening, MCP consolidation research' (priority=0.60)
2026-07-08 21:32:57 [WARNING] omega.workers.background_researcher.searxng_client: SearXNG request failed: 
2026-07-08 21:32:57 [WARNING] omega.workers.background_researcher.searxng_client: SearXNG request failed: 
2026-07-08 21:32:58 [INFO] httpx: HTTP Request: POST https://api.exa.ai/search "HTTP/1.1 200 OK"
2026-07-08 21:33:02 [INFO] httpx: HTTP Request: POST https://generativelanguage.googleapis.com/v1beta/models/gemma-4-31b-it:generateContent "HTTP/1.1 200 OK"
2026-07-08 21:33:02 [INFO] omega.ingestion.guards: Sentry Probe SUCCESS for gemma-4-31b-it on attempt 1
2026-07-08 21:33:04 [WARNING] omega.ingestion.pipeline: T3 Deep Scrape failed for https://github.com/alphaonedev/ai-memory-mcp/blob/main/docs/atomisation.md, falling back to T1
2026-07-08 21:33:04 [WARNING] omega.workers.background_researcher.loop: Sovereign Pipeline failed to ingest https://github.com/alphaonedev/ai-memory-mcp/blob/main/docs/atomisation.md
2026-07-08 21:33:04 [INFO] httpx: HTTP Request: POST https://generativelanguage.googleapis.com/v1beta/models/gemma-4-31b-it:generateContent "HTTP/1.1 200 OK"
2026-07-08 21:33:04 [INFO] omega.ingestion.guards: Sentry Probe SUCCESS for gemma-4-31b-it on attempt 1
2026-07-08 21:33:05 [INFO] urllib3.poolmanager: Redirecting https://blog.vinkius.com/the-agentic-swarm-manifesto-how-vurb-ts-fhp-does-for-mcp-what-kubernetes-did-for-microservices -> https://vinkius.com/blog/the-agentic-swarm-manifesto-how-vurb-ts-fhp-does-for-mcp-what-kubernetes-did-for-microservices
2026-07-08 21:33:05 [ERROR] trafilatura.downloads: not a 200 response: 404 for URL https://blog.vinkius.com/the-agentic-swarm-manifesto-how-vurb-ts-fhp-does-for-mcp-what-kubernetes-did-for-microservices
2026-07-08 21:33:05 [INFO] omega.library.coordinator: Worker stopped: researcher
2026-07-08 21:33:05 [ERROR] omega.researcher.run: Critical failure in research cycle: T1 Fast Scrape failed: Trafilatura failed to fetch URL
Traceback (most recent call last):
  File "/home/arcana-novai/Documents/Xoe-NovAi/omega-engine/src/omega/workers/background_researcher/run.py", line 100, in main
    result = await loop.run_cycle()
             ^^^^^^^^^^^^^^^^^^^^^^
  File "/home/arcana-novai/Documents/Xoe-NovAi/omega-engine/src/omega/workers/background_researcher/loop.py", line 268, in run_cycle
    content = await self._extract(task, sources)
              ^^^^^^^^^^^^^^^^^^^^^^^^^^^^^^^^^^
  File "/home/arcana-novai/Documents/Xoe-NovAi/omega-engine/src/omega/workers/background_researcher/loop.py", line 431, in _extract
    result = await self.pipeline.run_source(url)
             ^^^^^^^^^^^^^^^^^^^^^^^^^^^^^^^^^^^
  File "/home/arcana-novai/Documents/Xoe-NovAi/omega-engine/src/omega/ingestion/pipeline.py", line 187, in run_source
    raise TransportError(f"T1 Fast Scrape failed: {t1_res.error}")
omega.ingestion.ingestion_types.TransportError: T1 Fast Scrape failed: Trafilatura failed to fetch URL
2026-07-08 21:33:38 [WARNING] omega.vault.key_vault: Invalid VAULT_MASTER_KEY: [VaultCryptoError] Invalid master key hex: non-hexadecimal number found in fromhex() arg at position 48
2026-07-08 21:33:38 [WARNING] omega.vault.key_vault: No VAULT_MASTER_KEY set — vault is locked. Falling back to environment variables.
2026-07-08 21:33:38 [INFO] omega.memory.fts: FTS5 index initialized at /home/arcana-novai/Documents/Xoe-NovAi/omega-engine/data/memory/fts_memory.db
2026-07-08 21:33:38 [INFO] omega.oracle.pii_masker: pii-shield loaded: 18 PII types, context-aware detection
2026-07-08 21:33:38 [INFO] omega.researcher.run: Starting research cycle...
2026-07-08 21:33:38 [INFO] omega.library.coordinator: Worker registered: researcher
2026-07-08 21:33:38 [INFO] omega.library.coordinator: Worker started: researcher
2026-07-08 21:33:38 [INFO] omega.workers.background_researcher.loop: Starting research cycle cycle_20260709_003338_1
2026-07-08 21:33:38 [INFO] httpx: HTTP Request: GET https://httpbin.org/get "HTTP/1.1 200 OK"
2026-07-08 21:33:38 [INFO] omega.workers.background_researcher.loop: Frontier gap found: 'Phase 1 — Engine Hardening — Memory wiring, handoff protocol, soul atomicity, agent hardening, MCP consolidation research' (p=0.6) from master_ledger
2026-07-08 21:33:38 [INFO] omega.workers.background_researcher.loop: Frontier gap found: 'Phase 2 — Legacy Mining — Extract 12 quick-win assets, port legacy patterns, compile community content research' (p=0.6) from master_ledger
2026-07-08 21:33:38 [INFO] omega.workers.background_researcher.loop: Frontier gap found: 'Phase 3 — Community Tools — Entity Studio CLI → Visual Builder, Stack Builder Wizard, one-click Omega Desktop research' (p=0.6) from master_ledger
2026-07-08 21:33:38 [INFO] omega.workers.background_researcher.loop: Frontier gap found: 'Phase 4 — The Omegaverse — P2P network protocol, WAD registry, cross-instance entity communication, **Godot/id Tech VR bridge**, soul-to-visual mapping (R-24), **shared VR realms (P2P Metropolis)** research' (p=0.6) from master_ledger
2026-07-08 21:33:38 [INFO] omega.workers.background_researcher.loop: Frontier gap found: 'Knowledge base scaffolding for entity cli_cline' (p=0.5) from entity_gap
2026-07-08 21:33:38 [INFO] omega.workers.background_researcher.loop: Frontier growth complete — enqueued 5 topics from 31 candidates
2026-07-08 21:33:38 [INFO] omega.workers.background_researcher.loop: Researching: 'Phase 1 — Engine Hardening — Memory wiring, handoff protocol, soul atomicity, agent hardening, MCP consolidation research' (priority=0.60)
2026-07-08 21:33:38 [WARNING] omega.workers.background_researcher.searxng_client: SearXNG request failed: 
2026-07-08 21:33:38 [WARNING] omega.workers.background_researcher.searxng_client: SearXNG request failed: 
2026-07-08 21:33:38 [INFO] httpx: HTTP Request: POST https://api.exa.ai/search "HTTP/1.1 200 OK"
2026-07-08 21:33:39 [INFO] httpx: HTTP Request: POST https://generativelanguage.googleapis.com/v1beta/models/gemma-4-31b-it:generateContent "HTTP/1.1 200 OK"
2026-07-08 21:33:39 [INFO] omega.ingestion.guards: Sentry Probe SUCCESS for gemma-4-31b-it on attempt 1
2026-07-08 21:33:40 [WARNING] omega.ingestion.pipeline: T3 Deep Scrape failed for https://github.com/alphaonedev/ai-memory-mcp/blob/main/docs/atomisation.md, falling back to T1
2026-07-08 21:33:40 [WARNING] omega.workers.background_researcher.loop: Sovereign Pipeline failed to ingest https://github.com/alphaonedev/ai-memory-mcp/blob/main/docs/atomisation.md
2026-07-08 21:33:41 [INFO] httpx: HTTP Request: POST https://generativelanguage.googleapis.com/v1beta/models/gemma-4-31b-it:generateContent "HTTP/1.1 200 OK"
2026-07-08 21:33:41 [INFO] omega.ingestion.guards: Sentry Probe SUCCESS for gemma-4-31b-it on attempt 1
2026-07-08 21:33:42 [INFO] urllib3.poolmanager: Redirecting https://blog.vinkius.com/the-agentic-swarm-manifesto-how-vurb-ts-fhp-does-for-mcp-what-kubernetes-did-for-microservices -> https://vinkius.com/blog/the-agentic-swarm-manifesto-how-vurb-ts-fhp-does-for-mcp-what-kubernetes-did-for-microservices
2026-07-08 21:33:42 [ERROR] trafilatura.downloads: not a 200 response: 404 for URL https://blog.vinkius.com/the-agentic-swarm-manifesto-how-vurb-ts-fhp-does-for-mcp-what-kubernetes-did-for-microservices
2026-07-08 21:33:42 [INFO] omega.library.coordinator: Worker stopped: researcher
2026-07-08 21:33:42 [ERROR] omega.researcher.run: Critical failure in research cycle: T1 Fast Scrape failed: Trafilatura failed to fetch URL
Traceback (most recent call last):
  File "/home/arcana-novai/Documents/Xoe-NovAi/omega-engine/src/omega/workers/background_researcher/run.py", line 100, in main
    result = await loop.run_cycle()
             ^^^^^^^^^^^^^^^^^^^^^^
  File "/home/arcana-novai/Documents/Xoe-NovAi/omega-engine/src/omega/workers/background_researcher/loop.py", line 268, in run_cycle
    content = await self._extract(task, sources)
              ^^^^^^^^^^^^^^^^^^^^^^^^^^^^^^^^^^
  File "/home/arcana-novai/Documents/Xoe-NovAi/omega-engine/src/omega/workers/background_researcher/loop.py", line 431, in _extract
    result = await self.pipeline.run_source(url)
             ^^^^^^^^^^^^^^^^^^^^^^^^^^^^^^^^^^^
  File "/home/arcana-novai/Documents/Xoe-NovAi/omega-engine/src/omega/ingestion/pipeline.py", line 187, in run_source
    raise TransportError(f"T1 Fast Scrape failed: {t1_res.error}")
omega.ingestion.ingestion_types.TransportError: T1 Fast Scrape failed: Trafilatura failed to fetch URL
2026-07-08 21:34:15 [WARNING] omega.vault.key_vault: Invalid VAULT_MASTER_KEY: [VaultCryptoError] Invalid master key hex: non-hexadecimal number found in fromhex() arg at position 48
2026-07-08 21:34:15 [WARNING] omega.vault.key_vault: No VAULT_MASTER_KEY set — vault is locked. Falling back to environment variables.
2026-07-08 21:34:15 [INFO] omega.memory.fts: FTS5 index initialized at /home/arcana-novai/Documents/Xoe-NovAi/omega-engine/data/memory/fts_memory.db
2026-07-08 21:34:15 [INFO] omega.oracle.pii_masker: pii-shield loaded: 18 PII types, context-aware detection
2026-07-08 21:34:15 [INFO] omega.researcher.run: Starting research cycle...
2026-07-08 21:34:15 [INFO] omega.library.coordinator: Worker registered: researcher
2026-07-08 21:34:15 [INFO] omega.library.coordinator: Worker started: researcher
2026-07-08 21:34:15 [INFO] omega.workers.background_researcher.loop: Starting research cycle cycle_20260709_003415_1
2026-07-08 21:34:15 [INFO] httpx: HTTP Request: GET https://httpbin.org/get "HTTP/1.1 200 OK"
2026-07-08 21:34:15 [INFO] omega.workers.background_researcher.loop: Frontier gap found: 'Phase 1 — Engine Hardening — Memory wiring, handoff protocol, soul atomicity, agent hardening, MCP consolidation research' (p=0.6) from master_ledger
2026-07-08 21:34:15 [INFO] omega.workers.background_researcher.loop: Frontier gap found: 'Phase 2 — Legacy Mining — Extract 12 quick-win assets, port legacy patterns, compile community content research' (p=0.6) from master_ledger
2026-07-08 21:34:15 [INFO] omega.workers.background_researcher.loop: Frontier gap found: 'Phase 3 — Community Tools — Entity Studio CLI → Visual Builder, Stack Builder Wizard, one-click Omega Desktop research' (p=0.6) from master_ledger
2026-07-08 21:34:15 [INFO] omega.workers.background_researcher.loop: Frontier gap found: 'Phase 4 — The Omegaverse — P2P network protocol, WAD registry, cross-instance entity communication, **Godot/id Tech VR bridge**, soul-to-visual mapping (R-24), **shared VR realms (P2P Metropolis)** research' (p=0.6) from master_ledger
2026-07-08 21:34:15 [INFO] omega.workers.background_researcher.loop: Frontier gap found: 'Knowledge base scaffolding for entity cli_cline' (p=0.5) from entity_gap
2026-07-08 21:34:15 [INFO] omega.workers.background_researcher.loop: Frontier growth complete — enqueued 5 topics from 31 candidates
2026-07-08 21:34:15 [INFO] omega.workers.background_researcher.loop: Researching: 'Phase 1 — Engine Hardening — Memory wiring, handoff protocol, soul atomicity, agent hardening, MCP consolidation research' (priority=0.60)
2026-07-08 21:34:15 [WARNING] omega.workers.background_researcher.searxng_client: SearXNG request failed: 
2026-07-08 21:34:15 [WARNING] omega.workers.background_researcher.searxng_client: SearXNG request failed: 
2026-07-08 21:34:16 [INFO] httpx: HTTP Request: POST https://api.exa.ai/search "HTTP/1.1 200 OK"
2026-07-08 21:34:16 [INFO] httpx: HTTP Request: POST https://generativelanguage.googleapis.com/v1beta/models/gemma-4-31b-it:generateContent "HTTP/1.1 200 OK"
2026-07-08 21:34:16 [INFO] omega.ingestion.guards: Sentry Probe SUCCESS for gemma-4-31b-it on attempt 1
2026-07-08 21:34:17 [WARNING] omega.ingestion.pipeline: T3 Deep Scrape failed for https://github.com/alphaonedev/ai-memory-mcp/blob/main/docs/atomisation.md, falling back to T1
2026-07-08 21:34:17 [WARNING] omega.workers.background_researcher.loop: Sovereign Pipeline failed to ingest https://github.com/alphaonedev/ai-memory-mcp/blob/main/docs/atomisation.md
2026-07-08 21:34:18 [INFO] httpx: HTTP Request: POST https://generativelanguage.googleapis.com/v1beta/models/gemma-4-31b-it:generateContent "HTTP/1.1 200 OK"
2026-07-08 21:34:18 [INFO] omega.ingestion.guards: Sentry Probe SUCCESS for gemma-4-31b-it on attempt 1
2026-07-08 21:34:18 [INFO] urllib3.poolmanager: Redirecting https://blog.vinkius.com/the-agentic-swarm-manifesto-how-vurb-ts-fhp-does-for-mcp-what-kubernetes-did-for-microservices -> https://vinkius.com/blog/the-agentic-swarm-manifesto-how-vurb-ts-fhp-does-for-mcp-what-kubernetes-did-for-microservices
2026-07-08 21:34:19 [ERROR] trafilatura.downloads: not a 200 response: 404 for URL https://blog.vinkius.com/the-agentic-swarm-manifesto-how-vurb-ts-fhp-does-for-mcp-what-kubernetes-did-for-microservices
2026-07-08 21:34:19 [INFO] omega.library.coordinator: Worker stopped: researcher
2026-07-08 21:34:19 [ERROR] omega.researcher.run: Critical failure in research cycle: T1 Fast Scrape failed: Trafilatura failed to fetch URL
Traceback (most recent call last):
  File "/home/arcana-novai/Documents/Xoe-NovAi/omega-engine/src/omega/workers/background_researcher/run.py", line 100, in main
    result = await loop.run_cycle()
             ^^^^^^^^^^^^^^^^^^^^^^
  File "/home/arcana-novai/Documents/Xoe-NovAi/omega-engine/src/omega/workers/background_researcher/loop.py", line 268, in run_cycle
    content = await self._extract(task, sources)
              ^^^^^^^^^^^^^^^^^^^^^^^^^^^^^^^^^^
  File "/home/arcana-novai/Documents/Xoe-NovAi/omega-engine/src/omega/workers/background_researcher/loop.py", line 431, in _extract
    result = await self.pipeline.run_source(url)
             ^^^^^^^^^^^^^^^^^^^^^^^^^^^^^^^^^^^
  File "/home/arcana-novai/Documents/Xoe-NovAi/omega-engine/src/omega/ingestion/pipeline.py", line 187, in run_source
    raise TransportError(f"T1 Fast Scrape failed: {t1_res.error}")
omega.ingestion.ingestion_types.TransportError: T1 Fast Scrape failed: Trafilatura failed to fetch URL
2026-07-08 21:34:51 [WARNING] omega.vault.key_vault: Invalid VAULT_MASTER_KEY: [VaultCryptoError] Invalid master key hex: non-hexadecimal number found in fromhex() arg at position 48
2026-07-08 21:34:51 [WARNING] omega.vault.key_vault: No VAULT_MASTER_KEY set — vault is locked. Falling back to environment variables.
2026-07-08 21:34:51 [INFO] omega.memory.fts: FTS5 index initialized at /home/arcana-novai/Documents/Xoe-NovAi/omega-engine/data/memory/fts_memory.db
2026-07-08 21:34:51 [INFO] omega.oracle.pii_masker: pii-shield loaded: 18 PII types, context-aware detection
2026-07-08 21:34:51 [INFO] omega.researcher.run: Starting research cycle...
2026-07-08 21:34:51 [INFO] omega.library.coordinator: Worker registered: researcher
2026-07-08 21:34:51 [INFO] omega.library.coordinator: Worker started: researcher
2026-07-08 21:34:51 [INFO] omega.workers.background_researcher.loop: Starting research cycle cycle_20260709_003451_1
2026-07-08 21:34:52 [INFO] httpx: HTTP Request: GET https://httpbin.org/get "HTTP/1.1 200 OK"
2026-07-08 21:34:52 [INFO] omega.workers.background_researcher.loop: Frontier gap found: 'Phase 1 — Engine Hardening — Memory wiring, handoff protocol, soul atomicity, agent hardening, MCP consolidation research' (p=0.6) from master_ledger
2026-07-08 21:34:52 [INFO] omega.workers.background_researcher.loop: Frontier gap found: 'Phase 2 — Legacy Mining — Extract 12 quick-win assets, port legacy patterns, compile community content research' (p=0.6) from master_ledger
2026-07-08 21:34:52 [INFO] omega.workers.background_researcher.loop: Frontier gap found: 'Phase 3 — Community Tools — Entity Studio CLI → Visual Builder, Stack Builder Wizard, one-click Omega Desktop research' (p=0.6) from master_ledger
2026-07-08 21:34:52 [INFO] omega.workers.background_researcher.loop: Frontier gap found: 'Phase 4 — The Omegaverse — P2P network protocol, WAD registry, cross-instance entity communication, **Godot/id Tech VR bridge**, soul-to-visual mapping (R-24), **shared VR realms (P2P Metropolis)** research' (p=0.6) from master_ledger
2026-07-08 21:34:52 [INFO] omega.workers.background_researcher.loop: Frontier gap found: 'Knowledge base scaffolding for entity cli_cline' (p=0.5) from entity_gap
2026-07-08 21:34:52 [INFO] omega.workers.background_researcher.loop: Frontier growth complete — enqueued 5 topics from 31 candidates
2026-07-08 21:34:52 [INFO] omega.workers.background_researcher.loop: Researching: 'Phase 1 — Engine Hardening — Memory wiring, handoff protocol, soul atomicity, agent hardening, MCP consolidation research' (priority=0.60)
2026-07-08 21:34:52 [WARNING] omega.workers.background_researcher.searxng_client: SearXNG request failed: 
2026-07-08 21:34:52 [WARNING] omega.workers.background_researcher.searxng_client: SearXNG request failed: 
2026-07-08 21:34:52 [INFO] httpx: HTTP Request: POST https://api.exa.ai/search "HTTP/1.1 200 OK"
2026-07-08 21:34:54 [INFO] httpx: HTTP Request: POST https://generativelanguage.googleapis.com/v1beta/models/gemma-4-31b-it:generateContent "HTTP/1.1 200 OK"
2026-07-08 21:34:54 [INFO] omega.ingestion.guards: Sentry Probe SUCCESS for gemma-4-31b-it on attempt 1
2026-07-08 21:34:56 [WARNING] omega.ingestion.pipeline: T3 Deep Scrape failed for https://github.com/alphaonedev/ai-memory-mcp/blob/main/docs/atomisation.md, falling back to T1
2026-07-08 21:34:56 [WARNING] omega.workers.background_researcher.loop: Sovereign Pipeline failed to ingest https://github.com/alphaonedev/ai-memory-mcp/blob/main/docs/atomisation.md
2026-07-08 21:34:57 [INFO] httpx: HTTP Request: POST https://generativelanguage.googleapis.com/v1beta/models/gemma-4-31b-it:generateContent "HTTP/1.1 200 OK"
2026-07-08 21:34:57 [INFO] omega.ingestion.guards: Sentry Probe SUCCESS for gemma-4-31b-it on attempt 1
2026-07-08 21:34:57 [INFO] urllib3.poolmanager: Redirecting https://blog.vinkius.com/the-agentic-swarm-manifesto-how-vurb-ts-fhp-does-for-mcp-what-kubernetes-did-for-microservices -> https://vinkius.com/blog/the-agentic-swarm-manifesto-how-vurb-ts-fhp-does-for-mcp-what-kubernetes-did-for-microservices
2026-07-08 21:34:58 [ERROR] trafilatura.downloads: not a 200 response: 404 for URL https://blog.vinkius.com/the-agentic-swarm-manifesto-how-vurb-ts-fhp-does-for-mcp-what-kubernetes-did-for-microservices
2026-07-08 21:34:58 [INFO] omega.library.coordinator: Worker stopped: researcher
2026-07-08 21:34:58 [ERROR] omega.researcher.run: Critical failure in research cycle: T1 Fast Scrape failed: Trafilatura failed to fetch URL
Traceback (most recent call last):
  File "/home/arcana-novai/Documents/Xoe-NovAi/omega-engine/src/omega/workers/background_researcher/run.py", line 100, in main
    result = await loop.run_cycle()
             ^^^^^^^^^^^^^^^^^^^^^^
  File "/home/arcana-novai/Documents/Xoe-NovAi/omega-engine/src/omega/workers/background_researcher/loop.py", line 268, in run_cycle
    content = await self._extract(task, sources)
              ^^^^^^^^^^^^^^^^^^^^^^^^^^^^^^^^^^
  File "/home/arcana-novai/Documents/Xoe-NovAi/omega-engine/src/omega/workers/background_researcher/loop.py", line 431, in _extract
    result = await self.pipeline.run_source(url)
             ^^^^^^^^^^^^^^^^^^^^^^^^^^^^^^^^^^^
  File "/home/arcana-novai/Documents/Xoe-NovAi/omega-engine/src/omega/ingestion/pipeline.py", line 187, in run_source
    raise TransportError(f"T1 Fast Scrape failed: {t1_res.error}")
omega.ingestion.ingestion_types.TransportError: T1 Fast Scrape failed: Trafilatura failed to fetch URL
2026-07-08 21:35:31 [WARNING] omega.vault.key_vault: Invalid VAULT_MASTER_KEY: [VaultCryptoError] Invalid master key hex: non-hexadecimal number found in fromhex() arg at position 48
2026-07-08 21:35:31 [WARNING] omega.vault.key_vault: No VAULT_MASTER_KEY set — vault is locked. Falling back to environment variables.
2026-07-08 21:35:31 [INFO] omega.memory.fts: FTS5 index initialized at /home/arcana-novai/Documents/Xoe-NovAi/omega-engine/data/memory/fts_memory.db
2026-07-08 21:35:31 [INFO] omega.oracle.pii_masker: pii-shield loaded: 18 PII types, context-aware detection
2026-07-08 21:35:31 [INFO] omega.researcher.run: Starting research cycle...
2026-07-08 21:35:31 [INFO] omega.library.coordinator: Worker registered: researcher
2026-07-08 21:35:31 [INFO] omega.library.coordinator: Worker started: researcher
2026-07-08 21:35:31 [INFO] omega.workers.background_researcher.loop: Starting research cycle cycle_20260709_003531_1
2026-07-08 21:35:32 [INFO] httpx: HTTP Request: GET https://httpbin.org/get "HTTP/1.1 200 OK"
2026-07-08 21:35:32 [INFO] omega.workers.background_researcher.loop: Frontier gap found: 'Phase 1 — Engine Hardening — Memory wiring, handoff protocol, soul atomicity, agent hardening, MCP consolidation research' (p=0.6) from master_ledger
2026-07-08 21:35:32 [INFO] omega.workers.background_researcher.loop: Frontier gap found: 'Phase 2 — Legacy Mining — Extract 12 quick-win assets, port legacy patterns, compile community content research' (p=0.6) from master_ledger
2026-07-08 21:35:32 [INFO] omega.workers.background_researcher.loop: Frontier gap found: 'Phase 3 — Community Tools — Entity Studio CLI → Visual Builder, Stack Builder Wizard, one-click Omega Desktop research' (p=0.6) from master_ledger
2026-07-08 21:35:32 [INFO] omega.workers.background_researcher.loop: Frontier gap found: 'Phase 4 — The Omegaverse — P2P network protocol, WAD registry, cross-instance entity communication, **Godot/id Tech VR bridge**, soul-to-visual mapping (R-24), **shared VR realms (P2P Metropolis)** research' (p=0.6) from master_ledger
2026-07-08 21:35:32 [INFO] omega.workers.background_researcher.loop: Frontier gap found: 'Knowledge base scaffolding for entity cli_cline' (p=0.5) from entity_gap
2026-07-08 21:35:32 [INFO] omega.workers.background_researcher.loop: Frontier growth complete — enqueued 5 topics from 31 candidates
2026-07-08 21:35:32 [INFO] omega.workers.background_researcher.loop: Researching: 'Phase 1 — Engine Hardening — Memory wiring, handoff protocol, soul atomicity, agent hardening, MCP consolidation research' (priority=0.60)
2026-07-08 21:35:32 [WARNING] omega.workers.background_researcher.searxng_client: SearXNG request failed: 
2026-07-08 21:35:32 [WARNING] omega.workers.background_researcher.searxng_client: SearXNG request failed: 
2026-07-08 21:35:33 [INFO] httpx: HTTP Request: POST https://api.exa.ai/search "HTTP/1.1 200 OK"
2026-07-08 21:35:37 [INFO] httpx: HTTP Request: POST https://generativelanguage.googleapis.com/v1beta/models/gemma-4-31b-it:generateContent "HTTP/1.1 200 OK"
2026-07-08 21:35:37 [INFO] omega.ingestion.guards: Sentry Probe SUCCESS for gemma-4-31b-it on attempt 1
2026-07-08 21:35:40 [WARNING] omega.ingestion.pipeline: T3 Deep Scrape failed for https://github.com/alphaonedev/ai-memory-mcp/blob/main/docs/atomisation.md, falling back to T1
2026-07-08 21:35:40 [WARNING] omega.workers.background_researcher.loop: Sovereign Pipeline failed to ingest https://github.com/alphaonedev/ai-memory-mcp/blob/main/docs/atomisation.md
2026-07-08 21:35:42 [INFO] httpx: HTTP Request: POST https://generativelanguage.googleapis.com/v1beta/models/gemma-4-31b-it:generateContent "HTTP/1.1 200 OK"
2026-07-08 21:35:42 [INFO] omega.ingestion.guards: Sentry Probe SUCCESS for gemma-4-31b-it on attempt 1
2026-07-08 21:35:42 [INFO] urllib3.poolmanager: Redirecting https://blog.vinkius.com/the-agentic-swarm-manifesto-how-vurb-ts-fhp-does-for-mcp-what-kubernetes-did-for-microservices -> https://vinkius.com/blog/the-agentic-swarm-manifesto-how-vurb-ts-fhp-does-for-mcp-what-kubernetes-did-for-microservices
2026-07-08 21:35:43 [ERROR] trafilatura.downloads: not a 200 response: 404 for URL https://blog.vinkius.com/the-agentic-swarm-manifesto-how-vurb-ts-fhp-does-for-mcp-what-kubernetes-did-for-microservices
2026-07-08 21:35:43 [INFO] omega.library.coordinator: Worker stopped: researcher
2026-07-08 21:35:43 [ERROR] omega.researcher.run: Critical failure in research cycle: T1 Fast Scrape failed: Trafilatura failed to fetch URL
Traceback (most recent call last):
  File "/home/arcana-novai/Documents/Xoe-NovAi/omega-engine/src/omega/workers/background_researcher/run.py", line 100, in main
    result = await loop.run_cycle()
             ^^^^^^^^^^^^^^^^^^^^^^
  File "/home/arcana-novai/Documents/Xoe-NovAi/omega-engine/src/omega/workers/background_researcher/loop.py", line 268, in run_cycle
    content = await self._extract(task, sources)
              ^^^^^^^^^^^^^^^^^^^^^^^^^^^^^^^^^^
  File "/home/arcana-novai/Documents/Xoe-NovAi/omega-engine/src/omega/workers/background_researcher/loop.py", line 431, in _extract
    result = await self.pipeline.run_source(url)
             ^^^^^^^^^^^^^^^^^^^^^^^^^^^^^^^^^^^
  File "/home/arcana-novai/Documents/Xoe-NovAi/omega-engine/src/omega/ingestion/pipeline.py", line 187, in run_source
    raise TransportError(f"T1 Fast Scrape failed: {t1_res.error}")
omega.ingestion.ingestion_types.TransportError: T1 Fast Scrape failed: Trafilatura failed to fetch URL
2026-07-08 21:36:16 [WARNING] omega.vault.key_vault: Invalid VAULT_MASTER_KEY: [VaultCryptoError] Invalid master key hex: non-hexadecimal number found in fromhex() arg at position 48
2026-07-08 21:36:16 [WARNING] omega.vault.key_vault: No VAULT_MASTER_KEY set — vault is locked. Falling back to environment variables.
2026-07-08 21:36:16 [INFO] omega.memory.fts: FTS5 index initialized at /home/arcana-novai/Documents/Xoe-NovAi/omega-engine/data/memory/fts_memory.db
2026-07-08 21:36:16 [INFO] omega.oracle.pii_masker: pii-shield loaded: 18 PII types, context-aware detection
2026-07-08 21:36:16 [INFO] omega.researcher.run: Starting research cycle...
2026-07-08 21:36:16 [INFO] omega.library.coordinator: Worker registered: researcher
2026-07-08 21:36:16 [INFO] omega.library.coordinator: Worker started: researcher
2026-07-08 21:36:16 [INFO] omega.workers.background_researcher.loop: Starting research cycle cycle_20260709_003616_1
2026-07-08 21:36:17 [INFO] httpx: HTTP Request: GET https://httpbin.org/get "HTTP/1.1 200 OK"
2026-07-08 21:36:17 [INFO] omega.workers.background_researcher.loop: Frontier gap found: 'Phase 1 — Engine Hardening — Memory wiring, handoff protocol, soul atomicity, agent hardening, MCP consolidation research' (p=0.6) from master_ledger
2026-07-08 21:36:17 [INFO] omega.workers.background_researcher.loop: Frontier gap found: 'Phase 2 — Legacy Mining — Extract 12 quick-win assets, port legacy patterns, compile community content research' (p=0.6) from master_ledger
2026-07-08 21:36:17 [INFO] omega.workers.background_researcher.loop: Frontier gap found: 'Phase 3 — Community Tools — Entity Studio CLI → Visual Builder, Stack Builder Wizard, one-click Omega Desktop research' (p=0.6) from master_ledger
2026-07-08 21:36:17 [INFO] omega.workers.background_researcher.loop: Frontier gap found: 'Phase 4 — The Omegaverse — P2P network protocol, WAD registry, cross-instance entity communication, **Godot/id Tech VR bridge**, soul-to-visual mapping (R-24), **shared VR realms (P2P Metropolis)** research' (p=0.6) from master_ledger
2026-07-08 21:36:17 [INFO] omega.workers.background_researcher.loop: Frontier gap found: 'Knowledge base scaffolding for entity cli_cline' (p=0.5) from entity_gap
2026-07-08 21:36:17 [INFO] omega.workers.background_researcher.loop: Frontier growth complete — enqueued 5 topics from 31 candidates
2026-07-08 21:36:17 [INFO] omega.workers.background_researcher.loop: Researching: 'Phase 1 — Engine Hardening — Memory wiring, handoff protocol, soul atomicity, agent hardening, MCP consolidation research' (priority=0.60)
2026-07-08 21:36:17 [WARNING] omega.workers.background_researcher.searxng_client: SearXNG request failed: 
2026-07-08 21:36:17 [WARNING] omega.workers.background_researcher.searxng_client: SearXNG request failed: 
2026-07-08 21:36:17 [INFO] httpx: HTTP Request: POST https://api.exa.ai/search "HTTP/1.1 200 OK"
2026-07-08 21:36:18 [INFO] httpx: HTTP Request: POST https://generativelanguage.googleapis.com/v1beta/models/gemma-4-31b-it:generateContent "HTTP/1.1 200 OK"
2026-07-08 21:36:18 [INFO] omega.ingestion.guards: Sentry Probe SUCCESS for gemma-4-31b-it on attempt 1
2026-07-08 21:36:22 [WARNING] omega.ingestion.pipeline: T3 Deep Scrape failed for https://github.com/alphaonedev/ai-memory-mcp/blob/main/docs/atomisation.md, falling back to T1
2026-07-08 21:36:22 [WARNING] omega.workers.background_researcher.loop: Sovereign Pipeline failed to ingest https://github.com/alphaonedev/ai-memory-mcp/blob/main/docs/atomisation.md
2026-07-08 21:36:23 [INFO] httpx: HTTP Request: POST https://generativelanguage.googleapis.com/v1beta/models/gemma-4-31b-it:generateContent "HTTP/1.1 200 OK"
2026-07-08 21:36:23 [INFO] omega.ingestion.guards: Sentry Probe SUCCESS for gemma-4-31b-it on attempt 1
2026-07-08 21:36:24 [INFO] urllib3.poolmanager: Redirecting https://blog.vinkius.com/the-agentic-swarm-manifesto-how-vurb-ts-fhp-does-for-mcp-what-kubernetes-did-for-microservices -> https://vinkius.com/blog/the-agentic-swarm-manifesto-how-vurb-ts-fhp-does-for-mcp-what-kubernetes-did-for-microservices
2026-07-08 21:36:24 [ERROR] trafilatura.downloads: not a 200 response: 404 for URL https://blog.vinkius.com/the-agentic-swarm-manifesto-how-vurb-ts-fhp-does-for-mcp-what-kubernetes-did-for-microservices
2026-07-08 21:36:24 [INFO] omega.library.coordinator: Worker stopped: researcher
2026-07-08 21:36:24 [ERROR] omega.researcher.run: Critical failure in research cycle: T1 Fast Scrape failed: Trafilatura failed to fetch URL
Traceback (most recent call last):
  File "/home/arcana-novai/Documents/Xoe-NovAi/omega-engine/src/omega/workers/background_researcher/run.py", line 100, in main
    result = await loop.run_cycle()
             ^^^^^^^^^^^^^^^^^^^^^^
  File "/home/arcana-novai/Documents/Xoe-NovAi/omega-engine/src/omega/workers/background_researcher/loop.py", line 268, in run_cycle
    content = await self._extract(task, sources)
              ^^^^^^^^^^^^^^^^^^^^^^^^^^^^^^^^^^
  File "/home/arcana-novai/Documents/Xoe-NovAi/omega-engine/src/omega/workers/background_researcher/loop.py", line 431, in _extract
    result = await self.pipeline.run_source(url)
             ^^^^^^^^^^^^^^^^^^^^^^^^^^^^^^^^^^^
  File "/home/arcana-novai/Documents/Xoe-NovAi/omega-engine/src/omega/ingestion/pipeline.py", line 187, in run_source
    raise TransportError(f"T1 Fast Scrape failed: {t1_res.error}")
omega.ingestion.ingestion_types.TransportError: T1 Fast Scrape failed: Trafilatura failed to fetch URL
2026-07-08 21:36:57 [WARNING] omega.vault.key_vault: Invalid VAULT_MASTER_KEY: [VaultCryptoError] Invalid master key hex: non-hexadecimal number found in fromhex() arg at position 48
2026-07-08 21:36:57 [WARNING] omega.vault.key_vault: No VAULT_MASTER_KEY set — vault is locked. Falling back to environment variables.
2026-07-08 21:36:57 [INFO] omega.memory.fts: FTS5 index initialized at /home/arcana-novai/Documents/Xoe-NovAi/omega-engine/data/memory/fts_memory.db
2026-07-08 21:36:57 [INFO] omega.oracle.pii_masker: pii-shield loaded: 18 PII types, context-aware detection
2026-07-08 21:36:57 [INFO] omega.researcher.run: Starting research cycle...
2026-07-08 21:36:57 [INFO] omega.library.coordinator: Worker registered: researcher
2026-07-08 21:36:57 [INFO] omega.library.coordinator: Worker started: researcher
2026-07-08 21:36:57 [INFO] omega.workers.background_researcher.loop: Starting research cycle cycle_20260709_003657_1
2026-07-08 21:36:58 [INFO] httpx: HTTP Request: GET https://httpbin.org/get "HTTP/1.1 200 OK"
2026-07-08 21:36:58 [INFO] omega.workers.background_researcher.loop: Frontier gap found: 'Phase 1 — Engine Hardening — Memory wiring, handoff protocol, soul atomicity, agent hardening, MCP consolidation research' (p=0.6) from master_ledger
2026-07-08 21:36:58 [INFO] omega.workers.background_researcher.loop: Frontier gap found: 'Phase 2 — Legacy Mining — Extract 12 quick-win assets, port legacy patterns, compile community content research' (p=0.6) from master_ledger
2026-07-08 21:36:58 [INFO] omega.workers.background_researcher.loop: Frontier gap found: 'Phase 3 — Community Tools — Entity Studio CLI → Visual Builder, Stack Builder Wizard, one-click Omega Desktop research' (p=0.6) from master_ledger
2026-07-08 21:36:58 [INFO] omega.workers.background_researcher.loop: Frontier gap found: 'Phase 4 — The Omegaverse — P2P network protocol, WAD registry, cross-instance entity communication, **Godot/id Tech VR bridge**, soul-to-visual mapping (R-24), **shared VR realms (P2P Metropolis)** research' (p=0.6) from master_ledger
2026-07-08 21:36:58 [INFO] omega.workers.background_researcher.loop: Frontier gap found: 'Knowledge base scaffolding for entity cli_cline' (p=0.5) from entity_gap
2026-07-08 21:36:58 [INFO] omega.workers.background_researcher.loop: Frontier growth complete — enqueued 5 topics from 31 candidates
2026-07-08 21:36:58 [INFO] omega.workers.background_researcher.loop: Researching: 'Phase 1 — Engine Hardening — Memory wiring, handoff protocol, soul atomicity, agent hardening, MCP consolidation research' (priority=0.60)
2026-07-08 21:36:58 [WARNING] omega.workers.background_researcher.searxng_client: SearXNG request failed: 
2026-07-08 21:36:58 [WARNING] omega.workers.background_researcher.searxng_client: SearXNG request failed: 
2026-07-08 21:36:58 [INFO] httpx: HTTP Request: POST https://api.exa.ai/search "HTTP/1.1 200 OK"
2026-07-08 21:36:59 [INFO] httpx: HTTP Request: POST https://generativelanguage.googleapis.com/v1beta/models/gemma-4-31b-it:generateContent "HTTP/1.1 200 OK"
2026-07-08 21:36:59 [INFO] omega.ingestion.guards: Sentry Probe SUCCESS for gemma-4-31b-it on attempt 1
2026-07-08 21:37:01 [WARNING] omega.ingestion.pipeline: T3 Deep Scrape failed for https://github.com/alphaonedev/ai-memory-mcp/blob/main/docs/atomisation.md, falling back to T1
2026-07-08 21:37:01 [WARNING] omega.workers.background_researcher.loop: Sovereign Pipeline failed to ingest https://github.com/alphaonedev/ai-memory-mcp/blob/main/docs/atomisation.md
2026-07-08 21:37:01 [INFO] httpx: HTTP Request: POST https://generativelanguage.googleapis.com/v1beta/models/gemma-4-31b-it:generateContent "HTTP/1.1 200 OK"
2026-07-08 21:37:01 [INFO] omega.ingestion.guards: Sentry Probe SUCCESS for gemma-4-31b-it on attempt 1
2026-07-08 21:37:02 [INFO] urllib3.poolmanager: Redirecting https://blog.vinkius.com/the-agentic-swarm-manifesto-how-vurb-ts-fhp-does-for-mcp-what-kubernetes-did-for-microservices -> https://vinkius.com/blog/the-agentic-swarm-manifesto-how-vurb-ts-fhp-does-for-mcp-what-kubernetes-did-for-microservices
2026-07-08 21:37:02 [ERROR] trafilatura.downloads: not a 200 response: 404 for URL https://blog.vinkius.com/the-agentic-swarm-manifesto-how-vurb-ts-fhp-does-for-mcp-what-kubernetes-did-for-microservices
2026-07-08 21:37:02 [INFO] omega.library.coordinator: Worker stopped: researcher
2026-07-08 21:37:02 [ERROR] omega.researcher.run: Critical failure in research cycle: T1 Fast Scrape failed: Trafilatura failed to fetch URL
Traceback (most recent call last):
  File "/home/arcana-novai/Documents/Xoe-NovAi/omega-engine/src/omega/workers/background_researcher/run.py", line 100, in main
    result = await loop.run_cycle()
             ^^^^^^^^^^^^^^^^^^^^^^
  File "/home/arcana-novai/Documents/Xoe-NovAi/omega-engine/src/omega/workers/background_researcher/loop.py", line 268, in run_cycle
    content = await self._extract(task, sources)
              ^^^^^^^^^^^^^^^^^^^^^^^^^^^^^^^^^^
  File "/home/arcana-novai/Documents/Xoe-NovAi/omega-engine/src/omega/workers/background_researcher/loop.py", line 431, in _extract
    result = await self.pipeline.run_source(url)
             ^^^^^^^^^^^^^^^^^^^^^^^^^^^^^^^^^^^
  File "/home/arcana-novai/Documents/Xoe-NovAi/omega-engine/src/omega/ingestion/pipeline.py", line 187, in run_source
    raise TransportError(f"T1 Fast Scrape failed: {t1_res.error}")
omega.ingestion.ingestion_types.TransportError: T1 Fast Scrape failed: Trafilatura failed to fetch URL
2026-07-08 21:37:35 [WARNING] omega.vault.key_vault: Invalid VAULT_MASTER_KEY: [VaultCryptoError] Invalid master key hex: non-hexadecimal number found in fromhex() arg at position 48
2026-07-08 21:37:35 [WARNING] omega.vault.key_vault: No VAULT_MASTER_KEY set — vault is locked. Falling back to environment variables.
2026-07-08 21:37:35 [INFO] omega.memory.fts: FTS5 index initialized at /home/arcana-novai/Documents/Xoe-NovAi/omega-engine/data/memory/fts_memory.db
2026-07-08 21:37:35 [INFO] omega.oracle.pii_masker: pii-shield loaded: 18 PII types, context-aware detection
2026-07-08 21:37:35 [INFO] omega.researcher.run: Starting research cycle...
2026-07-08 21:37:35 [INFO] omega.library.coordinator: Worker registered: researcher
2026-07-08 21:37:35 [INFO] omega.library.coordinator: Worker started: researcher
2026-07-08 21:37:35 [INFO] omega.workers.background_researcher.loop: Starting research cycle cycle_20260709_003735_1
2026-07-08 21:37:36 [INFO] httpx: HTTP Request: GET https://httpbin.org/get "HTTP/1.1 200 OK"
2026-07-08 21:37:36 [INFO] omega.workers.background_researcher.loop: Frontier gap found: 'Phase 1 — Engine Hardening — Memory wiring, handoff protocol, soul atomicity, agent hardening, MCP consolidation research' (p=0.6) from master_ledger
2026-07-08 21:37:36 [INFO] omega.workers.background_researcher.loop: Frontier gap found: 'Phase 2 — Legacy Mining — Extract 12 quick-win assets, port legacy patterns, compile community content research' (p=0.6) from master_ledger
2026-07-08 21:37:36 [INFO] omega.workers.background_researcher.loop: Frontier gap found: 'Phase 3 — Community Tools — Entity Studio CLI → Visual Builder, Stack Builder Wizard, one-click Omega Desktop research' (p=0.6) from master_ledger
2026-07-08 21:37:36 [INFO] omega.workers.background_researcher.loop: Frontier gap found: 'Phase 4 — The Omegaverse — P2P network protocol, WAD registry, cross-instance entity communication, **Godot/id Tech VR bridge**, soul-to-visual mapping (R-24), **shared VR realms (P2P Metropolis)** research' (p=0.6) from master_ledger
2026-07-08 21:37:36 [INFO] omega.workers.background_researcher.loop: Frontier gap found: 'Knowledge base scaffolding for entity cli_cline' (p=0.5) from entity_gap
2026-07-08 21:37:36 [INFO] omega.workers.background_researcher.loop: Frontier growth complete — enqueued 5 topics from 31 candidates
2026-07-08 21:37:36 [INFO] omega.workers.background_researcher.loop: Researching: 'Phase 1 — Engine Hardening — Memory wiring, handoff protocol, soul atomicity, agent hardening, MCP consolidation research' (priority=0.60)
2026-07-08 21:37:36 [WARNING] omega.workers.background_researcher.searxng_client: SearXNG request failed: 
2026-07-08 21:37:36 [WARNING] omega.workers.background_researcher.searxng_client: SearXNG request failed: 
2026-07-08 21:37:36 [INFO] httpx: HTTP Request: POST https://api.exa.ai/search "HTTP/1.1 200 OK"
2026-07-08 21:37:37 [INFO] httpx: HTTP Request: POST https://generativelanguage.googleapis.com/v1beta/models/gemma-4-31b-it:generateContent "HTTP/1.1 200 OK"
2026-07-08 21:37:37 [INFO] omega.ingestion.guards: Sentry Probe SUCCESS for gemma-4-31b-it on attempt 1
2026-07-08 21:37:41 [WARNING] omega.ingestion.pipeline: T3 Deep Scrape failed for https://github.com/alphaonedev/ai-memory-mcp/blob/main/docs/atomisation.md, falling back to T1
2026-07-08 21:37:41 [WARNING] omega.workers.background_researcher.loop: Sovereign Pipeline failed to ingest https://github.com/alphaonedev/ai-memory-mcp/blob/main/docs/atomisation.md
2026-07-08 21:37:41 [INFO] httpx: HTTP Request: POST https://generativelanguage.googleapis.com/v1beta/models/gemma-4-31b-it:generateContent "HTTP/1.1 200 OK"
2026-07-08 21:37:41 [INFO] omega.ingestion.guards: Sentry Probe SUCCESS for gemma-4-31b-it on attempt 1
2026-07-08 21:37:42 [INFO] urllib3.poolmanager: Redirecting https://blog.vinkius.com/the-agentic-swarm-manifesto-how-vurb-ts-fhp-does-for-mcp-what-kubernetes-did-for-microservices -> https://vinkius.com/blog/the-agentic-swarm-manifesto-how-vurb-ts-fhp-does-for-mcp-what-kubernetes-did-for-microservices
2026-07-08 21:37:42 [ERROR] trafilatura.downloads: not a 200 response: 404 for URL https://blog.vinkius.com/the-agentic-swarm-manifesto-how-vurb-ts-fhp-does-for-mcp-what-kubernetes-did-for-microservices
2026-07-08 21:37:42 [INFO] omega.library.coordinator: Worker stopped: researcher
2026-07-08 21:37:42 [ERROR] omega.researcher.run: Critical failure in research cycle: T1 Fast Scrape failed: Trafilatura failed to fetch URL
Traceback (most recent call last):
  File "/home/arcana-novai/Documents/Xoe-NovAi/omega-engine/src/omega/workers/background_researcher/run.py", line 100, in main
    result = await loop.run_cycle()
             ^^^^^^^^^^^^^^^^^^^^^^
  File "/home/arcana-novai/Documents/Xoe-NovAi/omega-engine/src/omega/workers/background_researcher/loop.py", line 268, in run_cycle
    content = await self._extract(task, sources)
              ^^^^^^^^^^^^^^^^^^^^^^^^^^^^^^^^^^
  File "/home/arcana-novai/Documents/Xoe-NovAi/omega-engine/src/omega/workers/background_researcher/loop.py", line 431, in _extract
    result = await self.pipeline.run_source(url)
             ^^^^^^^^^^^^^^^^^^^^^^^^^^^^^^^^^^^
  File "/home/arcana-novai/Documents/Xoe-NovAi/omega-engine/src/omega/ingestion/pipeline.py", line 187, in run_source
    raise TransportError(f"T1 Fast Scrape failed: {t1_res.error}")
omega.ingestion.ingestion_types.TransportError: T1 Fast Scrape failed: Trafilatura failed to fetch URL
2026-07-08 21:38:15 [WARNING] omega.vault.key_vault: Invalid VAULT_MASTER_KEY: [VaultCryptoError] Invalid master key hex: non-hexadecimal number found in fromhex() arg at position 48
2026-07-08 21:38:15 [WARNING] omega.vault.key_vault: No VAULT_MASTER_KEY set — vault is locked. Falling back to environment variables.
2026-07-08 21:38:15 [INFO] omega.memory.fts: FTS5 index initialized at /home/arcana-novai/Documents/Xoe-NovAi/omega-engine/data/memory/fts_memory.db
2026-07-08 21:38:15 [INFO] omega.oracle.pii_masker: pii-shield loaded: 18 PII types, context-aware detection
2026-07-08 21:38:15 [INFO] omega.researcher.run: Starting research cycle...
2026-07-08 21:38:15 [INFO] omega.library.coordinator: Worker registered: researcher
2026-07-08 21:38:15 [INFO] omega.library.coordinator: Worker started: researcher
2026-07-08 21:38:15 [INFO] omega.workers.background_researcher.loop: Starting research cycle cycle_20260709_003815_1
2026-07-08 21:38:19 [INFO] httpx: HTTP Request: GET https://httpbin.org/get "HTTP/1.1 200 OK"
2026-07-08 21:38:19 [INFO] omega.workers.background_researcher.loop: Frontier gap found: 'Phase 1 — Engine Hardening — Memory wiring, handoff protocol, soul atomicity, agent hardening, MCP consolidation research' (p=0.6) from master_ledger
2026-07-08 21:38:19 [INFO] omega.workers.background_researcher.loop: Frontier gap found: 'Phase 2 — Legacy Mining — Extract 12 quick-win assets, port legacy patterns, compile community content research' (p=0.6) from master_ledger
2026-07-08 21:38:19 [INFO] omega.workers.background_researcher.loop: Frontier gap found: 'Phase 3 — Community Tools — Entity Studio CLI → Visual Builder, Stack Builder Wizard, one-click Omega Desktop research' (p=0.6) from master_ledger
2026-07-08 21:38:19 [INFO] omega.workers.background_researcher.loop: Frontier gap found: 'Phase 4 — The Omegaverse — P2P network protocol, WAD registry, cross-instance entity communication, **Godot/id Tech VR bridge**, soul-to-visual mapping (R-24), **shared VR realms (P2P Metropolis)** research' (p=0.6) from master_ledger
2026-07-08 21:38:19 [INFO] omega.workers.background_researcher.loop: Frontier gap found: 'Knowledge base scaffolding for entity cli_cline' (p=0.5) from entity_gap
2026-07-08 21:38:19 [INFO] omega.workers.background_researcher.loop: Frontier growth complete — enqueued 5 topics from 31 candidates
2026-07-08 21:38:19 [INFO] omega.workers.background_researcher.loop: Researching: 'Phase 1 — Engine Hardening — Memory wiring, handoff protocol, soul atomicity, agent hardening, MCP consolidation research' (priority=0.60)
2026-07-08 21:38:19 [WARNING] omega.workers.background_researcher.searxng_client: SearXNG request failed: 
2026-07-08 21:38:19 [WARNING] omega.workers.background_researcher.searxng_client: SearXNG request failed: 
2026-07-08 21:38:25 [INFO] httpx: HTTP Request: POST https://api.exa.ai/search "HTTP/1.1 200 OK"
2026-07-08 21:38:30 [INFO] httpx: HTTP Request: POST https://generativelanguage.googleapis.com/v1beta/models/gemma-4-31b-it:generateContent "HTTP/1.1 200 OK"
2026-07-08 21:38:30 [INFO] omega.ingestion.guards: Sentry Probe SUCCESS for gemma-4-31b-it on attempt 1
2026-07-08 21:38:37 [WARNING] omega.ingestion.pipeline: T3 Deep Scrape failed for https://github.com/alphaonedev/ai-memory-mcp/blob/main/docs/atomisation.md, falling back to T1
2026-07-08 21:38:37 [WARNING] omega.workers.background_researcher.loop: Sovereign Pipeline failed to ingest https://github.com/alphaonedev/ai-memory-mcp/blob/main/docs/atomisation.md
2026-07-08 21:38:40 [INFO] httpx: HTTP Request: POST https://generativelanguage.googleapis.com/v1beta/models/gemma-4-31b-it:generateContent "HTTP/1.1 200 OK"
2026-07-08 21:38:40 [INFO] omega.ingestion.guards: Sentry Probe SUCCESS for gemma-4-31b-it on attempt 1
2026-07-08 21:38:41 [INFO] urllib3.poolmanager: Redirecting https://blog.vinkius.com/the-agentic-swarm-manifesto-how-vurb-ts-fhp-does-for-mcp-what-kubernetes-did-for-microservices -> https://vinkius.com/blog/the-agentic-swarm-manifesto-how-vurb-ts-fhp-does-for-mcp-what-kubernetes-did-for-microservices
2026-07-08 21:38:41 [ERROR] trafilatura.downloads: not a 200 response: 404 for URL https://blog.vinkius.com/the-agentic-swarm-manifesto-how-vurb-ts-fhp-does-for-mcp-what-kubernetes-did-for-microservices
2026-07-08 21:38:41 [INFO] omega.library.coordinator: Worker stopped: researcher
2026-07-08 21:38:41 [ERROR] omega.researcher.run: Critical failure in research cycle: T1 Fast Scrape failed: Trafilatura failed to fetch URL
Traceback (most recent call last):
  File "/home/arcana-novai/Documents/Xoe-NovAi/omega-engine/src/omega/workers/background_researcher/run.py", line 100, in main
    result = await loop.run_cycle()
             ^^^^^^^^^^^^^^^^^^^^^^
  File "/home/arcana-novai/Documents/Xoe-NovAi/omega-engine/src/omega/workers/background_researcher/loop.py", line 268, in run_cycle
    content = await self._extract(task, sources)
              ^^^^^^^^^^^^^^^^^^^^^^^^^^^^^^^^^^
  File "/home/arcana-novai/Documents/Xoe-NovAi/omega-engine/src/omega/workers/background_researcher/loop.py", line 431, in _extract
    result = await self.pipeline.run_source(url)
             ^^^^^^^^^^^^^^^^^^^^^^^^^^^^^^^^^^^
  File "/home/arcana-novai/Documents/Xoe-NovAi/omega-engine/src/omega/ingestion/pipeline.py", line 187, in run_source
    raise TransportError(f"T1 Fast Scrape failed: {t1_res.error}")
omega.ingestion.ingestion_types.TransportError: T1 Fast Scrape failed: Trafilatura failed to fetch URL
2026-07-08 21:39:14 [WARNING] omega.vault.key_vault: Invalid VAULT_MASTER_KEY: [VaultCryptoError] Invalid master key hex: non-hexadecimal number found in fromhex() arg at position 48
2026-07-08 21:39:14 [WARNING] omega.vault.key_vault: No VAULT_MASTER_KEY set — vault is locked. Falling back to environment variables.
2026-07-08 21:39:14 [INFO] omega.memory.fts: FTS5 index initialized at /home/arcana-novai/Documents/Xoe-NovAi/omega-engine/data/memory/fts_memory.db
2026-07-08 21:39:14 [INFO] omega.oracle.pii_masker: pii-shield loaded: 18 PII types, context-aware detection
2026-07-08 21:39:14 [INFO] omega.researcher.run: Starting research cycle...
2026-07-08 21:39:14 [INFO] omega.library.coordinator: Worker registered: researcher
2026-07-08 21:39:14 [INFO] omega.library.coordinator: Worker started: researcher
2026-07-08 21:39:14 [INFO] omega.workers.background_researcher.loop: Starting research cycle cycle_20260709_003914_1
2026-07-08 21:39:15 [INFO] httpx: HTTP Request: GET https://httpbin.org/get "HTTP/1.1 200 OK"
2026-07-08 21:39:15 [INFO] omega.workers.background_researcher.loop: Frontier gap found: 'Phase 1 — Engine Hardening — Memory wiring, handoff protocol, soul atomicity, agent hardening, MCP consolidation research' (p=0.6) from master_ledger
2026-07-08 21:39:15 [INFO] omega.workers.background_researcher.loop: Frontier gap found: 'Phase 2 — Legacy Mining — Extract 12 quick-win assets, port legacy patterns, compile community content research' (p=0.6) from master_ledger
2026-07-08 21:39:15 [INFO] omega.workers.background_researcher.loop: Frontier gap found: 'Phase 3 — Community Tools — Entity Studio CLI → Visual Builder, Stack Builder Wizard, one-click Omega Desktop research' (p=0.6) from master_ledger
2026-07-08 21:39:15 [INFO] omega.workers.background_researcher.loop: Frontier gap found: 'Phase 4 — The Omegaverse — P2P network protocol, WAD registry, cross-instance entity communication, **Godot/id Tech VR bridge**, soul-to-visual mapping (R-24), **shared VR realms (P2P Metropolis)** research' (p=0.6) from master_ledger
2026-07-08 21:39:15 [INFO] omega.workers.background_researcher.loop: Frontier gap found: 'Knowledge base scaffolding for entity cli_cline' (p=0.5) from entity_gap
2026-07-08 21:39:15 [INFO] omega.workers.background_researcher.loop: Frontier growth complete — enqueued 5 topics from 31 candidates
2026-07-08 21:39:15 [INFO] omega.workers.background_researcher.loop: Researching: 'Phase 1 — Engine Hardening — Memory wiring, handoff protocol, soul atomicity, agent hardening, MCP consolidation research' (priority=0.60)
2026-07-08 21:39:15 [WARNING] omega.workers.background_researcher.searxng_client: SearXNG request failed: 
2026-07-08 21:39:15 [WARNING] omega.workers.background_researcher.searxng_client: SearXNG request failed: 
2026-07-08 21:39:16 [INFO] httpx: HTTP Request: POST https://api.exa.ai/search "HTTP/1.1 200 OK"
2026-07-08 21:39:18 [INFO] httpx: HTTP Request: POST https://generativelanguage.googleapis.com/v1beta/models/gemma-4-31b-it:generateContent "HTTP/1.1 200 OK"
2026-07-08 21:39:18 [INFO] omega.ingestion.guards: Sentry Probe SUCCESS for gemma-4-31b-it on attempt 1
2026-07-08 21:39:20 [WARNING] omega.ingestion.pipeline: T3 Deep Scrape failed for https://github.com/alphaonedev/ai-memory-mcp/blob/main/docs/atomisation.md, falling back to T1
2026-07-08 21:39:20 [WARNING] omega.workers.background_researcher.loop: Sovereign Pipeline failed to ingest https://github.com/alphaonedev/ai-memory-mcp/blob/main/docs/atomisation.md
2026-07-08 21:39:21 [INFO] httpx: HTTP Request: POST https://generativelanguage.googleapis.com/v1beta/models/gemma-4-31b-it:generateContent "HTTP/1.1 200 OK"
2026-07-08 21:39:21 [INFO] omega.ingestion.guards: Sentry Probe SUCCESS for gemma-4-31b-it on attempt 1
2026-07-08 21:39:22 [INFO] urllib3.poolmanager: Redirecting https://blog.vinkius.com/the-agentic-swarm-manifesto-how-vurb-ts-fhp-does-for-mcp-what-kubernetes-did-for-microservices -> https://vinkius.com/blog/the-agentic-swarm-manifesto-how-vurb-ts-fhp-does-for-mcp-what-kubernetes-did-for-microservices
2026-07-08 21:39:23 [ERROR] trafilatura.downloads: not a 200 response: 404 for URL https://blog.vinkius.com/the-agentic-swarm-manifesto-how-vurb-ts-fhp-does-for-mcp-what-kubernetes-did-for-microservices
2026-07-08 21:39:23 [INFO] omega.library.coordinator: Worker stopped: researcher
2026-07-08 21:39:23 [ERROR] omega.researcher.run: Critical failure in research cycle: T1 Fast Scrape failed: Trafilatura failed to fetch URL
Traceback (most recent call last):
  File "/home/arcana-novai/Documents/Xoe-NovAi/omega-engine/src/omega/workers/background_researcher/run.py", line 100, in main
    result = await loop.run_cycle()
             ^^^^^^^^^^^^^^^^^^^^^^
  File "/home/arcana-novai/Documents/Xoe-NovAi/omega-engine/src/omega/workers/background_researcher/loop.py", line 268, in run_cycle
    content = await self._extract(task, sources)
              ^^^^^^^^^^^^^^^^^^^^^^^^^^^^^^^^^^
  File "/home/arcana-novai/Documents/Xoe-NovAi/omega-engine/src/omega/workers/background_researcher/loop.py", line 431, in _extract
    result = await self.pipeline.run_source(url)
             ^^^^^^^^^^^^^^^^^^^^^^^^^^^^^^^^^^^
  File "/home/arcana-novai/Documents/Xoe-NovAi/omega-engine/src/omega/ingestion/pipeline.py", line 187, in run_source
    raise TransportError(f"T1 Fast Scrape failed: {t1_res.error}")
omega.ingestion.ingestion_types.TransportError: T1 Fast Scrape failed: Trafilatura failed to fetch URL
2026-07-08 21:39:56 [WARNING] omega.vault.key_vault: Invalid VAULT_MASTER_KEY: [VaultCryptoError] Invalid master key hex: non-hexadecimal number found in fromhex() arg at position 48
2026-07-08 21:39:56 [WARNING] omega.vault.key_vault: No VAULT_MASTER_KEY set — vault is locked. Falling back to environment variables.
2026-07-08 21:39:56 [INFO] omega.memory.fts: FTS5 index initialized at /home/arcana-novai/Documents/Xoe-NovAi/omega-engine/data/memory/fts_memory.db
2026-07-08 21:39:56 [INFO] omega.oracle.pii_masker: pii-shield loaded: 18 PII types, context-aware detection
2026-07-08 21:39:56 [INFO] omega.researcher.run: Starting research cycle...
2026-07-08 21:39:56 [INFO] omega.library.coordinator: Worker registered: researcher
2026-07-08 21:39:56 [INFO] omega.library.coordinator: Worker started: researcher
2026-07-08 21:39:56 [INFO] omega.workers.background_researcher.loop: Starting research cycle cycle_20260709_003956_1
2026-07-08 21:39:57 [INFO] httpx: HTTP Request: GET https://httpbin.org/get "HTTP/1.1 200 OK"
2026-07-08 21:39:57 [INFO] omega.workers.background_researcher.loop: Frontier gap found: 'Phase 1 — Engine Hardening — Memory wiring, handoff protocol, soul atomicity, agent hardening, MCP consolidation research' (p=0.6) from master_ledger
2026-07-08 21:39:57 [INFO] omega.workers.background_researcher.loop: Frontier gap found: 'Phase 2 — Legacy Mining — Extract 12 quick-win assets, port legacy patterns, compile community content research' (p=0.6) from master_ledger
2026-07-08 21:39:57 [INFO] omega.workers.background_researcher.loop: Frontier gap found: 'Phase 3 — Community Tools — Entity Studio CLI → Visual Builder, Stack Builder Wizard, one-click Omega Desktop research' (p=0.6) from master_ledger
2026-07-08 21:39:57 [INFO] omega.workers.background_researcher.loop: Frontier gap found: 'Phase 4 — The Omegaverse — P2P network protocol, WAD registry, cross-instance entity communication, **Godot/id Tech VR bridge**, soul-to-visual mapping (R-24), **shared VR realms (P2P Metropolis)** research' (p=0.6) from master_ledger
2026-07-08 21:39:57 [INFO] omega.workers.background_researcher.loop: Frontier gap found: 'Knowledge base scaffolding for entity cli_cline' (p=0.5) from entity_gap
2026-07-08 21:39:57 [INFO] omega.workers.background_researcher.loop: Frontier growth complete — enqueued 5 topics from 31 candidates
2026-07-08 21:39:57 [INFO] omega.workers.background_researcher.loop: Researching: 'Phase 1 — Engine Hardening — Memory wiring, handoff protocol, soul atomicity, agent hardening, MCP consolidation research' (priority=0.60)
2026-07-08 21:39:57 [WARNING] omega.workers.background_researcher.searxng_client: SearXNG request failed: 
2026-07-08 21:39:57 [WARNING] omega.workers.background_researcher.searxng_client: SearXNG request failed: 
2026-07-08 21:39:59 [INFO] httpx: HTTP Request: POST https://api.exa.ai/search "HTTP/1.1 200 OK"
2026-07-08 21:40:00 [INFO] httpx: HTTP Request: POST https://generativelanguage.googleapis.com/v1beta/models/gemma-4-31b-it:generateContent "HTTP/1.1 200 OK"
2026-07-08 21:40:00 [INFO] omega.ingestion.guards: Sentry Probe SUCCESS for gemma-4-31b-it on attempt 1
2026-07-08 21:40:02 [WARNING] omega.ingestion.pipeline: T3 Deep Scrape failed for https://github.com/alphaonedev/ai-memory-mcp/blob/main/docs/atomisation.md, falling back to T1
2026-07-08 21:40:02 [WARNING] omega.workers.background_researcher.loop: Sovereign Pipeline failed to ingest https://github.com/alphaonedev/ai-memory-mcp/blob/main/docs/atomisation.md
2026-07-08 21:40:03 [INFO] httpx: HTTP Request: POST https://generativelanguage.googleapis.com/v1beta/models/gemma-4-31b-it:generateContent "HTTP/1.1 200 OK"
2026-07-08 21:40:03 [INFO] omega.ingestion.guards: Sentry Probe SUCCESS for gemma-4-31b-it on attempt 1
2026-07-08 21:40:03 [INFO] urllib3.poolmanager: Redirecting https://blog.vinkius.com/the-agentic-swarm-manifesto-how-vurb-ts-fhp-does-for-mcp-what-kubernetes-did-for-microservices -> https://vinkius.com/blog/the-agentic-swarm-manifesto-how-vurb-ts-fhp-does-for-mcp-what-kubernetes-did-for-microservices
2026-07-08 21:40:04 [ERROR] trafilatura.downloads: not a 200 response: 404 for URL https://blog.vinkius.com/the-agentic-swarm-manifesto-how-vurb-ts-fhp-does-for-mcp-what-kubernetes-did-for-microservices
2026-07-08 21:40:04 [INFO] omega.library.coordinator: Worker stopped: researcher
2026-07-08 21:40:04 [ERROR] omega.researcher.run: Critical failure in research cycle: T1 Fast Scrape failed: Trafilatura failed to fetch URL
Traceback (most recent call last):
  File "/home/arcana-novai/Documents/Xoe-NovAi/omega-engine/src/omega/workers/background_researcher/run.py", line 100, in main
    result = await loop.run_cycle()
             ^^^^^^^^^^^^^^^^^^^^^^
  File "/home/arcana-novai/Documents/Xoe-NovAi/omega-engine/src/omega/workers/background_researcher/loop.py", line 268, in run_cycle
    content = await self._extract(task, sources)
              ^^^^^^^^^^^^^^^^^^^^^^^^^^^^^^^^^^
  File "/home/arcana-novai/Documents/Xoe-NovAi/omega-engine/src/omega/workers/background_researcher/loop.py", line 431, in _extract
    result = await self.pipeline.run_source(url)
             ^^^^^^^^^^^^^^^^^^^^^^^^^^^^^^^^^^^
  File "/home/arcana-novai/Documents/Xoe-NovAi/omega-engine/src/omega/ingestion/pipeline.py", line 187, in run_source
    raise TransportError(f"T1 Fast Scrape failed: {t1_res.error}")
omega.ingestion.ingestion_types.TransportError: T1 Fast Scrape failed: Trafilatura failed to fetch URL
2026-07-08 21:40:38 [WARNING] omega.vault.key_vault: Invalid VAULT_MASTER_KEY: [VaultCryptoError] Invalid master key hex: non-hexadecimal number found in fromhex() arg at position 48
2026-07-08 21:40:38 [WARNING] omega.vault.key_vault: No VAULT_MASTER_KEY set — vault is locked. Falling back to environment variables.
2026-07-08 21:40:38 [INFO] omega.memory.fts: FTS5 index initialized at /home/arcana-novai/Documents/Xoe-NovAi/omega-engine/data/memory/fts_memory.db
2026-07-08 21:40:38 [INFO] omega.oracle.pii_masker: pii-shield loaded: 18 PII types, context-aware detection
2026-07-08 21:40:38 [INFO] omega.researcher.run: Starting research cycle...
2026-07-08 21:40:38 [INFO] omega.library.coordinator: Worker registered: researcher
2026-07-08 21:40:38 [INFO] omega.library.coordinator: Worker started: researcher
2026-07-08 21:40:38 [INFO] omega.workers.background_researcher.loop: Starting research cycle cycle_20260709_004038_1
2026-07-08 21:40:39 [INFO] httpx: HTTP Request: GET https://httpbin.org/get "HTTP/1.1 200 OK"
2026-07-08 21:40:39 [INFO] omega.workers.background_researcher.loop: Frontier gap found: 'Phase 1 — Engine Hardening — Memory wiring, handoff protocol, soul atomicity, agent hardening, MCP consolidation research' (p=0.6) from master_ledger
2026-07-08 21:40:39 [INFO] omega.workers.background_researcher.loop: Frontier gap found: 'Phase 2 — Legacy Mining — Extract 12 quick-win assets, port legacy patterns, compile community content research' (p=0.6) from master_ledger
2026-07-08 21:40:39 [INFO] omega.workers.background_researcher.loop: Frontier gap found: 'Phase 3 — Community Tools — Entity Studio CLI → Visual Builder, Stack Builder Wizard, one-click Omega Desktop research' (p=0.6) from master_ledger
2026-07-08 21:40:39 [INFO] omega.workers.background_researcher.loop: Frontier gap found: 'Phase 4 — The Omegaverse — P2P network protocol, WAD registry, cross-instance entity communication, **Godot/id Tech VR bridge**, soul-to-visual mapping (R-24), **shared VR realms (P2P Metropolis)** research' (p=0.6) from master_ledger
2026-07-08 21:40:39 [INFO] omega.workers.background_researcher.loop: Frontier gap found: 'Knowledge base scaffolding for entity cli_cline' (p=0.5) from entity_gap
2026-07-08 21:40:39 [INFO] omega.workers.background_researcher.loop: Frontier growth complete — enqueued 5 topics from 31 candidates
2026-07-08 21:40:39 [INFO] omega.workers.background_researcher.loop: Researching: 'Phase 1 — Engine Hardening — Memory wiring, handoff protocol, soul atomicity, agent hardening, MCP consolidation research' (priority=0.60)
2026-07-08 21:40:39 [WARNING] omega.workers.background_researcher.searxng_client: SearXNG request failed: 
2026-07-08 21:40:39 [WARNING] omega.workers.background_researcher.searxng_client: SearXNG request failed: 
2026-07-08 21:40:41 [INFO] httpx: HTTP Request: POST https://api.exa.ai/search "HTTP/1.1 200 OK"
2026-07-08 21:40:42 [INFO] httpx: HTTP Request: POST https://generativelanguage.googleapis.com/v1beta/models/gemma-4-31b-it:generateContent "HTTP/1.1 200 OK"
2026-07-08 21:40:42 [INFO] omega.ingestion.guards: Sentry Probe SUCCESS for gemma-4-31b-it on attempt 1
2026-07-08 21:40:44 [WARNING] omega.ingestion.pipeline: T3 Deep Scrape failed for https://github.com/alphaonedev/ai-memory-mcp/blob/main/docs/atomisation.md, falling back to T1
2026-07-08 21:40:44 [WARNING] omega.workers.background_researcher.loop: Sovereign Pipeline failed to ingest https://github.com/alphaonedev/ai-memory-mcp/blob/main/docs/atomisation.md
2026-07-08 21:40:46 [INFO] httpx: HTTP Request: POST https://generativelanguage.googleapis.com/v1beta/models/gemma-4-31b-it:generateContent "HTTP/1.1 200 OK"
2026-07-08 21:40:46 [INFO] omega.ingestion.guards: Sentry Probe SUCCESS for gemma-4-31b-it on attempt 1
2026-07-08 21:40:46 [INFO] urllib3.poolmanager: Redirecting https://blog.vinkius.com/the-agentic-swarm-manifesto-how-vurb-ts-fhp-does-for-mcp-what-kubernetes-did-for-microservices -> https://vinkius.com/blog/the-agentic-swarm-manifesto-how-vurb-ts-fhp-does-for-mcp-what-kubernetes-did-for-microservices
2026-07-08 21:40:46 [ERROR] trafilatura.downloads: not a 200 response: 404 for URL https://blog.vinkius.com/the-agentic-swarm-manifesto-how-vurb-ts-fhp-does-for-mcp-what-kubernetes-did-for-microservices
2026-07-08 21:40:46 [INFO] omega.library.coordinator: Worker stopped: researcher
2026-07-08 21:40:46 [ERROR] omega.researcher.run: Critical failure in research cycle: T1 Fast Scrape failed: Trafilatura failed to fetch URL
Traceback (most recent call last):
  File "/home/arcana-novai/Documents/Xoe-NovAi/omega-engine/src/omega/workers/background_researcher/run.py", line 100, in main
    result = await loop.run_cycle()
             ^^^^^^^^^^^^^^^^^^^^^^
  File "/home/arcana-novai/Documents/Xoe-NovAi/omega-engine/src/omega/workers/background_researcher/loop.py", line 268, in run_cycle
    content = await self._extract(task, sources)
              ^^^^^^^^^^^^^^^^^^^^^^^^^^^^^^^^^^
  File "/home/arcana-novai/Documents/Xoe-NovAi/omega-engine/src/omega/workers/background_researcher/loop.py", line 431, in _extract
    result = await self.pipeline.run_source(url)
             ^^^^^^^^^^^^^^^^^^^^^^^^^^^^^^^^^^^
  File "/home/arcana-novai/Documents/Xoe-NovAi/omega-engine/src/omega/ingestion/pipeline.py", line 187, in run_source
    raise TransportError(f"T1 Fast Scrape failed: {t1_res.error}")
omega.ingestion.ingestion_types.TransportError: T1 Fast Scrape failed: Trafilatura failed to fetch URL
2026-07-08 21:41:20 [WARNING] omega.vault.key_vault: Invalid VAULT_MASTER_KEY: [VaultCryptoError] Invalid master key hex: non-hexadecimal number found in fromhex() arg at position 48
2026-07-08 21:41:20 [WARNING] omega.vault.key_vault: No VAULT_MASTER_KEY set — vault is locked. Falling back to environment variables.
2026-07-08 21:41:20 [INFO] omega.memory.fts: FTS5 index initialized at /home/arcana-novai/Documents/Xoe-NovAi/omega-engine/data/memory/fts_memory.db
2026-07-08 21:41:20 [INFO] omega.oracle.pii_masker: pii-shield loaded: 18 PII types, context-aware detection
2026-07-08 21:41:20 [INFO] omega.researcher.run: Starting research cycle...
2026-07-08 21:41:20 [INFO] omega.library.coordinator: Worker registered: researcher
2026-07-08 21:41:20 [INFO] omega.library.coordinator: Worker started: researcher
2026-07-08 21:41:20 [INFO] omega.workers.background_researcher.loop: Starting research cycle cycle_20260709_004120_1
2026-07-08 21:41:21 [INFO] httpx: HTTP Request: GET https://httpbin.org/get "HTTP/1.1 200 OK"
2026-07-08 21:41:21 [INFO] omega.workers.background_researcher.loop: Frontier gap found: 'Phase 1 — Engine Hardening — Memory wiring, handoff protocol, soul atomicity, agent hardening, MCP consolidation research' (p=0.6) from master_ledger
2026-07-08 21:41:21 [INFO] omega.workers.background_researcher.loop: Frontier gap found: 'Phase 2 — Legacy Mining — Extract 12 quick-win assets, port legacy patterns, compile community content research' (p=0.6) from master_ledger
2026-07-08 21:41:21 [INFO] omega.workers.background_researcher.loop: Frontier gap found: 'Phase 3 — Community Tools — Entity Studio CLI → Visual Builder, Stack Builder Wizard, one-click Omega Desktop research' (p=0.6) from master_ledger
2026-07-08 21:41:21 [INFO] omega.workers.background_researcher.loop: Frontier gap found: 'Phase 4 — The Omegaverse — P2P network protocol, WAD registry, cross-instance entity communication, **Godot/id Tech VR bridge**, soul-to-visual mapping (R-24), **shared VR realms (P2P Metropolis)** research' (p=0.6) from master_ledger
2026-07-08 21:41:21 [INFO] omega.workers.background_researcher.loop: Frontier gap found: 'Knowledge base scaffolding for entity cli_cline' (p=0.5) from entity_gap
2026-07-08 21:41:21 [INFO] omega.workers.background_researcher.loop: Frontier growth complete — enqueued 5 topics from 31 candidates
2026-07-08 21:41:21 [INFO] omega.workers.background_researcher.loop: Researching: 'Phase 1 — Engine Hardening — Memory wiring, handoff protocol, soul atomicity, agent hardening, MCP consolidation research' (priority=0.60)
2026-07-08 21:41:21 [WARNING] omega.workers.background_researcher.searxng_client: SearXNG request failed: 
2026-07-08 21:41:21 [WARNING] omega.workers.background_researcher.searxng_client: SearXNG request failed: 
2026-07-08 21:41:23 [INFO] httpx: HTTP Request: POST https://api.exa.ai/search "HTTP/1.1 200 OK"
2026-07-08 21:41:23 [INFO] httpx: HTTP Request: POST https://generativelanguage.googleapis.com/v1beta/models/gemma-4-31b-it:generateContent "HTTP/1.1 200 OK"
2026-07-08 21:41:23 [INFO] omega.ingestion.guards: Sentry Probe SUCCESS for gemma-4-31b-it on attempt 1
2026-07-08 21:41:26 [WARNING] omega.ingestion.pipeline: T3 Deep Scrape failed for https://github.com/alphaonedev/ai-memory-mcp/blob/main/docs/atomisation.md, falling back to T1
2026-07-08 21:41:26 [WARNING] omega.workers.background_researcher.loop: Sovereign Pipeline failed to ingest https://github.com/alphaonedev/ai-memory-mcp/blob/main/docs/atomisation.md
2026-07-08 21:41:27 [INFO] httpx: HTTP Request: POST https://generativelanguage.googleapis.com/v1beta/models/gemma-4-31b-it:generateContent "HTTP/1.1 200 OK"
2026-07-08 21:41:27 [INFO] omega.ingestion.guards: Sentry Probe SUCCESS for gemma-4-31b-it on attempt 1
2026-07-08 21:41:28 [INFO] urllib3.poolmanager: Redirecting https://blog.vinkius.com/the-agentic-swarm-manifesto-how-vurb-ts-fhp-does-for-mcp-what-kubernetes-did-for-microservices -> https://vinkius.com/blog/the-agentic-swarm-manifesto-how-vurb-ts-fhp-does-for-mcp-what-kubernetes-did-for-microservices
2026-07-08 21:41:29 [ERROR] trafilatura.downloads: not a 200 response: 404 for URL https://blog.vinkius.com/the-agentic-swarm-manifesto-how-vurb-ts-fhp-does-for-mcp-what-kubernetes-did-for-microservices
2026-07-08 21:41:29 [INFO] omega.library.coordinator: Worker stopped: researcher
2026-07-08 21:41:29 [ERROR] omega.researcher.run: Critical failure in research cycle: T1 Fast Scrape failed: Trafilatura failed to fetch URL
Traceback (most recent call last):
  File "/home/arcana-novai/Documents/Xoe-NovAi/omega-engine/src/omega/workers/background_researcher/run.py", line 100, in main
    result = await loop.run_cycle()
             ^^^^^^^^^^^^^^^^^^^^^^
  File "/home/arcana-novai/Documents/Xoe-NovAi/omega-engine/src/omega/workers/background_researcher/loop.py", line 268, in run_cycle
    content = await self._extract(task, sources)
              ^^^^^^^^^^^^^^^^^^^^^^^^^^^^^^^^^^
  File "/home/arcana-novai/Documents/Xoe-NovAi/omega-engine/src/omega/workers/background_researcher/loop.py", line 431, in _extract
    result = await self.pipeline.run_source(url)
             ^^^^^^^^^^^^^^^^^^^^^^^^^^^^^^^^^^^
  File "/home/arcana-novai/Documents/Xoe-NovAi/omega-engine/src/omega/ingestion/pipeline.py", line 187, in run_source
    raise TransportError(f"T1 Fast Scrape failed: {t1_res.error}")
omega.ingestion.ingestion_types.TransportError: T1 Fast Scrape failed: Trafilatura failed to fetch URL
2026-07-08 21:42:03 [WARNING] omega.vault.key_vault: Invalid VAULT_MASTER_KEY: [VaultCryptoError] Invalid master key hex: non-hexadecimal number found in fromhex() arg at position 48
2026-07-08 21:42:03 [WARNING] omega.vault.key_vault: No VAULT_MASTER_KEY set — vault is locked. Falling back to environment variables.
2026-07-08 21:42:03 [INFO] omega.memory.fts: FTS5 index initialized at /home/arcana-novai/Documents/Xoe-NovAi/omega-engine/data/memory/fts_memory.db
2026-07-08 21:42:03 [INFO] omega.oracle.pii_masker: pii-shield loaded: 18 PII types, context-aware detection
2026-07-08 21:42:03 [INFO] omega.researcher.run: Starting research cycle...
2026-07-08 21:42:03 [INFO] omega.library.coordinator: Worker registered: researcher
2026-07-08 21:42:03 [INFO] omega.library.coordinator: Worker started: researcher
2026-07-08 21:42:03 [INFO] omega.workers.background_researcher.loop: Starting research cycle cycle_20260709_004203_1
2026-07-08 21:42:04 [INFO] httpx: HTTP Request: GET https://httpbin.org/get "HTTP/1.1 200 OK"
2026-07-08 21:42:04 [INFO] omega.workers.background_researcher.loop: Frontier gap found: 'Phase 1 — Engine Hardening — Memory wiring, handoff protocol, soul atomicity, agent hardening, MCP consolidation research' (p=0.6) from master_ledger
2026-07-08 21:42:04 [INFO] omega.workers.background_researcher.loop: Frontier gap found: 'Phase 2 — Legacy Mining — Extract 12 quick-win assets, port legacy patterns, compile community content research' (p=0.6) from master_ledger
2026-07-08 21:42:04 [INFO] omega.workers.background_researcher.loop: Frontier gap found: 'Phase 3 — Community Tools — Entity Studio CLI → Visual Builder, Stack Builder Wizard, one-click Omega Desktop research' (p=0.6) from master_ledger
2026-07-08 21:42:04 [INFO] omega.workers.background_researcher.loop: Frontier gap found: 'Phase 4 — The Omegaverse — P2P network protocol, WAD registry, cross-instance entity communication, **Godot/id Tech VR bridge**, soul-to-visual mapping (R-24), **shared VR realms (P2P Metropolis)** research' (p=0.6) from master_ledger
2026-07-08 21:42:04 [INFO] omega.workers.background_researcher.loop: Frontier gap found: 'Knowledge base scaffolding for entity cli_cline' (p=0.5) from entity_gap
2026-07-08 21:42:04 [INFO] omega.workers.background_researcher.loop: Frontier growth complete — enqueued 5 topics from 31 candidates
2026-07-08 21:42:04 [INFO] omega.workers.background_researcher.loop: Researching: 'Phase 1 — Engine Hardening — Memory wiring, handoff protocol, soul atomicity, agent hardening, MCP consolidation research' (priority=0.60)
2026-07-08 21:42:04 [WARNING] omega.workers.background_researcher.searxng_client: SearXNG request failed: 
2026-07-08 21:42:04 [WARNING] omega.workers.background_researcher.searxng_client: SearXNG request failed: 
2026-07-08 21:42:04 [INFO] httpx: HTTP Request: POST https://api.exa.ai/search "HTTP/1.1 200 OK"
2026-07-08 21:42:10 [INFO] httpx: HTTP Request: POST https://generativelanguage.googleapis.com/v1beta/models/gemma-4-31b-it:generateContent "HTTP/1.1 200 OK"
2026-07-08 21:42:10 [INFO] omega.ingestion.guards: Sentry Probe SUCCESS for gemma-4-31b-it on attempt 1
2026-07-08 21:42:13 [WARNING] omega.ingestion.pipeline: T3 Deep Scrape failed for https://github.com/alphaonedev/ai-memory-mcp/blob/main/docs/atomisation.md, falling back to T1
2026-07-08 21:42:13 [WARNING] omega.workers.background_researcher.loop: Sovereign Pipeline failed to ingest https://github.com/alphaonedev/ai-memory-mcp/blob/main/docs/atomisation.md
2026-07-08 21:42:14 [INFO] httpx: HTTP Request: POST https://generativelanguage.googleapis.com/v1beta/models/gemma-4-31b-it:generateContent "HTTP/1.1 200 OK"
2026-07-08 21:42:14 [INFO] omega.ingestion.guards: Sentry Probe SUCCESS for gemma-4-31b-it on attempt 1
2026-07-08 21:42:15 [INFO] urllib3.poolmanager: Redirecting https://blog.vinkius.com/the-agentic-swarm-manifesto-how-vurb-ts-fhp-does-for-mcp-what-kubernetes-did-for-microservices -> https://vinkius.com/blog/the-agentic-swarm-manifesto-how-vurb-ts-fhp-does-for-mcp-what-kubernetes-did-for-microservices
2026-07-08 21:42:16 [ERROR] trafilatura.downloads: not a 200 response: 404 for URL https://blog.vinkius.com/the-agentic-swarm-manifesto-how-vurb-ts-fhp-does-for-mcp-what-kubernetes-did-for-microservices
2026-07-08 21:42:16 [INFO] omega.library.coordinator: Worker stopped: researcher
2026-07-08 21:42:16 [ERROR] omega.researcher.run: Critical failure in research cycle: T1 Fast Scrape failed: Trafilatura failed to fetch URL
Traceback (most recent call last):
  File "/home/arcana-novai/Documents/Xoe-NovAi/omega-engine/src/omega/workers/background_researcher/run.py", line 100, in main
    result = await loop.run_cycle()
             ^^^^^^^^^^^^^^^^^^^^^^
  File "/home/arcana-novai/Documents/Xoe-NovAi/omega-engine/src/omega/workers/background_researcher/loop.py", line 268, in run_cycle
    content = await self._extract(task, sources)
              ^^^^^^^^^^^^^^^^^^^^^^^^^^^^^^^^^^
  File "/home/arcana-novai/Documents/Xoe-NovAi/omega-engine/src/omega/workers/background_researcher/loop.py", line 431, in _extract
    result = await self.pipeline.run_source(url)
             ^^^^^^^^^^^^^^^^^^^^^^^^^^^^^^^^^^^
  File "/home/arcana-novai/Documents/Xoe-NovAi/omega-engine/src/omega/ingestion/pipeline.py", line 187, in run_source
    raise TransportError(f"T1 Fast Scrape failed: {t1_res.error}")
omega.ingestion.ingestion_types.TransportError: T1 Fast Scrape failed: Trafilatura failed to fetch URL
2026-07-08 21:42:50 [WARNING] omega.vault.key_vault: Invalid VAULT_MASTER_KEY: [VaultCryptoError] Invalid master key hex: non-hexadecimal number found in fromhex() arg at position 48
2026-07-08 21:42:50 [WARNING] omega.vault.key_vault: No VAULT_MASTER_KEY set — vault is locked. Falling back to environment variables.
2026-07-08 21:42:50 [INFO] omega.memory.fts: FTS5 index initialized at /home/arcana-novai/Documents/Xoe-NovAi/omega-engine/data/memory/fts_memory.db
2026-07-08 21:42:50 [INFO] omega.oracle.pii_masker: pii-shield loaded: 18 PII types, context-aware detection
2026-07-08 21:42:50 [INFO] omega.researcher.run: Starting research cycle...
2026-07-08 21:42:50 [INFO] omega.library.coordinator: Worker registered: researcher
2026-07-08 21:42:50 [INFO] omega.library.coordinator: Worker started: researcher
2026-07-08 21:42:50 [INFO] omega.workers.background_researcher.loop: Starting research cycle cycle_20260709_004250_1
2026-07-08 21:42:51 [INFO] httpx: HTTP Request: GET https://httpbin.org/get "HTTP/1.1 200 OK"
2026-07-08 21:42:51 [INFO] omega.workers.background_researcher.loop: Frontier gap found: 'Phase 1 — Engine Hardening — Memory wiring, handoff protocol, soul atomicity, agent hardening, MCP consolidation research' (p=0.6) from master_ledger
2026-07-08 21:42:51 [INFO] omega.workers.background_researcher.loop: Frontier gap found: 'Phase 2 — Legacy Mining — Extract 12 quick-win assets, port legacy patterns, compile community content research' (p=0.6) from master_ledger
2026-07-08 21:42:51 [INFO] omega.workers.background_researcher.loop: Frontier gap found: 'Phase 3 — Community Tools — Entity Studio CLI → Visual Builder, Stack Builder Wizard, one-click Omega Desktop research' (p=0.6) from master_ledger
2026-07-08 21:42:51 [INFO] omega.workers.background_researcher.loop: Frontier gap found: 'Phase 4 — The Omegaverse — P2P network protocol, WAD registry, cross-instance entity communication, **Godot/id Tech VR bridge**, soul-to-visual mapping (R-24), **shared VR realms (P2P Metropolis)** research' (p=0.6) from master_ledger
2026-07-08 21:42:51 [INFO] omega.workers.background_researcher.loop: Frontier gap found: 'Knowledge base scaffolding for entity cli_cline' (p=0.5) from entity_gap
2026-07-08 21:42:51 [INFO] omega.workers.background_researcher.loop: Frontier growth complete — enqueued 5 topics from 31 candidates
2026-07-08 21:42:51 [INFO] omega.workers.background_researcher.loop: Researching: 'Phase 1 — Engine Hardening — Memory wiring, handoff protocol, soul atomicity, agent hardening, MCP consolidation research' (priority=0.60)
2026-07-08 21:42:51 [WARNING] omega.workers.background_researcher.searxng_client: SearXNG request failed: 
2026-07-08 21:42:51 [WARNING] omega.workers.background_researcher.searxng_client: SearXNG request failed: 
2026-07-08 21:42:52 [INFO] httpx: HTTP Request: POST https://api.exa.ai/search "HTTP/1.1 200 OK"
2026-07-08 21:42:53 [INFO] httpx: HTTP Request: POST https://generativelanguage.googleapis.com/v1beta/models/gemma-4-31b-it:generateContent "HTTP/1.1 200 OK"
2026-07-08 21:42:53 [INFO] omega.ingestion.guards: Sentry Probe SUCCESS for gemma-4-31b-it on attempt 1
2026-07-08 21:42:55 [WARNING] omega.ingestion.pipeline: T3 Deep Scrape failed for https://github.com/alphaonedev/ai-memory-mcp/blob/main/docs/atomisation.md, falling back to T1
2026-07-08 21:42:55 [WARNING] omega.workers.background_researcher.loop: Sovereign Pipeline failed to ingest https://github.com/alphaonedev/ai-memory-mcp/blob/main/docs/atomisation.md
2026-07-08 21:42:56 [INFO] httpx: HTTP Request: POST https://generativelanguage.googleapis.com/v1beta/models/gemma-4-31b-it:generateContent "HTTP/1.1 200 OK"
2026-07-08 21:42:56 [INFO] omega.ingestion.guards: Sentry Probe SUCCESS for gemma-4-31b-it on attempt 1
2026-07-08 21:42:57 [INFO] urllib3.poolmanager: Redirecting https://blog.vinkius.com/the-agentic-swarm-manifesto-how-vurb-ts-fhp-does-for-mcp-what-kubernetes-did-for-microservices -> https://vinkius.com/blog/the-agentic-swarm-manifesto-how-vurb-ts-fhp-does-for-mcp-what-kubernetes-did-for-microservices
2026-07-08 21:42:58 [ERROR] trafilatura.downloads: not a 200 response: 404 for URL https://blog.vinkius.com/the-agentic-swarm-manifesto-how-vurb-ts-fhp-does-for-mcp-what-kubernetes-did-for-microservices
2026-07-08 21:42:58 [INFO] omega.library.coordinator: Worker stopped: researcher
2026-07-08 21:42:58 [ERROR] omega.researcher.run: Critical failure in research cycle: T1 Fast Scrape failed: Trafilatura failed to fetch URL
Traceback (most recent call last):
  File "/home/arcana-novai/Documents/Xoe-NovAi/omega-engine/src/omega/workers/background_researcher/run.py", line 100, in main
    result = await loop.run_cycle()
             ^^^^^^^^^^^^^^^^^^^^^^
  File "/home/arcana-novai/Documents/Xoe-NovAi/omega-engine/src/omega/workers/background_researcher/loop.py", line 268, in run_cycle
    content = await self._extract(task, sources)
              ^^^^^^^^^^^^^^^^^^^^^^^^^^^^^^^^^^
  File "/home/arcana-novai/Documents/Xoe-NovAi/omega-engine/src/omega/workers/background_researcher/loop.py", line 431, in _extract
    result = await self.pipeline.run_source(url)
             ^^^^^^^^^^^^^^^^^^^^^^^^^^^^^^^^^^^
  File "/home/arcana-novai/Documents/Xoe-NovAi/omega-engine/src/omega/ingestion/pipeline.py", line 187, in run_source
    raise TransportError(f"T1 Fast Scrape failed: {t1_res.error}")
omega.ingestion.ingestion_types.TransportError: T1 Fast Scrape failed: Trafilatura failed to fetch URL
2026-07-08 21:43:31 [WARNING] omega.vault.key_vault: Invalid VAULT_MASTER_KEY: [VaultCryptoError] Invalid master key hex: non-hexadecimal number found in fromhex() arg at position 48
2026-07-08 21:43:31 [WARNING] omega.vault.key_vault: No VAULT_MASTER_KEY set — vault is locked. Falling back to environment variables.
2026-07-08 21:43:31 [INFO] omega.memory.fts: FTS5 index initialized at /home/arcana-novai/Documents/Xoe-NovAi/omega-engine/data/memory/fts_memory.db
2026-07-08 21:43:31 [INFO] omega.oracle.pii_masker: pii-shield loaded: 18 PII types, context-aware detection
2026-07-08 21:43:31 [INFO] omega.researcher.run: Starting research cycle...
2026-07-08 21:43:31 [INFO] omega.library.coordinator: Worker registered: researcher
2026-07-08 21:43:31 [INFO] omega.library.coordinator: Worker started: researcher
2026-07-08 21:43:31 [INFO] omega.workers.background_researcher.loop: Starting research cycle cycle_20260709_004331_1
2026-07-08 21:43:33 [INFO] httpx: HTTP Request: GET https://httpbin.org/get "HTTP/1.1 200 OK"
2026-07-08 21:43:33 [INFO] omega.workers.background_researcher.loop: Frontier gap found: 'Phase 1 — Engine Hardening — Memory wiring, handoff protocol, soul atomicity, agent hardening, MCP consolidation research' (p=0.6) from master_ledger
2026-07-08 21:43:33 [INFO] omega.workers.background_researcher.loop: Frontier gap found: 'Phase 2 — Legacy Mining — Extract 12 quick-win assets, port legacy patterns, compile community content research' (p=0.6) from master_ledger
2026-07-08 21:43:33 [INFO] omega.workers.background_researcher.loop: Frontier gap found: 'Phase 3 — Community Tools — Entity Studio CLI → Visual Builder, Stack Builder Wizard, one-click Omega Desktop research' (p=0.6) from master_ledger
2026-07-08 21:43:33 [INFO] omega.workers.background_researcher.loop: Frontier gap found: 'Phase 4 — The Omegaverse — P2P network protocol, WAD registry, cross-instance entity communication, **Godot/id Tech VR bridge**, soul-to-visual mapping (R-24), **shared VR realms (P2P Metropolis)** research' (p=0.6) from master_ledger
2026-07-08 21:43:33 [INFO] omega.workers.background_researcher.loop: Frontier gap found: 'Knowledge base scaffolding for entity cli_cline' (p=0.5) from entity_gap
2026-07-08 21:43:33 [INFO] omega.workers.background_researcher.loop: Frontier growth complete — enqueued 5 topics from 31 candidates
2026-07-08 21:43:33 [INFO] omega.workers.background_researcher.loop: Researching: 'Phase 1 — Engine Hardening — Memory wiring, handoff protocol, soul atomicity, agent hardening, MCP consolidation research' (priority=0.60)
2026-07-08 21:43:33 [WARNING] omega.workers.background_researcher.searxng_client: SearXNG request failed: 
2026-07-08 21:43:33 [WARNING] omega.workers.background_researcher.searxng_client: SearXNG request failed: 
2026-07-08 21:43:36 [INFO] httpx: HTTP Request: POST https://api.exa.ai/search "HTTP/1.1 200 OK"
2026-07-08 21:43:37 [INFO] httpx: HTTP Request: POST https://generativelanguage.googleapis.com/v1beta/models/gemma-4-31b-it:generateContent "HTTP/1.1 200 OK"
2026-07-08 21:43:37 [INFO] omega.ingestion.guards: Sentry Probe SUCCESS for gemma-4-31b-it on attempt 1
2026-07-08 21:43:39 [WARNING] omega.ingestion.pipeline: T3 Deep Scrape failed for https://github.com/alphaonedev/ai-memory-mcp/blob/main/docs/atomisation.md, falling back to T1
2026-07-08 21:43:39 [WARNING] omega.workers.background_researcher.loop: Sovereign Pipeline failed to ingest https://github.com/alphaonedev/ai-memory-mcp/blob/main/docs/atomisation.md
2026-07-08 21:43:41 [INFO] httpx: HTTP Request: POST https://generativelanguage.googleapis.com/v1beta/models/gemma-4-31b-it:generateContent "HTTP/1.1 200 OK"
2026-07-08 21:43:41 [INFO] omega.ingestion.guards: Sentry Probe SUCCESS for gemma-4-31b-it on attempt 1
2026-07-08 21:43:41 [INFO] urllib3.poolmanager: Redirecting https://blog.vinkius.com/the-agentic-swarm-manifesto-how-vurb-ts-fhp-does-for-mcp-what-kubernetes-did-for-microservices -> https://vinkius.com/blog/the-agentic-swarm-manifesto-how-vurb-ts-fhp-does-for-mcp-what-kubernetes-did-for-microservices
2026-07-08 21:43:43 [ERROR] trafilatura.downloads: not a 200 response: 404 for URL https://blog.vinkius.com/the-agentic-swarm-manifesto-how-vurb-ts-fhp-does-for-mcp-what-kubernetes-did-for-microservices
2026-07-08 21:43:43 [INFO] omega.library.coordinator: Worker stopped: researcher
2026-07-08 21:43:43 [ERROR] omega.researcher.run: Critical failure in research cycle: T1 Fast Scrape failed: Trafilatura failed to fetch URL
Traceback (most recent call last):
  File "/home/arcana-novai/Documents/Xoe-NovAi/omega-engine/src/omega/workers/background_researcher/run.py", line 100, in main
    result = await loop.run_cycle()
             ^^^^^^^^^^^^^^^^^^^^^^
  File "/home/arcana-novai/Documents/Xoe-NovAi/omega-engine/src/omega/workers/background_researcher/loop.py", line 268, in run_cycle
    content = await self._extract(task, sources)
              ^^^^^^^^^^^^^^^^^^^^^^^^^^^^^^^^^^
  File "/home/arcana-novai/Documents/Xoe-NovAi/omega-engine/src/omega/workers/background_researcher/loop.py", line 431, in _extract
    result = await self.pipeline.run_source(url)
             ^^^^^^^^^^^^^^^^^^^^^^^^^^^^^^^^^^^
  File "/home/arcana-novai/Documents/Xoe-NovAi/omega-engine/src/omega/ingestion/pipeline.py", line 187, in run_source
    raise TransportError(f"T1 Fast Scrape failed: {t1_res.error}")
omega.ingestion.ingestion_types.TransportError: T1 Fast Scrape failed: Trafilatura failed to fetch URL
2026-07-08 21:44:16 [WARNING] omega.vault.key_vault: Invalid VAULT_MASTER_KEY: [VaultCryptoError] Invalid master key hex: non-hexadecimal number found in fromhex() arg at position 48
2026-07-08 21:44:16 [WARNING] omega.vault.key_vault: No VAULT_MASTER_KEY set — vault is locked. Falling back to environment variables.
2026-07-08 21:44:17 [INFO] omega.memory.fts: FTS5 index initialized at /home/arcana-novai/Documents/Xoe-NovAi/omega-engine/data/memory/fts_memory.db
2026-07-08 21:44:17 [INFO] omega.oracle.pii_masker: pii-shield loaded: 18 PII types, context-aware detection
2026-07-08 21:44:17 [INFO] omega.researcher.run: Starting research cycle...
2026-07-08 21:44:17 [INFO] omega.library.coordinator: Worker registered: researcher
2026-07-08 21:44:17 [INFO] omega.library.coordinator: Worker started: researcher
2026-07-08 21:44:17 [INFO] omega.workers.background_researcher.loop: Starting research cycle cycle_20260709_004417_1
2026-07-08 21:44:18 [INFO] httpx: HTTP Request: GET https://httpbin.org/get "HTTP/1.1 200 OK"
2026-07-08 21:44:18 [INFO] omega.workers.background_researcher.loop: Frontier gap found: 'Phase 1 — Engine Hardening — Memory wiring, handoff protocol, soul atomicity, agent hardening, MCP consolidation research' (p=0.6) from master_ledger
2026-07-08 21:44:18 [INFO] omega.workers.background_researcher.loop: Frontier gap found: 'Phase 2 — Legacy Mining — Extract 12 quick-win assets, port legacy patterns, compile community content research' (p=0.6) from master_ledger
2026-07-08 21:44:18 [INFO] omega.workers.background_researcher.loop: Frontier gap found: 'Phase 3 — Community Tools — Entity Studio CLI → Visual Builder, Stack Builder Wizard, one-click Omega Desktop research' (p=0.6) from master_ledger
2026-07-08 21:44:18 [INFO] omega.workers.background_researcher.loop: Frontier gap found: 'Phase 4 — The Omegaverse — P2P network protocol, WAD registry, cross-instance entity communication, **Godot/id Tech VR bridge**, soul-to-visual mapping (R-24), **shared VR realms (P2P Metropolis)** research' (p=0.6) from master_ledger
2026-07-08 21:44:18 [INFO] omega.workers.background_researcher.loop: Frontier gap found: 'Knowledge base scaffolding for entity cli_cline' (p=0.5) from entity_gap
2026-07-08 21:44:18 [INFO] omega.workers.background_researcher.loop: Frontier growth complete — enqueued 5 topics from 31 candidates
2026-07-08 21:44:18 [INFO] omega.workers.background_researcher.loop: Researching: 'Phase 1 — Engine Hardening — Memory wiring, handoff protocol, soul atomicity, agent hardening, MCP consolidation research' (priority=0.60)
2026-07-08 21:44:18 [WARNING] omega.workers.background_researcher.searxng_client: SearXNG request failed: 
2026-07-08 21:44:18 [WARNING] omega.workers.background_researcher.searxng_client: SearXNG request failed: 
2026-07-08 21:44:19 [INFO] httpx: HTTP Request: POST https://api.exa.ai/search "HTTP/1.1 200 OK"
2026-07-08 21:44:20 [INFO] httpx: HTTP Request: POST https://generativelanguage.googleapis.com/v1beta/models/gemma-4-31b-it:generateContent "HTTP/1.1 200 OK"
2026-07-08 21:44:20 [INFO] omega.ingestion.guards: Sentry Probe SUCCESS for gemma-4-31b-it on attempt 1
2026-07-08 21:44:24 [WARNING] omega.ingestion.pipeline: T3 Deep Scrape failed for https://github.com/alphaonedev/ai-memory-mcp/blob/main/docs/atomisation.md, falling back to T1
2026-07-08 21:44:24 [WARNING] omega.workers.background_researcher.loop: Sovereign Pipeline failed to ingest https://github.com/alphaonedev/ai-memory-mcp/blob/main/docs/atomisation.md
2026-07-08 21:44:25 [INFO] httpx: HTTP Request: POST https://generativelanguage.googleapis.com/v1beta/models/gemma-4-31b-it:generateContent "HTTP/1.1 200 OK"
2026-07-08 21:44:25 [INFO] omega.ingestion.guards: Sentry Probe SUCCESS for gemma-4-31b-it on attempt 1
2026-07-08 21:44:27 [INFO] urllib3.poolmanager: Redirecting https://blog.vinkius.com/the-agentic-swarm-manifesto-how-vurb-ts-fhp-does-for-mcp-what-kubernetes-did-for-microservices -> https://vinkius.com/blog/the-agentic-swarm-manifesto-how-vurb-ts-fhp-does-for-mcp-what-kubernetes-did-for-microservices
2026-07-08 21:44:27 [ERROR] trafilatura.downloads: not a 200 response: 404 for URL https://blog.vinkius.com/the-agentic-swarm-manifesto-how-vurb-ts-fhp-does-for-mcp-what-kubernetes-did-for-microservices
2026-07-08 21:44:27 [INFO] omega.library.coordinator: Worker stopped: researcher
2026-07-08 21:44:27 [ERROR] omega.researcher.run: Critical failure in research cycle: T1 Fast Scrape failed: Trafilatura failed to fetch URL
Traceback (most recent call last):
  File "/home/arcana-novai/Documents/Xoe-NovAi/omega-engine/src/omega/workers/background_researcher/run.py", line 100, in main
    result = await loop.run_cycle()
             ^^^^^^^^^^^^^^^^^^^^^^
  File "/home/arcana-novai/Documents/Xoe-NovAi/omega-engine/src/omega/workers/background_researcher/loop.py", line 268, in run_cycle
    content = await self._extract(task, sources)
              ^^^^^^^^^^^^^^^^^^^^^^^^^^^^^^^^^^
  File "/home/arcana-novai/Documents/Xoe-NovAi/omega-engine/src/omega/workers/background_researcher/loop.py", line 431, in _extract
    result = await self.pipeline.run_source(url)
             ^^^^^^^^^^^^^^^^^^^^^^^^^^^^^^^^^^^
  File "/home/arcana-novai/Documents/Xoe-NovAi/omega-engine/src/omega/ingestion/pipeline.py", line 187, in run_source
    raise TransportError(f"T1 Fast Scrape failed: {t1_res.error}")
omega.ingestion.ingestion_types.TransportError: T1 Fast Scrape failed: Trafilatura failed to fetch URL
2026-07-08 21:45:01 [WARNING] omega.vault.key_vault: Invalid VAULT_MASTER_KEY: [VaultCryptoError] Invalid master key hex: non-hexadecimal number found in fromhex() arg at position 48
2026-07-08 21:45:01 [WARNING] omega.vault.key_vault: No VAULT_MASTER_KEY set — vault is locked. Falling back to environment variables.
2026-07-08 21:45:01 [INFO] omega.memory.fts: FTS5 index initialized at /home/arcana-novai/Documents/Xoe-NovAi/omega-engine/data/memory/fts_memory.db
2026-07-08 21:45:01 [INFO] omega.oracle.pii_masker: pii-shield loaded: 18 PII types, context-aware detection
2026-07-08 21:45:01 [INFO] omega.researcher.run: Starting research cycle...
2026-07-08 21:45:01 [INFO] omega.library.coordinator: Worker registered: researcher
2026-07-08 21:45:01 [INFO] omega.library.coordinator: Worker started: researcher
2026-07-08 21:45:01 [INFO] omega.workers.background_researcher.loop: Starting research cycle cycle_20260709_004501_1
2026-07-08 21:45:02 [INFO] httpx: HTTP Request: GET https://httpbin.org/get "HTTP/1.1 200 OK"
2026-07-08 21:45:02 [INFO] omega.workers.background_researcher.loop: Frontier gap found: 'Phase 1 — Engine Hardening — Memory wiring, handoff protocol, soul atomicity, agent hardening, MCP consolidation research' (p=0.6) from master_ledger
2026-07-08 21:45:02 [INFO] omega.workers.background_researcher.loop: Frontier gap found: 'Phase 2 — Legacy Mining — Extract 12 quick-win assets, port legacy patterns, compile community content research' (p=0.6) from master_ledger
2026-07-08 21:45:02 [INFO] omega.workers.background_researcher.loop: Frontier gap found: 'Phase 3 — Community Tools — Entity Studio CLI → Visual Builder, Stack Builder Wizard, one-click Omega Desktop research' (p=0.6) from master_ledger
2026-07-08 21:45:02 [INFO] omega.workers.background_researcher.loop: Frontier gap found: 'Phase 4 — The Omegaverse — P2P network protocol, WAD registry, cross-instance entity communication, **Godot/id Tech VR bridge**, soul-to-visual mapping (R-24), **shared VR realms (P2P Metropolis)** research' (p=0.6) from master_ledger
2026-07-08 21:45:02 [INFO] omega.workers.background_researcher.loop: Frontier gap found: 'Knowledge base scaffolding for entity cli_cline' (p=0.5) from entity_gap
2026-07-08 21:45:02 [INFO] omega.workers.background_researcher.loop: Frontier growth complete — enqueued 5 topics from 31 candidates
2026-07-08 21:45:02 [INFO] omega.workers.background_researcher.loop: Researching: 'Phase 1 — Engine Hardening — Memory wiring, handoff protocol, soul atomicity, agent hardening, MCP consolidation research' (priority=0.60)
2026-07-08 21:45:02 [WARNING] omega.workers.background_researcher.searxng_client: SearXNG request failed: 
2026-07-08 21:45:02 [WARNING] omega.workers.background_researcher.searxng_client: SearXNG request failed: 
2026-07-08 21:45:03 [INFO] httpx: HTTP Request: POST https://api.exa.ai/search "HTTP/1.1 200 OK"
2026-07-08 21:45:04 [INFO] httpx: HTTP Request: POST https://generativelanguage.googleapis.com/v1beta/models/gemma-4-31b-it:generateContent "HTTP/1.1 500 Internal Server Error"
2026-07-08 21:45:04 [WARNING] omega.ingestion.guards: Sentry Probe transient 500 on attempt 1/3. Retrying...
2026-07-08 21:45:08 [INFO] httpx: HTTP Request: POST https://generativelanguage.googleapis.com/v1beta/models/gemma-4-31b-it:generateContent "HTTP/1.1 200 OK"
2026-07-08 21:45:08 [INFO] omega.ingestion.guards: Sentry Probe SUCCESS for gemma-4-31b-it on attempt 2
2026-07-08 21:45:11 [WARNING] omega.ingestion.pipeline: T3 Deep Scrape failed for https://github.com/alphaonedev/ai-memory-mcp/blob/main/docs/atomisation.md, falling back to T1
2026-07-08 21:45:11 [WARNING] omega.workers.background_researcher.loop: Sovereign Pipeline failed to ingest https://github.com/alphaonedev/ai-memory-mcp/blob/main/docs/atomisation.md
2026-07-08 21:45:13 [INFO] httpx: HTTP Request: POST https://generativelanguage.googleapis.com/v1beta/models/gemma-4-31b-it:generateContent "HTTP/1.1 500 Internal Server Error"
2026-07-08 21:45:13 [WARNING] omega.ingestion.guards: Sentry Probe transient 500 on attempt 1/3. Retrying...
2026-07-08 21:45:18 [INFO] httpx: HTTP Request: POST https://generativelanguage.googleapis.com/v1beta/models/gemma-4-31b-it:generateContent "HTTP/1.1 200 OK"
2026-07-08 21:45:18 [INFO] omega.ingestion.guards: Sentry Probe SUCCESS for gemma-4-31b-it on attempt 2
2026-07-08 21:45:19 [INFO] urllib3.poolmanager: Redirecting https://blog.vinkius.com/the-agentic-swarm-manifesto-how-vurb-ts-fhp-does-for-mcp-what-kubernetes-did-for-microservices -> https://vinkius.com/blog/the-agentic-swarm-manifesto-how-vurb-ts-fhp-does-for-mcp-what-kubernetes-did-for-microservices
2026-07-08 21:45:21 [ERROR] trafilatura.downloads: not a 200 response: 404 for URL https://blog.vinkius.com/the-agentic-swarm-manifesto-how-vurb-ts-fhp-does-for-mcp-what-kubernetes-did-for-microservices
2026-07-08 21:45:21 [INFO] omega.library.coordinator: Worker stopped: researcher
2026-07-08 21:45:21 [ERROR] omega.researcher.run: Critical failure in research cycle: T1 Fast Scrape failed: Trafilatura failed to fetch URL
Traceback (most recent call last):
  File "/home/arcana-novai/Documents/Xoe-NovAi/omega-engine/src/omega/workers/background_researcher/run.py", line 100, in main
    result = await loop.run_cycle()
             ^^^^^^^^^^^^^^^^^^^^^^
  File "/home/arcana-novai/Documents/Xoe-NovAi/omega-engine/src/omega/workers/background_researcher/loop.py", line 268, in run_cycle
    content = await self._extract(task, sources)
              ^^^^^^^^^^^^^^^^^^^^^^^^^^^^^^^^^^
  File "/home/arcana-novai/Documents/Xoe-NovAi/omega-engine/src/omega/workers/background_researcher/loop.py", line 431, in _extract
    result = await self.pipeline.run_source(url)
             ^^^^^^^^^^^^^^^^^^^^^^^^^^^^^^^^^^^
  File "/home/arcana-novai/Documents/Xoe-NovAi/omega-engine/src/omega/ingestion/pipeline.py", line 187, in run_source
    raise TransportError(f"T1 Fast Scrape failed: {t1_res.error}")
omega.ingestion.ingestion_types.TransportError: T1 Fast Scrape failed: Trafilatura failed to fetch URL
2026-07-08 21:45:54 [WARNING] omega.vault.key_vault: Invalid VAULT_MASTER_KEY: [VaultCryptoError] Invalid master key hex: non-hexadecimal number found in fromhex() arg at position 48
2026-07-08 21:45:54 [WARNING] omega.vault.key_vault: No VAULT_MASTER_KEY set — vault is locked. Falling back to environment variables.
2026-07-08 21:45:54 [INFO] omega.memory.fts: FTS5 index initialized at /home/arcana-novai/Documents/Xoe-NovAi/omega-engine/data/memory/fts_memory.db
2026-07-08 21:45:54 [INFO] omega.oracle.pii_masker: pii-shield loaded: 18 PII types, context-aware detection
2026-07-08 21:45:54 [INFO] omega.researcher.run: Starting research cycle...
2026-07-08 21:45:54 [INFO] omega.library.coordinator: Worker registered: researcher
2026-07-08 21:45:54 [INFO] omega.library.coordinator: Worker started: researcher
2026-07-08 21:45:54 [INFO] omega.workers.background_researcher.loop: Starting research cycle cycle_20260709_004554_1
2026-07-08 21:45:56 [INFO] httpx: HTTP Request: GET https://httpbin.org/get "HTTP/1.1 200 OK"
2026-07-08 21:45:56 [INFO] omega.workers.background_researcher.loop: Frontier gap found: 'Phase 1 — Engine Hardening — Memory wiring, handoff protocol, soul atomicity, agent hardening, MCP consolidation research' (p=0.6) from master_ledger
2026-07-08 21:45:56 [INFO] omega.workers.background_researcher.loop: Frontier gap found: 'Phase 2 — Legacy Mining — Extract 12 quick-win assets, port legacy patterns, compile community content research' (p=0.6) from master_ledger
2026-07-08 21:45:56 [INFO] omega.workers.background_researcher.loop: Frontier gap found: 'Phase 3 — Community Tools — Entity Studio CLI → Visual Builder, Stack Builder Wizard, one-click Omega Desktop research' (p=0.6) from master_ledger
2026-07-08 21:45:56 [INFO] omega.workers.background_researcher.loop: Frontier gap found: 'Phase 4 — The Omegaverse — P2P network protocol, WAD registry, cross-instance entity communication, **Godot/id Tech VR bridge**, soul-to-visual mapping (R-24), **shared VR realms (P2P Metropolis)** research' (p=0.6) from master_ledger
2026-07-08 21:45:56 [INFO] omega.workers.background_researcher.loop: Frontier gap found: 'Knowledge base scaffolding for entity cli_cline' (p=0.5) from entity_gap
2026-07-08 21:45:56 [INFO] omega.workers.background_researcher.loop: Frontier growth complete — enqueued 5 topics from 31 candidates
2026-07-08 21:45:56 [INFO] omega.workers.background_researcher.loop: Researching: 'Phase 1 — Engine Hardening — Memory wiring, handoff protocol, soul atomicity, agent hardening, MCP consolidation research' (priority=0.60)
2026-07-08 21:45:56 [WARNING] omega.workers.background_researcher.searxng_client: SearXNG request failed: 
2026-07-08 21:45:56 [WARNING] omega.workers.background_researcher.searxng_client: SearXNG request failed: 
2026-07-08 21:45:56 [INFO] httpx: HTTP Request: POST https://api.exa.ai/search "HTTP/1.1 200 OK"
2026-07-08 21:45:58 [INFO] httpx: HTTP Request: POST https://generativelanguage.googleapis.com/v1beta/models/gemma-4-31b-it:generateContent "HTTP/1.1 200 OK"
2026-07-08 21:45:58 [INFO] omega.ingestion.guards: Sentry Probe SUCCESS for gemma-4-31b-it on attempt 1
2026-07-08 21:46:00 [WARNING] omega.ingestion.pipeline: T3 Deep Scrape failed for https://github.com/alphaonedev/ai-memory-mcp/blob/main/docs/atomisation.md, falling back to T1
2026-07-08 21:46:00 [WARNING] omega.workers.background_researcher.loop: Sovereign Pipeline failed to ingest https://github.com/alphaonedev/ai-memory-mcp/blob/main/docs/atomisation.md
2026-07-08 21:46:04 [INFO] httpx: HTTP Request: POST https://generativelanguage.googleapis.com/v1beta/models/gemma-4-31b-it:generateContent "HTTP/1.1 200 OK"
2026-07-08 21:46:04 [INFO] omega.ingestion.guards: Sentry Probe SUCCESS for gemma-4-31b-it on attempt 1
2026-07-08 21:46:05 [INFO] urllib3.poolmanager: Redirecting https://blog.vinkius.com/the-agentic-swarm-manifesto-how-vurb-ts-fhp-does-for-mcp-what-kubernetes-did-for-microservices -> https://vinkius.com/blog/the-agentic-swarm-manifesto-how-vurb-ts-fhp-does-for-mcp-what-kubernetes-did-for-microservices
2026-07-08 21:46:06 [ERROR] trafilatura.downloads: not a 200 response: 404 for URL https://blog.vinkius.com/the-agentic-swarm-manifesto-how-vurb-ts-fhp-does-for-mcp-what-kubernetes-did-for-microservices
2026-07-08 21:46:06 [INFO] omega.library.coordinator: Worker stopped: researcher
2026-07-08 21:46:06 [ERROR] omega.researcher.run: Critical failure in research cycle: T1 Fast Scrape failed: Trafilatura failed to fetch URL
Traceback (most recent call last):
  File "/home/arcana-novai/Documents/Xoe-NovAi/omega-engine/src/omega/workers/background_researcher/run.py", line 100, in main
    result = await loop.run_cycle()
             ^^^^^^^^^^^^^^^^^^^^^^
  File "/home/arcana-novai/Documents/Xoe-NovAi/omega-engine/src/omega/workers/background_researcher/loop.py", line 268, in run_cycle
    content = await self._extract(task, sources)
              ^^^^^^^^^^^^^^^^^^^^^^^^^^^^^^^^^^
  File "/home/arcana-novai/Documents/Xoe-NovAi/omega-engine/src/omega/workers/background_researcher/loop.py", line 431, in _extract
    result = await self.pipeline.run_source(url)
             ^^^^^^^^^^^^^^^^^^^^^^^^^^^^^^^^^^^
  File "/home/arcana-novai/Documents/Xoe-NovAi/omega-engine/src/omega/ingestion/pipeline.py", line 187, in run_source
    raise TransportError(f"T1 Fast Scrape failed: {t1_res.error}")
omega.ingestion.ingestion_types.TransportError: T1 Fast Scrape failed: Trafilatura failed to fetch URL
2026-07-08 21:46:39 [WARNING] omega.vault.key_vault: Invalid VAULT_MASTER_KEY: [VaultCryptoError] Invalid master key hex: non-hexadecimal number found in fromhex() arg at position 48
2026-07-08 21:46:39 [WARNING] omega.vault.key_vault: No VAULT_MASTER_KEY set — vault is locked. Falling back to environment variables.
2026-07-08 21:46:39 [INFO] omega.memory.fts: FTS5 index initialized at /home/arcana-novai/Documents/Xoe-NovAi/omega-engine/data/memory/fts_memory.db
2026-07-08 21:46:39 [INFO] omega.oracle.pii_masker: pii-shield loaded: 18 PII types, context-aware detection
2026-07-08 21:46:39 [INFO] omega.researcher.run: Starting research cycle...
2026-07-08 21:46:39 [INFO] omega.library.coordinator: Worker registered: researcher
2026-07-08 21:46:39 [INFO] omega.library.coordinator: Worker started: researcher
2026-07-08 21:46:39 [INFO] omega.workers.background_researcher.loop: Starting research cycle cycle_20260709_004639_1
2026-07-08 21:46:41 [INFO] httpx: HTTP Request: GET https://httpbin.org/get "HTTP/1.1 200 OK"
2026-07-08 21:46:41 [INFO] omega.workers.background_researcher.loop: Frontier gap found: 'Phase 1 — Engine Hardening — Memory wiring, handoff protocol, soul atomicity, agent hardening, MCP consolidation research' (p=0.6) from master_ledger
2026-07-08 21:46:41 [INFO] omega.workers.background_researcher.loop: Frontier gap found: 'Phase 2 — Legacy Mining — Extract 12 quick-win assets, port legacy patterns, compile community content research' (p=0.6) from master_ledger
2026-07-08 21:46:41 [INFO] omega.workers.background_researcher.loop: Frontier gap found: 'Phase 3 — Community Tools — Entity Studio CLI → Visual Builder, Stack Builder Wizard, one-click Omega Desktop research' (p=0.6) from master_ledger
2026-07-08 21:46:41 [INFO] omega.workers.background_researcher.loop: Frontier gap found: 'Phase 4 — The Omegaverse — P2P network protocol, WAD registry, cross-instance entity communication, **Godot/id Tech VR bridge**, soul-to-visual mapping (R-24), **shared VR realms (P2P Metropolis)** research' (p=0.6) from master_ledger
2026-07-08 21:46:41 [INFO] omega.workers.background_researcher.loop: Frontier gap found: 'Knowledge base scaffolding for entity cli_cline' (p=0.5) from entity_gap
2026-07-08 21:46:41 [INFO] omega.workers.background_researcher.loop: Frontier growth complete — enqueued 5 topics from 31 candidates
2026-07-08 21:46:41 [INFO] omega.workers.background_researcher.loop: Researching: 'Phase 1 — Engine Hardening — Memory wiring, handoff protocol, soul atomicity, agent hardening, MCP consolidation research' (priority=0.60)
2026-07-08 21:46:41 [WARNING] omega.workers.background_researcher.searxng_client: SearXNG request failed: 
2026-07-08 21:46:41 [WARNING] omega.workers.background_researcher.searxng_client: SearXNG request failed: 
2026-07-08 21:46:42 [INFO] httpx: HTTP Request: POST https://api.exa.ai/search "HTTP/1.1 200 OK"
2026-07-08 21:46:46 [INFO] httpx: HTTP Request: POST https://generativelanguage.googleapis.com/v1beta/models/gemma-4-31b-it:generateContent "HTTP/1.1 200 OK"
2026-07-08 21:46:46 [INFO] omega.ingestion.guards: Sentry Probe SUCCESS for gemma-4-31b-it on attempt 1
2026-07-08 21:46:49 [WARNING] omega.ingestion.pipeline: T3 Deep Scrape failed for https://github.com/alphaonedev/ai-memory-mcp/blob/main/docs/atomisation.md, falling back to T1
2026-07-08 21:46:49 [WARNING] omega.workers.background_researcher.loop: Sovereign Pipeline failed to ingest https://github.com/alphaonedev/ai-memory-mcp/blob/main/docs/atomisation.md
2026-07-08 21:46:58 [INFO] httpx: HTTP Request: POST https://generativelanguage.googleapis.com/v1beta/models/gemma-4-31b-it:generateContent "HTTP/1.1 200 OK"
2026-07-08 21:46:58 [INFO] omega.ingestion.guards: Sentry Probe SUCCESS for gemma-4-31b-it on attempt 1
2026-07-08 21:46:59 [INFO] urllib3.poolmanager: Redirecting https://blog.vinkius.com/the-agentic-swarm-manifesto-how-vurb-ts-fhp-does-for-mcp-what-kubernetes-did-for-microservices -> https://vinkius.com/blog/the-agentic-swarm-manifesto-how-vurb-ts-fhp-does-for-mcp-what-kubernetes-did-for-microservices
2026-07-08 21:47:00 [ERROR] trafilatura.downloads: not a 200 response: 404 for URL https://blog.vinkius.com/the-agentic-swarm-manifesto-how-vurb-ts-fhp-does-for-mcp-what-kubernetes-did-for-microservices
2026-07-08 21:47:00 [INFO] omega.library.coordinator: Worker stopped: researcher
2026-07-08 21:47:00 [ERROR] omega.researcher.run: Critical failure in research cycle: T1 Fast Scrape failed: Trafilatura failed to fetch URL
Traceback (most recent call last):
  File "/home/arcana-novai/Documents/Xoe-NovAi/omega-engine/src/omega/workers/background_researcher/run.py", line 100, in main
    result = await loop.run_cycle()
             ^^^^^^^^^^^^^^^^^^^^^^
  File "/home/arcana-novai/Documents/Xoe-NovAi/omega-engine/src/omega/workers/background_researcher/loop.py", line 268, in run_cycle
    content = await self._extract(task, sources)
              ^^^^^^^^^^^^^^^^^^^^^^^^^^^^^^^^^^
  File "/home/arcana-novai/Documents/Xoe-NovAi/omega-engine/src/omega/workers/background_researcher/loop.py", line 431, in _extract
    result = await self.pipeline.run_source(url)
             ^^^^^^^^^^^^^^^^^^^^^^^^^^^^^^^^^^^
  File "/home/arcana-novai/Documents/Xoe-NovAi/omega-engine/src/omega/ingestion/pipeline.py", line 187, in run_source
    raise TransportError(f"T1 Fast Scrape failed: {t1_res.error}")
omega.ingestion.ingestion_types.TransportError: T1 Fast Scrape failed: Trafilatura failed to fetch URL
2026-07-08 21:47:33 [WARNING] omega.vault.key_vault: Invalid VAULT_MASTER_KEY: [VaultCryptoError] Invalid master key hex: non-hexadecimal number found in fromhex() arg at position 48
2026-07-08 21:47:33 [WARNING] omega.vault.key_vault: No VAULT_MASTER_KEY set — vault is locked. Falling back to environment variables.
2026-07-08 21:47:33 [INFO] omega.memory.fts: FTS5 index initialized at /home/arcana-novai/Documents/Xoe-NovAi/omega-engine/data/memory/fts_memory.db
2026-07-08 21:47:34 [INFO] omega.oracle.pii_masker: pii-shield loaded: 18 PII types, context-aware detection
2026-07-08 21:47:34 [INFO] omega.researcher.run: Starting research cycle...
2026-07-08 21:47:34 [INFO] omega.library.coordinator: Worker registered: researcher
2026-07-08 21:47:34 [INFO] omega.library.coordinator: Worker started: researcher
2026-07-08 21:47:34 [INFO] omega.workers.background_researcher.loop: Starting research cycle cycle_20260709_004734_1
2026-07-08 21:47:35 [INFO] httpx: HTTP Request: GET https://httpbin.org/get "HTTP/1.1 200 OK"
2026-07-08 21:47:35 [INFO] omega.workers.background_researcher.loop: Frontier gap found: 'Phase 1 — Engine Hardening — Memory wiring, handoff protocol, soul atomicity, agent hardening, MCP consolidation research' (p=0.6) from master_ledger
2026-07-08 21:47:35 [INFO] omega.workers.background_researcher.loop: Frontier gap found: 'Phase 2 — Legacy Mining — Extract 12 quick-win assets, port legacy patterns, compile community content research' (p=0.6) from master_ledger
2026-07-08 21:47:35 [INFO] omega.workers.background_researcher.loop: Frontier gap found: 'Phase 3 — Community Tools — Entity Studio CLI → Visual Builder, Stack Builder Wizard, one-click Omega Desktop research' (p=0.6) from master_ledger
2026-07-08 21:47:35 [INFO] omega.workers.background_researcher.loop: Frontier gap found: 'Phase 4 — The Omegaverse — P2P network protocol, WAD registry, cross-instance entity communication, **Godot/id Tech VR bridge**, soul-to-visual mapping (R-24), **shared VR realms (P2P Metropolis)** research' (p=0.6) from master_ledger
2026-07-08 21:47:35 [INFO] omega.workers.background_researcher.loop: Frontier gap found: 'Knowledge base scaffolding for entity cli_cline' (p=0.5) from entity_gap
2026-07-08 21:47:35 [INFO] omega.workers.background_researcher.loop: Frontier growth complete — enqueued 5 topics from 31 candidates
2026-07-08 21:47:35 [INFO] omega.workers.background_researcher.loop: Researching: 'Phase 1 — Engine Hardening — Memory wiring, handoff protocol, soul atomicity, agent hardening, MCP consolidation research' (priority=0.60)
2026-07-08 21:47:35 [WARNING] omega.workers.background_researcher.searxng_client: SearXNG request failed: 
2026-07-08 21:47:35 [WARNING] omega.workers.background_researcher.searxng_client: SearXNG request failed: 
2026-07-08 21:47:36 [INFO] httpx: HTTP Request: POST https://api.exa.ai/search "HTTP/1.1 200 OK"
2026-07-08 21:47:37 [INFO] httpx: HTTP Request: POST https://generativelanguage.googleapis.com/v1beta/models/gemma-4-31b-it:generateContent "HTTP/1.1 200 OK"
2026-07-08 21:47:37 [INFO] omega.ingestion.guards: Sentry Probe SUCCESS for gemma-4-31b-it on attempt 1
2026-07-08 21:47:43 [WARNING] omega.ingestion.pipeline: T3 Deep Scrape failed for https://github.com/alphaonedev/ai-memory-mcp/blob/main/docs/atomisation.md, falling back to T1
2026-07-08 21:47:43 [WARNING] omega.workers.background_researcher.loop: Sovereign Pipeline failed to ingest https://github.com/alphaonedev/ai-memory-mcp/blob/main/docs/atomisation.md
2026-07-08 21:47:45 [INFO] httpx: HTTP Request: POST https://generativelanguage.googleapis.com/v1beta/models/gemma-4-31b-it:generateContent "HTTP/1.1 200 OK"
2026-07-08 21:47:45 [INFO] omega.ingestion.guards: Sentry Probe SUCCESS for gemma-4-31b-it on attempt 1
2026-07-08 21:47:45 [INFO] urllib3.poolmanager: Redirecting https://blog.vinkius.com/the-agentic-swarm-manifesto-how-vurb-ts-fhp-does-for-mcp-what-kubernetes-did-for-microservices -> https://vinkius.com/blog/the-agentic-swarm-manifesto-how-vurb-ts-fhp-does-for-mcp-what-kubernetes-did-for-microservices
2026-07-08 21:47:46 [ERROR] trafilatura.downloads: not a 200 response: 404 for URL https://blog.vinkius.com/the-agentic-swarm-manifesto-how-vurb-ts-fhp-does-for-mcp-what-kubernetes-did-for-microservices
2026-07-08 21:47:46 [INFO] omega.library.coordinator: Worker stopped: researcher
2026-07-08 21:47:46 [ERROR] omega.researcher.run: Critical failure in research cycle: T1 Fast Scrape failed: Trafilatura failed to fetch URL
Traceback (most recent call last):
  File "/home/arcana-novai/Documents/Xoe-NovAi/omega-engine/src/omega/workers/background_researcher/run.py", line 100, in main
    result = await loop.run_cycle()
             ^^^^^^^^^^^^^^^^^^^^^^
  File "/home/arcana-novai/Documents/Xoe-NovAi/omega-engine/src/omega/workers/background_researcher/loop.py", line 268, in run_cycle
    content = await self._extract(task, sources)
              ^^^^^^^^^^^^^^^^^^^^^^^^^^^^^^^^^^
  File "/home/arcana-novai/Documents/Xoe-NovAi/omega-engine/src/omega/workers/background_researcher/loop.py", line 431, in _extract
    result = await self.pipeline.run_source(url)
             ^^^^^^^^^^^^^^^^^^^^^^^^^^^^^^^^^^^
  File "/home/arcana-novai/Documents/Xoe-NovAi/omega-engine/src/omega/ingestion/pipeline.py", line 187, in run_source
    raise TransportError(f"T1 Fast Scrape failed: {t1_res.error}")
omega.ingestion.ingestion_types.TransportError: T1 Fast Scrape failed: Trafilatura failed to fetch URL
2026-07-08 21:48:19 [WARNING] omega.vault.key_vault: Invalid VAULT_MASTER_KEY: [VaultCryptoError] Invalid master key hex: non-hexadecimal number found in fromhex() arg at position 48
2026-07-08 21:48:19 [WARNING] omega.vault.key_vault: No VAULT_MASTER_KEY set — vault is locked. Falling back to environment variables.
2026-07-08 21:48:19 [INFO] omega.memory.fts: FTS5 index initialized at /home/arcana-novai/Documents/Xoe-NovAi/omega-engine/data/memory/fts_memory.db
2026-07-08 21:48:19 [INFO] omega.oracle.pii_masker: pii-shield loaded: 18 PII types, context-aware detection
2026-07-08 21:48:19 [INFO] omega.researcher.run: Starting research cycle...
2026-07-08 21:48:19 [INFO] omega.library.coordinator: Worker registered: researcher
2026-07-08 21:48:19 [INFO] omega.library.coordinator: Worker started: researcher
2026-07-08 21:48:19 [INFO] omega.workers.background_researcher.loop: Starting research cycle cycle_20260709_004819_1
2026-07-08 21:48:21 [INFO] httpx: HTTP Request: GET https://httpbin.org/get "HTTP/1.1 200 OK"
2026-07-08 21:48:21 [INFO] omega.workers.background_researcher.loop: Frontier gap found: 'Phase 1 — Engine Hardening — Memory wiring, handoff protocol, soul atomicity, agent hardening, MCP consolidation research' (p=0.6) from master_ledger
2026-07-08 21:48:21 [INFO] omega.workers.background_researcher.loop: Frontier gap found: 'Phase 2 — Legacy Mining — Extract 12 quick-win assets, port legacy patterns, compile community content research' (p=0.6) from master_ledger
2026-07-08 21:48:21 [INFO] omega.workers.background_researcher.loop: Frontier gap found: 'Phase 3 — Community Tools — Entity Studio CLI → Visual Builder, Stack Builder Wizard, one-click Omega Desktop research' (p=0.6) from master_ledger
2026-07-08 21:48:21 [INFO] omega.workers.background_researcher.loop: Frontier gap found: 'Phase 4 — The Omegaverse — P2P network protocol, WAD registry, cross-instance entity communication, **Godot/id Tech VR bridge**, soul-to-visual mapping (R-24), **shared VR realms (P2P Metropolis)** research' (p=0.6) from master_ledger
2026-07-08 21:48:21 [INFO] omega.workers.background_researcher.loop: Frontier gap found: 'Knowledge base scaffolding for entity cli_cline' (p=0.5) from entity_gap
2026-07-08 21:48:21 [INFO] omega.workers.background_researcher.loop: Frontier growth complete — enqueued 5 topics from 31 candidates
2026-07-08 21:48:21 [INFO] omega.workers.background_researcher.loop: Researching: 'Phase 1 — Engine Hardening — Memory wiring, handoff protocol, soul atomicity, agent hardening, MCP consolidation research' (priority=0.60)
2026-07-08 21:48:21 [WARNING] omega.workers.background_researcher.searxng_client: SearXNG request failed: 
2026-07-08 21:48:21 [WARNING] omega.workers.background_researcher.searxng_client: SearXNG request failed: 
2026-07-08 21:48:21 [INFO] httpx: HTTP Request: POST https://api.exa.ai/search "HTTP/1.1 200 OK"
2026-07-08 21:48:22 [INFO] httpx: HTTP Request: POST https://generativelanguage.googleapis.com/v1beta/models/gemma-4-31b-it:generateContent "HTTP/1.1 200 OK"
2026-07-08 21:48:22 [INFO] omega.ingestion.guards: Sentry Probe SUCCESS for gemma-4-31b-it on attempt 1
2026-07-08 21:48:27 [WARNING] omega.ingestion.pipeline: T3 Deep Scrape failed for https://github.com/alphaonedev/ai-memory-mcp/blob/main/docs/atomisation.md, falling back to T1
2026-07-08 21:48:27 [WARNING] omega.workers.background_researcher.loop: Sovereign Pipeline failed to ingest https://github.com/alphaonedev/ai-memory-mcp/blob/main/docs/atomisation.md
2026-07-08 21:48:28 [INFO] httpx: HTTP Request: POST https://generativelanguage.googleapis.com/v1beta/models/gemma-4-31b-it:generateContent "HTTP/1.1 200 OK"
2026-07-08 21:48:28 [INFO] omega.ingestion.guards: Sentry Probe SUCCESS for gemma-4-31b-it on attempt 1
2026-07-08 21:48:31 [INFO] urllib3.poolmanager: Redirecting https://blog.vinkius.com/the-agentic-swarm-manifesto-how-vurb-ts-fhp-does-for-mcp-what-kubernetes-did-for-microservices -> https://vinkius.com/blog/the-agentic-swarm-manifesto-how-vurb-ts-fhp-does-for-mcp-what-kubernetes-did-for-microservices
2026-07-08 21:48:32 [ERROR] trafilatura.downloads: not a 200 response: 404 for URL https://blog.vinkius.com/the-agentic-swarm-manifesto-how-vurb-ts-fhp-does-for-mcp-what-kubernetes-did-for-microservices
2026-07-08 21:48:32 [INFO] omega.library.coordinator: Worker stopped: researcher
2026-07-08 21:48:32 [ERROR] omega.researcher.run: Critical failure in research cycle: T1 Fast Scrape failed: Trafilatura failed to fetch URL
Traceback (most recent call last):
  File "/home/arcana-novai/Documents/Xoe-NovAi/omega-engine/src/omega/workers/background_researcher/run.py", line 100, in main
    result = await loop.run_cycle()
             ^^^^^^^^^^^^^^^^^^^^^^
  File "/home/arcana-novai/Documents/Xoe-NovAi/omega-engine/src/omega/workers/background_researcher/loop.py", line 268, in run_cycle
    content = await self._extract(task, sources)
              ^^^^^^^^^^^^^^^^^^^^^^^^^^^^^^^^^^
  File "/home/arcana-novai/Documents/Xoe-NovAi/omega-engine/src/omega/workers/background_researcher/loop.py", line 431, in _extract
    result = await self.pipeline.run_source(url)
             ^^^^^^^^^^^^^^^^^^^^^^^^^^^^^^^^^^^
  File "/home/arcana-novai/Documents/Xoe-NovAi/omega-engine/src/omega/ingestion/pipeline.py", line 187, in run_source
    raise TransportError(f"T1 Fast Scrape failed: {t1_res.error}")
omega.ingestion.ingestion_types.TransportError: T1 Fast Scrape failed: Trafilatura failed to fetch URL
2026-07-08 21:49:06 [WARNING] omega.vault.key_vault: Invalid VAULT_MASTER_KEY: [VaultCryptoError] Invalid master key hex: non-hexadecimal number found in fromhex() arg at position 48
2026-07-08 21:49:06 [WARNING] omega.vault.key_vault: No VAULT_MASTER_KEY set — vault is locked. Falling back to environment variables.
2026-07-08 21:49:06 [INFO] omega.memory.fts: FTS5 index initialized at /home/arcana-novai/Documents/Xoe-NovAi/omega-engine/data/memory/fts_memory.db
2026-07-08 21:49:06 [INFO] omega.oracle.pii_masker: pii-shield loaded: 18 PII types, context-aware detection
2026-07-08 21:49:06 [INFO] omega.researcher.run: Starting research cycle...
2026-07-08 21:49:06 [INFO] omega.library.coordinator: Worker registered: researcher
2026-07-08 21:49:06 [INFO] omega.library.coordinator: Worker started: researcher
2026-07-08 21:49:06 [INFO] omega.workers.background_researcher.loop: Starting research cycle cycle_20260709_004906_1
2026-07-08 21:49:07 [INFO] httpx: HTTP Request: GET https://httpbin.org/get "HTTP/1.1 200 OK"
2026-07-08 21:49:07 [INFO] omega.workers.background_researcher.loop: Frontier gap found: 'Phase 1 — Engine Hardening — Memory wiring, handoff protocol, soul atomicity, agent hardening, MCP consolidation research' (p=0.6) from master_ledger
2026-07-08 21:49:07 [INFO] omega.workers.background_researcher.loop: Frontier gap found: 'Phase 2 — Legacy Mining — Extract 12 quick-win assets, port legacy patterns, compile community content research' (p=0.6) from master_ledger
2026-07-08 21:49:07 [INFO] omega.workers.background_researcher.loop: Frontier gap found: 'Phase 3 — Community Tools — Entity Studio CLI → Visual Builder, Stack Builder Wizard, one-click Omega Desktop research' (p=0.6) from master_ledger
2026-07-08 21:49:07 [INFO] omega.workers.background_researcher.loop: Frontier gap found: 'Phase 4 — The Omegaverse — P2P network protocol, WAD registry, cross-instance entity communication, **Godot/id Tech VR bridge**, soul-to-visual mapping (R-24), **shared VR realms (P2P Metropolis)** research' (p=0.6) from master_ledger
2026-07-08 21:49:07 [INFO] omega.workers.background_researcher.loop: Frontier gap found: 'Knowledge base scaffolding for entity cli_cline' (p=0.5) from entity_gap
2026-07-08 21:49:07 [INFO] omega.workers.background_researcher.loop: Frontier growth complete — enqueued 5 topics from 31 candidates
2026-07-08 21:49:07 [INFO] omega.workers.background_researcher.loop: Researching: 'Phase 1 — Engine Hardening — Memory wiring, handoff protocol, soul atomicity, agent hardening, MCP consolidation research' (priority=0.60)
2026-07-08 21:49:07 [WARNING] omega.workers.background_researcher.searxng_client: SearXNG request failed: 
2026-07-08 21:49:07 [WARNING] omega.workers.background_researcher.searxng_client: SearXNG request failed: 
2026-07-08 21:49:08 [INFO] httpx: HTTP Request: POST https://api.exa.ai/search "HTTP/1.1 200 OK"
2026-07-08 21:49:09 [INFO] httpx: HTTP Request: POST https://generativelanguage.googleapis.com/v1beta/models/gemma-4-31b-it:generateContent "HTTP/1.1 200 OK"
2026-07-08 21:49:09 [INFO] omega.ingestion.guards: Sentry Probe SUCCESS for gemma-4-31b-it on attempt 1
2026-07-08 21:49:13 [WARNING] omega.ingestion.pipeline: T3 Deep Scrape failed for https://github.com/alphaonedev/ai-memory-mcp/blob/main/docs/atomisation.md, falling back to T1
2026-07-08 21:49:13 [WARNING] omega.workers.background_researcher.loop: Sovereign Pipeline failed to ingest https://github.com/alphaonedev/ai-memory-mcp/blob/main/docs/atomisation.md
2026-07-08 21:49:14 [INFO] httpx: HTTP Request: POST https://generativelanguage.googleapis.com/v1beta/models/gemma-4-31b-it:generateContent "HTTP/1.1 200 OK"
2026-07-08 21:49:14 [INFO] omega.ingestion.guards: Sentry Probe SUCCESS for gemma-4-31b-it on attempt 1
2026-07-08 21:49:15 [INFO] urllib3.poolmanager: Redirecting https://blog.vinkius.com/the-agentic-swarm-manifesto-how-vurb-ts-fhp-does-for-mcp-what-kubernetes-did-for-microservices -> https://vinkius.com/blog/the-agentic-swarm-manifesto-how-vurb-ts-fhp-does-for-mcp-what-kubernetes-did-for-microservices
2026-07-08 21:49:16 [ERROR] trafilatura.downloads: not a 200 response: 404 for URL https://blog.vinkius.com/the-agentic-swarm-manifesto-how-vurb-ts-fhp-does-for-mcp-what-kubernetes-did-for-microservices
2026-07-08 21:49:16 [INFO] omega.library.coordinator: Worker stopped: researcher
2026-07-08 21:49:16 [ERROR] omega.researcher.run: Critical failure in research cycle: T1 Fast Scrape failed: Trafilatura failed to fetch URL
Traceback (most recent call last):
  File "/home/arcana-novai/Documents/Xoe-NovAi/omega-engine/src/omega/workers/background_researcher/run.py", line 100, in main
    result = await loop.run_cycle()
             ^^^^^^^^^^^^^^^^^^^^^^
  File "/home/arcana-novai/Documents/Xoe-NovAi/omega-engine/src/omega/workers/background_researcher/loop.py", line 268, in run_cycle
    content = await self._extract(task, sources)
              ^^^^^^^^^^^^^^^^^^^^^^^^^^^^^^^^^^
  File "/home/arcana-novai/Documents/Xoe-NovAi/omega-engine/src/omega/workers/background_researcher/loop.py", line 431, in _extract
    result = await self.pipeline.run_source(url)
             ^^^^^^^^^^^^^^^^^^^^^^^^^^^^^^^^^^^
  File "/home/arcana-novai/Documents/Xoe-NovAi/omega-engine/src/omega/ingestion/pipeline.py", line 187, in run_source
    raise TransportError(f"T1 Fast Scrape failed: {t1_res.error}")
omega.ingestion.ingestion_types.TransportError: T1 Fast Scrape failed: Trafilatura failed to fetch URL
2026-07-08 21:49:49 [WARNING] omega.vault.key_vault: Invalid VAULT_MASTER_KEY: [VaultCryptoError] Invalid master key hex: non-hexadecimal number found in fromhex() arg at position 48
2026-07-08 21:49:49 [WARNING] omega.vault.key_vault: No VAULT_MASTER_KEY set — vault is locked. Falling back to environment variables.
2026-07-08 21:49:49 [INFO] omega.memory.fts: FTS5 index initialized at /home/arcana-novai/Documents/Xoe-NovAi/omega-engine/data/memory/fts_memory.db
2026-07-08 21:49:49 [INFO] omega.oracle.pii_masker: pii-shield loaded: 18 PII types, context-aware detection
2026-07-08 21:49:49 [INFO] omega.researcher.run: Starting research cycle...
2026-07-08 21:49:49 [INFO] omega.library.coordinator: Worker registered: researcher
2026-07-08 21:49:49 [INFO] omega.library.coordinator: Worker started: researcher
2026-07-08 21:49:49 [INFO] omega.workers.background_researcher.loop: Starting research cycle cycle_20260709_004949_1
2026-07-08 21:49:52 [INFO] httpx: HTTP Request: GET https://httpbin.org/get "HTTP/1.1 200 OK"
2026-07-08 21:49:52 [INFO] omega.workers.background_researcher.loop: Frontier gap found: 'Phase 1 — Engine Hardening — Memory wiring, handoff protocol, soul atomicity, agent hardening, MCP consolidation research' (p=0.6) from master_ledger
2026-07-08 21:49:52 [INFO] omega.workers.background_researcher.loop: Frontier gap found: 'Phase 2 — Legacy Mining — Extract 12 quick-win assets, port legacy patterns, compile community content research' (p=0.6) from master_ledger
2026-07-08 21:49:52 [INFO] omega.workers.background_researcher.loop: Frontier gap found: 'Phase 3 — Community Tools — Entity Studio CLI → Visual Builder, Stack Builder Wizard, one-click Omega Desktop research' (p=0.6) from master_ledger
2026-07-08 21:49:52 [INFO] omega.workers.background_researcher.loop: Frontier gap found: 'Phase 4 — The Omegaverse — P2P network protocol, WAD registry, cross-instance entity communication, **Godot/id Tech VR bridge**, soul-to-visual mapping (R-24), **shared VR realms (P2P Metropolis)** research' (p=0.6) from master_ledger
2026-07-08 21:49:52 [INFO] omega.workers.background_researcher.loop: Frontier gap found: 'Knowledge base scaffolding for entity cli_cline' (p=0.5) from entity_gap
2026-07-08 21:49:52 [INFO] omega.workers.background_researcher.loop: Frontier growth complete — enqueued 5 topics from 31 candidates
2026-07-08 21:49:52 [INFO] omega.workers.background_researcher.loop: Researching: 'Phase 1 — Engine Hardening — Memory wiring, handoff protocol, soul atomicity, agent hardening, MCP consolidation research' (priority=0.60)
2026-07-08 21:49:52 [WARNING] omega.workers.background_researcher.searxng_client: SearXNG request failed: 
2026-07-08 21:49:52 [WARNING] omega.workers.background_researcher.searxng_client: SearXNG request failed: 
2026-07-08 21:49:53 [INFO] httpx: HTTP Request: POST https://api.exa.ai/search "HTTP/1.1 200 OK"
2026-07-08 21:49:54 [INFO] httpx: HTTP Request: POST https://generativelanguage.googleapis.com/v1beta/models/gemma-4-31b-it:generateContent "HTTP/1.1 200 OK"
2026-07-08 21:49:54 [INFO] omega.ingestion.guards: Sentry Probe SUCCESS for gemma-4-31b-it on attempt 1
2026-07-08 21:49:57 [WARNING] omega.ingestion.pipeline: T3 Deep Scrape failed for https://github.com/alphaonedev/ai-memory-mcp/blob/main/docs/atomisation.md, falling back to T1
2026-07-08 21:49:57 [WARNING] omega.workers.background_researcher.loop: Sovereign Pipeline failed to ingest https://github.com/alphaonedev/ai-memory-mcp/blob/main/docs/atomisation.md
2026-07-08 21:49:58 [INFO] httpx: HTTP Request: POST https://generativelanguage.googleapis.com/v1beta/models/gemma-4-31b-it:generateContent "HTTP/1.1 200 OK"
2026-07-08 21:49:58 [INFO] omega.ingestion.guards: Sentry Probe SUCCESS for gemma-4-31b-it on attempt 1
2026-07-08 21:49:59 [INFO] urllib3.poolmanager: Redirecting https://blog.vinkius.com/the-agentic-swarm-manifesto-how-vurb-ts-fhp-does-for-mcp-what-kubernetes-did-for-microservices -> https://vinkius.com/blog/the-agentic-swarm-manifesto-how-vurb-ts-fhp-does-for-mcp-what-kubernetes-did-for-microservices
2026-07-08 21:50:00 [ERROR] trafilatura.downloads: not a 200 response: 404 for URL https://blog.vinkius.com/the-agentic-swarm-manifesto-how-vurb-ts-fhp-does-for-mcp-what-kubernetes-did-for-microservices
2026-07-08 21:50:00 [INFO] omega.library.coordinator: Worker stopped: researcher
2026-07-08 21:50:00 [ERROR] omega.researcher.run: Critical failure in research cycle: T1 Fast Scrape failed: Trafilatura failed to fetch URL
Traceback (most recent call last):
  File "/home/arcana-novai/Documents/Xoe-NovAi/omega-engine/src/omega/workers/background_researcher/run.py", line 100, in main
    result = await loop.run_cycle()
             ^^^^^^^^^^^^^^^^^^^^^^
  File "/home/arcana-novai/Documents/Xoe-NovAi/omega-engine/src/omega/workers/background_researcher/loop.py", line 268, in run_cycle
    content = await self._extract(task, sources)
              ^^^^^^^^^^^^^^^^^^^^^^^^^^^^^^^^^^
  File "/home/arcana-novai/Documents/Xoe-NovAi/omega-engine/src/omega/workers/background_researcher/loop.py", line 431, in _extract
    result = await self.pipeline.run_source(url)
             ^^^^^^^^^^^^^^^^^^^^^^^^^^^^^^^^^^^
  File "/home/arcana-novai/Documents/Xoe-NovAi/omega-engine/src/omega/ingestion/pipeline.py", line 187, in run_source
    raise TransportError(f"T1 Fast Scrape failed: {t1_res.error}")
omega.ingestion.ingestion_types.TransportError: T1 Fast Scrape failed: Trafilatura failed to fetch URL
2026-07-08 21:50:34 [WARNING] omega.vault.key_vault: Invalid VAULT_MASTER_KEY: [VaultCryptoError] Invalid master key hex: non-hexadecimal number found in fromhex() arg at position 48
2026-07-08 21:50:34 [WARNING] omega.vault.key_vault: No VAULT_MASTER_KEY set — vault is locked. Falling back to environment variables.
2026-07-08 21:50:34 [INFO] omega.memory.fts: FTS5 index initialized at /home/arcana-novai/Documents/Xoe-NovAi/omega-engine/data/memory/fts_memory.db
2026-07-08 21:50:34 [INFO] omega.oracle.pii_masker: pii-shield loaded: 18 PII types, context-aware detection
2026-07-08 21:50:34 [INFO] omega.researcher.run: Starting research cycle...
2026-07-08 21:50:34 [INFO] omega.library.coordinator: Worker registered: researcher
2026-07-08 21:50:34 [INFO] omega.library.coordinator: Worker started: researcher
2026-07-08 21:50:34 [INFO] omega.workers.background_researcher.loop: Starting research cycle cycle_20260709_005034_1
2026-07-08 21:50:35 [INFO] httpx: HTTP Request: GET https://httpbin.org/get "HTTP/1.1 200 OK"
2026-07-08 21:50:35 [INFO] omega.workers.background_researcher.loop: Frontier gap found: 'Phase 1 — Engine Hardening — Memory wiring, handoff protocol, soul atomicity, agent hardening, MCP consolidation research' (p=0.6) from master_ledger
2026-07-08 21:50:35 [INFO] omega.workers.background_researcher.loop: Frontier gap found: 'Phase 2 — Legacy Mining — Extract 12 quick-win assets, port legacy patterns, compile community content research' (p=0.6) from master_ledger
2026-07-08 21:50:35 [INFO] omega.workers.background_researcher.loop: Frontier gap found: 'Phase 3 — Community Tools — Entity Studio CLI → Visual Builder, Stack Builder Wizard, one-click Omega Desktop research' (p=0.6) from master_ledger
2026-07-08 21:50:35 [INFO] omega.workers.background_researcher.loop: Frontier gap found: 'Phase 4 — The Omegaverse — P2P network protocol, WAD registry, cross-instance entity communication, **Godot/id Tech VR bridge**, soul-to-visual mapping (R-24), **shared VR realms (P2P Metropolis)** research' (p=0.6) from master_ledger
2026-07-08 21:50:35 [INFO] omega.workers.background_researcher.loop: Frontier gap found: 'Knowledge base scaffolding for entity cli_cline' (p=0.5) from entity_gap
2026-07-08 21:50:35 [INFO] omega.workers.background_researcher.loop: Frontier growth complete — enqueued 5 topics from 31 candidates
2026-07-08 21:50:35 [INFO] omega.workers.background_researcher.loop: Researching: 'Phase 1 — Engine Hardening — Memory wiring, handoff protocol, soul atomicity, agent hardening, MCP consolidation research' (priority=0.60)
2026-07-08 21:50:35 [WARNING] omega.workers.background_researcher.searxng_client: SearXNG request failed: 
2026-07-08 21:50:35 [WARNING] omega.workers.background_researcher.searxng_client: SearXNG request failed: 
2026-07-08 21:50:36 [INFO] httpx: HTTP Request: POST https://api.exa.ai/search "HTTP/1.1 200 OK"
2026-07-08 21:50:37 [INFO] httpx: HTTP Request: POST https://generativelanguage.googleapis.com/v1beta/models/gemma-4-31b-it:generateContent "HTTP/1.1 200 OK"
2026-07-08 21:50:37 [INFO] omega.ingestion.guards: Sentry Probe SUCCESS for gemma-4-31b-it on attempt 1
2026-07-08 21:50:41 [WARNING] omega.ingestion.pipeline: T3 Deep Scrape failed for https://github.com/alphaonedev/ai-memory-mcp/blob/main/docs/atomisation.md, falling back to T1
2026-07-08 21:50:41 [WARNING] omega.workers.background_researcher.loop: Sovereign Pipeline failed to ingest https://github.com/alphaonedev/ai-memory-mcp/blob/main/docs/atomisation.md
2026-07-08 21:50:42 [INFO] httpx: HTTP Request: POST https://generativelanguage.googleapis.com/v1beta/models/gemma-4-31b-it:generateContent "HTTP/1.1 200 OK"
2026-07-08 21:50:42 [INFO] omega.ingestion.guards: Sentry Probe SUCCESS for gemma-4-31b-it on attempt 1
2026-07-08 21:50:43 [INFO] urllib3.poolmanager: Redirecting https://blog.vinkius.com/the-agentic-swarm-manifesto-how-vurb-ts-fhp-does-for-mcp-what-kubernetes-did-for-microservices -> https://vinkius.com/blog/the-agentic-swarm-manifesto-how-vurb-ts-fhp-does-for-mcp-what-kubernetes-did-for-microservices
2026-07-08 21:50:43 [ERROR] trafilatura.downloads: not a 200 response: 404 for URL https://blog.vinkius.com/the-agentic-swarm-manifesto-how-vurb-ts-fhp-does-for-mcp-what-kubernetes-did-for-microservices
2026-07-08 21:50:43 [INFO] omega.library.coordinator: Worker stopped: researcher
2026-07-08 21:50:43 [ERROR] omega.researcher.run: Critical failure in research cycle: T1 Fast Scrape failed: Trafilatura failed to fetch URL
Traceback (most recent call last):
  File "/home/arcana-novai/Documents/Xoe-NovAi/omega-engine/src/omega/workers/background_researcher/run.py", line 100, in main
    result = await loop.run_cycle()
             ^^^^^^^^^^^^^^^^^^^^^^
  File "/home/arcana-novai/Documents/Xoe-NovAi/omega-engine/src/omega/workers/background_researcher/loop.py", line 268, in run_cycle
    content = await self._extract(task, sources)
              ^^^^^^^^^^^^^^^^^^^^^^^^^^^^^^^^^^
  File "/home/arcana-novai/Documents/Xoe-NovAi/omega-engine/src/omega/workers/background_researcher/loop.py", line 431, in _extract
    result = await self.pipeline.run_source(url)
             ^^^^^^^^^^^^^^^^^^^^^^^^^^^^^^^^^^^
  File "/home/arcana-novai/Documents/Xoe-NovAi/omega-engine/src/omega/ingestion/pipeline.py", line 187, in run_source
    raise TransportError(f"T1 Fast Scrape failed: {t1_res.error}")
omega.ingestion.ingestion_types.TransportError: T1 Fast Scrape failed: Trafilatura failed to fetch URL
2026-07-08 21:51:17 [WARNING] omega.vault.key_vault: Invalid VAULT_MASTER_KEY: [VaultCryptoError] Invalid master key hex: non-hexadecimal number found in fromhex() arg at position 48
2026-07-08 21:51:17 [WARNING] omega.vault.key_vault: No VAULT_MASTER_KEY set — vault is locked. Falling back to environment variables.
2026-07-08 21:51:17 [INFO] omega.memory.fts: FTS5 index initialized at /home/arcana-novai/Documents/Xoe-NovAi/omega-engine/data/memory/fts_memory.db
2026-07-08 21:51:17 [INFO] omega.oracle.pii_masker: pii-shield loaded: 18 PII types, context-aware detection
2026-07-08 21:51:17 [INFO] omega.researcher.run: Starting research cycle...
2026-07-08 21:51:17 [INFO] omega.library.coordinator: Worker registered: researcher
2026-07-08 21:51:17 [INFO] omega.library.coordinator: Worker started: researcher
2026-07-08 21:51:17 [INFO] omega.workers.background_researcher.loop: Starting research cycle cycle_20260709_005117_1
2026-07-08 21:51:19 [INFO] httpx: HTTP Request: GET https://httpbin.org/get "HTTP/1.1 200 OK"
2026-07-08 21:51:19 [INFO] omega.workers.background_researcher.loop: Frontier gap found: 'Phase 1 — Engine Hardening — Memory wiring, handoff protocol, soul atomicity, agent hardening, MCP consolidation research' (p=0.6) from master_ledger
2026-07-08 21:51:19 [INFO] omega.workers.background_researcher.loop: Frontier gap found: 'Phase 2 — Legacy Mining — Extract 12 quick-win assets, port legacy patterns, compile community content research' (p=0.6) from master_ledger
2026-07-08 21:51:19 [INFO] omega.workers.background_researcher.loop: Frontier gap found: 'Phase 3 — Community Tools — Entity Studio CLI → Visual Builder, Stack Builder Wizard, one-click Omega Desktop research' (p=0.6) from master_ledger
2026-07-08 21:51:19 [INFO] omega.workers.background_researcher.loop: Frontier gap found: 'Phase 4 — The Omegaverse — P2P network protocol, WAD registry, cross-instance entity communication, **Godot/id Tech VR bridge**, soul-to-visual mapping (R-24), **shared VR realms (P2P Metropolis)** research' (p=0.6) from master_ledger
2026-07-08 21:51:19 [INFO] omega.workers.background_researcher.loop: Frontier gap found: 'Knowledge base scaffolding for entity cli_cline' (p=0.5) from entity_gap
2026-07-08 21:51:19 [INFO] omega.workers.background_researcher.loop: Frontier growth complete — enqueued 5 topics from 31 candidates
2026-07-08 21:51:19 [INFO] omega.workers.background_researcher.loop: Researching: 'Phase 1 — Engine Hardening — Memory wiring, handoff protocol, soul atomicity, agent hardening, MCP consolidation research' (priority=0.60)
2026-07-08 21:51:19 [WARNING] omega.workers.background_researcher.searxng_client: SearXNG request failed: 
2026-07-08 21:51:19 [WARNING] omega.workers.background_researcher.searxng_client: SearXNG request failed: 
2026-07-08 21:51:19 [INFO] httpx: HTTP Request: POST https://api.exa.ai/search "HTTP/1.1 200 OK"
2026-07-08 21:51:20 [INFO] httpx: HTTP Request: POST https://generativelanguage.googleapis.com/v1beta/models/gemma-4-31b-it:generateContent "HTTP/1.1 200 OK"
2026-07-08 21:51:20 [INFO] omega.ingestion.guards: Sentry Probe SUCCESS for gemma-4-31b-it on attempt 1
2026-07-08 21:51:24 [WARNING] omega.ingestion.pipeline: T3 Deep Scrape failed for https://github.com/alphaonedev/ai-memory-mcp/blob/main/docs/atomisation.md, falling back to T1
2026-07-08 21:51:24 [WARNING] omega.workers.background_researcher.loop: Sovereign Pipeline failed to ingest https://github.com/alphaonedev/ai-memory-mcp/blob/main/docs/atomisation.md
2026-07-08 21:51:26 [INFO] httpx: HTTP Request: POST https://generativelanguage.googleapis.com/v1beta/models/gemma-4-31b-it:generateContent "HTTP/1.1 200 OK"
2026-07-08 21:51:26 [INFO] omega.ingestion.guards: Sentry Probe SUCCESS for gemma-4-31b-it on attempt 1
2026-07-08 21:51:27 [INFO] urllib3.poolmanager: Redirecting https://blog.vinkius.com/the-agentic-swarm-manifesto-how-vurb-ts-fhp-does-for-mcp-what-kubernetes-did-for-microservices -> https://vinkius.com/blog/the-agentic-swarm-manifesto-how-vurb-ts-fhp-does-for-mcp-what-kubernetes-did-for-microservices
2026-07-08 21:51:28 [ERROR] trafilatura.downloads: not a 200 response: 404 for URL https://blog.vinkius.com/the-agentic-swarm-manifesto-how-vurb-ts-fhp-does-for-mcp-what-kubernetes-did-for-microservices
2026-07-08 21:51:28 [INFO] omega.library.coordinator: Worker stopped: researcher
2026-07-08 21:51:28 [ERROR] omega.researcher.run: Critical failure in research cycle: T1 Fast Scrape failed: Trafilatura failed to fetch URL
Traceback (most recent call last):
  File "/home/arcana-novai/Documents/Xoe-NovAi/omega-engine/src/omega/workers/background_researcher/run.py", line 100, in main
    result = await loop.run_cycle()
             ^^^^^^^^^^^^^^^^^^^^^^
  File "/home/arcana-novai/Documents/Xoe-NovAi/omega-engine/src/omega/workers/background_researcher/loop.py", line 268, in run_cycle
    content = await self._extract(task, sources)
              ^^^^^^^^^^^^^^^^^^^^^^^^^^^^^^^^^^
  File "/home/arcana-novai/Documents/Xoe-NovAi/omega-engine/src/omega/workers/background_researcher/loop.py", line 431, in _extract
    result = await self.pipeline.run_source(url)
             ^^^^^^^^^^^^^^^^^^^^^^^^^^^^^^^^^^^
  File "/home/arcana-novai/Documents/Xoe-NovAi/omega-engine/src/omega/ingestion/pipeline.py", line 187, in run_source
    raise TransportError(f"T1 Fast Scrape failed: {t1_res.error}")
omega.ingestion.ingestion_types.TransportError: T1 Fast Scrape failed: Trafilatura failed to fetch URL
2026-07-08 21:52:02 [WARNING] omega.vault.key_vault: Invalid VAULT_MASTER_KEY: [VaultCryptoError] Invalid master key hex: non-hexadecimal number found in fromhex() arg at position 48
2026-07-08 21:52:02 [WARNING] omega.vault.key_vault: No VAULT_MASTER_KEY set — vault is locked. Falling back to environment variables.
2026-07-08 21:52:02 [INFO] omega.memory.fts: FTS5 index initialized at /home/arcana-novai/Documents/Xoe-NovAi/omega-engine/data/memory/fts_memory.db
2026-07-08 21:52:02 [INFO] omega.oracle.pii_masker: pii-shield loaded: 18 PII types, context-aware detection
2026-07-08 21:52:02 [INFO] omega.researcher.run: Starting research cycle...
2026-07-08 21:52:02 [INFO] omega.library.coordinator: Worker registered: researcher
2026-07-08 21:52:02 [INFO] omega.library.coordinator: Worker started: researcher
2026-07-08 21:52:02 [INFO] omega.workers.background_researcher.loop: Starting research cycle cycle_20260709_005202_1
2026-07-08 21:52:03 [INFO] httpx: HTTP Request: GET https://httpbin.org/get "HTTP/1.1 200 OK"
2026-07-08 21:52:03 [INFO] omega.workers.background_researcher.loop: Frontier gap found: 'Phase 1 — Engine Hardening — Memory wiring, handoff protocol, soul atomicity, agent hardening, MCP consolidation research' (p=0.6) from master_ledger
2026-07-08 21:52:03 [INFO] omega.workers.background_researcher.loop: Frontier gap found: 'Phase 2 — Legacy Mining — Extract 12 quick-win assets, port legacy patterns, compile community content research' (p=0.6) from master_ledger
2026-07-08 21:52:03 [INFO] omega.workers.background_researcher.loop: Frontier gap found: 'Phase 3 — Community Tools — Entity Studio CLI → Visual Builder, Stack Builder Wizard, one-click Omega Desktop research' (p=0.6) from master_ledger
2026-07-08 21:52:03 [INFO] omega.workers.background_researcher.loop: Frontier gap found: 'Phase 4 — The Omegaverse — P2P network protocol, WAD registry, cross-instance entity communication, **Godot/id Tech VR bridge**, soul-to-visual mapping (R-24), **shared VR realms (P2P Metropolis)** research' (p=0.6) from master_ledger
2026-07-08 21:52:03 [INFO] omega.workers.background_researcher.loop: Frontier gap found: 'Knowledge base scaffolding for entity cli_cline' (p=0.5) from entity_gap
2026-07-08 21:52:03 [INFO] omega.workers.background_researcher.loop: Frontier growth complete — enqueued 5 topics from 31 candidates
2026-07-08 21:52:03 [INFO] omega.workers.background_researcher.loop: Researching: 'Phase 1 — Engine Hardening — Memory wiring, handoff protocol, soul atomicity, agent hardening, MCP consolidation research' (priority=0.60)
2026-07-08 21:52:03 [WARNING] omega.workers.background_researcher.searxng_client: SearXNG request failed: 
2026-07-08 21:52:03 [WARNING] omega.workers.background_researcher.searxng_client: SearXNG request failed: 
2026-07-08 21:52:04 [INFO] httpx: HTTP Request: POST https://api.exa.ai/search "HTTP/1.1 200 OK"
2026-07-08 21:52:06 [INFO] httpx: HTTP Request: POST https://generativelanguage.googleapis.com/v1beta/models/gemma-4-31b-it:generateContent "HTTP/1.1 200 OK"
2026-07-08 21:52:06 [INFO] omega.ingestion.guards: Sentry Probe SUCCESS for gemma-4-31b-it on attempt 1
2026-07-08 21:52:08 [WARNING] omega.ingestion.pipeline: T3 Deep Scrape failed for https://github.com/alphaonedev/ai-memory-mcp/blob/main/docs/atomisation.md, falling back to T1
2026-07-08 21:52:08 [WARNING] omega.workers.background_researcher.loop: Sovereign Pipeline failed to ingest https://github.com/alphaonedev/ai-memory-mcp/blob/main/docs/atomisation.md
2026-07-08 21:52:09 [INFO] httpx: HTTP Request: POST https://generativelanguage.googleapis.com/v1beta/models/gemma-4-31b-it:generateContent "HTTP/1.1 200 OK"
2026-07-08 21:52:09 [INFO] omega.ingestion.guards: Sentry Probe SUCCESS for gemma-4-31b-it on attempt 1
2026-07-08 21:52:09 [INFO] urllib3.poolmanager: Redirecting https://blog.vinkius.com/the-agentic-swarm-manifesto-how-vurb-ts-fhp-does-for-mcp-what-kubernetes-did-for-microservices -> https://vinkius.com/blog/the-agentic-swarm-manifesto-how-vurb-ts-fhp-does-for-mcp-what-kubernetes-did-for-microservices
2026-07-08 21:52:10 [ERROR] trafilatura.downloads: not a 200 response: 404 for URL https://blog.vinkius.com/the-agentic-swarm-manifesto-how-vurb-ts-fhp-does-for-mcp-what-kubernetes-did-for-microservices
2026-07-08 21:52:10 [INFO] omega.library.coordinator: Worker stopped: researcher
2026-07-08 21:52:10 [ERROR] omega.researcher.run: Critical failure in research cycle: T1 Fast Scrape failed: Trafilatura failed to fetch URL
Traceback (most recent call last):
  File "/home/arcana-novai/Documents/Xoe-NovAi/omega-engine/src/omega/workers/background_researcher/run.py", line 100, in main
    result = await loop.run_cycle()
             ^^^^^^^^^^^^^^^^^^^^^^
  File "/home/arcana-novai/Documents/Xoe-NovAi/omega-engine/src/omega/workers/background_researcher/loop.py", line 268, in run_cycle
    content = await self._extract(task, sources)
              ^^^^^^^^^^^^^^^^^^^^^^^^^^^^^^^^^^
  File "/home/arcana-novai/Documents/Xoe-NovAi/omega-engine/src/omega/workers/background_researcher/loop.py", line 431, in _extract
    result = await self.pipeline.run_source(url)
             ^^^^^^^^^^^^^^^^^^^^^^^^^^^^^^^^^^^
  File "/home/arcana-novai/Documents/Xoe-NovAi/omega-engine/src/omega/ingestion/pipeline.py", line 187, in run_source
    raise TransportError(f"T1 Fast Scrape failed: {t1_res.error}")
omega.ingestion.ingestion_types.TransportError: T1 Fast Scrape failed: Trafilatura failed to fetch URL
2026-07-08 21:52:44 [WARNING] omega.vault.key_vault: Invalid VAULT_MASTER_KEY: [VaultCryptoError] Invalid master key hex: non-hexadecimal number found in fromhex() arg at position 48
2026-07-08 21:52:44 [WARNING] omega.vault.key_vault: No VAULT_MASTER_KEY set — vault is locked. Falling back to environment variables.
2026-07-08 21:52:44 [INFO] omega.memory.fts: FTS5 index initialized at /home/arcana-novai/Documents/Xoe-NovAi/omega-engine/data/memory/fts_memory.db
2026-07-08 21:52:44 [INFO] omega.oracle.pii_masker: pii-shield loaded: 18 PII types, context-aware detection
2026-07-08 21:52:44 [INFO] omega.researcher.run: Starting research cycle...
2026-07-08 21:52:44 [INFO] omega.library.coordinator: Worker registered: researcher
2026-07-08 21:52:44 [INFO] omega.library.coordinator: Worker started: researcher
2026-07-08 21:52:44 [INFO] omega.workers.background_researcher.loop: Starting research cycle cycle_20260709_005244_1
2026-07-08 21:52:45 [INFO] httpx: HTTP Request: GET https://httpbin.org/get "HTTP/1.1 200 OK"
2026-07-08 21:52:45 [INFO] omega.workers.background_researcher.loop: Frontier gap found: 'Phase 1 — Engine Hardening — Memory wiring, handoff protocol, soul atomicity, agent hardening, MCP consolidation research' (p=0.6) from master_ledger
2026-07-08 21:52:45 [INFO] omega.workers.background_researcher.loop: Frontier gap found: 'Phase 2 — Legacy Mining — Extract 12 quick-win assets, port legacy patterns, compile community content research' (p=0.6) from master_ledger
2026-07-08 21:52:45 [INFO] omega.workers.background_researcher.loop: Frontier gap found: 'Phase 3 — Community Tools — Entity Studio CLI → Visual Builder, Stack Builder Wizard, one-click Omega Desktop research' (p=0.6) from master_ledger
2026-07-08 21:52:45 [INFO] omega.workers.background_researcher.loop: Frontier gap found: 'Phase 4 — The Omegaverse — P2P network protocol, WAD registry, cross-instance entity communication, **Godot/id Tech VR bridge**, soul-to-visual mapping (R-24), **shared VR realms (P2P Metropolis)** research' (p=0.6) from master_ledger
2026-07-08 21:52:45 [INFO] omega.workers.background_researcher.loop: Frontier gap found: 'Knowledge base scaffolding for entity cli_cline' (p=0.5) from entity_gap
2026-07-08 21:52:45 [INFO] omega.workers.background_researcher.loop: Frontier growth complete — enqueued 5 topics from 31 candidates
2026-07-08 21:52:45 [INFO] omega.workers.background_researcher.loop: Researching: 'Phase 1 — Engine Hardening — Memory wiring, handoff protocol, soul atomicity, agent hardening, MCP consolidation research' (priority=0.60)
2026-07-08 21:52:45 [WARNING] omega.workers.background_researcher.searxng_client: SearXNG request failed: 
2026-07-08 21:52:45 [WARNING] omega.workers.background_researcher.searxng_client: SearXNG request failed: 
2026-07-08 21:52:46 [INFO] httpx: HTTP Request: POST https://api.exa.ai/search "HTTP/1.1 200 OK"
2026-07-08 21:52:47 [INFO] httpx: HTTP Request: POST https://generativelanguage.googleapis.com/v1beta/models/gemma-4-31b-it:generateContent "HTTP/1.1 200 OK"
2026-07-08 21:52:47 [INFO] omega.ingestion.guards: Sentry Probe SUCCESS for gemma-4-31b-it on attempt 1
2026-07-08 21:52:50 [WARNING] omega.ingestion.pipeline: T3 Deep Scrape failed for https://github.com/alphaonedev/ai-memory-mcp/blob/main/docs/atomisation.md, falling back to T1
2026-07-08 21:52:50 [WARNING] omega.workers.background_researcher.loop: Sovereign Pipeline failed to ingest https://github.com/alphaonedev/ai-memory-mcp/blob/main/docs/atomisation.md
2026-07-08 21:52:51 [INFO] httpx: HTTP Request: POST https://generativelanguage.googleapis.com/v1beta/models/gemma-4-31b-it:generateContent "HTTP/1.1 200 OK"
2026-07-08 21:52:51 [INFO] omega.ingestion.guards: Sentry Probe SUCCESS for gemma-4-31b-it on attempt 1
2026-07-08 21:52:53 [INFO] urllib3.poolmanager: Redirecting https://blog.vinkius.com/the-agentic-swarm-manifesto-how-vurb-ts-fhp-does-for-mcp-what-kubernetes-did-for-microservices -> https://vinkius.com/blog/the-agentic-swarm-manifesto-how-vurb-ts-fhp-does-for-mcp-what-kubernetes-did-for-microservices
2026-07-08 21:52:54 [ERROR] trafilatura.downloads: not a 200 response: 404 for URL https://blog.vinkius.com/the-agentic-swarm-manifesto-how-vurb-ts-fhp-does-for-mcp-what-kubernetes-did-for-microservices
2026-07-08 21:52:54 [INFO] omega.library.coordinator: Worker stopped: researcher
2026-07-08 21:52:54 [ERROR] omega.researcher.run: Critical failure in research cycle: T1 Fast Scrape failed: Trafilatura failed to fetch URL
Traceback (most recent call last):
  File "/home/arcana-novai/Documents/Xoe-NovAi/omega-engine/src/omega/workers/background_researcher/run.py", line 100, in main
    result = await loop.run_cycle()
             ^^^^^^^^^^^^^^^^^^^^^^
  File "/home/arcana-novai/Documents/Xoe-NovAi/omega-engine/src/omega/workers/background_researcher/loop.py", line 268, in run_cycle
    content = await self._extract(task, sources)
              ^^^^^^^^^^^^^^^^^^^^^^^^^^^^^^^^^^
  File "/home/arcana-novai/Documents/Xoe-NovAi/omega-engine/src/omega/workers/background_researcher/loop.py", line 431, in _extract
    result = await self.pipeline.run_source(url)
             ^^^^^^^^^^^^^^^^^^^^^^^^^^^^^^^^^^^
  File "/home/arcana-novai/Documents/Xoe-NovAi/omega-engine/src/omega/ingestion/pipeline.py", line 187, in run_source
    raise TransportError(f"T1 Fast Scrape failed: {t1_res.error}")
omega.ingestion.ingestion_types.TransportError: T1 Fast Scrape failed: Trafilatura failed to fetch URL
2026-07-08 21:53:27 [WARNING] omega.vault.key_vault: Invalid VAULT_MASTER_KEY: [VaultCryptoError] Invalid master key hex: non-hexadecimal number found in fromhex() arg at position 48
2026-07-08 21:53:27 [WARNING] omega.vault.key_vault: No VAULT_MASTER_KEY set — vault is locked. Falling back to environment variables.
2026-07-08 21:53:27 [INFO] omega.memory.fts: FTS5 index initialized at /home/arcana-novai/Documents/Xoe-NovAi/omega-engine/data/memory/fts_memory.db
2026-07-08 21:53:27 [INFO] omega.oracle.pii_masker: pii-shield loaded: 18 PII types, context-aware detection
2026-07-08 21:53:27 [INFO] omega.researcher.run: Starting research cycle...
2026-07-08 21:53:27 [INFO] omega.library.coordinator: Worker registered: researcher
2026-07-08 21:53:27 [INFO] omega.library.coordinator: Worker started: researcher
2026-07-08 21:53:27 [INFO] omega.workers.background_researcher.loop: Starting research cycle cycle_20260709_005327_1
2026-07-08 21:53:29 [INFO] httpx: HTTP Request: GET https://httpbin.org/get "HTTP/1.1 200 OK"
2026-07-08 21:53:29 [INFO] omega.workers.background_researcher.loop: Frontier gap found: 'Phase 1 — Engine Hardening — Memory wiring, handoff protocol, soul atomicity, agent hardening, MCP consolidation research' (p=0.6) from master_ledger
2026-07-08 21:53:29 [INFO] omega.workers.background_researcher.loop: Frontier gap found: 'Phase 2 — Legacy Mining — Extract 12 quick-win assets, port legacy patterns, compile community content research' (p=0.6) from master_ledger
2026-07-08 21:53:29 [INFO] omega.workers.background_researcher.loop: Frontier gap found: 'Phase 3 — Community Tools — Entity Studio CLI → Visual Builder, Stack Builder Wizard, one-click Omega Desktop research' (p=0.6) from master_ledger
2026-07-08 21:53:29 [INFO] omega.workers.background_researcher.loop: Frontier gap found: 'Phase 4 — The Omegaverse — P2P network protocol, WAD registry, cross-instance entity communication, **Godot/id Tech VR bridge**, soul-to-visual mapping (R-24), **shared VR realms (P2P Metropolis)** research' (p=0.6) from master_ledger
2026-07-08 21:53:29 [INFO] omega.workers.background_researcher.loop: Frontier gap found: 'Knowledge base scaffolding for entity cli_cline' (p=0.5) from entity_gap
2026-07-08 21:53:29 [INFO] omega.workers.background_researcher.loop: Frontier growth complete — enqueued 5 topics from 31 candidates
2026-07-08 21:53:29 [INFO] omega.workers.background_researcher.loop: Researching: 'Phase 1 — Engine Hardening — Memory wiring, handoff protocol, soul atomicity, agent hardening, MCP consolidation research' (priority=0.60)
2026-07-08 21:53:29 [WARNING] omega.workers.background_researcher.searxng_client: SearXNG request failed: 
2026-07-08 21:53:29 [WARNING] omega.workers.background_researcher.searxng_client: SearXNG request failed: 
2026-07-08 21:53:29 [INFO] httpx: HTTP Request: POST https://api.exa.ai/search "HTTP/1.1 200 OK"
2026-07-08 21:53:30 [INFO] httpx: HTTP Request: POST https://generativelanguage.googleapis.com/v1beta/models/gemma-4-31b-it:generateContent "HTTP/1.1 200 OK"
2026-07-08 21:53:30 [INFO] omega.ingestion.guards: Sentry Probe SUCCESS for gemma-4-31b-it on attempt 1
2026-07-08 21:53:33 [WARNING] omega.ingestion.pipeline: T3 Deep Scrape failed for https://github.com/alphaonedev/ai-memory-mcp/blob/main/docs/atomisation.md, falling back to T1
2026-07-08 21:53:33 [WARNING] omega.workers.background_researcher.loop: Sovereign Pipeline failed to ingest https://github.com/alphaonedev/ai-memory-mcp/blob/main/docs/atomisation.md
2026-07-08 21:53:34 [INFO] httpx: HTTP Request: POST https://generativelanguage.googleapis.com/v1beta/models/gemma-4-31b-it:generateContent "HTTP/1.1 200 OK"
2026-07-08 21:53:34 [INFO] omega.ingestion.guards: Sentry Probe SUCCESS for gemma-4-31b-it on attempt 1
2026-07-08 21:53:35 [INFO] urllib3.poolmanager: Redirecting https://blog.vinkius.com/the-agentic-swarm-manifesto-how-vurb-ts-fhp-does-for-mcp-what-kubernetes-did-for-microservices -> https://vinkius.com/blog/the-agentic-swarm-manifesto-how-vurb-ts-fhp-does-for-mcp-what-kubernetes-did-for-microservices
2026-07-08 21:53:36 [ERROR] trafilatura.downloads: not a 200 response: 404 for URL https://blog.vinkius.com/the-agentic-swarm-manifesto-how-vurb-ts-fhp-does-for-mcp-what-kubernetes-did-for-microservices
2026-07-08 21:53:36 [INFO] omega.library.coordinator: Worker stopped: researcher
2026-07-08 21:53:36 [ERROR] omega.researcher.run: Critical failure in research cycle: T1 Fast Scrape failed: Trafilatura failed to fetch URL
Traceback (most recent call last):
  File "/home/arcana-novai/Documents/Xoe-NovAi/omega-engine/src/omega/workers/background_researcher/run.py", line 100, in main
    result = await loop.run_cycle()
             ^^^^^^^^^^^^^^^^^^^^^^
  File "/home/arcana-novai/Documents/Xoe-NovAi/omega-engine/src/omega/workers/background_researcher/loop.py", line 268, in run_cycle
    content = await self._extract(task, sources)
              ^^^^^^^^^^^^^^^^^^^^^^^^^^^^^^^^^^
  File "/home/arcana-novai/Documents/Xoe-NovAi/omega-engine/src/omega/workers/background_researcher/loop.py", line 431, in _extract
    result = await self.pipeline.run_source(url)
             ^^^^^^^^^^^^^^^^^^^^^^^^^^^^^^^^^^^
  File "/home/arcana-novai/Documents/Xoe-NovAi/omega-engine/src/omega/ingestion/pipeline.py", line 187, in run_source
    raise TransportError(f"T1 Fast Scrape failed: {t1_res.error}")
omega.ingestion.ingestion_types.TransportError: T1 Fast Scrape failed: Trafilatura failed to fetch URL
2026-07-08 21:54:10 [WARNING] omega.vault.key_vault: Invalid VAULT_MASTER_KEY: [VaultCryptoError] Invalid master key hex: non-hexadecimal number found in fromhex() arg at position 48
2026-07-08 21:54:10 [WARNING] omega.vault.key_vault: No VAULT_MASTER_KEY set — vault is locked. Falling back to environment variables.
2026-07-08 21:54:10 [INFO] omega.memory.fts: FTS5 index initialized at /home/arcana-novai/Documents/Xoe-NovAi/omega-engine/data/memory/fts_memory.db
2026-07-08 21:54:10 [INFO] omega.oracle.pii_masker: pii-shield loaded: 18 PII types, context-aware detection
2026-07-08 21:54:10 [INFO] omega.researcher.run: Starting research cycle...
2026-07-08 21:54:10 [INFO] omega.library.coordinator: Worker registered: researcher
2026-07-08 21:54:10 [INFO] omega.library.coordinator: Worker started: researcher
2026-07-08 21:54:10 [INFO] omega.workers.background_researcher.loop: Starting research cycle cycle_20260709_005410_1
2026-07-08 21:54:11 [INFO] httpx: HTTP Request: GET https://httpbin.org/get "HTTP/1.1 200 OK"
2026-07-08 21:54:11 [INFO] omega.workers.background_researcher.loop: Frontier gap found: 'Phase 1 — Engine Hardening — Memory wiring, handoff protocol, soul atomicity, agent hardening, MCP consolidation research' (p=0.6) from master_ledger
2026-07-08 21:54:11 [INFO] omega.workers.background_researcher.loop: Frontier gap found: 'Phase 2 — Legacy Mining — Extract 12 quick-win assets, port legacy patterns, compile community content research' (p=0.6) from master_ledger
2026-07-08 21:54:11 [INFO] omega.workers.background_researcher.loop: Frontier gap found: 'Phase 3 — Community Tools — Entity Studio CLI → Visual Builder, Stack Builder Wizard, one-click Omega Desktop research' (p=0.6) from master_ledger
2026-07-08 21:54:11 [INFO] omega.workers.background_researcher.loop: Frontier gap found: 'Phase 4 — The Omegaverse — P2P network protocol, WAD registry, cross-instance entity communication, **Godot/id Tech VR bridge**, soul-to-visual mapping (R-24), **shared VR realms (P2P Metropolis)** research' (p=0.6) from master_ledger
2026-07-08 21:54:11 [INFO] omega.workers.background_researcher.loop: Frontier gap found: 'Knowledge base scaffolding for entity cli_cline' (p=0.5) from entity_gap
2026-07-08 21:54:11 [INFO] omega.workers.background_researcher.loop: Frontier growth complete — enqueued 5 topics from 31 candidates
2026-07-08 21:54:11 [INFO] omega.workers.background_researcher.loop: Researching: 'Phase 1 — Engine Hardening — Memory wiring, handoff protocol, soul atomicity, agent hardening, MCP consolidation research' (priority=0.60)
2026-07-08 21:54:11 [WARNING] omega.workers.background_researcher.searxng_client: SearXNG request failed: 
2026-07-08 21:54:11 [WARNING] omega.workers.background_researcher.searxng_client: SearXNG request failed: 
2026-07-08 21:54:12 [INFO] httpx: HTTP Request: POST https://api.exa.ai/search "HTTP/1.1 200 OK"
2026-07-08 21:54:13 [INFO] httpx: HTTP Request: POST https://generativelanguage.googleapis.com/v1beta/models/gemma-4-31b-it:generateContent "HTTP/1.1 200 OK"
2026-07-08 21:54:13 [INFO] omega.ingestion.guards: Sentry Probe SUCCESS for gemma-4-31b-it on attempt 1
2026-07-08 21:54:15 [WARNING] omega.ingestion.pipeline: T3 Deep Scrape failed for https://github.com/alphaonedev/ai-memory-mcp/blob/main/docs/atomisation.md, falling back to T1
2026-07-08 21:54:15 [WARNING] omega.workers.background_researcher.loop: Sovereign Pipeline failed to ingest https://github.com/alphaonedev/ai-memory-mcp/blob/main/docs/atomisation.md
2026-07-08 21:54:16 [INFO] httpx: HTTP Request: POST https://generativelanguage.googleapis.com/v1beta/models/gemma-4-31b-it:generateContent "HTTP/1.1 200 OK"
2026-07-08 21:54:16 [INFO] omega.ingestion.guards: Sentry Probe SUCCESS for gemma-4-31b-it on attempt 1
2026-07-08 21:54:16 [INFO] urllib3.poolmanager: Redirecting https://blog.vinkius.com/the-agentic-swarm-manifesto-how-vurb-ts-fhp-does-for-mcp-what-kubernetes-did-for-microservices -> https://vinkius.com/blog/the-agentic-swarm-manifesto-how-vurb-ts-fhp-does-for-mcp-what-kubernetes-did-for-microservices
2026-07-08 21:54:17 [ERROR] trafilatura.downloads: not a 200 response: 404 for URL https://blog.vinkius.com/the-agentic-swarm-manifesto-how-vurb-ts-fhp-does-for-mcp-what-kubernetes-did-for-microservices
2026-07-08 21:54:17 [INFO] omega.library.coordinator: Worker stopped: researcher
2026-07-08 21:54:17 [ERROR] omega.researcher.run: Critical failure in research cycle: T1 Fast Scrape failed: Trafilatura failed to fetch URL
Traceback (most recent call last):
  File "/home/arcana-novai/Documents/Xoe-NovAi/omega-engine/src/omega/workers/background_researcher/run.py", line 100, in main
    result = await loop.run_cycle()
             ^^^^^^^^^^^^^^^^^^^^^^
  File "/home/arcana-novai/Documents/Xoe-NovAi/omega-engine/src/omega/workers/background_researcher/loop.py", line 268, in run_cycle
    content = await self._extract(task, sources)
              ^^^^^^^^^^^^^^^^^^^^^^^^^^^^^^^^^^
  File "/home/arcana-novai/Documents/Xoe-NovAi/omega-engine/src/omega/workers/background_researcher/loop.py", line 431, in _extract
    result = await self.pipeline.run_source(url)
             ^^^^^^^^^^^^^^^^^^^^^^^^^^^^^^^^^^^
  File "/home/arcana-novai/Documents/Xoe-NovAi/omega-engine/src/omega/ingestion/pipeline.py", line 187, in run_source
    raise TransportError(f"T1 Fast Scrape failed: {t1_res.error}")
omega.ingestion.ingestion_types.TransportError: T1 Fast Scrape failed: Trafilatura failed to fetch URL
2026-07-08 21:54:51 [WARNING] omega.vault.key_vault: Invalid VAULT_MASTER_KEY: [VaultCryptoError] Invalid master key hex: non-hexadecimal number found in fromhex() arg at position 48
2026-07-08 21:54:51 [WARNING] omega.vault.key_vault: No VAULT_MASTER_KEY set — vault is locked. Falling back to environment variables.
2026-07-08 21:54:51 [INFO] omega.memory.fts: FTS5 index initialized at /home/arcana-novai/Documents/Xoe-NovAi/omega-engine/data/memory/fts_memory.db
2026-07-08 21:54:51 [INFO] omega.oracle.pii_masker: pii-shield loaded: 18 PII types, context-aware detection
2026-07-08 21:54:51 [INFO] omega.researcher.run: Starting research cycle...
2026-07-08 21:54:51 [INFO] omega.library.coordinator: Worker registered: researcher
2026-07-08 21:54:51 [INFO] omega.library.coordinator: Worker started: researcher
2026-07-08 21:54:51 [INFO] omega.workers.background_researcher.loop: Starting research cycle cycle_20260709_005451_1
2026-07-08 21:54:53 [INFO] httpx: HTTP Request: GET https://httpbin.org/get "HTTP/1.1 200 OK"
2026-07-08 21:54:53 [INFO] omega.workers.background_researcher.loop: Frontier gap found: 'Phase 1 — Engine Hardening — Memory wiring, handoff protocol, soul atomicity, agent hardening, MCP consolidation research' (p=0.6) from master_ledger
2026-07-08 21:54:53 [INFO] omega.workers.background_researcher.loop: Frontier gap found: 'Phase 2 — Legacy Mining — Extract 12 quick-win assets, port legacy patterns, compile community content research' (p=0.6) from master_ledger
2026-07-08 21:54:53 [INFO] omega.workers.background_researcher.loop: Frontier gap found: 'Phase 3 — Community Tools — Entity Studio CLI → Visual Builder, Stack Builder Wizard, one-click Omega Desktop research' (p=0.6) from master_ledger
2026-07-08 21:54:53 [INFO] omega.workers.background_researcher.loop: Frontier gap found: 'Phase 4 — The Omegaverse — P2P network protocol, WAD registry, cross-instance entity communication, **Godot/id Tech VR bridge**, soul-to-visual mapping (R-24), **shared VR realms (P2P Metropolis)** research' (p=0.6) from master_ledger
2026-07-08 21:54:53 [INFO] omega.workers.background_researcher.loop: Frontier gap found: 'Knowledge base scaffolding for entity cli_cline' (p=0.5) from entity_gap
2026-07-08 21:54:53 [INFO] omega.workers.background_researcher.loop: Frontier growth complete — enqueued 5 topics from 31 candidates
2026-07-08 21:54:53 [INFO] omega.workers.background_researcher.loop: Researching: 'Phase 1 — Engine Hardening — Memory wiring, handoff protocol, soul atomicity, agent hardening, MCP consolidation research' (priority=0.60)
2026-07-08 21:54:53 [WARNING] omega.workers.background_researcher.searxng_client: SearXNG request failed: 
2026-07-08 21:54:53 [WARNING] omega.workers.background_researcher.searxng_client: SearXNG request failed: 
2026-07-08 21:54:53 [INFO] httpx: HTTP Request: POST https://api.exa.ai/search "HTTP/1.1 200 OK"
2026-07-08 21:54:55 [INFO] httpx: HTTP Request: POST https://generativelanguage.googleapis.com/v1beta/models/gemma-4-31b-it:generateContent "HTTP/1.1 200 OK"
2026-07-08 21:54:55 [INFO] omega.ingestion.guards: Sentry Probe SUCCESS for gemma-4-31b-it on attempt 1
2026-07-08 21:54:57 [WARNING] omega.ingestion.pipeline: T3 Deep Scrape failed for https://github.com/alphaonedev/ai-memory-mcp/blob/main/docs/atomisation.md, falling back to T1
2026-07-08 21:54:57 [WARNING] omega.workers.background_researcher.loop: Sovereign Pipeline failed to ingest https://github.com/alphaonedev/ai-memory-mcp/blob/main/docs/atomisation.md
2026-07-08 21:54:58 [INFO] httpx: HTTP Request: POST https://generativelanguage.googleapis.com/v1beta/models/gemma-4-31b-it:generateContent "HTTP/1.1 200 OK"
2026-07-08 21:54:58 [INFO] omega.ingestion.guards: Sentry Probe SUCCESS for gemma-4-31b-it on attempt 1
2026-07-08 21:54:59 [INFO] urllib3.poolmanager: Redirecting https://blog.vinkius.com/the-agentic-swarm-manifesto-how-vurb-ts-fhp-does-for-mcp-what-kubernetes-did-for-microservices -> https://vinkius.com/blog/the-agentic-swarm-manifesto-how-vurb-ts-fhp-does-for-mcp-what-kubernetes-did-for-microservices
2026-07-08 21:55:00 [ERROR] trafilatura.downloads: not a 200 response: 404 for URL https://blog.vinkius.com/the-agentic-swarm-manifesto-how-vurb-ts-fhp-does-for-mcp-what-kubernetes-did-for-microservices
2026-07-08 21:55:00 [INFO] omega.library.coordinator: Worker stopped: researcher
2026-07-08 21:55:00 [ERROR] omega.researcher.run: Critical failure in research cycle: T1 Fast Scrape failed: Trafilatura failed to fetch URL
Traceback (most recent call last):
  File "/home/arcana-novai/Documents/Xoe-NovAi/omega-engine/src/omega/workers/background_researcher/run.py", line 100, in main
    result = await loop.run_cycle()
             ^^^^^^^^^^^^^^^^^^^^^^
  File "/home/arcana-novai/Documents/Xoe-NovAi/omega-engine/src/omega/workers/background_researcher/loop.py", line 268, in run_cycle
    content = await self._extract(task, sources)
              ^^^^^^^^^^^^^^^^^^^^^^^^^^^^^^^^^^
  File "/home/arcana-novai/Documents/Xoe-NovAi/omega-engine/src/omega/workers/background_researcher/loop.py", line 431, in _extract
    result = await self.pipeline.run_source(url)
             ^^^^^^^^^^^^^^^^^^^^^^^^^^^^^^^^^^^
  File "/home/arcana-novai/Documents/Xoe-NovAi/omega-engine/src/omega/ingestion/pipeline.py", line 187, in run_source
    raise TransportError(f"T1 Fast Scrape failed: {t1_res.error}")
omega.ingestion.ingestion_types.TransportError: T1 Fast Scrape failed: Trafilatura failed to fetch URL
2026-07-08 21:55:34 [WARNING] omega.vault.key_vault: Invalid VAULT_MASTER_KEY: [VaultCryptoError] Invalid master key hex: non-hexadecimal number found in fromhex() arg at position 48
2026-07-08 21:55:34 [WARNING] omega.vault.key_vault: No VAULT_MASTER_KEY set — vault is locked. Falling back to environment variables.
2026-07-08 21:55:34 [INFO] omega.memory.fts: FTS5 index initialized at /home/arcana-novai/Documents/Xoe-NovAi/omega-engine/data/memory/fts_memory.db
2026-07-08 21:55:34 [INFO] omega.oracle.pii_masker: pii-shield loaded: 18 PII types, context-aware detection
2026-07-08 21:55:34 [INFO] omega.researcher.run: Starting research cycle...
2026-07-08 21:55:34 [INFO] omega.library.coordinator: Worker registered: researcher
2026-07-08 21:55:34 [INFO] omega.library.coordinator: Worker started: researcher
2026-07-08 21:55:34 [INFO] omega.workers.background_researcher.loop: Starting research cycle cycle_20260709_005534_1
2026-07-08 21:55:35 [INFO] httpx: HTTP Request: GET https://httpbin.org/get "HTTP/1.1 200 OK"
2026-07-08 21:55:35 [INFO] omega.workers.background_researcher.loop: Frontier gap found: 'Phase 1 — Engine Hardening — Memory wiring, handoff protocol, soul atomicity, agent hardening, MCP consolidation research' (p=0.6) from master_ledger
2026-07-08 21:55:35 [INFO] omega.workers.background_researcher.loop: Frontier gap found: 'Phase 2 — Legacy Mining — Extract 12 quick-win assets, port legacy patterns, compile community content research' (p=0.6) from master_ledger
2026-07-08 21:55:35 [INFO] omega.workers.background_researcher.loop: Frontier gap found: 'Phase 3 — Community Tools — Entity Studio CLI → Visual Builder, Stack Builder Wizard, one-click Omega Desktop research' (p=0.6) from master_ledger
2026-07-08 21:55:35 [INFO] omega.workers.background_researcher.loop: Frontier gap found: 'Phase 4 — The Omegaverse — P2P network protocol, WAD registry, cross-instance entity communication, **Godot/id Tech VR bridge**, soul-to-visual mapping (R-24), **shared VR realms (P2P Metropolis)** research' (p=0.6) from master_ledger
2026-07-08 21:55:35 [INFO] omega.workers.background_researcher.loop: Frontier gap found: 'Knowledge base scaffolding for entity cli_cline' (p=0.5) from entity_gap
2026-07-08 21:55:35 [INFO] omega.workers.background_researcher.loop: Frontier growth complete — enqueued 5 topics from 31 candidates
2026-07-08 21:55:35 [INFO] omega.workers.background_researcher.loop: Researching: 'Phase 1 — Engine Hardening — Memory wiring, handoff protocol, soul atomicity, agent hardening, MCP consolidation research' (priority=0.60)
2026-07-08 21:55:35 [WARNING] omega.workers.background_researcher.searxng_client: SearXNG request failed: 
2026-07-08 21:55:35 [WARNING] omega.workers.background_researcher.searxng_client: SearXNG request failed: 
2026-07-08 21:55:37 [INFO] httpx: HTTP Request: POST https://api.exa.ai/search "HTTP/1.1 200 OK"
2026-07-08 21:55:38 [INFO] httpx: HTTP Request: POST https://generativelanguage.googleapis.com/v1beta/models/gemma-4-31b-it:generateContent "HTTP/1.1 200 OK"
2026-07-08 21:55:38 [INFO] omega.ingestion.guards: Sentry Probe SUCCESS for gemma-4-31b-it on attempt 1
2026-07-08 21:55:40 [INFO] urllib3.poolmanager: Redirecting https://blog.vinkius.com/the-agentic-swarm-manifesto-how-vurb-ts-fhp-does-for-mcp-what-kubernetes-did-for-microservices -> https://vinkius.com/blog/the-agentic-swarm-manifesto-how-vurb-ts-fhp-does-for-mcp-what-kubernetes-did-for-microservices
2026-07-08 21:55:41 [ERROR] trafilatura.downloads: not a 200 response: 404 for URL https://blog.vinkius.com/the-agentic-swarm-manifesto-how-vurb-ts-fhp-does-for-mcp-what-kubernetes-did-for-microservices
2026-07-08 21:55:41 [INFO] omega.library.coordinator: Worker stopped: researcher
2026-07-08 21:55:41 [ERROR] omega.researcher.run: Critical failure in research cycle: T1 Fast Scrape failed: Trafilatura failed to fetch URL
Traceback (most recent call last):
  File "/home/arcana-novai/Documents/Xoe-NovAi/omega-engine/src/omega/workers/background_researcher/run.py", line 100, in main
    result = await loop.run_cycle()
             ^^^^^^^^^^^^^^^^^^^^^^
  File "/home/arcana-novai/Documents/Xoe-NovAi/omega-engine/src/omega/workers/background_researcher/loop.py", line 268, in run_cycle
    content = await self._extract(task, sources)
              ^^^^^^^^^^^^^^^^^^^^^^^^^^^^^^^^^^
  File "/home/arcana-novai/Documents/Xoe-NovAi/omega-engine/src/omega/workers/background_researcher/loop.py", line 431, in _extract
    result = await self.pipeline.run_source(url)
             ^^^^^^^^^^^^^^^^^^^^^^^^^^^^^^^^^^^
  File "/home/arcana-novai/Documents/Xoe-NovAi/omega-engine/src/omega/ingestion/pipeline.py", line 187, in run_source
    raise TransportError(f"T1 Fast Scrape failed: {t1_res.error}")
omega.ingestion.ingestion_types.TransportError: T1 Fast Scrape failed: Trafilatura failed to fetch URL
2026-07-08 21:56:15 [WARNING] omega.vault.key_vault: Invalid VAULT_MASTER_KEY: [VaultCryptoError] Invalid master key hex: non-hexadecimal number found in fromhex() arg at position 48
2026-07-08 21:56:15 [WARNING] omega.vault.key_vault: No VAULT_MASTER_KEY set — vault is locked. Falling back to environment variables.
2026-07-08 21:56:15 [INFO] omega.memory.fts: FTS5 index initialized at /home/arcana-novai/Documents/Xoe-NovAi/omega-engine/data/memory/fts_memory.db
2026-07-08 21:56:15 [INFO] omega.oracle.pii_masker: pii-shield loaded: 18 PII types, context-aware detection
2026-07-08 21:56:15 [INFO] omega.researcher.run: Starting research cycle...
2026-07-08 21:56:15 [INFO] omega.library.coordinator: Worker registered: researcher
2026-07-08 21:56:15 [INFO] omega.library.coordinator: Worker started: researcher
2026-07-08 21:56:15 [INFO] omega.workers.background_researcher.loop: Starting research cycle cycle_20260709_005615_1
2026-07-08 21:56:16 [INFO] httpx: HTTP Request: GET https://httpbin.org/get "HTTP/1.1 200 OK"
2026-07-08 21:56:16 [INFO] omega.workers.background_researcher.loop: Frontier gap found: 'Phase 1 — Engine Hardening — Memory wiring, handoff protocol, soul atomicity, agent hardening, MCP consolidation research' (p=0.6) from master_ledger
2026-07-08 21:56:16 [INFO] omega.workers.background_researcher.loop: Frontier gap found: 'Phase 2 — Legacy Mining — Extract 12 quick-win assets, port legacy patterns, compile community content research' (p=0.6) from master_ledger
2026-07-08 21:56:16 [INFO] omega.workers.background_researcher.loop: Frontier gap found: 'Phase 3 — Community Tools — Entity Studio CLI → Visual Builder, Stack Builder Wizard, one-click Omega Desktop research' (p=0.6) from master_ledger
2026-07-08 21:56:16 [INFO] omega.workers.background_researcher.loop: Frontier gap found: 'Phase 4 — The Omegaverse — P2P network protocol, WAD registry, cross-instance entity communication, **Godot/id Tech VR bridge**, soul-to-visual mapping (R-24), **shared VR realms (P2P Metropolis)** research' (p=0.6) from master_ledger
2026-07-08 21:56:16 [INFO] omega.workers.background_researcher.loop: Frontier gap found: 'Knowledge base scaffolding for entity cli_cline' (p=0.5) from entity_gap
2026-07-08 21:56:16 [INFO] omega.workers.background_researcher.loop: Frontier growth complete — enqueued 5 topics from 31 candidates
2026-07-08 21:56:16 [INFO] omega.workers.background_researcher.loop: Researching: 'Phase 1 — Engine Hardening — Memory wiring, handoff protocol, soul atomicity, agent hardening, MCP consolidation research' (priority=0.60)
2026-07-08 21:56:16 [WARNING] omega.workers.background_researcher.searxng_client: SearXNG request failed: 
2026-07-08 21:56:16 [WARNING] omega.workers.background_researcher.searxng_client: SearXNG request failed: 
2026-07-08 21:56:17 [INFO] httpx: HTTP Request: POST https://api.exa.ai/search "HTTP/1.1 200 OK"
2026-07-08 21:56:18 [INFO] httpx: HTTP Request: POST https://generativelanguage.googleapis.com/v1beta/models/gemma-4-31b-it:generateContent "HTTP/1.1 200 OK"
2026-07-08 21:56:18 [INFO] omega.ingestion.guards: Sentry Probe SUCCESS for gemma-4-31b-it on attempt 1
2026-07-08 21:56:21 [INFO] urllib3.poolmanager: Redirecting https://blog.vinkius.com/the-agentic-swarm-manifesto-how-vurb-ts-fhp-does-for-mcp-what-kubernetes-did-for-microservices -> https://vinkius.com/blog/the-agentic-swarm-manifesto-how-vurb-ts-fhp-does-for-mcp-what-kubernetes-did-for-microservices
2026-07-08 21:56:21 [ERROR] trafilatura.downloads: not a 200 response: 404 for URL https://blog.vinkius.com/the-agentic-swarm-manifesto-how-vurb-ts-fhp-does-for-mcp-what-kubernetes-did-for-microservices
2026-07-08 21:56:21 [INFO] omega.library.coordinator: Worker stopped: researcher
2026-07-08 21:56:21 [ERROR] omega.researcher.run: Critical failure in research cycle: T1 Fast Scrape failed: Trafilatura failed to fetch URL
Traceback (most recent call last):
  File "/home/arcana-novai/Documents/Xoe-NovAi/omega-engine/src/omega/workers/background_researcher/run.py", line 100, in main
    result = await loop.run_cycle()
             ^^^^^^^^^^^^^^^^^^^^^^
  File "/home/arcana-novai/Documents/Xoe-NovAi/omega-engine/src/omega/workers/background_researcher/loop.py", line 268, in run_cycle
    content = await self._extract(task, sources)
              ^^^^^^^^^^^^^^^^^^^^^^^^^^^^^^^^^^
  File "/home/arcana-novai/Documents/Xoe-NovAi/omega-engine/src/omega/workers/background_researcher/loop.py", line 431, in _extract
    result = await self.pipeline.run_source(url)
             ^^^^^^^^^^^^^^^^^^^^^^^^^^^^^^^^^^^
  File "/home/arcana-novai/Documents/Xoe-NovAi/omega-engine/src/omega/ingestion/pipeline.py", line 187, in run_source
    raise TransportError(f"T1 Fast Scrape failed: {t1_res.error}")
omega.ingestion.ingestion_types.TransportError: T1 Fast Scrape failed: Trafilatura failed to fetch URL
2026-07-08 21:56:55 [WARNING] omega.vault.key_vault: Invalid VAULT_MASTER_KEY: [VaultCryptoError] Invalid master key hex: non-hexadecimal number found in fromhex() arg at position 48
2026-07-08 21:56:55 [WARNING] omega.vault.key_vault: No VAULT_MASTER_KEY set — vault is locked. Falling back to environment variables.
2026-07-08 21:56:55 [INFO] omega.memory.fts: FTS5 index initialized at /home/arcana-novai/Documents/Xoe-NovAi/omega-engine/data/memory/fts_memory.db
2026-07-08 21:56:55 [INFO] omega.oracle.pii_masker: pii-shield loaded: 18 PII types, context-aware detection
2026-07-08 21:56:55 [INFO] omega.researcher.run: Starting research cycle...
2026-07-08 21:56:55 [INFO] omega.library.coordinator: Worker registered: researcher
2026-07-08 21:56:55 [INFO] omega.library.coordinator: Worker started: researcher
2026-07-08 21:56:55 [INFO] omega.workers.background_researcher.loop: Starting research cycle cycle_20260709_005655_1
2026-07-08 21:56:57 [INFO] httpx: HTTP Request: GET https://httpbin.org/get "HTTP/1.1 200 OK"
2026-07-08 21:56:57 [INFO] omega.workers.background_researcher.loop: Frontier gap found: 'Phase 1 — Engine Hardening — Memory wiring, handoff protocol, soul atomicity, agent hardening, MCP consolidation research' (p=0.6) from master_ledger
2026-07-08 21:56:57 [INFO] omega.workers.background_researcher.loop: Frontier gap found: 'Phase 2 — Legacy Mining — Extract 12 quick-win assets, port legacy patterns, compile community content research' (p=0.6) from master_ledger
2026-07-08 21:56:57 [INFO] omega.workers.background_researcher.loop: Frontier gap found: 'Phase 3 — Community Tools — Entity Studio CLI → Visual Builder, Stack Builder Wizard, one-click Omega Desktop research' (p=0.6) from master_ledger
2026-07-08 21:56:57 [INFO] omega.workers.background_researcher.loop: Frontier gap found: 'Phase 4 — The Omegaverse — P2P network protocol, WAD registry, cross-instance entity communication, **Godot/id Tech VR bridge**, soul-to-visual mapping (R-24), **shared VR realms (P2P Metropolis)** research' (p=0.6) from master_ledger
2026-07-08 21:56:57 [INFO] omega.workers.background_researcher.loop: Frontier gap found: 'Knowledge base scaffolding for entity cli_cline' (p=0.5) from entity_gap
2026-07-08 21:56:57 [INFO] omega.workers.background_researcher.loop: Frontier growth complete — enqueued 5 topics from 31 candidates
2026-07-08 21:56:57 [INFO] omega.workers.background_researcher.loop: Researching: 'Phase 1 — Engine Hardening — Memory wiring, handoff protocol, soul atomicity, agent hardening, MCP consolidation research' (priority=0.60)
2026-07-08 21:56:57 [WARNING] omega.workers.background_researcher.searxng_client: SearXNG request failed: 
2026-07-08 21:56:57 [WARNING] omega.workers.background_researcher.searxng_client: SearXNG request failed: 
2026-07-08 21:56:58 [INFO] httpx: HTTP Request: POST https://api.exa.ai/search "HTTP/1.1 200 OK"
2026-07-08 21:56:59 [INFO] httpx: HTTP Request: POST https://generativelanguage.googleapis.com/v1beta/models/gemma-4-31b-it:generateContent "HTTP/1.1 200 OK"
2026-07-08 21:56:59 [INFO] omega.ingestion.guards: Sentry Probe SUCCESS for gemma-4-31b-it on attempt 1
2026-07-08 21:57:01 [INFO] urllib3.poolmanager: Redirecting https://blog.vinkius.com/the-agentic-swarm-manifesto-how-vurb-ts-fhp-does-for-mcp-what-kubernetes-did-for-microservices -> https://vinkius.com/blog/the-agentic-swarm-manifesto-how-vurb-ts-fhp-does-for-mcp-what-kubernetes-did-for-microservices
2026-07-08 21:57:01 [ERROR] trafilatura.downloads: not a 200 response: 404 for URL https://blog.vinkius.com/the-agentic-swarm-manifesto-how-vurb-ts-fhp-does-for-mcp-what-kubernetes-did-for-microservices
2026-07-08 21:57:01 [INFO] omega.library.coordinator: Worker stopped: researcher
2026-07-08 21:57:01 [ERROR] omega.researcher.run: Critical failure in research cycle: T1 Fast Scrape failed: Trafilatura failed to fetch URL
Traceback (most recent call last):
  File "/home/arcana-novai/Documents/Xoe-NovAi/omega-engine/src/omega/workers/background_researcher/run.py", line 100, in main
    result = await loop.run_cycle()
             ^^^^^^^^^^^^^^^^^^^^^^
  File "/home/arcana-novai/Documents/Xoe-NovAi/omega-engine/src/omega/workers/background_researcher/loop.py", line 268, in run_cycle
    content = await self._extract(task, sources)
              ^^^^^^^^^^^^^^^^^^^^^^^^^^^^^^^^^^
  File "/home/arcana-novai/Documents/Xoe-NovAi/omega-engine/src/omega/workers/background_researcher/loop.py", line 431, in _extract
    result = await self.pipeline.run_source(url)
             ^^^^^^^^^^^^^^^^^^^^^^^^^^^^^^^^^^^
  File "/home/arcana-novai/Documents/Xoe-NovAi/omega-engine/src/omega/ingestion/pipeline.py", line 187, in run_source
    raise TransportError(f"T1 Fast Scrape failed: {t1_res.error}")
omega.ingestion.ingestion_types.TransportError: T1 Fast Scrape failed: Trafilatura failed to fetch URL
2026-07-08 21:57:35 [WARNING] omega.vault.key_vault: Invalid VAULT_MASTER_KEY: [VaultCryptoError] Invalid master key hex: non-hexadecimal number found in fromhex() arg at position 48
2026-07-08 21:57:35 [WARNING] omega.vault.key_vault: No VAULT_MASTER_KEY set — vault is locked. Falling back to environment variables.
2026-07-08 21:57:35 [INFO] omega.memory.fts: FTS5 index initialized at /home/arcana-novai/Documents/Xoe-NovAi/omega-engine/data/memory/fts_memory.db
2026-07-08 21:57:35 [INFO] omega.oracle.pii_masker: pii-shield loaded: 18 PII types, context-aware detection
2026-07-08 21:57:35 [INFO] omega.researcher.run: Starting research cycle...
2026-07-08 21:57:35 [INFO] omega.library.coordinator: Worker registered: researcher
2026-07-08 21:57:35 [INFO] omega.library.coordinator: Worker started: researcher
2026-07-08 21:57:35 [INFO] omega.workers.background_researcher.loop: Starting research cycle cycle_20260709_005735_1
2026-07-08 21:57:37 [INFO] httpx: HTTP Request: GET https://httpbin.org/get "HTTP/1.1 200 OK"
2026-07-08 21:57:37 [INFO] omega.workers.background_researcher.loop: Frontier gap found: 'Phase 1 — Engine Hardening — Memory wiring, handoff protocol, soul atomicity, agent hardening, MCP consolidation research' (p=0.6) from master_ledger
2026-07-08 21:57:37 [INFO] omega.workers.background_researcher.loop: Frontier gap found: 'Phase 2 — Legacy Mining — Extract 12 quick-win assets, port legacy patterns, compile community content research' (p=0.6) from master_ledger
2026-07-08 21:57:37 [INFO] omega.workers.background_researcher.loop: Frontier gap found: 'Phase 3 — Community Tools — Entity Studio CLI → Visual Builder, Stack Builder Wizard, one-click Omega Desktop research' (p=0.6) from master_ledger
2026-07-08 21:57:37 [INFO] omega.workers.background_researcher.loop: Frontier gap found: 'Phase 4 — The Omegaverse — P2P network protocol, WAD registry, cross-instance entity communication, **Godot/id Tech VR bridge**, soul-to-visual mapping (R-24), **shared VR realms (P2P Metropolis)** research' (p=0.6) from master_ledger
2026-07-08 21:57:37 [INFO] omega.workers.background_researcher.loop: Frontier gap found: 'Knowledge base scaffolding for entity cli_cline' (p=0.5) from entity_gap
2026-07-08 21:57:37 [INFO] omega.workers.background_researcher.loop: Frontier growth complete — enqueued 5 topics from 31 candidates
2026-07-08 21:57:37 [INFO] omega.workers.background_researcher.loop: Researching: 'Phase 1 — Engine Hardening — Memory wiring, handoff protocol, soul atomicity, agent hardening, MCP consolidation research' (priority=0.60)
2026-07-08 21:57:37 [WARNING] omega.workers.background_researcher.searxng_client: SearXNG request failed: 
2026-07-08 21:57:37 [WARNING] omega.workers.background_researcher.searxng_client: SearXNG request failed: 
2026-07-08 21:57:38 [INFO] httpx: HTTP Request: POST https://api.exa.ai/search "HTTP/1.1 200 OK"
2026-07-08 21:57:40 [INFO] httpx: HTTP Request: POST https://generativelanguage.googleapis.com/v1beta/models/gemma-4-31b-it:generateContent "HTTP/1.1 200 OK"
2026-07-08 21:57:40 [INFO] omega.ingestion.guards: Sentry Probe SUCCESS for gemma-4-31b-it on attempt 1
2026-07-08 21:57:41 [INFO] urllib3.poolmanager: Redirecting https://blog.vinkius.com/the-agentic-swarm-manifesto-how-vurb-ts-fhp-does-for-mcp-what-kubernetes-did-for-microservices -> https://vinkius.com/blog/the-agentic-swarm-manifesto-how-vurb-ts-fhp-does-for-mcp-what-kubernetes-did-for-microservices
2026-07-08 21:57:42 [ERROR] trafilatura.downloads: not a 200 response: 404 for URL https://blog.vinkius.com/the-agentic-swarm-manifesto-how-vurb-ts-fhp-does-for-mcp-what-kubernetes-did-for-microservices
2026-07-08 21:57:42 [INFO] omega.library.coordinator: Worker stopped: researcher
2026-07-08 21:57:42 [ERROR] omega.researcher.run: Critical failure in research cycle: T1 Fast Scrape failed: Trafilatura failed to fetch URL
Traceback (most recent call last):
  File "/home/arcana-novai/Documents/Xoe-NovAi/omega-engine/src/omega/workers/background_researcher/run.py", line 100, in main
    result = await loop.run_cycle()
             ^^^^^^^^^^^^^^^^^^^^^^
  File "/home/arcana-novai/Documents/Xoe-NovAi/omega-engine/src/omega/workers/background_researcher/loop.py", line 268, in run_cycle
    content = await self._extract(task, sources)
              ^^^^^^^^^^^^^^^^^^^^^^^^^^^^^^^^^^
  File "/home/arcana-novai/Documents/Xoe-NovAi/omega-engine/src/omega/workers/background_researcher/loop.py", line 431, in _extract
    result = await self.pipeline.run_source(url)
             ^^^^^^^^^^^^^^^^^^^^^^^^^^^^^^^^^^^
  File "/home/arcana-novai/Documents/Xoe-NovAi/omega-engine/src/omega/ingestion/pipeline.py", line 187, in run_source
    raise TransportError(f"T1 Fast Scrape failed: {t1_res.error}")
omega.ingestion.ingestion_types.TransportError: T1 Fast Scrape failed: Trafilatura failed to fetch URL
2026-07-08 21:58:16 [WARNING] omega.vault.key_vault: Invalid VAULT_MASTER_KEY: [VaultCryptoError] Invalid master key hex: non-hexadecimal number found in fromhex() arg at position 48
2026-07-08 21:58:16 [WARNING] omega.vault.key_vault: No VAULT_MASTER_KEY set — vault is locked. Falling back to environment variables.
2026-07-08 21:58:16 [INFO] omega.memory.fts: FTS5 index initialized at /home/arcana-novai/Documents/Xoe-NovAi/omega-engine/data/memory/fts_memory.db
2026-07-08 21:58:16 [INFO] omega.oracle.pii_masker: pii-shield loaded: 18 PII types, context-aware detection
2026-07-08 21:58:16 [INFO] omega.researcher.run: Starting research cycle...
2026-07-08 21:58:16 [INFO] omega.library.coordinator: Worker registered: researcher
2026-07-08 21:58:16 [INFO] omega.library.coordinator: Worker started: researcher
2026-07-08 21:58:16 [INFO] omega.workers.background_researcher.loop: Starting research cycle cycle_20260709_005816_1
2026-07-08 21:58:17 [INFO] httpx: HTTP Request: GET https://httpbin.org/get "HTTP/1.1 200 OK"
2026-07-08 21:58:18 [INFO] omega.workers.background_researcher.loop: Frontier gap found: 'Phase 1 — Engine Hardening — Memory wiring, handoff protocol, soul atomicity, agent hardening, MCP consolidation research' (p=0.6) from master_ledger
2026-07-08 21:58:18 [INFO] omega.workers.background_researcher.loop: Frontier gap found: 'Phase 2 — Legacy Mining — Extract 12 quick-win assets, port legacy patterns, compile community content research' (p=0.6) from master_ledger
2026-07-08 21:58:18 [INFO] omega.workers.background_researcher.loop: Frontier gap found: 'Phase 3 — Community Tools — Entity Studio CLI → Visual Builder, Stack Builder Wizard, one-click Omega Desktop research' (p=0.6) from master_ledger
2026-07-08 21:58:18 [INFO] omega.workers.background_researcher.loop: Frontier gap found: 'Phase 4 — The Omegaverse — P2P network protocol, WAD registry, cross-instance entity communication, **Godot/id Tech VR bridge**, soul-to-visual mapping (R-24), **shared VR realms (P2P Metropolis)** research' (p=0.6) from master_ledger
2026-07-08 21:58:18 [INFO] omega.workers.background_researcher.loop: Frontier gap found: 'Knowledge base scaffolding for entity cli_cline' (p=0.5) from entity_gap
2026-07-08 21:58:18 [INFO] omega.workers.background_researcher.loop: Frontier growth complete — enqueued 5 topics from 31 candidates
2026-07-08 21:58:18 [INFO] omega.workers.background_researcher.loop: Researching: 'Phase 1 — Engine Hardening — Memory wiring, handoff protocol, soul atomicity, agent hardening, MCP consolidation research' (priority=0.60)
2026-07-08 21:58:18 [WARNING] omega.workers.background_researcher.searxng_client: SearXNG request failed: 
2026-07-08 21:58:18 [WARNING] omega.workers.background_researcher.searxng_client: SearXNG request failed: 
2026-07-08 21:58:19 [INFO] httpx: HTTP Request: POST https://api.exa.ai/search "HTTP/1.1 200 OK"
2026-07-08 21:58:20 [INFO] httpx: HTTP Request: POST https://generativelanguage.googleapis.com/v1beta/models/gemma-4-31b-it:generateContent "HTTP/1.1 200 OK"
2026-07-08 21:58:20 [INFO] omega.ingestion.guards: Sentry Probe SUCCESS for gemma-4-31b-it on attempt 1
2026-07-08 21:58:21 [INFO] urllib3.poolmanager: Redirecting https://blog.vinkius.com/the-agentic-swarm-manifesto-how-vurb-ts-fhp-does-for-mcp-what-kubernetes-did-for-microservices -> https://vinkius.com/blog/the-agentic-swarm-manifesto-how-vurb-ts-fhp-does-for-mcp-what-kubernetes-did-for-microservices
2026-07-08 21:58:22 [ERROR] trafilatura.downloads: not a 200 response: 404 for URL https://blog.vinkius.com/the-agentic-swarm-manifesto-how-vurb-ts-fhp-does-for-mcp-what-kubernetes-did-for-microservices
2026-07-08 21:58:22 [INFO] omega.library.coordinator: Worker stopped: researcher
2026-07-08 21:58:22 [ERROR] omega.researcher.run: Critical failure in research cycle: T1 Fast Scrape failed: Trafilatura failed to fetch URL
Traceback (most recent call last):
  File "/home/arcana-novai/Documents/Xoe-NovAi/omega-engine/src/omega/workers/background_researcher/run.py", line 100, in main
    result = await loop.run_cycle()
             ^^^^^^^^^^^^^^^^^^^^^^
  File "/home/arcana-novai/Documents/Xoe-NovAi/omega-engine/src/omega/workers/background_researcher/loop.py", line 268, in run_cycle
    content = await self._extract(task, sources)
              ^^^^^^^^^^^^^^^^^^^^^^^^^^^^^^^^^^
  File "/home/arcana-novai/Documents/Xoe-NovAi/omega-engine/src/omega/workers/background_researcher/loop.py", line 431, in _extract
    result = await self.pipeline.run_source(url)
             ^^^^^^^^^^^^^^^^^^^^^^^^^^^^^^^^^^^
  File "/home/arcana-novai/Documents/Xoe-NovAi/omega-engine/src/omega/ingestion/pipeline.py", line 187, in run_source
    raise TransportError(f"T1 Fast Scrape failed: {t1_res.error}")
omega.ingestion.ingestion_types.TransportError: T1 Fast Scrape failed: Trafilatura failed to fetch URL
2026-07-08 21:58:56 [WARNING] omega.vault.key_vault: Invalid VAULT_MASTER_KEY: [VaultCryptoError] Invalid master key hex: non-hexadecimal number found in fromhex() arg at position 48
2026-07-08 21:58:56 [WARNING] omega.vault.key_vault: No VAULT_MASTER_KEY set — vault is locked. Falling back to environment variables.
2026-07-08 21:58:56 [INFO] omega.memory.fts: FTS5 index initialized at /home/arcana-novai/Documents/Xoe-NovAi/omega-engine/data/memory/fts_memory.db
2026-07-08 21:58:56 [INFO] omega.oracle.pii_masker: pii-shield loaded: 18 PII types, context-aware detection
2026-07-08 21:58:56 [INFO] omega.researcher.run: Starting research cycle...
2026-07-08 21:58:56 [INFO] omega.library.coordinator: Worker registered: researcher
2026-07-08 21:58:56 [INFO] omega.library.coordinator: Worker started: researcher
2026-07-08 21:58:56 [INFO] omega.workers.background_researcher.loop: Starting research cycle cycle_20260709_005856_1
2026-07-08 21:58:57 [INFO] httpx: HTTP Request: GET https://httpbin.org/get "HTTP/1.1 200 OK"
2026-07-08 21:58:57 [INFO] omega.workers.background_researcher.loop: Frontier gap found: 'Phase 1 — Engine Hardening — Memory wiring, handoff protocol, soul atomicity, agent hardening, MCP consolidation research' (p=0.6) from master_ledger
2026-07-08 21:58:57 [INFO] omega.workers.background_researcher.loop: Frontier gap found: 'Phase 2 — Legacy Mining — Extract 12 quick-win assets, port legacy patterns, compile community content research' (p=0.6) from master_ledger
2026-07-08 21:58:57 [INFO] omega.workers.background_researcher.loop: Frontier gap found: 'Phase 3 — Community Tools — Entity Studio CLI → Visual Builder, Stack Builder Wizard, one-click Omega Desktop research' (p=0.6) from master_ledger
2026-07-08 21:58:57 [INFO] omega.workers.background_researcher.loop: Frontier gap found: 'Phase 4 — The Omegaverse — P2P network protocol, WAD registry, cross-instance entity communication, **Godot/id Tech VR bridge**, soul-to-visual mapping (R-24), **shared VR realms (P2P Metropolis)** research' (p=0.6) from master_ledger
2026-07-08 21:58:57 [INFO] omega.workers.background_researcher.loop: Frontier gap found: 'Knowledge base scaffolding for entity cli_cline' (p=0.5) from entity_gap
2026-07-08 21:58:57 [INFO] omega.workers.background_researcher.loop: Frontier growth complete — enqueued 5 topics from 31 candidates
2026-07-08 21:58:57 [INFO] omega.workers.background_researcher.loop: Researching: 'Phase 1 — Engine Hardening — Memory wiring, handoff protocol, soul atomicity, agent hardening, MCP consolidation research' (priority=0.60)
2026-07-08 21:58:57 [WARNING] omega.workers.background_researcher.searxng_client: SearXNG request failed: 
2026-07-08 21:58:57 [WARNING] omega.workers.background_researcher.searxng_client: SearXNG request failed: 
2026-07-08 21:58:58 [INFO] httpx: HTTP Request: POST https://api.exa.ai/search "HTTP/1.1 200 OK"
2026-07-08 21:58:59 [INFO] httpx: HTTP Request: POST https://generativelanguage.googleapis.com/v1beta/models/gemma-4-31b-it:generateContent "HTTP/1.1 200 OK"
2026-07-08 21:58:59 [INFO] omega.ingestion.guards: Sentry Probe SUCCESS for gemma-4-31b-it on attempt 1
2026-07-08 21:59:01 [INFO] urllib3.poolmanager: Redirecting https://blog.vinkius.com/the-agentic-swarm-manifesto-how-vurb-ts-fhp-does-for-mcp-what-kubernetes-did-for-microservices -> https://vinkius.com/blog/the-agentic-swarm-manifesto-how-vurb-ts-fhp-does-for-mcp-what-kubernetes-did-for-microservices
2026-07-08 21:59:03 [ERROR] trafilatura.downloads: not a 200 response: 404 for URL https://blog.vinkius.com/the-agentic-swarm-manifesto-how-vurb-ts-fhp-does-for-mcp-what-kubernetes-did-for-microservices
2026-07-08 21:59:03 [INFO] omega.library.coordinator: Worker stopped: researcher
2026-07-08 21:59:03 [ERROR] omega.researcher.run: Critical failure in research cycle: T1 Fast Scrape failed: Trafilatura failed to fetch URL
Traceback (most recent call last):
  File "/home/arcana-novai/Documents/Xoe-NovAi/omega-engine/src/omega/workers/background_researcher/run.py", line 100, in main
    result = await loop.run_cycle()
             ^^^^^^^^^^^^^^^^^^^^^^
  File "/home/arcana-novai/Documents/Xoe-NovAi/omega-engine/src/omega/workers/background_researcher/loop.py", line 268, in run_cycle
    content = await self._extract(task, sources)
              ^^^^^^^^^^^^^^^^^^^^^^^^^^^^^^^^^^
  File "/home/arcana-novai/Documents/Xoe-NovAi/omega-engine/src/omega/workers/background_researcher/loop.py", line 431, in _extract
    result = await self.pipeline.run_source(url)
             ^^^^^^^^^^^^^^^^^^^^^^^^^^^^^^^^^^^
  File "/home/arcana-novai/Documents/Xoe-NovAi/omega-engine/src/omega/ingestion/pipeline.py", line 187, in run_source
    raise TransportError(f"T1 Fast Scrape failed: {t1_res.error}")
omega.ingestion.ingestion_types.TransportError: T1 Fast Scrape failed: Trafilatura failed to fetch URL
2026-07-08 21:59:36 [WARNING] omega.vault.key_vault: Invalid VAULT_MASTER_KEY: [VaultCryptoError] Invalid master key hex: non-hexadecimal number found in fromhex() arg at position 48
2026-07-08 21:59:36 [WARNING] omega.vault.key_vault: No VAULT_MASTER_KEY set — vault is locked. Falling back to environment variables.
2026-07-08 21:59:37 [INFO] omega.memory.fts: FTS5 index initialized at /home/arcana-novai/Documents/Xoe-NovAi/omega-engine/data/memory/fts_memory.db
2026-07-08 21:59:37 [INFO] omega.oracle.pii_masker: pii-shield loaded: 18 PII types, context-aware detection
2026-07-08 21:59:37 [INFO] omega.researcher.run: Starting research cycle...
2026-07-08 21:59:37 [INFO] omega.library.coordinator: Worker registered: researcher
2026-07-08 21:59:37 [INFO] omega.library.coordinator: Worker started: researcher
2026-07-08 21:59:37 [INFO] omega.workers.background_researcher.loop: Starting research cycle cycle_20260709_005937_1
2026-07-08 21:59:38 [INFO] httpx: HTTP Request: GET https://httpbin.org/get "HTTP/1.1 200 OK"
2026-07-08 21:59:38 [INFO] omega.workers.background_researcher.loop: Frontier gap found: 'Phase 1 — Engine Hardening — Memory wiring, handoff protocol, soul atomicity, agent hardening, MCP consolidation research' (p=0.6) from master_ledger
2026-07-08 21:59:38 [INFO] omega.workers.background_researcher.loop: Frontier gap found: 'Phase 2 — Legacy Mining — Extract 12 quick-win assets, port legacy patterns, compile community content research' (p=0.6) from master_ledger
2026-07-08 21:59:38 [INFO] omega.workers.background_researcher.loop: Frontier gap found: 'Phase 3 — Community Tools — Entity Studio CLI → Visual Builder, Stack Builder Wizard, one-click Omega Desktop research' (p=0.6) from master_ledger
2026-07-08 21:59:38 [INFO] omega.workers.background_researcher.loop: Frontier gap found: 'Phase 4 — The Omegaverse — P2P network protocol, WAD registry, cross-instance entity communication, **Godot/id Tech VR bridge**, soul-to-visual mapping (R-24), **shared VR realms (P2P Metropolis)** research' (p=0.6) from master_ledger
2026-07-08 21:59:38 [INFO] omega.workers.background_researcher.loop: Frontier gap found: 'Knowledge base scaffolding for entity cli_cline' (p=0.5) from entity_gap
2026-07-08 21:59:38 [INFO] omega.workers.background_researcher.loop: Frontier growth complete — enqueued 5 topics from 31 candidates
2026-07-08 21:59:38 [INFO] omega.workers.background_researcher.loop: Researching: 'Phase 1 — Engine Hardening — Memory wiring, handoff protocol, soul atomicity, agent hardening, MCP consolidation research' (priority=0.60)
2026-07-08 21:59:38 [WARNING] omega.workers.background_researcher.searxng_client: SearXNG request failed: 
2026-07-08 21:59:38 [WARNING] omega.workers.background_researcher.searxng_client: SearXNG request failed: 
2026-07-08 21:59:39 [INFO] httpx: HTTP Request: POST https://api.exa.ai/search "HTTP/1.1 200 OK"
2026-07-08 21:59:40 [INFO] httpx: HTTP Request: POST https://generativelanguage.googleapis.com/v1beta/models/gemma-4-31b-it:generateContent "HTTP/1.1 200 OK"
2026-07-08 21:59:40 [INFO] omega.ingestion.guards: Sentry Probe SUCCESS for gemma-4-31b-it on attempt 1
2026-07-08 21:59:42 [INFO] urllib3.poolmanager: Redirecting https://blog.vinkius.com/the-agentic-swarm-manifesto-how-vurb-ts-fhp-does-for-mcp-what-kubernetes-did-for-microservices -> https://vinkius.com/blog/the-agentic-swarm-manifesto-how-vurb-ts-fhp-does-for-mcp-what-kubernetes-did-for-microservices
2026-07-08 21:59:43 [ERROR] trafilatura.downloads: not a 200 response: 404 for URL https://blog.vinkius.com/the-agentic-swarm-manifesto-how-vurb-ts-fhp-does-for-mcp-what-kubernetes-did-for-microservices
2026-07-08 21:59:43 [INFO] omega.library.coordinator: Worker stopped: researcher
2026-07-08 21:59:43 [ERROR] omega.researcher.run: Critical failure in research cycle: T1 Fast Scrape failed: Trafilatura failed to fetch URL
Traceback (most recent call last):
  File "/home/arcana-novai/Documents/Xoe-NovAi/omega-engine/src/omega/workers/background_researcher/run.py", line 100, in main
    result = await loop.run_cycle()
             ^^^^^^^^^^^^^^^^^^^^^^
  File "/home/arcana-novai/Documents/Xoe-NovAi/omega-engine/src/omega/workers/background_researcher/loop.py", line 268, in run_cycle
    content = await self._extract(task, sources)
              ^^^^^^^^^^^^^^^^^^^^^^^^^^^^^^^^^^
  File "/home/arcana-novai/Documents/Xoe-NovAi/omega-engine/src/omega/workers/background_researcher/loop.py", line 431, in _extract
    result = await self.pipeline.run_source(url)
             ^^^^^^^^^^^^^^^^^^^^^^^^^^^^^^^^^^^
  File "/home/arcana-novai/Documents/Xoe-NovAi/omega-engine/src/omega/ingestion/pipeline.py", line 187, in run_source
    raise TransportError(f"T1 Fast Scrape failed: {t1_res.error}")
omega.ingestion.ingestion_types.TransportError: T1 Fast Scrape failed: Trafilatura failed to fetch URL
2026-07-08 22:00:16 [WARNING] omega.vault.key_vault: Invalid VAULT_MASTER_KEY: [VaultCryptoError] Invalid master key hex: non-hexadecimal number found in fromhex() arg at position 48
2026-07-08 22:00:16 [WARNING] omega.vault.key_vault: No VAULT_MASTER_KEY set — vault is locked. Falling back to environment variables.
2026-07-08 22:00:17 [INFO] omega.memory.fts: FTS5 index initialized at /home/arcana-novai/Documents/Xoe-NovAi/omega-engine/data/memory/fts_memory.db
2026-07-08 22:00:17 [INFO] omega.oracle.pii_masker: pii-shield loaded: 18 PII types, context-aware detection
2026-07-08 22:00:17 [INFO] omega.researcher.run: Starting research cycle...
2026-07-08 22:00:17 [INFO] omega.library.coordinator: Worker registered: researcher
2026-07-08 22:00:17 [INFO] omega.library.coordinator: Worker started: researcher
2026-07-08 22:00:17 [INFO] omega.workers.background_researcher.loop: Starting research cycle cycle_20260709_010017_1
2026-07-08 22:00:18 [INFO] httpx: HTTP Request: GET https://httpbin.org/get "HTTP/1.1 200 OK"
2026-07-08 22:00:18 [INFO] omega.workers.background_researcher.loop: Frontier gap found: 'Phase 1 — Engine Hardening — Memory wiring, handoff protocol, soul atomicity, agent hardening, MCP consolidation research' (p=0.6) from master_ledger
2026-07-08 22:00:18 [INFO] omega.workers.background_researcher.loop: Frontier gap found: 'Phase 2 — Legacy Mining — Extract 12 quick-win assets, port legacy patterns, compile community content research' (p=0.6) from master_ledger
2026-07-08 22:00:18 [INFO] omega.workers.background_researcher.loop: Frontier gap found: 'Phase 3 — Community Tools — Entity Studio CLI → Visual Builder, Stack Builder Wizard, one-click Omega Desktop research' (p=0.6) from master_ledger
2026-07-08 22:00:18 [INFO] omega.workers.background_researcher.loop: Frontier gap found: 'Phase 4 — The Omegaverse — P2P network protocol, WAD registry, cross-instance entity communication, **Godot/id Tech VR bridge**, soul-to-visual mapping (R-24), **shared VR realms (P2P Metropolis)** research' (p=0.6) from master_ledger
2026-07-08 22:00:18 [INFO] omega.workers.background_researcher.loop: Frontier gap found: 'Knowledge base scaffolding for entity cli_cline' (p=0.5) from entity_gap
2026-07-08 22:00:18 [INFO] omega.workers.background_researcher.loop: Frontier growth complete — enqueued 5 topics from 31 candidates
2026-07-08 22:00:18 [INFO] omega.workers.background_researcher.loop: Researching: 'Phase 1 — Engine Hardening — Memory wiring, handoff protocol, soul atomicity, agent hardening, MCP consolidation research' (priority=0.60)
2026-07-08 22:00:18 [WARNING] omega.workers.background_researcher.searxng_client: SearXNG request failed: 
2026-07-08 22:00:18 [WARNING] omega.workers.background_researcher.searxng_client: SearXNG request failed: 
2026-07-08 22:00:19 [INFO] httpx: HTTP Request: POST https://api.exa.ai/search "HTTP/1.1 200 OK"
2026-07-08 22:00:31 [INFO] httpx: HTTP Request: POST https://generativelanguage.googleapis.com/v1beta/models/gemma-4-31b-it:generateContent "HTTP/1.1 200 OK"
2026-07-08 22:00:31 [INFO] omega.ingestion.guards: Sentry Probe SUCCESS for gemma-4-31b-it on attempt 1
2026-07-08 22:00:32 [INFO] urllib3.poolmanager: Redirecting https://blog.vinkius.com/the-agentic-swarm-manifesto-how-vurb-ts-fhp-does-for-mcp-what-kubernetes-did-for-microservices -> https://vinkius.com/blog/the-agentic-swarm-manifesto-how-vurb-ts-fhp-does-for-mcp-what-kubernetes-did-for-microservices
2026-07-08 22:00:32 [ERROR] trafilatura.downloads: not a 200 response: 404 for URL https://blog.vinkius.com/the-agentic-swarm-manifesto-how-vurb-ts-fhp-does-for-mcp-what-kubernetes-did-for-microservices
2026-07-08 22:00:32 [INFO] omega.library.coordinator: Worker stopped: researcher
2026-07-08 22:00:32 [ERROR] omega.researcher.run: Critical failure in research cycle: T1 Fast Scrape failed: Trafilatura failed to fetch URL
Traceback (most recent call last):
  File "/home/arcana-novai/Documents/Xoe-NovAi/omega-engine/src/omega/workers/background_researcher/run.py", line 100, in main
    result = await loop.run_cycle()
             ^^^^^^^^^^^^^^^^^^^^^^
  File "/home/arcana-novai/Documents/Xoe-NovAi/omega-engine/src/omega/workers/background_researcher/loop.py", line 268, in run_cycle
    content = await self._extract(task, sources)
              ^^^^^^^^^^^^^^^^^^^^^^^^^^^^^^^^^^
  File "/home/arcana-novai/Documents/Xoe-NovAi/omega-engine/src/omega/workers/background_researcher/loop.py", line 431, in _extract
    result = await self.pipeline.run_source(url)
             ^^^^^^^^^^^^^^^^^^^^^^^^^^^^^^^^^^^
  File "/home/arcana-novai/Documents/Xoe-NovAi/omega-engine/src/omega/ingestion/pipeline.py", line 187, in run_source
    raise TransportError(f"T1 Fast Scrape failed: {t1_res.error}")
omega.ingestion.ingestion_types.TransportError: T1 Fast Scrape failed: Trafilatura failed to fetch URL
2026-07-08 22:01:06 [WARNING] omega.vault.key_vault: Invalid VAULT_MASTER_KEY: [VaultCryptoError] Invalid master key hex: non-hexadecimal number found in fromhex() arg at position 48
2026-07-08 22:01:06 [WARNING] omega.vault.key_vault: No VAULT_MASTER_KEY set — vault is locked. Falling back to environment variables.
2026-07-08 22:01:06 [INFO] omega.memory.fts: FTS5 index initialized at /home/arcana-novai/Documents/Xoe-NovAi/omega-engine/data/memory/fts_memory.db
2026-07-08 22:01:06 [INFO] omega.oracle.pii_masker: pii-shield loaded: 18 PII types, context-aware detection
2026-07-08 22:01:06 [INFO] omega.researcher.run: Starting research cycle...
2026-07-08 22:01:06 [INFO] omega.library.coordinator: Worker registered: researcher
2026-07-08 22:01:06 [INFO] omega.library.coordinator: Worker started: researcher
2026-07-08 22:01:06 [INFO] omega.workers.background_researcher.loop: Starting research cycle cycle_20260709_010106_1
2026-07-08 22:01:08 [INFO] httpx: HTTP Request: GET https://httpbin.org/get "HTTP/1.1 200 OK"
2026-07-08 22:01:08 [INFO] omega.workers.background_researcher.loop: Frontier gap found: 'Phase 1 — Engine Hardening — Memory wiring, handoff protocol, soul atomicity, agent hardening, MCP consolidation research' (p=0.6) from master_ledger
2026-07-08 22:01:08 [INFO] omega.workers.background_researcher.loop: Frontier gap found: 'Phase 2 — Legacy Mining — Extract 12 quick-win assets, port legacy patterns, compile community content research' (p=0.6) from master_ledger
2026-07-08 22:01:08 [INFO] omega.workers.background_researcher.loop: Frontier gap found: 'Phase 3 — Community Tools — Entity Studio CLI → Visual Builder, Stack Builder Wizard, one-click Omega Desktop research' (p=0.6) from master_ledger
2026-07-08 22:01:08 [INFO] omega.workers.background_researcher.loop: Frontier gap found: 'Phase 4 — The Omegaverse — P2P network protocol, WAD registry, cross-instance entity communication, **Godot/id Tech VR bridge**, soul-to-visual mapping (R-24), **shared VR realms (P2P Metropolis)** research' (p=0.6) from master_ledger
2026-07-08 22:01:08 [INFO] omega.workers.background_researcher.loop: Frontier gap found: 'Knowledge base scaffolding for entity cli_cline' (p=0.5) from entity_gap
2026-07-08 22:01:08 [INFO] omega.workers.background_researcher.loop: Frontier growth complete — enqueued 5 topics from 31 candidates
2026-07-08 22:01:08 [INFO] omega.workers.background_researcher.loop: Researching: 'Phase 1 — Engine Hardening — Memory wiring, handoff protocol, soul atomicity, agent hardening, MCP consolidation research' (priority=0.60)
2026-07-08 22:01:08 [WARNING] omega.workers.background_researcher.searxng_client: SearXNG request failed: 
2026-07-08 22:01:08 [WARNING] omega.workers.background_researcher.searxng_client: SearXNG request failed: 
2026-07-08 22:01:09 [INFO] httpx: HTTP Request: POST https://api.exa.ai/search "HTTP/1.1 200 OK"
2026-07-08 22:01:11 [INFO] httpx: HTTP Request: POST https://generativelanguage.googleapis.com/v1beta/models/gemma-4-31b-it:generateContent "HTTP/1.1 200 OK"
2026-07-08 22:01:11 [INFO] omega.ingestion.guards: Sentry Probe SUCCESS for gemma-4-31b-it on attempt 1
2026-07-08 22:01:14 [INFO] urllib3.poolmanager: Redirecting https://blog.vinkius.com/the-agentic-swarm-manifesto-how-vurb-ts-fhp-does-for-mcp-what-kubernetes-did-for-microservices -> https://vinkius.com/blog/the-agentic-swarm-manifesto-how-vurb-ts-fhp-does-for-mcp-what-kubernetes-did-for-microservices
2026-07-08 22:01:15 [ERROR] trafilatura.downloads: not a 200 response: 404 for URL https://blog.vinkius.com/the-agentic-swarm-manifesto-how-vurb-ts-fhp-does-for-mcp-what-kubernetes-did-for-microservices
2026-07-08 22:01:15 [INFO] omega.library.coordinator: Worker stopped: researcher
2026-07-08 22:01:15 [ERROR] omega.researcher.run: Critical failure in research cycle: T1 Fast Scrape failed: Trafilatura failed to fetch URL
Traceback (most recent call last):
  File "/home/arcana-novai/Documents/Xoe-NovAi/omega-engine/src/omega/workers/background_researcher/run.py", line 100, in main
    result = await loop.run_cycle()
             ^^^^^^^^^^^^^^^^^^^^^^
  File "/home/arcana-novai/Documents/Xoe-NovAi/omega-engine/src/omega/workers/background_researcher/loop.py", line 268, in run_cycle
    content = await self._extract(task, sources)
              ^^^^^^^^^^^^^^^^^^^^^^^^^^^^^^^^^^
  File "/home/arcana-novai/Documents/Xoe-NovAi/omega-engine/src/omega/workers/background_researcher/loop.py", line 431, in _extract
    result = await self.pipeline.run_source(url)
             ^^^^^^^^^^^^^^^^^^^^^^^^^^^^^^^^^^^
  File "/home/arcana-novai/Documents/Xoe-NovAi/omega-engine/src/omega/ingestion/pipeline.py", line 187, in run_source
    raise TransportError(f"T1 Fast Scrape failed: {t1_res.error}")
omega.ingestion.ingestion_types.TransportError: T1 Fast Scrape failed: Trafilatura failed to fetch URL
2026-07-08 22:01:49 [WARNING] omega.vault.key_vault: Invalid VAULT_MASTER_KEY: [VaultCryptoError] Invalid master key hex: non-hexadecimal number found in fromhex() arg at position 48
2026-07-08 22:01:49 [WARNING] omega.vault.key_vault: No VAULT_MASTER_KEY set — vault is locked. Falling back to environment variables.
2026-07-08 22:01:49 [INFO] omega.memory.fts: FTS5 index initialized at /home/arcana-novai/Documents/Xoe-NovAi/omega-engine/data/memory/fts_memory.db
2026-07-08 22:01:49 [INFO] omega.oracle.pii_masker: pii-shield loaded: 18 PII types, context-aware detection
2026-07-08 22:01:49 [INFO] omega.researcher.run: Starting research cycle...
2026-07-08 22:01:49 [INFO] omega.library.coordinator: Worker registered: researcher
2026-07-08 22:01:49 [INFO] omega.library.coordinator: Worker started: researcher
2026-07-08 22:01:49 [INFO] omega.workers.background_researcher.loop: Starting research cycle cycle_20260709_010149_1
2026-07-08 22:01:51 [INFO] httpx: HTTP Request: GET https://httpbin.org/get "HTTP/1.1 200 OK"
2026-07-08 22:01:51 [INFO] omega.workers.background_researcher.loop: Frontier gap found: 'Phase 1 — Engine Hardening — Memory wiring, handoff protocol, soul atomicity, agent hardening, MCP consolidation research' (p=0.6) from master_ledger
2026-07-08 22:01:51 [INFO] omega.workers.background_researcher.loop: Frontier gap found: 'Phase 2 — Legacy Mining — Extract 12 quick-win assets, port legacy patterns, compile community content research' (p=0.6) from master_ledger
2026-07-08 22:01:51 [INFO] omega.workers.background_researcher.loop: Frontier gap found: 'Phase 3 — Community Tools — Entity Studio CLI → Visual Builder, Stack Builder Wizard, one-click Omega Desktop research' (p=0.6) from master_ledger
2026-07-08 22:01:51 [INFO] omega.workers.background_researcher.loop: Frontier gap found: 'Phase 4 — The Omegaverse — P2P network protocol, WAD registry, cross-instance entity communication, **Godot/id Tech VR bridge**, soul-to-visual mapping (R-24), **shared VR realms (P2P Metropolis)** research' (p=0.6) from master_ledger
2026-07-08 22:01:51 [INFO] omega.workers.background_researcher.loop: Frontier gap found: 'Knowledge base scaffolding for entity cli_cline' (p=0.5) from entity_gap
2026-07-08 22:01:51 [INFO] omega.workers.background_researcher.loop: Frontier growth complete — enqueued 5 topics from 31 candidates
2026-07-08 22:01:51 [INFO] omega.workers.background_researcher.loop: Researching: 'Phase 1 — Engine Hardening — Memory wiring, handoff protocol, soul atomicity, agent hardening, MCP consolidation research' (priority=0.60)
2026-07-08 22:01:51 [WARNING] omega.workers.background_researcher.searxng_client: SearXNG request failed: 
2026-07-08 22:01:51 [WARNING] omega.workers.background_researcher.searxng_client: SearXNG request failed: 
2026-07-08 22:01:52 [INFO] httpx: HTTP Request: POST https://api.exa.ai/search "HTTP/1.1 200 OK"
2026-07-08 22:01:53 [INFO] httpx: HTTP Request: POST https://generativelanguage.googleapis.com/v1beta/models/gemma-4-31b-it:generateContent "HTTP/1.1 500 Internal Server Error"
2026-07-08 22:01:53 [WARNING] omega.ingestion.guards: Sentry Probe transient 500 on attempt 1/3. Retrying...
2026-07-08 22:01:56 [INFO] httpx: HTTP Request: POST https://generativelanguage.googleapis.com/v1beta/models/gemma-4-31b-it:generateContent "HTTP/1.1 500 Internal Server Error"
2026-07-08 22:01:56 [WARNING] omega.ingestion.guards: Sentry Probe transient 500 on attempt 2/3. Retrying...
2026-07-08 22:02:01 [INFO] httpx: HTTP Request: POST https://generativelanguage.googleapis.com/v1beta/models/gemma-4-31b-it:generateContent "HTTP/1.1 200 OK"
2026-07-08 22:02:01 [INFO] omega.ingestion.guards: Sentry Probe SUCCESS for gemma-4-31b-it on attempt 3
2026-07-08 22:02:03 [INFO] urllib3.poolmanager: Redirecting https://blog.vinkius.com/the-agentic-swarm-manifesto-how-vurb-ts-fhp-does-for-mcp-what-kubernetes-did-for-microservices -> https://vinkius.com/blog/the-agentic-swarm-manifesto-how-vurb-ts-fhp-does-for-mcp-what-kubernetes-did-for-microservices
2026-07-08 22:02:06 [ERROR] trafilatura.downloads: not a 200 response: 404 for URL https://blog.vinkius.com/the-agentic-swarm-manifesto-how-vurb-ts-fhp-does-for-mcp-what-kubernetes-did-for-microservices
2026-07-08 22:02:06 [INFO] omega.library.coordinator: Worker stopped: researcher
2026-07-08 22:02:06 [ERROR] omega.researcher.run: Critical failure in research cycle: T1 Fast Scrape failed: Trafilatura failed to fetch URL
Traceback (most recent call last):
  File "/home/arcana-novai/Documents/Xoe-NovAi/omega-engine/src/omega/workers/background_researcher/run.py", line 100, in main
    result = await loop.run_cycle()
             ^^^^^^^^^^^^^^^^^^^^^^
  File "/home/arcana-novai/Documents/Xoe-NovAi/omega-engine/src/omega/workers/background_researcher/loop.py", line 268, in run_cycle
    content = await self._extract(task, sources)
              ^^^^^^^^^^^^^^^^^^^^^^^^^^^^^^^^^^
  File "/home/arcana-novai/Documents/Xoe-NovAi/omega-engine/src/omega/workers/background_researcher/loop.py", line 431, in _extract
    result = await self.pipeline.run_source(url)
             ^^^^^^^^^^^^^^^^^^^^^^^^^^^^^^^^^^^
  File "/home/arcana-novai/Documents/Xoe-NovAi/omega-engine/src/omega/ingestion/pipeline.py", line 187, in run_source
    raise TransportError(f"T1 Fast Scrape failed: {t1_res.error}")
omega.ingestion.ingestion_types.TransportError: T1 Fast Scrape failed: Trafilatura failed to fetch URL
2026-07-08 22:02:39 [WARNING] omega.vault.key_vault: Invalid VAULT_MASTER_KEY: [VaultCryptoError] Invalid master key hex: non-hexadecimal number found in fromhex() arg at position 48
2026-07-08 22:02:39 [WARNING] omega.vault.key_vault: No VAULT_MASTER_KEY set — vault is locked. Falling back to environment variables.
2026-07-08 22:02:40 [INFO] omega.memory.fts: FTS5 index initialized at /home/arcana-novai/Documents/Xoe-NovAi/omega-engine/data/memory/fts_memory.db
2026-07-08 22:02:40 [INFO] omega.oracle.pii_masker: pii-shield loaded: 18 PII types, context-aware detection
2026-07-08 22:02:40 [INFO] omega.researcher.run: Starting research cycle...
2026-07-08 22:02:40 [INFO] omega.library.coordinator: Worker registered: researcher
2026-07-08 22:02:40 [INFO] omega.library.coordinator: Worker started: researcher
2026-07-08 22:02:40 [INFO] omega.workers.background_researcher.loop: Starting research cycle cycle_20260709_010240_1
2026-07-08 22:02:40 [INFO] httpx: HTTP Request: GET https://httpbin.org/get "HTTP/1.1 200 OK"
2026-07-08 22:02:40 [INFO] omega.workers.background_researcher.loop: Frontier gap found: 'Phase 1 — Engine Hardening — Memory wiring, handoff protocol, soul atomicity, agent hardening, MCP consolidation research' (p=0.6) from master_ledger
2026-07-08 22:02:40 [INFO] omega.workers.background_researcher.loop: Frontier gap found: 'Phase 2 — Legacy Mining — Extract 12 quick-win assets, port legacy patterns, compile community content research' (p=0.6) from master_ledger
2026-07-08 22:02:40 [INFO] omega.workers.background_researcher.loop: Frontier gap found: 'Phase 3 — Community Tools — Entity Studio CLI → Visual Builder, Stack Builder Wizard, one-click Omega Desktop research' (p=0.6) from master_ledger
2026-07-08 22:02:40 [INFO] omega.workers.background_researcher.loop: Frontier gap found: 'Phase 4 — The Omegaverse — P2P network protocol, WAD registry, cross-instance entity communication, **Godot/id Tech VR bridge**, soul-to-visual mapping (R-24), **shared VR realms (P2P Metropolis)** research' (p=0.6) from master_ledger
2026-07-08 22:02:40 [INFO] omega.workers.background_researcher.loop: Frontier gap found: 'Knowledge base scaffolding for entity cli_cline' (p=0.5) from entity_gap
2026-07-08 22:02:40 [INFO] omega.workers.background_researcher.loop: Frontier growth complete — enqueued 5 topics from 31 candidates
2026-07-08 22:02:40 [INFO] omega.workers.background_researcher.loop: Researching: 'Phase 1 — Engine Hardening — Memory wiring, handoff protocol, soul atomicity, agent hardening, MCP consolidation research' (priority=0.60)
2026-07-08 22:02:41 [WARNING] omega.workers.background_researcher.searxng_client: SearXNG request failed: 
2026-07-08 22:02:41 [WARNING] omega.workers.background_researcher.searxng_client: SearXNG request failed: 
2026-07-08 22:02:41 [INFO] httpx: HTTP Request: POST https://api.exa.ai/search "HTTP/1.1 200 OK"
2026-07-08 22:02:42 [INFO] httpx: HTTP Request: POST https://generativelanguage.googleapis.com/v1beta/models/gemma-4-31b-it:generateContent "HTTP/1.1 200 OK"
2026-07-08 22:02:42 [INFO] omega.ingestion.guards: Sentry Probe SUCCESS for gemma-4-31b-it on attempt 1
2026-07-08 22:02:44 [INFO] urllib3.poolmanager: Redirecting https://blog.vinkius.com/the-agentic-swarm-manifesto-how-vurb-ts-fhp-does-for-mcp-what-kubernetes-did-for-microservices -> https://vinkius.com/blog/the-agentic-swarm-manifesto-how-vurb-ts-fhp-does-for-mcp-what-kubernetes-did-for-microservices
2026-07-08 22:02:45 [ERROR] trafilatura.downloads: not a 200 response: 404 for URL https://blog.vinkius.com/the-agentic-swarm-manifesto-how-vurb-ts-fhp-does-for-mcp-what-kubernetes-did-for-microservices
2026-07-08 22:02:45 [INFO] omega.library.coordinator: Worker stopped: researcher
2026-07-08 22:02:45 [ERROR] omega.researcher.run: Critical failure in research cycle: T1 Fast Scrape failed: Trafilatura failed to fetch URL
Traceback (most recent call last):
  File "/home/arcana-novai/Documents/Xoe-NovAi/omega-engine/src/omega/workers/background_researcher/run.py", line 100, in main
    result = await loop.run_cycle()
             ^^^^^^^^^^^^^^^^^^^^^^
  File "/home/arcana-novai/Documents/Xoe-NovAi/omega-engine/src/omega/workers/background_researcher/loop.py", line 268, in run_cycle
    content = await self._extract(task, sources)
              ^^^^^^^^^^^^^^^^^^^^^^^^^^^^^^^^^^
  File "/home/arcana-novai/Documents/Xoe-NovAi/omega-engine/src/omega/workers/background_researcher/loop.py", line 431, in _extract
    result = await self.pipeline.run_source(url)
             ^^^^^^^^^^^^^^^^^^^^^^^^^^^^^^^^^^^
  File "/home/arcana-novai/Documents/Xoe-NovAi/omega-engine/src/omega/ingestion/pipeline.py", line 187, in run_source
    raise TransportError(f"T1 Fast Scrape failed: {t1_res.error}")
omega.ingestion.ingestion_types.TransportError: T1 Fast Scrape failed: Trafilatura failed to fetch URL
2026-07-08 22:03:19 [WARNING] omega.vault.key_vault: Invalid VAULT_MASTER_KEY: [VaultCryptoError] Invalid master key hex: non-hexadecimal number found in fromhex() arg at position 48
2026-07-08 22:03:19 [WARNING] omega.vault.key_vault: No VAULT_MASTER_KEY set — vault is locked. Falling back to environment variables.
2026-07-08 22:03:19 [INFO] omega.memory.fts: FTS5 index initialized at /home/arcana-novai/Documents/Xoe-NovAi/omega-engine/data/memory/fts_memory.db
2026-07-08 22:03:19 [INFO] omega.oracle.pii_masker: pii-shield loaded: 18 PII types, context-aware detection
2026-07-08 22:03:19 [INFO] omega.researcher.run: Starting research cycle...
2026-07-08 22:03:19 [INFO] omega.library.coordinator: Worker registered: researcher
2026-07-08 22:03:19 [INFO] omega.library.coordinator: Worker started: researcher
2026-07-08 22:03:19 [INFO] omega.workers.background_researcher.loop: Starting research cycle cycle_20260709_010319_1
2026-07-08 22:03:20 [INFO] httpx: HTTP Request: GET https://httpbin.org/get "HTTP/1.1 200 OK"
2026-07-08 22:03:20 [INFO] omega.workers.background_researcher.loop: Frontier gap found: 'Phase 1 — Engine Hardening — Memory wiring, handoff protocol, soul atomicity, agent hardening, MCP consolidation research' (p=0.6) from master_ledger
2026-07-08 22:03:20 [INFO] omega.workers.background_researcher.loop: Frontier gap found: 'Phase 2 — Legacy Mining — Extract 12 quick-win assets, port legacy patterns, compile community content research' (p=0.6) from master_ledger
2026-07-08 22:03:20 [INFO] omega.workers.background_researcher.loop: Frontier gap found: 'Phase 3 — Community Tools — Entity Studio CLI → Visual Builder, Stack Builder Wizard, one-click Omega Desktop research' (p=0.6) from master_ledger
2026-07-08 22:03:20 [INFO] omega.workers.background_researcher.loop: Frontier gap found: 'Phase 4 — The Omegaverse — P2P network protocol, WAD registry, cross-instance entity communication, **Godot/id Tech VR bridge**, soul-to-visual mapping (R-24), **shared VR realms (P2P Metropolis)** research' (p=0.6) from master_ledger
2026-07-08 22:03:20 [INFO] omega.workers.background_researcher.loop: Frontier gap found: 'Knowledge base scaffolding for entity cli_cline' (p=0.5) from entity_gap
2026-07-08 22:03:20 [INFO] omega.workers.background_researcher.loop: Frontier growth complete — enqueued 5 topics from 31 candidates
2026-07-08 22:03:20 [INFO] omega.workers.background_researcher.loop: Researching: 'Phase 1 — Engine Hardening — Memory wiring, handoff protocol, soul atomicity, agent hardening, MCP consolidation research' (priority=0.60)
2026-07-08 22:03:20 [WARNING] omega.workers.background_researcher.searxng_client: SearXNG request failed: 
2026-07-08 22:03:20 [WARNING] omega.workers.background_researcher.searxng_client: SearXNG request failed: 
2026-07-08 22:03:21 [INFO] httpx: HTTP Request: POST https://api.exa.ai/search "HTTP/1.1 200 OK"
2026-07-08 22:03:35 [INFO] httpx: HTTP Request: POST https://generativelanguage.googleapis.com/v1beta/models/gemma-4-31b-it:generateContent "HTTP/1.1 200 OK"
2026-07-08 22:03:35 [INFO] omega.ingestion.guards: Sentry Probe SUCCESS for gemma-4-31b-it on attempt 1
2026-07-08 22:03:37 [INFO] urllib3.poolmanager: Redirecting https://blog.vinkius.com/the-agentic-swarm-manifesto-how-vurb-ts-fhp-does-for-mcp-what-kubernetes-did-for-microservices -> https://vinkius.com/blog/the-agentic-swarm-manifesto-how-vurb-ts-fhp-does-for-mcp-what-kubernetes-did-for-microservices
2026-07-08 22:03:38 [ERROR] trafilatura.downloads: not a 200 response: 404 for URL https://blog.vinkius.com/the-agentic-swarm-manifesto-how-vurb-ts-fhp-does-for-mcp-what-kubernetes-did-for-microservices
2026-07-08 22:03:38 [INFO] omega.library.coordinator: Worker stopped: researcher
2026-07-08 22:03:38 [ERROR] omega.researcher.run: Critical failure in research cycle: T1 Fast Scrape failed: Trafilatura failed to fetch URL
Traceback (most recent call last):
  File "/home/arcana-novai/Documents/Xoe-NovAi/omega-engine/src/omega/workers/background_researcher/run.py", line 100, in main
    result = await loop.run_cycle()
             ^^^^^^^^^^^^^^^^^^^^^^
  File "/home/arcana-novai/Documents/Xoe-NovAi/omega-engine/src/omega/workers/background_researcher/loop.py", line 268, in run_cycle
    content = await self._extract(task, sources)
              ^^^^^^^^^^^^^^^^^^^^^^^^^^^^^^^^^^
  File "/home/arcana-novai/Documents/Xoe-NovAi/omega-engine/src/omega/workers/background_researcher/loop.py", line 431, in _extract
    result = await self.pipeline.run_source(url)
             ^^^^^^^^^^^^^^^^^^^^^^^^^^^^^^^^^^^
  File "/home/arcana-novai/Documents/Xoe-NovAi/omega-engine/src/omega/ingestion/pipeline.py", line 187, in run_source
    raise TransportError(f"T1 Fast Scrape failed: {t1_res.error}")
omega.ingestion.ingestion_types.TransportError: T1 Fast Scrape failed: Trafilatura failed to fetch URL
2026-07-08 22:04:11 [WARNING] omega.vault.key_vault: Invalid VAULT_MASTER_KEY: [VaultCryptoError] Invalid master key hex: non-hexadecimal number found in fromhex() arg at position 48
2026-07-08 22:04:11 [WARNING] omega.vault.key_vault: No VAULT_MASTER_KEY set — vault is locked. Falling back to environment variables.
2026-07-08 22:04:11 [INFO] omega.memory.fts: FTS5 index initialized at /home/arcana-novai/Documents/Xoe-NovAi/omega-engine/data/memory/fts_memory.db
2026-07-08 22:04:11 [INFO] omega.oracle.pii_masker: pii-shield loaded: 18 PII types, context-aware detection
2026-07-08 22:04:11 [INFO] omega.researcher.run: Starting research cycle...
2026-07-08 22:04:11 [INFO] omega.library.coordinator: Worker registered: researcher
2026-07-08 22:04:11 [INFO] omega.library.coordinator: Worker started: researcher
2026-07-08 22:04:11 [INFO] omega.workers.background_researcher.loop: Starting research cycle cycle_20260709_010411_1
2026-07-08 22:04:13 [INFO] httpx: HTTP Request: GET https://httpbin.org/get "HTTP/1.1 200 OK"
2026-07-08 22:04:13 [INFO] omega.workers.background_researcher.loop: Frontier gap found: 'Phase 1 — Engine Hardening — Memory wiring, handoff protocol, soul atomicity, agent hardening, MCP consolidation research' (p=0.6) from master_ledger
2026-07-08 22:04:13 [INFO] omega.workers.background_researcher.loop: Frontier gap found: 'Phase 2 — Legacy Mining — Extract 12 quick-win assets, port legacy patterns, compile community content research' (p=0.6) from master_ledger
2026-07-08 22:04:13 [INFO] omega.workers.background_researcher.loop: Frontier gap found: 'Phase 3 — Community Tools — Entity Studio CLI → Visual Builder, Stack Builder Wizard, one-click Omega Desktop research' (p=0.6) from master_ledger
2026-07-08 22:04:13 [INFO] omega.workers.background_researcher.loop: Frontier gap found: 'Phase 4 — The Omegaverse — P2P network protocol, WAD registry, cross-instance entity communication, **Godot/id Tech VR bridge**, soul-to-visual mapping (R-24), **shared VR realms (P2P Metropolis)** research' (p=0.6) from master_ledger
2026-07-08 22:04:13 [INFO] omega.workers.background_researcher.loop: Frontier gap found: 'Knowledge base scaffolding for entity cli_cline' (p=0.5) from entity_gap
2026-07-08 22:04:13 [INFO] omega.workers.background_researcher.loop: Frontier growth complete — enqueued 5 topics from 31 candidates
2026-07-08 22:04:13 [INFO] omega.workers.background_researcher.loop: Researching: 'Phase 1 — Engine Hardening — Memory wiring, handoff protocol, soul atomicity, agent hardening, MCP consolidation research' (priority=0.60)
2026-07-08 22:04:13 [WARNING] omega.workers.background_researcher.searxng_client: SearXNG request failed: 
2026-07-08 22:04:13 [WARNING] omega.workers.background_researcher.searxng_client: SearXNG request failed: 
2026-07-08 22:04:14 [INFO] httpx: HTTP Request: POST https://api.exa.ai/search "HTTP/1.1 200 OK"
2026-07-08 22:04:15 [INFO] httpx: HTTP Request: POST https://generativelanguage.googleapis.com/v1beta/models/gemma-4-31b-it:generateContent "HTTP/1.1 500 Internal Server Error"
2026-07-08 22:04:15 [WARNING] omega.ingestion.guards: Sentry Probe transient 500 on attempt 1/3. Retrying...
2026-07-08 22:04:18 [INFO] httpx: HTTP Request: POST https://generativelanguage.googleapis.com/v1beta/models/gemma-4-31b-it:generateContent "HTTP/1.1 200 OK"
2026-07-08 22:04:18 [INFO] omega.ingestion.guards: Sentry Probe SUCCESS for gemma-4-31b-it on attempt 2
2026-07-08 22:04:20 [INFO] urllib3.poolmanager: Redirecting https://blog.vinkius.com/the-agentic-swarm-manifesto-how-vurb-ts-fhp-does-for-mcp-what-kubernetes-did-for-microservices -> https://vinkius.com/blog/the-agentic-swarm-manifesto-how-vurb-ts-fhp-does-for-mcp-what-kubernetes-did-for-microservices
2026-07-08 22:04:21 [ERROR] trafilatura.downloads: not a 200 response: 404 for URL https://blog.vinkius.com/the-agentic-swarm-manifesto-how-vurb-ts-fhp-does-for-mcp-what-kubernetes-did-for-microservices
2026-07-08 22:04:21 [INFO] omega.library.coordinator: Worker stopped: researcher
2026-07-08 22:04:21 [ERROR] omega.researcher.run: Critical failure in research cycle: T1 Fast Scrape failed: Trafilatura failed to fetch URL
Traceback (most recent call last):
  File "/home/arcana-novai/Documents/Xoe-NovAi/omega-engine/src/omega/workers/background_researcher/run.py", line 100, in main
    result = await loop.run_cycle()
             ^^^^^^^^^^^^^^^^^^^^^^
  File "/home/arcana-novai/Documents/Xoe-NovAi/omega-engine/src/omega/workers/background_researcher/loop.py", line 268, in run_cycle
    content = await self._extract(task, sources)
              ^^^^^^^^^^^^^^^^^^^^^^^^^^^^^^^^^^
  File "/home/arcana-novai/Documents/Xoe-NovAi/omega-engine/src/omega/workers/background_researcher/loop.py", line 431, in _extract
    result = await self.pipeline.run_source(url)
             ^^^^^^^^^^^^^^^^^^^^^^^^^^^^^^^^^^^
  File "/home/arcana-novai/Documents/Xoe-NovAi/omega-engine/src/omega/ingestion/pipeline.py", line 187, in run_source
    raise TransportError(f"T1 Fast Scrape failed: {t1_res.error}")
omega.ingestion.ingestion_types.TransportError: T1 Fast Scrape failed: Trafilatura failed to fetch URL
2026-07-08 22:04:55 [WARNING] omega.vault.key_vault: Invalid VAULT_MASTER_KEY: [VaultCryptoError] Invalid master key hex: non-hexadecimal number found in fromhex() arg at position 48
2026-07-08 22:04:55 [WARNING] omega.vault.key_vault: No VAULT_MASTER_KEY set — vault is locked. Falling back to environment variables.
2026-07-08 22:04:55 [INFO] omega.memory.fts: FTS5 index initialized at /home/arcana-novai/Documents/Xoe-NovAi/omega-engine/data/memory/fts_memory.db
2026-07-08 22:04:55 [INFO] omega.oracle.pii_masker: pii-shield loaded: 18 PII types, context-aware detection
2026-07-08 22:04:55 [INFO] omega.researcher.run: Starting research cycle...
2026-07-08 22:04:55 [INFO] omega.library.coordinator: Worker registered: researcher
2026-07-08 22:04:55 [INFO] omega.library.coordinator: Worker started: researcher
2026-07-08 22:04:55 [INFO] omega.workers.background_researcher.loop: Starting research cycle cycle_20260709_010455_1
2026-07-08 22:04:58 [INFO] httpx: HTTP Request: GET https://httpbin.org/get "HTTP/1.1 200 OK"
2026-07-08 22:04:58 [INFO] omega.workers.background_researcher.loop: Frontier gap found: 'Phase 1 — Engine Hardening — Memory wiring, handoff protocol, soul atomicity, agent hardening, MCP consolidation research' (p=0.6) from master_ledger
2026-07-08 22:04:58 [INFO] omega.workers.background_researcher.loop: Frontier gap found: 'Phase 2 — Legacy Mining — Extract 12 quick-win assets, port legacy patterns, compile community content research' (p=0.6) from master_ledger
2026-07-08 22:04:58 [INFO] omega.workers.background_researcher.loop: Frontier gap found: 'Phase 3 — Community Tools — Entity Studio CLI → Visual Builder, Stack Builder Wizard, one-click Omega Desktop research' (p=0.6) from master_ledger
2026-07-08 22:04:58 [INFO] omega.workers.background_researcher.loop: Frontier gap found: 'Phase 4 — The Omegaverse — P2P network protocol, WAD registry, cross-instance entity communication, **Godot/id Tech VR bridge**, soul-to-visual mapping (R-24), **shared VR realms (P2P Metropolis)** research' (p=0.6) from master_ledger
2026-07-08 22:04:58 [INFO] omega.workers.background_researcher.loop: Frontier gap found: 'Knowledge base scaffolding for entity cli_cline' (p=0.5) from entity_gap
2026-07-08 22:04:58 [INFO] omega.workers.background_researcher.loop: Frontier growth complete — enqueued 5 topics from 31 candidates
2026-07-08 22:04:58 [INFO] omega.workers.background_researcher.loop: Researching: 'Phase 1 — Engine Hardening — Memory wiring, handoff protocol, soul atomicity, agent hardening, MCP consolidation research' (priority=0.60)
2026-07-08 22:04:58 [WARNING] omega.workers.background_researcher.searxng_client: SearXNG request failed: 
2026-07-08 22:04:58 [WARNING] omega.workers.background_researcher.searxng_client: SearXNG request failed: 
2026-07-08 22:04:59 [INFO] httpx: HTTP Request: POST https://api.exa.ai/search "HTTP/1.1 200 OK"
2026-07-08 22:05:00 [INFO] httpx: HTTP Request: POST https://generativelanguage.googleapis.com/v1beta/models/gemma-4-31b-it:generateContent "HTTP/1.1 200 OK"
2026-07-08 22:05:00 [INFO] omega.ingestion.guards: Sentry Probe SUCCESS for gemma-4-31b-it on attempt 1
2026-07-08 22:05:01 [INFO] urllib3.poolmanager: Redirecting https://blog.vinkius.com/the-agentic-swarm-manifesto-how-vurb-ts-fhp-does-for-mcp-what-kubernetes-did-for-microservices -> https://vinkius.com/blog/the-agentic-swarm-manifesto-how-vurb-ts-fhp-does-for-mcp-what-kubernetes-did-for-microservices
2026-07-08 22:05:02 [ERROR] trafilatura.downloads: not a 200 response: 404 for URL https://blog.vinkius.com/the-agentic-swarm-manifesto-how-vurb-ts-fhp-does-for-mcp-what-kubernetes-did-for-microservices
2026-07-08 22:05:02 [INFO] omega.library.coordinator: Worker stopped: researcher
2026-07-08 22:05:02 [ERROR] omega.researcher.run: Critical failure in research cycle: T1 Fast Scrape failed: Trafilatura failed to fetch URL
Traceback (most recent call last):
  File "/home/arcana-novai/Documents/Xoe-NovAi/omega-engine/src/omega/workers/background_researcher/run.py", line 100, in main
    result = await loop.run_cycle()
             ^^^^^^^^^^^^^^^^^^^^^^
  File "/home/arcana-novai/Documents/Xoe-NovAi/omega-engine/src/omega/workers/background_researcher/loop.py", line 268, in run_cycle
    content = await self._extract(task, sources)
              ^^^^^^^^^^^^^^^^^^^^^^^^^^^^^^^^^^
  File "/home/arcana-novai/Documents/Xoe-NovAi/omega-engine/src/omega/workers/background_researcher/loop.py", line 431, in _extract
    result = await self.pipeline.run_source(url)
             ^^^^^^^^^^^^^^^^^^^^^^^^^^^^^^^^^^^
  File "/home/arcana-novai/Documents/Xoe-NovAi/omega-engine/src/omega/ingestion/pipeline.py", line 187, in run_source
    raise TransportError(f"T1 Fast Scrape failed: {t1_res.error}")
omega.ingestion.ingestion_types.TransportError: T1 Fast Scrape failed: Trafilatura failed to fetch URL
2026-07-08 22:05:35 [WARNING] omega.vault.key_vault: Invalid VAULT_MASTER_KEY: [VaultCryptoError] Invalid master key hex: non-hexadecimal number found in fromhex() arg at position 48
2026-07-08 22:05:35 [WARNING] omega.vault.key_vault: No VAULT_MASTER_KEY set — vault is locked. Falling back to environment variables.
2026-07-08 22:05:36 [INFO] omega.memory.fts: FTS5 index initialized at /home/arcana-novai/Documents/Xoe-NovAi/omega-engine/data/memory/fts_memory.db
2026-07-08 22:05:36 [INFO] omega.oracle.pii_masker: pii-shield loaded: 18 PII types, context-aware detection
2026-07-08 22:05:36 [INFO] omega.researcher.run: Starting research cycle...
2026-07-08 22:05:36 [INFO] omega.library.coordinator: Worker registered: researcher
2026-07-08 22:05:36 [INFO] omega.library.coordinator: Worker started: researcher
2026-07-08 22:05:36 [INFO] omega.workers.background_researcher.loop: Starting research cycle cycle_20260709_010536_1
2026-07-08 22:05:37 [INFO] httpx: HTTP Request: GET https://httpbin.org/get "HTTP/1.1 200 OK"
2026-07-08 22:05:37 [INFO] omega.workers.background_researcher.loop: Frontier gap found: 'Phase 1 — Engine Hardening — Memory wiring, handoff protocol, soul atomicity, agent hardening, MCP consolidation research' (p=0.6) from master_ledger
2026-07-08 22:05:37 [INFO] omega.workers.background_researcher.loop: Frontier gap found: 'Phase 2 — Legacy Mining — Extract 12 quick-win assets, port legacy patterns, compile community content research' (p=0.6) from master_ledger
2026-07-08 22:05:37 [INFO] omega.workers.background_researcher.loop: Frontier gap found: 'Phase 3 — Community Tools — Entity Studio CLI → Visual Builder, Stack Builder Wizard, one-click Omega Desktop research' (p=0.6) from master_ledger
2026-07-08 22:05:37 [INFO] omega.workers.background_researcher.loop: Frontier gap found: 'Phase 4 — The Omegaverse — P2P network protocol, WAD registry, cross-instance entity communication, **Godot/id Tech VR bridge**, soul-to-visual mapping (R-24), **shared VR realms (P2P Metropolis)** research' (p=0.6) from master_ledger
2026-07-08 22:05:37 [INFO] omega.workers.background_researcher.loop: Frontier gap found: 'Knowledge base scaffolding for entity cli_cline' (p=0.5) from entity_gap
2026-07-08 22:05:37 [INFO] omega.workers.background_researcher.loop: Frontier growth complete — enqueued 5 topics from 31 candidates
2026-07-08 22:05:37 [INFO] omega.workers.background_researcher.loop: Researching: 'Phase 1 — Engine Hardening — Memory wiring, handoff protocol, soul atomicity, agent hardening, MCP consolidation research' (priority=0.60)
2026-07-08 22:05:37 [WARNING] omega.workers.background_researcher.searxng_client: SearXNG request failed: 
2026-07-08 22:05:37 [WARNING] omega.workers.background_researcher.searxng_client: SearXNG request failed: 
2026-07-08 22:05:37 [INFO] httpx: HTTP Request: POST https://api.exa.ai/search "HTTP/1.1 200 OK"
2026-07-08 22:05:38 [INFO] httpx: HTTP Request: POST https://generativelanguage.googleapis.com/v1beta/models/gemma-4-31b-it:generateContent "HTTP/1.1 200 OK"
2026-07-08 22:05:38 [INFO] omega.ingestion.guards: Sentry Probe SUCCESS for gemma-4-31b-it on attempt 1
2026-07-08 22:05:40 [INFO] urllib3.poolmanager: Redirecting https://blog.vinkius.com/the-agentic-swarm-manifesto-how-vurb-ts-fhp-does-for-mcp-what-kubernetes-did-for-microservices -> https://vinkius.com/blog/the-agentic-swarm-manifesto-how-vurb-ts-fhp-does-for-mcp-what-kubernetes-did-for-microservices
2026-07-08 22:05:41 [ERROR] trafilatura.downloads: not a 200 response: 404 for URL https://blog.vinkius.com/the-agentic-swarm-manifesto-how-vurb-ts-fhp-does-for-mcp-what-kubernetes-did-for-microservices
2026-07-08 22:05:41 [INFO] omega.library.coordinator: Worker stopped: researcher
2026-07-08 22:05:41 [ERROR] omega.researcher.run: Critical failure in research cycle: T1 Fast Scrape failed: Trafilatura failed to fetch URL
Traceback (most recent call last):
  File "/home/arcana-novai/Documents/Xoe-NovAi/omega-engine/src/omega/workers/background_researcher/run.py", line 100, in main
    result = await loop.run_cycle()
             ^^^^^^^^^^^^^^^^^^^^^^
  File "/home/arcana-novai/Documents/Xoe-NovAi/omega-engine/src/omega/workers/background_researcher/loop.py", line 268, in run_cycle
    content = await self._extract(task, sources)
              ^^^^^^^^^^^^^^^^^^^^^^^^^^^^^^^^^^
  File "/home/arcana-novai/Documents/Xoe-NovAi/omega-engine/src/omega/workers/background_researcher/loop.py", line 431, in _extract
    result = await self.pipeline.run_source(url)
             ^^^^^^^^^^^^^^^^^^^^^^^^^^^^^^^^^^^
  File "/home/arcana-novai/Documents/Xoe-NovAi/omega-engine/src/omega/ingestion/pipeline.py", line 187, in run_source
    raise TransportError(f"T1 Fast Scrape failed: {t1_res.error}")
omega.ingestion.ingestion_types.TransportError: T1 Fast Scrape failed: Trafilatura failed to fetch URL
2026-07-08 22:06:14 [WARNING] omega.vault.key_vault: Invalid VAULT_MASTER_KEY: [VaultCryptoError] Invalid master key hex: non-hexadecimal number found in fromhex() arg at position 48
2026-07-08 22:06:14 [WARNING] omega.vault.key_vault: No VAULT_MASTER_KEY set — vault is locked. Falling back to environment variables.
2026-07-08 22:06:14 [INFO] omega.memory.fts: FTS5 index initialized at /home/arcana-novai/Documents/Xoe-NovAi/omega-engine/data/memory/fts_memory.db
2026-07-08 22:06:14 [INFO] omega.oracle.pii_masker: pii-shield loaded: 18 PII types, context-aware detection
2026-07-08 22:06:14 [INFO] omega.researcher.run: Starting research cycle...
2026-07-08 22:06:14 [INFO] omega.library.coordinator: Worker registered: researcher
2026-07-08 22:06:14 [INFO] omega.library.coordinator: Worker started: researcher
2026-07-08 22:06:14 [INFO] omega.workers.background_researcher.loop: Starting research cycle cycle_20260709_010614_1
2026-07-08 22:06:15 [INFO] httpx: HTTP Request: GET https://httpbin.org/get "HTTP/1.1 200 OK"
2026-07-08 22:06:15 [INFO] omega.workers.background_researcher.loop: Frontier gap found: 'Phase 1 — Engine Hardening — Memory wiring, handoff protocol, soul atomicity, agent hardening, MCP consolidation research' (p=0.6) from master_ledger
2026-07-08 22:06:15 [INFO] omega.workers.background_researcher.loop: Frontier gap found: 'Phase 2 — Legacy Mining — Extract 12 quick-win assets, port legacy patterns, compile community content research' (p=0.6) from master_ledger
2026-07-08 22:06:15 [INFO] omega.workers.background_researcher.loop: Frontier gap found: 'Phase 3 — Community Tools — Entity Studio CLI → Visual Builder, Stack Builder Wizard, one-click Omega Desktop research' (p=0.6) from master_ledger
2026-07-08 22:06:15 [INFO] omega.workers.background_researcher.loop: Frontier gap found: 'Phase 4 — The Omegaverse — P2P network protocol, WAD registry, cross-instance entity communication, **Godot/id Tech VR bridge**, soul-to-visual mapping (R-24), **shared VR realms (P2P Metropolis)** research' (p=0.6) from master_ledger
2026-07-08 22:06:15 [INFO] omega.workers.background_researcher.loop: Frontier gap found: 'Knowledge base scaffolding for entity cli_cline' (p=0.5) from entity_gap
2026-07-08 22:06:15 [INFO] omega.workers.background_researcher.loop: Frontier growth complete — enqueued 5 topics from 31 candidates
2026-07-08 22:06:15 [INFO] omega.workers.background_researcher.loop: Researching: 'Phase 1 — Engine Hardening — Memory wiring, handoff protocol, soul atomicity, agent hardening, MCP consolidation research' (priority=0.60)
2026-07-08 22:06:15 [WARNING] omega.workers.background_researcher.searxng_client: SearXNG request failed: 
2026-07-08 22:06:15 [WARNING] omega.workers.background_researcher.searxng_client: SearXNG request failed: 
2026-07-08 22:06:16 [INFO] httpx: HTTP Request: POST https://api.exa.ai/search "HTTP/1.1 200 OK"
2026-07-08 22:06:17 [INFO] httpx: HTTP Request: POST https://generativelanguage.googleapis.com/v1beta/models/gemma-4-31b-it:generateContent "HTTP/1.1 200 OK"
2026-07-08 22:06:17 [INFO] omega.ingestion.guards: Sentry Probe SUCCESS for gemma-4-31b-it on attempt 1
2026-07-08 22:06:19 [INFO] urllib3.poolmanager: Redirecting https://blog.vinkius.com/the-agentic-swarm-manifesto-how-vurb-ts-fhp-does-for-mcp-what-kubernetes-did-for-microservices -> https://vinkius.com/blog/the-agentic-swarm-manifesto-how-vurb-ts-fhp-does-for-mcp-what-kubernetes-did-for-microservices
2026-07-08 22:06:19 [ERROR] trafilatura.downloads: not a 200 response: 404 for URL https://blog.vinkius.com/the-agentic-swarm-manifesto-how-vurb-ts-fhp-does-for-mcp-what-kubernetes-did-for-microservices
2026-07-08 22:06:19 [INFO] omega.library.coordinator: Worker stopped: researcher
2026-07-08 22:06:19 [ERROR] omega.researcher.run: Critical failure in research cycle: T1 Fast Scrape failed: Trafilatura failed to fetch URL
Traceback (most recent call last):
  File "/home/arcana-novai/Documents/Xoe-NovAi/omega-engine/src/omega/workers/background_researcher/run.py", line 100, in main
    result = await loop.run_cycle()
             ^^^^^^^^^^^^^^^^^^^^^^
  File "/home/arcana-novai/Documents/Xoe-NovAi/omega-engine/src/omega/workers/background_researcher/loop.py", line 268, in run_cycle
    content = await self._extract(task, sources)
              ^^^^^^^^^^^^^^^^^^^^^^^^^^^^^^^^^^
  File "/home/arcana-novai/Documents/Xoe-NovAi/omega-engine/src/omega/workers/background_researcher/loop.py", line 431, in _extract
    result = await self.pipeline.run_source(url)
             ^^^^^^^^^^^^^^^^^^^^^^^^^^^^^^^^^^^
  File "/home/arcana-novai/Documents/Xoe-NovAi/omega-engine/src/omega/ingestion/pipeline.py", line 187, in run_source
    raise TransportError(f"T1 Fast Scrape failed: {t1_res.error}")
omega.ingestion.ingestion_types.TransportError: T1 Fast Scrape failed: Trafilatura failed to fetch URL
2026-07-08 22:06:53 [WARNING] omega.vault.key_vault: Invalid VAULT_MASTER_KEY: [VaultCryptoError] Invalid master key hex: non-hexadecimal number found in fromhex() arg at position 48
2026-07-08 22:06:53 [WARNING] omega.vault.key_vault: No VAULT_MASTER_KEY set — vault is locked. Falling back to environment variables.
2026-07-08 22:06:53 [INFO] omega.memory.fts: FTS5 index initialized at /home/arcana-novai/Documents/Xoe-NovAi/omega-engine/data/memory/fts_memory.db
2026-07-08 22:06:53 [INFO] omega.oracle.pii_masker: pii-shield loaded: 18 PII types, context-aware detection
2026-07-08 22:06:53 [INFO] omega.researcher.run: Starting research cycle...
2026-07-08 22:06:53 [INFO] omega.library.coordinator: Worker registered: researcher
2026-07-08 22:06:53 [INFO] omega.library.coordinator: Worker started: researcher
2026-07-08 22:06:53 [INFO] omega.workers.background_researcher.loop: Starting research cycle cycle_20260709_010653_1
2026-07-08 22:06:54 [INFO] httpx: HTTP Request: GET https://httpbin.org/get "HTTP/1.1 200 OK"
2026-07-08 22:06:54 [INFO] omega.workers.background_researcher.loop: Frontier gap found: 'Phase 1 — Engine Hardening — Memory wiring, handoff protocol, soul atomicity, agent hardening, MCP consolidation research' (p=0.6) from master_ledger
2026-07-08 22:06:54 [INFO] omega.workers.background_researcher.loop: Frontier gap found: 'Phase 2 — Legacy Mining — Extract 12 quick-win assets, port legacy patterns, compile community content research' (p=0.6) from master_ledger
2026-07-08 22:06:54 [INFO] omega.workers.background_researcher.loop: Frontier gap found: 'Phase 3 — Community Tools — Entity Studio CLI → Visual Builder, Stack Builder Wizard, one-click Omega Desktop research' (p=0.6) from master_ledger
2026-07-08 22:06:54 [INFO] omega.workers.background_researcher.loop: Frontier gap found: 'Phase 4 — The Omegaverse — P2P network protocol, WAD registry, cross-instance entity communication, **Godot/id Tech VR bridge**, soul-to-visual mapping (R-24), **shared VR realms (P2P Metropolis)** research' (p=0.6) from master_ledger
2026-07-08 22:06:54 [INFO] omega.workers.background_researcher.loop: Frontier gap found: 'Knowledge base scaffolding for entity cli_cline' (p=0.5) from entity_gap
2026-07-08 22:06:54 [INFO] omega.workers.background_researcher.loop: Frontier growth complete — enqueued 5 topics from 31 candidates
2026-07-08 22:06:54 [INFO] omega.workers.background_researcher.loop: Researching: 'Phase 1 — Engine Hardening — Memory wiring, handoff protocol, soul atomicity, agent hardening, MCP consolidation research' (priority=0.60)
2026-07-08 22:06:54 [WARNING] omega.workers.background_researcher.searxng_client: SearXNG request failed: 
2026-07-08 22:06:54 [WARNING] omega.workers.background_researcher.searxng_client: SearXNG request failed: 
2026-07-08 22:06:55 [INFO] httpx: HTTP Request: POST https://api.exa.ai/search "HTTP/1.1 200 OK"
2026-07-08 22:06:56 [INFO] httpx: HTTP Request: POST https://generativelanguage.googleapis.com/v1beta/models/gemma-4-31b-it:generateContent "HTTP/1.1 200 OK"
2026-07-08 22:06:56 [INFO] omega.ingestion.guards: Sentry Probe SUCCESS for gemma-4-31b-it on attempt 1
2026-07-08 22:06:57 [INFO] urllib3.poolmanager: Redirecting https://blog.vinkius.com/the-agentic-swarm-manifesto-how-vurb-ts-fhp-does-for-mcp-what-kubernetes-did-for-microservices -> https://vinkius.com/blog/the-agentic-swarm-manifesto-how-vurb-ts-fhp-does-for-mcp-what-kubernetes-did-for-microservices
2026-07-08 22:06:58 [ERROR] trafilatura.downloads: not a 200 response: 404 for URL https://blog.vinkius.com/the-agentic-swarm-manifesto-how-vurb-ts-fhp-does-for-mcp-what-kubernetes-did-for-microservices
2026-07-08 22:06:58 [INFO] omega.library.coordinator: Worker stopped: researcher
2026-07-08 22:06:58 [ERROR] omega.researcher.run: Critical failure in research cycle: T1 Fast Scrape failed: Trafilatura failed to fetch URL
Traceback (most recent call last):
  File "/home/arcana-novai/Documents/Xoe-NovAi/omega-engine/src/omega/workers/background_researcher/run.py", line 100, in main
    result = await loop.run_cycle()
             ^^^^^^^^^^^^^^^^^^^^^^
  File "/home/arcana-novai/Documents/Xoe-NovAi/omega-engine/src/omega/workers/background_researcher/loop.py", line 268, in run_cycle
    content = await self._extract(task, sources)
              ^^^^^^^^^^^^^^^^^^^^^^^^^^^^^^^^^^
  File "/home/arcana-novai/Documents/Xoe-NovAi/omega-engine/src/omega/workers/background_researcher/loop.py", line 431, in _extract
    result = await self.pipeline.run_source(url)
             ^^^^^^^^^^^^^^^^^^^^^^^^^^^^^^^^^^^
  File "/home/arcana-novai/Documents/Xoe-NovAi/omega-engine/src/omega/ingestion/pipeline.py", line 187, in run_source
    raise TransportError(f"T1 Fast Scrape failed: {t1_res.error}")
omega.ingestion.ingestion_types.TransportError: T1 Fast Scrape failed: Trafilatura failed to fetch URL
2026-07-08 22:07:32 [WARNING] omega.vault.key_vault: Invalid VAULT_MASTER_KEY: [VaultCryptoError] Invalid master key hex: non-hexadecimal number found in fromhex() arg at position 48
2026-07-08 22:07:32 [WARNING] omega.vault.key_vault: No VAULT_MASTER_KEY set — vault is locked. Falling back to environment variables.
2026-07-08 22:07:32 [INFO] omega.memory.fts: FTS5 index initialized at /home/arcana-novai/Documents/Xoe-NovAi/omega-engine/data/memory/fts_memory.db
2026-07-08 22:07:32 [INFO] omega.oracle.pii_masker: pii-shield loaded: 18 PII types, context-aware detection
2026-07-08 22:07:32 [INFO] omega.researcher.run: Starting research cycle...
2026-07-08 22:07:32 [INFO] omega.library.coordinator: Worker registered: researcher
2026-07-08 22:07:32 [INFO] omega.library.coordinator: Worker started: researcher
2026-07-08 22:07:32 [INFO] omega.workers.background_researcher.loop: Starting research cycle cycle_20260709_010732_1
2026-07-08 22:07:33 [INFO] httpx: HTTP Request: GET https://httpbin.org/get "HTTP/1.1 200 OK"
2026-07-08 22:07:33 [INFO] omega.workers.background_researcher.loop: Frontier gap found: 'Phase 1 — Engine Hardening — Memory wiring, handoff protocol, soul atomicity, agent hardening, MCP consolidation research' (p=0.6) from master_ledger
2026-07-08 22:07:33 [INFO] omega.workers.background_researcher.loop: Frontier gap found: 'Phase 2 — Legacy Mining — Extract 12 quick-win assets, port legacy patterns, compile community content research' (p=0.6) from master_ledger
2026-07-08 22:07:33 [INFO] omega.workers.background_researcher.loop: Frontier gap found: 'Phase 3 — Community Tools — Entity Studio CLI → Visual Builder, Stack Builder Wizard, one-click Omega Desktop research' (p=0.6) from master_ledger
2026-07-08 22:07:33 [INFO] omega.workers.background_researcher.loop: Frontier gap found: 'Phase 4 — The Omegaverse — P2P network protocol, WAD registry, cross-instance entity communication, **Godot/id Tech VR bridge**, soul-to-visual mapping (R-24), **shared VR realms (P2P Metropolis)** research' (p=0.6) from master_ledger
2026-07-08 22:07:33 [INFO] omega.workers.background_researcher.loop: Frontier gap found: 'Knowledge base scaffolding for entity cli_cline' (p=0.5) from entity_gap
2026-07-08 22:07:33 [INFO] omega.workers.background_researcher.loop: Frontier growth complete — enqueued 5 topics from 31 candidates
2026-07-08 22:07:33 [INFO] omega.workers.background_researcher.loop: Researching: 'Phase 1 — Engine Hardening — Memory wiring, handoff protocol, soul atomicity, agent hardening, MCP consolidation research' (priority=0.60)
2026-07-08 22:07:33 [WARNING] omega.workers.background_researcher.searxng_client: SearXNG request failed: 
2026-07-08 22:07:33 [WARNING] omega.workers.background_researcher.searxng_client: SearXNG request failed: 
2026-07-08 22:07:33 [INFO] httpx: HTTP Request: POST https://api.exa.ai/search "HTTP/1.1 200 OK"
2026-07-08 22:07:34 [INFO] httpx: HTTP Request: POST https://generativelanguage.googleapis.com/v1beta/models/gemma-4-31b-it:generateContent "HTTP/1.1 200 OK"
2026-07-08 22:07:34 [INFO] omega.ingestion.guards: Sentry Probe SUCCESS for gemma-4-31b-it on attempt 1
2026-07-08 22:07:36 [INFO] urllib3.poolmanager: Redirecting https://blog.vinkius.com/the-agentic-swarm-manifesto-how-vurb-ts-fhp-does-for-mcp-what-kubernetes-did-for-microservices -> https://vinkius.com/blog/the-agentic-swarm-manifesto-how-vurb-ts-fhp-does-for-mcp-what-kubernetes-did-for-microservices
2026-07-08 22:07:37 [ERROR] trafilatura.downloads: not a 200 response: 404 for URL https://blog.vinkius.com/the-agentic-swarm-manifesto-how-vurb-ts-fhp-does-for-mcp-what-kubernetes-did-for-microservices
2026-07-08 22:07:37 [INFO] omega.library.coordinator: Worker stopped: researcher
2026-07-08 22:07:37 [ERROR] omega.researcher.run: Critical failure in research cycle: T1 Fast Scrape failed: Trafilatura failed to fetch URL
Traceback (most recent call last):
  File "/home/arcana-novai/Documents/Xoe-NovAi/omega-engine/src/omega/workers/background_researcher/run.py", line 100, in main
    result = await loop.run_cycle()
             ^^^^^^^^^^^^^^^^^^^^^^
  File "/home/arcana-novai/Documents/Xoe-NovAi/omega-engine/src/omega/workers/background_researcher/loop.py", line 268, in run_cycle
    content = await self._extract(task, sources)
              ^^^^^^^^^^^^^^^^^^^^^^^^^^^^^^^^^^
  File "/home/arcana-novai/Documents/Xoe-NovAi/omega-engine/src/omega/workers/background_researcher/loop.py", line 431, in _extract
    result = await self.pipeline.run_source(url)
             ^^^^^^^^^^^^^^^^^^^^^^^^^^^^^^^^^^^
  File "/home/arcana-novai/Documents/Xoe-NovAi/omega-engine/src/omega/ingestion/pipeline.py", line 187, in run_source
    raise TransportError(f"T1 Fast Scrape failed: {t1_res.error}")
omega.ingestion.ingestion_types.TransportError: T1 Fast Scrape failed: Trafilatura failed to fetch URL
2026-07-09 19:49:41 [WARNING] omega.vault.key_vault: Invalid VAULT_MASTER_KEY: [VaultCryptoError] Invalid master key hex: non-hexadecimal number found in fromhex() arg at position 48
2026-07-09 19:49:41 [WARNING] omega.vault.key_vault: No VAULT_MASTER_KEY set — vault is locked. Falling back to environment variables.
2026-07-09 19:49:41 [WARNING] omega.vault.key_vault: No VAULT_MASTER_KEY set — vault is locked. Falling back to environment variables.
2026-07-09 19:49:41 [WARNING] omega.vault.key_vault: No VAULT_MASTER_KEY set — vault is locked. Falling back to environment variables.
2026-07-09 19:49:41 [INFO] omega.memory.fts: FTS5 index initialized at /home/arcana-novai/Documents/Xoe-NovAi/omega-engine/data/memory/fts_memory.db
2026-07-09 19:49:41 [INFO] omega.oracle.pii_masker: pii-shield loaded: 18 PII types, context-aware detection
2026-07-09 19:49:41 [INFO] omega.researcher.run: Starting research cycle...
2026-07-09 19:49:41 [INFO] omega.library.coordinator: Worker registered: researcher
2026-07-09 19:49:41 [INFO] omega.library.coordinator: Worker started: researcher
2026-07-09 19:49:41 [INFO] omega.workers.background_researcher.loop: Starting research cycle cycle_20260709_224941_1
2026-07-09 19:49:42 [INFO] httpx: HTTP Request: GET https://httpbin.org/get "HTTP/1.1 200 OK"
2026-07-09 19:49:42 [INFO] omega.workers.background_researcher.loop: Frontier gap found: 'Phase 1 — Engine Hardening — Memory wiring, handoff protocol, soul atomicity, agent hardening, MCP consolidation research' (p=0.6) from master_ledger
2026-07-09 19:49:42 [INFO] omega.workers.background_researcher.loop: Frontier gap found: 'Phase 2 — Legacy Mining — Extract 12 quick-win assets, port legacy patterns, compile community content research' (p=0.6) from master_ledger
2026-07-09 19:49:42 [INFO] omega.workers.background_researcher.loop: Frontier gap found: 'Phase 3 — Community Tools — Entity Studio CLI → Visual Builder, Stack Builder Wizard, one-click Omega Desktop research' (p=0.6) from master_ledger
2026-07-09 19:49:42 [INFO] omega.workers.background_researcher.loop: Frontier gap found: 'Phase 4 — The Omegaverse — P2P network protocol, WAD registry, cross-instance entity communication, **Godot/id Tech VR bridge**, soul-to-visual mapping (R-24), **shared VR realms (P2P Metropolis)** research' (p=0.6) from master_ledger
2026-07-09 19:49:42 [INFO] omega.workers.background_researcher.loop: Frontier gap found: 'Knowledge base scaffolding for entity cli_cline' (p=0.5) from entity_gap
2026-07-09 19:49:42 [INFO] omega.workers.background_researcher.loop: Frontier growth complete — enqueued 5 topics from 31 candidates
2026-07-09 19:49:42 [INFO] omega.workers.background_researcher.loop: Researching: 'Phase 1 — Engine Hardening — Memory wiring, handoff protocol, soul atomicity, agent hardening, MCP consolidation research' (priority=0.60)
2026-07-09 19:49:42 [WARNING] omega.workers.background_researcher.searxng_client: SearXNG request failed: 
2026-07-09 19:49:42 [WARNING] omega.workers.background_researcher.searxng_client: SearXNG request failed: 
2026-07-09 19:49:42 [WARNING] omega.vault.key_vault: No VAULT_MASTER_KEY set — vault is locked. Falling back to environment variables.
2026-07-09 19:49:42 [WARNING] omega.workers.background_researcher.search_fleet: EXA_API_KEY not set
2026-07-09 19:49:42 [WARNING] omega.vault.key_vault: No VAULT_MASTER_KEY set — vault is locked. Falling back to environment variables.
2026-07-09 19:49:42 [WARNING] omega.workers.background_researcher.search_fleet: EXA_API_KEY not set
2026-07-09 19:49:42 [INFO] omega.library.coordinator: Worker stopped: researcher
2026-07-09 19:49:42 [INFO] omega.researcher.run: Research cycle complete.
2026-07-09 20:17:01 [WARNING] omega.vault.key_vault: Invalid VAULT_MASTER_KEY: [VaultCryptoError] Invalid master key hex: non-hexadecimal number found in fromhex() arg at position 48
2026-07-09 20:17:01 [WARNING] omega.vault.key_vault: No VAULT_MASTER_KEY set — vault is locked. Falling back to environment variables.
2026-07-09 20:17:01 [WARNING] omega.vault.key_vault: No VAULT_MASTER_KEY set — vault is locked. Falling back to environment variables.
2026-07-09 20:17:01 [WARNING] omega.vault.key_vault: No VAULT_MASTER_KEY set — vault is locked. Falling back to environment variables.
2026-07-09 20:17:01 [INFO] omega.memory.fts: FTS5 index initialized at /home/arcana-novai/Documents/Xoe-NovAi/omega-engine/data/memory/fts_memory.db
2026-07-09 20:17:01 [INFO] omega.oracle.pii_masker: pii-shield loaded: 18 PII types, context-aware detection
2026-07-09 20:17:01 [INFO] omega.researcher.run: Starting research cycle...
2026-07-09 20:17:01 [INFO] omega.library.coordinator: Worker registered: researcher
2026-07-09 20:17:01 [INFO] omega.library.coordinator: Worker started: researcher
2026-07-09 20:17:01 [INFO] omega.workers.background_researcher.loop: Starting research cycle cycle_20260709_231701_1
2026-07-09 20:17:02 [INFO] httpx: HTTP Request: GET https://httpbin.org/get "HTTP/1.1 200 OK"
2026-07-09 20:17:02 [INFO] omega.workers.background_researcher.loop: Frontier gap found: 'Phase 1 — Engine Hardening — Memory wiring, handoff protocol, soul atomicity, agent hardening, MCP consolidation research' (p=0.6) from master_ledger
2026-07-09 20:17:02 [INFO] omega.workers.background_researcher.loop: Frontier gap found: 'Phase 2 — Legacy Mining — Extract 12 quick-win assets, port legacy patterns, compile community content research' (p=0.6) from master_ledger
2026-07-09 20:17:02 [INFO] omega.workers.background_researcher.loop: Frontier gap found: 'Phase 3 — Community Tools — Entity Studio CLI → Visual Builder, Stack Builder Wizard, one-click Omega Desktop research' (p=0.6) from master_ledger
2026-07-09 20:17:02 [INFO] omega.workers.background_researcher.loop: Frontier gap found: 'Phase 4 — The Omegaverse — P2P network protocol, WAD registry, cross-instance entity communication, **Godot/id Tech VR bridge**, soul-to-visual mapping (R-24), **shared VR realms (P2P Metropolis)** research' (p=0.6) from master_ledger
2026-07-09 20:17:02 [INFO] omega.workers.background_researcher.loop: Frontier gap found: 'Knowledge base scaffolding for entity cli_cline' (p=0.5) from entity_gap
2026-07-09 20:17:02 [INFO] omega.workers.background_researcher.loop: Frontier growth complete — enqueued 5 topics from 31 candidates
2026-07-09 20:17:02 [INFO] omega.workers.background_researcher.loop: Researching: 'Phase 1 — Engine Hardening — Memory wiring, handoff protocol, soul atomicity, agent hardening, MCP consolidation research' (priority=0.60)
2026-07-09 20:17:02 [WARNING] omega.workers.background_researcher.searxng_client: SearXNG request failed: 
2026-07-09 20:17:02 [WARNING] omega.workers.background_researcher.searxng_client: SearXNG request failed: 
2026-07-09 20:17:02 [WARNING] omega.vault.key_vault: No VAULT_MASTER_KEY set — vault is locked. Falling back to environment variables.
2026-07-09 20:17:02 [WARNING] omega.workers.background_researcher.search_fleet: EXA_API_KEY not set
2026-07-09 20:17:02 [WARNING] omega.vault.key_vault: No VAULT_MASTER_KEY set — vault is locked. Falling back to environment variables.
2026-07-09 20:17:02 [WARNING] omega.workers.background_researcher.search_fleet: EXA_API_KEY not set
2026-07-09 20:17:02 [INFO] omega.library.coordinator: Worker stopped: researcher
2026-07-09 20:17:02 [INFO] omega.researcher.run: Research cycle complete.
2026-07-09 20:21:45 [WARNING] omega.vault.key_vault: Invalid VAULT_MASTER_KEY: [VaultCryptoError] Invalid master key hex: non-hexadecimal number found in fromhex() arg at position 48
2026-07-09 20:21:45 [WARNING] omega.vault.key_vault: No VAULT_MASTER_KEY set — vault is locked. Falling back to environment variables.
2026-07-09 20:21:45 [WARNING] omega.vault.key_vault: No VAULT_MASTER_KEY set — vault is locked. Falling back to environment variables.
2026-07-09 20:21:45 [WARNING] omega.vault.key_vault: No VAULT_MASTER_KEY set — vault is locked. Falling back to environment variables.
2026-07-09 20:21:45 [INFO] omega.memory.fts: FTS5 index initialized at /home/arcana-novai/Documents/Xoe-NovAi/omega-engine/data/memory/fts_memory.db
2026-07-09 20:21:45 [INFO] omega.oracle.pii_masker: pii-shield loaded: 18 PII types, context-aware detection
2026-07-09 20:21:45 [INFO] omega.researcher.run: Starting research cycle...
2026-07-09 20:21:45 [INFO] omega.library.coordinator: Worker registered: researcher
2026-07-09 20:21:45 [INFO] omega.library.coordinator: Worker started: researcher
2026-07-09 20:21:45 [INFO] omega.workers.background_researcher.loop: Starting research cycle cycle_20260709_232145_1
2026-07-09 20:21:46 [INFO] httpx: HTTP Request: GET https://httpbin.org/get "HTTP/1.1 200 OK"
2026-07-09 20:21:46 [INFO] omega.workers.background_researcher.loop: Frontier gap found: 'Phase 1 — Engine Hardening — Memory wiring, handoff protocol, soul atomicity, agent hardening, MCP consolidation research' (p=0.6) from master_ledger
2026-07-09 20:21:46 [INFO] omega.workers.background_researcher.loop: Frontier gap found: 'Phase 2 — Legacy Mining — Extract 12 quick-win assets, port legacy patterns, compile community content research' (p=0.6) from master_ledger
2026-07-09 20:21:46 [INFO] omega.workers.background_researcher.loop: Frontier gap found: 'Phase 3 — Community Tools — Entity Studio CLI → Visual Builder, Stack Builder Wizard, one-click Omega Desktop research' (p=0.6) from master_ledger
2026-07-09 20:21:46 [INFO] omega.workers.background_researcher.loop: Frontier gap found: 'Phase 4 — The Omegaverse — P2P network protocol, WAD registry, cross-instance entity communication, **Godot/id Tech VR bridge**, soul-to-visual mapping (R-24), **shared VR realms (P2P Metropolis)** research' (p=0.6) from master_ledger
2026-07-09 20:21:46 [INFO] omega.workers.background_researcher.loop: Frontier gap found: 'Knowledge base scaffolding for entity cli_cline' (p=0.5) from entity_gap
2026-07-09 20:21:46 [INFO] omega.workers.background_researcher.loop: Frontier growth complete — enqueued 5 topics from 31 candidates
2026-07-09 20:21:46 [INFO] omega.workers.background_researcher.loop: Researching: 'Phase 1 — Engine Hardening — Memory wiring, handoff protocol, soul atomicity, agent hardening, MCP consolidation research' (priority=0.60)
2026-07-09 20:21:46 [WARNING] omega.workers.background_researcher.searxng_client: SearXNG request failed: 
2026-07-09 20:21:46 [WARNING] omega.workers.background_researcher.searxng_client: SearXNG request failed: 
2026-07-09 20:21:46 [WARNING] omega.vault.key_vault: No VAULT_MASTER_KEY set — vault is locked. Falling back to environment variables.
2026-07-09 20:21:46 [WARNING] omega.workers.background_researcher.search_fleet: EXA_API_KEY not set
2026-07-09 20:21:46 [WARNING] omega.vault.key_vault: No VAULT_MASTER_KEY set — vault is locked. Falling back to environment variables.
2026-07-09 20:21:46 [WARNING] omega.workers.background_researcher.search_fleet: EXA_API_KEY not set
2026-07-09 20:21:46 [INFO] omega.library.coordinator: Worker stopped: researcher
2026-07-09 20:21:46 [INFO] omega.researcher.run: Research cycle complete.
2026-07-09 20:41:44 [WARNING] omega.vault.key_vault: Invalid VAULT_MASTER_KEY: [VaultCryptoError] Invalid master key hex: non-hexadecimal number found in fromhex() arg at position 48
2026-07-09 20:41:44 [WARNING] omega.vault.key_vault: No VAULT_MASTER_KEY set — vault is locked. Falling back to environment variables.
2026-07-09 20:41:44 [WARNING] omega.vault.key_vault: No VAULT_MASTER_KEY set — vault is locked. Falling back to environment variables.
2026-07-09 20:41:44 [WARNING] omega.vault.key_vault: No VAULT_MASTER_KEY set — vault is locked. Falling back to environment variables.
2026-07-09 20:41:44 [INFO] omega.memory.fts: FTS5 index initialized at /home/arcana-novai/Documents/Xoe-NovAi/omega-engine/data/memory/fts_memory.db
2026-07-09 20:41:44 [INFO] omega.oracle.pii_masker: pii-shield loaded: 18 PII types, context-aware detection
2026-07-09 20:41:44 [INFO] omega.researcher.run: Starting research cycle...
2026-07-09 20:41:44 [INFO] omega.library.coordinator: Worker registered: researcher
2026-07-09 20:41:44 [INFO] omega.library.coordinator: Worker started: researcher
2026-07-09 20:41:44 [INFO] omega.workers.background_researcher.loop: Starting research cycle cycle_20260709_234144_1
2026-07-09 20:41:45 [INFO] httpx: HTTP Request: GET https://httpbin.org/get "HTTP/1.1 200 OK"
2026-07-09 20:41:45 [INFO] omega.workers.background_researcher.loop: Frontier gap found: 'Phase 1 — Engine Hardening — Memory wiring, handoff protocol, soul atomicity, agent hardening, MCP consolidation research' (p=0.6) from master_ledger
2026-07-09 20:41:45 [INFO] omega.workers.background_researcher.loop: Frontier gap found: 'Phase 2 — Legacy Mining — Extract 12 quick-win assets, port legacy patterns, compile community content research' (p=0.6) from master_ledger
2026-07-09 20:41:45 [INFO] omega.workers.background_researcher.loop: Frontier gap found: 'Phase 3 — Community Tools — Entity Studio CLI → Visual Builder, Stack Builder Wizard, one-click Omega Desktop research' (p=0.6) from master_ledger
2026-07-09 20:41:45 [INFO] omega.workers.background_researcher.loop: Frontier gap found: 'Phase 4 — The Omegaverse — P2P network protocol, WAD registry, cross-instance entity communication, **Godot/id Tech VR bridge**, soul-to-visual mapping (R-24), **shared VR realms (P2P Metropolis)** research' (p=0.6) from master_ledger
2026-07-09 20:41:45 [INFO] omega.workers.background_researcher.loop: Frontier gap found: 'Knowledge base scaffolding for entity cli_cline' (p=0.5) from entity_gap
2026-07-09 20:41:45 [INFO] omega.workers.background_researcher.loop: Frontier growth complete — enqueued 5 topics from 31 candidates
2026-07-09 20:41:45 [INFO] omega.workers.background_researcher.loop: Researching: 'Phase 1 — Engine Hardening — Memory wiring, handoff protocol, soul atomicity, agent hardening, MCP consolidation research' (priority=0.60)
2026-07-09 20:41:45 [WARNING] omega.workers.background_researcher.searxng_client: SearXNG request failed: 
2026-07-09 20:41:45 [WARNING] omega.workers.background_researcher.searxng_client: SearXNG request failed: 
2026-07-09 20:41:45 [WARNING] omega.vault.key_vault: No VAULT_MASTER_KEY set — vault is locked. Falling back to environment variables.
2026-07-09 20:41:45 [WARNING] omega.workers.background_researcher.search_fleet: EXA_API_KEY not set
2026-07-09 20:41:45 [WARNING] omega.vault.key_vault: No VAULT_MASTER_KEY set — vault is locked. Falling back to environment variables.
2026-07-09 20:41:45 [WARNING] omega.workers.background_researcher.search_fleet: EXA_API_KEY not set
2026-07-09 20:41:46 [INFO] omega.library.coordinator: Worker stopped: researcher
2026-07-09 20:41:46 [INFO] omega.researcher.run: Research cycle complete.
2026-07-09 21:01:44 [WARNING] omega.vault.key_vault: Invalid VAULT_MASTER_KEY: [VaultCryptoError] Invalid master key hex: non-hexadecimal number found in fromhex() arg at position 48
2026-07-09 21:01:44 [WARNING] omega.vault.key_vault: No VAULT_MASTER_KEY set — vault is locked. Falling back to environment variables.
2026-07-09 21:01:44 [WARNING] omega.vault.key_vault: No VAULT_MASTER_KEY set — vault is locked. Falling back to environment variables.
2026-07-09 21:01:44 [WARNING] omega.vault.key_vault: No VAULT_MASTER_KEY set — vault is locked. Falling back to environment variables.
2026-07-09 21:01:44 [INFO] omega.memory.fts: FTS5 index initialized at /home/arcana-novai/Documents/Xoe-NovAi/omega-engine/data/memory/fts_memory.db
2026-07-09 21:01:44 [INFO] omega.oracle.pii_masker: pii-shield loaded: 18 PII types, context-aware detection
2026-07-09 21:01:44 [INFO] omega.researcher.run: Starting research cycle...
2026-07-09 21:01:44 [INFO] omega.library.coordinator: Worker registered: researcher
2026-07-09 21:01:44 [INFO] omega.library.coordinator: Worker started: researcher
2026-07-09 21:01:44 [INFO] omega.workers.background_researcher.loop: Starting research cycle cycle_20260710_000144_1
2026-07-09 21:01:45 [INFO] httpx: HTTP Request: GET https://httpbin.org/get "HTTP/1.1 200 OK"
2026-07-09 21:01:45 [INFO] omega.workers.background_researcher.loop: Frontier gap found: 'Phase 1 — Engine Hardening — Memory wiring, handoff protocol, soul atomicity, agent hardening, MCP consolidation research' (p=0.6) from master_ledger
2026-07-09 21:01:45 [INFO] omega.workers.background_researcher.loop: Frontier gap found: 'Phase 2 — Legacy Mining — Extract 12 quick-win assets, port legacy patterns, compile community content research' (p=0.6) from master_ledger
2026-07-09 21:01:45 [INFO] omega.workers.background_researcher.loop: Frontier gap found: 'Phase 3 — Community Tools — Entity Studio CLI → Visual Builder, Stack Builder Wizard, one-click Omega Desktop research' (p=0.6) from master_ledger
2026-07-09 21:01:45 [INFO] omega.workers.background_researcher.loop: Frontier gap found: 'Phase 4 — The Omegaverse — P2P network protocol, WAD registry, cross-instance entity communication, **Godot/id Tech VR bridge**, soul-to-visual mapping (R-24), **shared VR realms (P2P Metropolis)** research' (p=0.6) from master_ledger
2026-07-09 21:01:45 [INFO] omega.workers.background_researcher.loop: Frontier gap found: 'Knowledge base scaffolding for entity cli_cline' (p=0.5) from entity_gap
2026-07-09 21:01:45 [INFO] omega.workers.background_researcher.loop: Frontier growth complete — enqueued 5 topics from 31 candidates
2026-07-09 21:01:45 [INFO] omega.workers.background_researcher.loop: Researching: 'Phase 1 — Engine Hardening — Memory wiring, handoff protocol, soul atomicity, agent hardening, MCP consolidation research' (priority=0.60)
2026-07-09 21:01:45 [WARNING] omega.workers.background_researcher.searxng_client: SearXNG request failed: 
2026-07-09 21:01:45 [WARNING] omega.workers.background_researcher.searxng_client: SearXNG request failed: 
2026-07-09 21:01:45 [WARNING] omega.vault.key_vault: No VAULT_MASTER_KEY set — vault is locked. Falling back to environment variables.
2026-07-09 21:01:45 [WARNING] omega.workers.background_researcher.search_fleet: EXA_API_KEY not set
2026-07-09 21:01:45 [WARNING] omega.vault.key_vault: No VAULT_MASTER_KEY set — vault is locked. Falling back to environment variables.
2026-07-09 21:01:45 [WARNING] omega.workers.background_researcher.search_fleet: EXA_API_KEY not set
2026-07-09 21:01:45 [INFO] omega.library.coordinator: Worker stopped: researcher
2026-07-09 21:01:45 [INFO] omega.researcher.run: Research cycle complete.
2026-07-09 21:21:45 [WARNING] omega.vault.key_vault: Invalid VAULT_MASTER_KEY: [VaultCryptoError] Invalid master key hex: non-hexadecimal number found in fromhex() arg at position 48
2026-07-09 21:21:45 [WARNING] omega.vault.key_vault: No VAULT_MASTER_KEY set — vault is locked. Falling back to environment variables.
2026-07-09 21:21:45 [WARNING] omega.vault.key_vault: No VAULT_MASTER_KEY set — vault is locked. Falling back to environment variables.
2026-07-09 21:21:45 [WARNING] omega.vault.key_vault: No VAULT_MASTER_KEY set — vault is locked. Falling back to environment variables.
2026-07-09 21:21:45 [INFO] omega.memory.fts: FTS5 index initialized at /home/arcana-novai/Documents/Xoe-NovAi/omega-engine/data/memory/fts_memory.db
2026-07-09 21:21:45 [INFO] omega.oracle.pii_masker: pii-shield loaded: 18 PII types, context-aware detection
2026-07-09 21:21:45 [INFO] omega.researcher.run: Starting research cycle...
2026-07-09 21:21:45 [INFO] omega.library.coordinator: Worker registered: researcher
2026-07-09 21:21:45 [INFO] omega.library.coordinator: Worker started: researcher
2026-07-09 21:21:45 [INFO] omega.workers.background_researcher.loop: Starting research cycle cycle_20260710_002145_1
2026-07-09 21:21:46 [INFO] httpx: HTTP Request: GET https://httpbin.org/get "HTTP/1.1 200 OK"
2026-07-09 21:21:46 [INFO] omega.workers.background_researcher.loop: Frontier gap found: 'Phase 1 — Engine Hardening — Memory wiring, handoff protocol, soul atomicity, agent hardening, MCP consolidation research' (p=0.6) from master_ledger
2026-07-09 21:21:46 [INFO] omega.workers.background_researcher.loop: Frontier gap found: 'Phase 2 — Legacy Mining — Extract 12 quick-win assets, port legacy patterns, compile community content research' (p=0.6) from master_ledger
2026-07-09 21:21:46 [INFO] omega.workers.background_researcher.loop: Frontier gap found: 'Phase 3 — Community Tools — Entity Studio CLI → Visual Builder, Stack Builder Wizard, one-click Omega Desktop research' (p=0.6) from master_ledger
2026-07-09 21:21:46 [INFO] omega.workers.background_researcher.loop: Frontier gap found: 'Phase 4 — The Omegaverse — P2P network protocol, WAD registry, cross-instance entity communication, **Godot/id Tech VR bridge**, soul-to-visual mapping (R-24), **shared VR realms (P2P Metropolis)** research' (p=0.6) from master_ledger
2026-07-09 21:21:46 [INFO] omega.workers.background_researcher.loop: Frontier gap found: 'Knowledge base scaffolding for entity cli_cline' (p=0.5) from entity_gap
2026-07-09 21:21:46 [INFO] omega.workers.background_researcher.loop: Frontier growth complete — enqueued 5 topics from 30 candidates
2026-07-09 21:21:46 [INFO] omega.workers.background_researcher.loop: Researching: 'Phase 1 — Engine Hardening — Memory wiring, handoff protocol, soul atomicity, agent hardening, MCP consolidation research' (priority=0.60)
2026-07-09 21:21:46 [WARNING] omega.workers.background_researcher.searxng_client: SearXNG request failed: 
2026-07-09 21:21:46 [WARNING] omega.workers.background_researcher.searxng_client: SearXNG request failed: 
2026-07-09 21:21:46 [WARNING] omega.vault.key_vault: No VAULT_MASTER_KEY set — vault is locked. Falling back to environment variables.
2026-07-09 21:21:46 [WARNING] omega.workers.background_researcher.search_fleet: EXA_API_KEY not set
2026-07-09 21:21:46 [WARNING] omega.vault.key_vault: No VAULT_MASTER_KEY set — vault is locked. Falling back to environment variables.
2026-07-09 21:21:46 [WARNING] omega.workers.background_researcher.search_fleet: EXA_API_KEY not set
2026-07-09 21:21:46 [INFO] omega.library.coordinator: Worker stopped: researcher
2026-07-09 21:21:46 [INFO] omega.researcher.run: Research cycle complete.
2026-07-09 21:41:46 [WARNING] omega.vault.key_vault: Invalid VAULT_MASTER_KEY: [VaultCryptoError] Invalid master key hex: non-hexadecimal number found in fromhex() arg at position 48
2026-07-09 21:41:46 [WARNING] omega.vault.key_vault: No VAULT_MASTER_KEY set — vault is locked. Falling back to environment variables.
2026-07-09 21:41:46 [WARNING] omega.vault.key_vault: No VAULT_MASTER_KEY set — vault is locked. Falling back to environment variables.
2026-07-09 21:41:46 [WARNING] omega.vault.key_vault: No VAULT_MASTER_KEY set — vault is locked. Falling back to environment variables.
2026-07-09 21:41:46 [INFO] omega.memory.fts: FTS5 index initialized at /home/arcana-novai/Documents/Xoe-NovAi/omega-engine/data/memory/fts_memory.db
2026-07-09 21:41:46 [INFO] omega.oracle.pii_masker: pii-shield loaded: 18 PII types, context-aware detection
2026-07-09 21:41:46 [INFO] omega.researcher.run: Starting research cycle...
2026-07-09 21:41:46 [INFO] omega.library.coordinator: Worker registered: researcher
2026-07-09 21:41:46 [INFO] omega.library.coordinator: Worker started: researcher
2026-07-09 21:41:46 [INFO] omega.workers.background_researcher.loop: Starting research cycle cycle_20260710_004146_1
2026-07-09 21:41:47 [INFO] httpx: HTTP Request: GET https://httpbin.org/get "HTTP/1.1 200 OK"
2026-07-09 21:41:47 [INFO] omega.workers.background_researcher.loop: Frontier gap found: 'Phase 1 — Engine Hardening — Memory wiring, handoff protocol, soul atomicity, agent hardening, MCP consolidation research' (p=0.6) from master_ledger
2026-07-09 21:41:47 [INFO] omega.workers.background_researcher.loop: Frontier gap found: 'Phase 2 — Legacy Mining — Extract 12 quick-win assets, port legacy patterns, compile community content research' (p=0.6) from master_ledger
2026-07-09 21:41:47 [INFO] omega.workers.background_researcher.loop: Frontier gap found: 'Phase 3 — Community Tools — Entity Studio CLI → Visual Builder, Stack Builder Wizard, one-click Omega Desktop research' (p=0.6) from master_ledger
2026-07-09 21:41:47 [INFO] omega.workers.background_researcher.loop: Frontier gap found: 'Phase 4 — The Omegaverse — P2P network protocol, WAD registry, cross-instance entity communication, **Godot/id Tech VR bridge**, soul-to-visual mapping (R-24), **shared VR realms (P2P Metropolis)** research' (p=0.6) from master_ledger
2026-07-09 21:41:47 [INFO] omega.workers.background_researcher.loop: Frontier gap found: 'Knowledge base scaffolding for entity cli_cline' (p=0.5) from entity_gap
2026-07-09 21:41:47 [INFO] omega.workers.background_researcher.loop: Frontier growth complete — enqueued 5 topics from 30 candidates
2026-07-09 21:41:47 [INFO] omega.workers.background_researcher.loop: Researching: 'Phase 1 — Engine Hardening — Memory wiring, handoff protocol, soul atomicity, agent hardening, MCP consolidation research' (priority=0.60)
2026-07-09 21:41:47 [WARNING] omega.workers.background_researcher.searxng_client: SearXNG request failed: 
2026-07-09 21:41:47 [WARNING] omega.workers.background_researcher.searxng_client: SearXNG request failed: 
2026-07-09 21:41:47 [WARNING] omega.vault.key_vault: No VAULT_MASTER_KEY set — vault is locked. Falling back to environment variables.
2026-07-09 21:41:47 [WARNING] omega.workers.background_researcher.search_fleet: EXA_API_KEY not set
2026-07-09 21:41:47 [WARNING] omega.vault.key_vault: No VAULT_MASTER_KEY set — vault is locked. Falling back to environment variables.
2026-07-09 21:41:47 [WARNING] omega.workers.background_researcher.search_fleet: EXA_API_KEY not set
2026-07-09 21:41:47 [INFO] omega.library.coordinator: Worker stopped: researcher
2026-07-09 21:41:47 [INFO] omega.researcher.run: Research cycle complete.
2026-07-09 22:01:46 [WARNING] omega.vault.key_vault: Invalid VAULT_MASTER_KEY: [VaultCryptoError] Invalid master key hex: non-hexadecimal number found in fromhex() arg at position 48
2026-07-09 22:01:46 [WARNING] omega.vault.key_vault: No VAULT_MASTER_KEY set — vault is locked. Falling back to environment variables.
2026-07-09 22:01:46 [WARNING] omega.vault.key_vault: No VAULT_MASTER_KEY set — vault is locked. Falling back to environment variables.
2026-07-09 22:01:46 [WARNING] omega.vault.key_vault: No VAULT_MASTER_KEY set — vault is locked. Falling back to environment variables.
2026-07-09 22:01:46 [INFO] omega.memory.fts: FTS5 index initialized at /home/arcana-novai/Documents/Xoe-NovAi/omega-engine/data/memory/fts_memory.db
2026-07-09 22:01:46 [INFO] omega.oracle.pii_masker: pii-shield loaded: 18 PII types, context-aware detection
2026-07-09 22:01:46 [INFO] omega.researcher.run: Starting research cycle...
2026-07-09 22:01:46 [INFO] omega.library.coordinator: Worker registered: researcher
2026-07-09 22:01:46 [INFO] omega.library.coordinator: Worker started: researcher
2026-07-09 22:01:46 [INFO] omega.workers.background_researcher.loop: Starting research cycle cycle_20260710_010146_1
2026-07-09 22:01:46 [INFO] httpx: HTTP Request: GET https://httpbin.org/get "HTTP/1.1 200 OK"
2026-07-09 22:01:46 [INFO] omega.workers.background_researcher.loop: Frontier gap found: 'Phase 1 — Engine Hardening — Memory wiring, handoff protocol, soul atomicity, agent hardening, MCP consolidation research' (p=0.6) from master_ledger
2026-07-09 22:01:46 [INFO] omega.workers.background_researcher.loop: Frontier gap found: 'Phase 2 — Legacy Mining — Extract 12 quick-win assets, port legacy patterns, compile community content research' (p=0.6) from master_ledger
2026-07-09 22:01:46 [INFO] omega.workers.background_researcher.loop: Frontier gap found: 'Phase 3 — Community Tools — Entity Studio CLI → Visual Builder, Stack Builder Wizard, one-click Omega Desktop research' (p=0.6) from master_ledger
2026-07-09 22:01:46 [INFO] omega.workers.background_researcher.loop: Frontier gap found: 'Phase 4 — The Omegaverse — P2P network protocol, WAD registry, cross-instance entity communication, **Godot/id Tech VR bridge**, soul-to-visual mapping (R-24), **shared VR realms (P2P Metropolis)** research' (p=0.6) from master_ledger
2026-07-09 22:01:46 [INFO] omega.workers.background_researcher.loop: Frontier gap found: 'Knowledge base scaffolding for entity cli_cline' (p=0.5) from entity_gap
2026-07-09 22:01:46 [INFO] omega.workers.background_researcher.loop: Frontier growth complete — enqueued 5 topics from 30 candidates
2026-07-09 22:01:46 [INFO] omega.workers.background_researcher.loop: Researching: 'Phase 1 — Engine Hardening — Memory wiring, handoff protocol, soul atomicity, agent hardening, MCP consolidation research' (priority=0.60)
2026-07-09 22:01:46 [WARNING] omega.workers.background_researcher.searxng_client: SearXNG request failed: 
2026-07-09 22:01:46 [WARNING] omega.workers.background_researcher.searxng_client: SearXNG request failed: 
2026-07-09 22:01:46 [WARNING] omega.vault.key_vault: No VAULT_MASTER_KEY set — vault is locked. Falling back to environment variables.
2026-07-09 22:01:46 [WARNING] omega.workers.background_researcher.search_fleet: EXA_API_KEY not set
2026-07-09 22:01:46 [WARNING] omega.vault.key_vault: No VAULT_MASTER_KEY set — vault is locked. Falling back to environment variables.
2026-07-09 22:01:46 [WARNING] omega.workers.background_researcher.search_fleet: EXA_API_KEY not set
2026-07-09 22:01:46 [INFO] omega.library.coordinator: Worker stopped: researcher
2026-07-09 22:01:46 [INFO] omega.researcher.run: Research cycle complete.
Traceback (most recent call last):
  File "<frozen runpy>", line 198, in _run_module_as_main
  File "<frozen runpy>", line 88, in _run_code
  File "/home/arcana-novai/Documents/Xoe-NovAi/omega-engine/src/omega/workers/background_researcher/run.py", line 109, in <module>
    anyio.run(main)
    ~~~~~~~~~^^^^^^
  File "/home/arcana-novai/Documents/Xoe-NovAi/omega-engine/.venv/lib/python3.13/site-packages/anyio/_core/_eventloop.py", line 77, in run
    return async_backend.run(func, args, {}, backend_options)
           ~~~~~~~~~~~~~~~~~^^^^^^^^^^^^^^^^^^^^^^^^^^^^^^^^^
  File "/home/arcana-novai/Documents/Xoe-NovAi/omega-engine/.venv/lib/python3.13/site-packages/anyio/_backends/_asyncio.py", line 2358, in run
    return runner.run(wrapper())
           ~~~~~~~~~~^^^^^^^^^^^
  File "/usr/lib/python3.13/asyncio/runners.py", line 118, in run
    return self._loop.run_until_complete(task)
           ~~~~~~~~~~~~~~~~~~~~~~~~~~~~~^^^^^^
  File "/usr/lib/python3.13/asyncio/base_events.py", line 725, in run_until_complete
    return future.result()
           ~~~~~~~~~~~~~^^
  File "/home/arcana-novai/Documents/Xoe-NovAi/omega-engine/.venv/lib/python3.13/site-packages/anyio/_backends/_asyncio.py", line 2341, in wrapper
    return await func(*args)
           ^^^^^^^^^^^^^^^^^
  File "/home/arcana-novai/Documents/Xoe-NovAi/omega-engine/src/omega/workers/background_researcher/run.py", line 86, in main
    loop = BackgroundResearcherLoop()
  File "/home/arcana-novai/Documents/Xoe-NovAi/omega-engine/src/omega/workers/background_researcher/loop.py", line 75, in __init__
    self.distiller = Distiller(model_gateway, budget=self.budget)
                     ~~~~~~~~~^^^^^^^^^^^^^^^^^^^^^^^^^^^^^^^^^^^
  File "/home/arcana-novai/Documents/Xoe-NovAi/omega-engine/src/omega/workers/background_researcher/distiller.py", line 854, in __init__
    self.t2 = T2Backend()
              ~~~~~~~~~^^
  File "/home/arcana-novai/Documents/Xoe-NovAi/omega-engine/src/omega/workers/background_researcher/distiller.py", line 353, in __init__
    self.google_api_key = self._resolve_key("google", "GOOGLE_API_KEY")
                          ~~~~~~~~~~~~~~~~~^^^^^^^^^^^^^^^^^^^^^^^^^^^^
  File "/home/arcana-novai/Documents/Xoe-NovAi/omega-engine/src/omega/workers/background_researcher/distiller.py", line 344, in _resolve_key
    return KeyVault().resolve(provider)
           ~~~~~~~~^^
  File "/home/arcana-novai/Documents/Xoe-NovAi/omega-engine/src/omega/vault/key_vault.py", line 126, in __init__
    self._load()
    ~~~~~~~~~~^^
  File "/home/arcana-novai/Documents/Xoe-NovAi/omega-engine/src/omega/vault/key_vault.py", line 327, in _load
    plaintext = decrypt(encrypted, self._master_key)
  File "/home/arcana-novai/Documents/Xoe-NovAi/omega-engine/src/omega/vault/crypto.py", line 164, in decrypt
    plaintext = aesgcm.decrypt(nonce, ciphertext, None)
cryptography.exceptions.InvalidTag
Traceback (most recent call last):
  File "<frozen runpy>", line 198, in _run_module_as_main
  File "<frozen runpy>", line 88, in _run_code
  File "/home/arcana-novai/Documents/Xoe-NovAi/omega-engine/src/omega/workers/background_researcher/run.py", line 109, in <module>
    anyio.run(main)
    ~~~~~~~~~^^^^^^
  File "/home/arcana-novai/Documents/Xoe-NovAi/omega-engine/.venv/lib/python3.13/site-packages/anyio/_core/_eventloop.py", line 77, in run
    return async_backend.run(func, args, {}, backend_options)
           ~~~~~~~~~~~~~~~~~^^^^^^^^^^^^^^^^^^^^^^^^^^^^^^^^^
  File "/home/arcana-novai/Documents/Xoe-NovAi/omega-engine/.venv/lib/python3.13/site-packages/anyio/_backends/_asyncio.py", line 2358, in run
    return runner.run(wrapper())
           ~~~~~~~~~~^^^^^^^^^^^
  File "/usr/lib/python3.13/asyncio/runners.py", line 118, in run
    return self._loop.run_until_complete(task)
           ~~~~~~~~~~~~~~~~~~~~~~~~~~~~~^^^^^^
  File "/usr/lib/python3.13/asyncio/base_events.py", line 725, in run_until_complete
    return future.result()
           ~~~~~~~~~~~~~^^
  File "/home/arcana-novai/Documents/Xoe-NovAi/omega-engine/.venv/lib/python3.13/site-packages/anyio/_backends/_asyncio.py", line 2341, in wrapper
    return await func(*args)
           ^^^^^^^^^^^^^^^^^
  File "/home/arcana-novai/Documents/Xoe-NovAi/omega-engine/src/omega/workers/background_researcher/run.py", line 86, in main
    loop = BackgroundResearcherLoop()
  File "/home/arcana-novai/Documents/Xoe-NovAi/omega-engine/src/omega/workers/background_researcher/loop.py", line 75, in __init__
    self.distiller = Distiller(model_gateway, budget=self.budget)
                     ~~~~~~~~~^^^^^^^^^^^^^^^^^^^^^^^^^^^^^^^^^^^
  File "/home/arcana-novai/Documents/Xoe-NovAi/omega-engine/src/omega/workers/background_researcher/distiller.py", line 854, in __init__
    self.t2 = T2Backend()
              ~~~~~~~~~^^
  File "/home/arcana-novai/Documents/Xoe-NovAi/omega-engine/src/omega/workers/background_researcher/distiller.py", line 353, in __init__
    self.google_api_key = self._resolve_key("google", "GOOGLE_API_KEY")
                          ~~~~~~~~~~~~~~~~~^^^^^^^^^^^^^^^^^^^^^^^^^^^^
  File "/home/arcana-novai/Documents/Xoe-NovAi/omega-engine/src/omega/workers/background_researcher/distiller.py", line 344, in _resolve_key
    return KeyVault().resolve(provider)
           ~~~~~~~~^^
  File "/home/arcana-novai/Documents/Xoe-NovAi/omega-engine/src/omega/vault/key_vault.py", line 126, in __init__
    self._load()
    ~~~~~~~~~~^^
  File "/home/arcana-novai/Documents/Xoe-NovAi/omega-engine/src/omega/vault/key_vault.py", line 327, in _load
    plaintext = decrypt(encrypted, self._master_key)
  File "/home/arcana-novai/Documents/Xoe-NovAi/omega-engine/src/omega/vault/crypto.py", line 164, in decrypt
    plaintext = aesgcm.decrypt(nonce, ciphertext, None)
cryptography.exceptions.InvalidTag
2026-07-09 22:22:51 [INFO] omega.vault.key_vault: No vault found — auto-initializing from environment variables
2026-07-09 22:22:51 [INFO] omega.vault.key_vault: No API keys found in environment — vault remains empty
2026-07-09 22:22:51 [INFO] omega.memory.fts: FTS5 index initialized at /home/arcana-novai/Documents/Xoe-NovAi/omega-engine/data/memory/fts_memory.db
2026-07-09 22:22:51 [INFO] omega.oracle.pii_masker: pii-shield loaded: 18 PII types, context-aware detection
2026-07-09 22:22:51 [INFO] omega.researcher.run: Starting research cycle...
2026-07-09 22:22:51 [INFO] omega.library.coordinator: Worker registered: researcher
2026-07-09 22:22:51 [INFO] omega.library.coordinator: Worker started: researcher
2026-07-09 22:22:51 [INFO] omega.workers.background_researcher.loop: Starting research cycle cycle_20260710_012251_1
2026-07-09 22:22:51 [INFO] httpx: HTTP Request: GET https://httpbin.org/get "HTTP/1.1 200 OK"
2026-07-09 22:22:51 [INFO] omega.workers.background_researcher.loop: Frontier gap found: 'Phase 1 — Engine Hardening — Memory wiring, handoff protocol, soul atomicity, agent hardening, MCP consolidation research' (p=0.6) from master_ledger
2026-07-09 22:22:51 [INFO] omega.workers.background_researcher.loop: Frontier gap found: 'Phase 2 — Legacy Mining — Extract 12 quick-win assets, port legacy patterns, compile community content research' (p=0.6) from master_ledger
2026-07-09 22:22:51 [INFO] omega.workers.background_researcher.loop: Frontier gap found: 'Phase 3 — Community Tools — Entity Studio CLI → Visual Builder, Stack Builder Wizard, one-click Omega Desktop research' (p=0.6) from master_ledger
2026-07-09 22:22:51 [INFO] omega.workers.background_researcher.loop: Frontier gap found: 'Phase 4 — The Omegaverse — P2P network protocol, WAD registry, cross-instance entity communication, **Godot/id Tech VR bridge**, soul-to-visual mapping (R-24), **shared VR realms (P2P Metropolis)** research' (p=0.6) from master_ledger
2026-07-09 22:22:51 [INFO] omega.workers.background_researcher.loop: Frontier gap found: 'Knowledge base scaffolding for entity cli_cline' (p=0.5) from entity_gap
2026-07-09 22:22:51 [INFO] omega.workers.background_researcher.loop: Frontier growth complete — enqueued 5 topics from 30 candidates
2026-07-09 22:22:51 [INFO] omega.workers.background_researcher.loop: Researching: 'Phase 1 — Engine Hardening — Memory wiring, handoff protocol, soul atomicity, agent hardening, MCP consolidation research' (priority=0.60)
2026-07-09 22:22:51 [WARNING] omega.workers.background_researcher.searxng_client: SearXNG request failed: 
2026-07-09 22:22:51 [WARNING] omega.workers.background_researcher.searxng_client: SearXNG request failed: 
2026-07-09 22:22:51 [WARNING] omega.workers.background_researcher.search_fleet: EXA_API_KEY not set
2026-07-09 22:22:51 [WARNING] omega.workers.background_researcher.search_fleet: EXA_API_KEY not set
2026-07-09 22:22:51 [INFO] omega.library.coordinator: Worker stopped: researcher
2026-07-09 22:22:51 [INFO] omega.researcher.run: Research cycle complete.
2026-07-09 22:42:21 [INFO] omega.vault.key_vault: Vault loaded: 1 providers, 1 keys total
2026-07-09 22:42:21 [INFO] omega.memory.fts: FTS5 index initialized at /home/arcana-novai/Documents/Xoe-NovAi/omega-engine/data/memory/fts_memory.db
2026-07-09 22:42:21 [INFO] omega.oracle.pii_masker: pii-shield loaded: 18 PII types, context-aware detection
2026-07-09 22:42:21 [INFO] omega.researcher.run: Starting research cycle...
2026-07-09 22:42:21 [INFO] omega.library.coordinator: Worker registered: researcher
2026-07-09 22:42:21 [INFO] omega.library.coordinator: Worker started: researcher
2026-07-09 22:42:21 [INFO] omega.workers.background_researcher.loop: Starting research cycle cycle_20260710_014221_1
2026-07-09 22:42:24 [INFO] httpx: HTTP Request: GET https://httpbin.org/get "HTTP/1.1 200 OK"
2026-07-09 22:42:24 [INFO] omega.workers.background_researcher.loop: Frontier gap found: 'Phase 1 — Engine Hardening — Memory wiring, handoff protocol, soul atomicity, agent hardening, MCP consolidation research' (p=0.6) from master_ledger
2026-07-09 22:42:24 [INFO] omega.workers.background_researcher.loop: Frontier gap found: 'Phase 2 — Legacy Mining — Extract 12 quick-win assets, port legacy patterns, compile community content research' (p=0.6) from master_ledger
2026-07-09 22:42:24 [INFO] omega.workers.background_researcher.loop: Frontier gap found: 'Phase 3 — Community Tools — Entity Studio CLI → Visual Builder, Stack Builder Wizard, one-click Omega Desktop research' (p=0.6) from master_ledger
2026-07-09 22:42:24 [INFO] omega.workers.background_researcher.loop: Frontier gap found: 'Phase 4 — The Omegaverse — P2P network protocol, WAD registry, cross-instance entity communication, **Godot/id Tech VR bridge**, soul-to-visual mapping (R-24), **shared VR realms (P2P Metropolis)** research' (p=0.6) from master_ledger
2026-07-09 22:42:24 [INFO] omega.workers.background_researcher.loop: Frontier gap found: 'Knowledge base scaffolding for entity cli_cline' (p=0.5) from entity_gap
2026-07-09 22:42:24 [INFO] omega.workers.background_researcher.loop: Frontier growth complete — enqueued 5 topics from 30 candidates
2026-07-09 22:42:24 [INFO] omega.workers.background_researcher.loop: Researching: 'Phase 1 — Engine Hardening — Memory wiring, handoff protocol, soul atomicity, agent hardening, MCP consolidation research' (priority=0.60)
2026-07-09 22:42:24 [WARNING] omega.workers.background_researcher.searxng_client: SearXNG request failed: 
2026-07-09 22:42:24 [WARNING] omega.workers.background_researcher.searxng_client: SearXNG request failed: 
2026-07-09 22:42:24 [WARNING] omega.workers.background_researcher.search_fleet: EXA_API_KEY not set
2026-07-09 22:42:24 [WARNING] omega.workers.background_researcher.search_fleet: EXA_API_KEY not set
2026-07-09 22:42:24 [INFO] omega.library.coordinator: Worker stopped: researcher
2026-07-09 22:42:24 [INFO] omega.researcher.run: Research cycle complete.
2026-07-09 23:02:21 [INFO] omega.vault.key_vault: Vault loaded: 1 providers, 1 keys total
2026-07-09 23:02:21 [INFO] omega.memory.fts: FTS5 index initialized at /home/arcana-novai/Documents/Xoe-NovAi/omega-engine/data/memory/fts_memory.db
2026-07-09 23:02:21 [INFO] omega.oracle.pii_masker: pii-shield loaded: 18 PII types, context-aware detection
2026-07-09 23:02:21 [INFO] omega.researcher.run: Starting research cycle...
2026-07-09 23:02:21 [INFO] omega.library.coordinator: Worker registered: researcher
2026-07-09 23:02:21 [INFO] omega.library.coordinator: Worker started: researcher
2026-07-09 23:02:21 [INFO] omega.workers.background_researcher.loop: Starting research cycle cycle_20260710_020221_1
2026-07-09 23:02:23 [INFO] httpx: HTTP Request: GET https://httpbin.org/get "HTTP/1.1 200 OK"
2026-07-09 23:02:23 [INFO] omega.workers.background_researcher.loop: Frontier gap found: 'Phase 1 — Engine Hardening — Memory wiring, handoff protocol, soul atomicity, agent hardening, MCP consolidation research' (p=0.6) from master_ledger
2026-07-09 23:02:23 [INFO] omega.workers.background_researcher.loop: Frontier gap found: 'Phase 2 — Legacy Mining — Extract 12 quick-win assets, port legacy patterns, compile community content research' (p=0.6) from master_ledger
2026-07-09 23:02:23 [INFO] omega.workers.background_researcher.loop: Frontier gap found: 'Phase 3 — Community Tools — Entity Studio CLI → Visual Builder, Stack Builder Wizard, one-click Omega Desktop research' (p=0.6) from master_ledger
2026-07-09 23:02:23 [INFO] omega.workers.background_researcher.loop: Frontier gap found: 'Phase 4 — The Omegaverse — P2P network protocol, WAD registry, cross-instance entity communication, **Godot/id Tech VR bridge**, soul-to-visual mapping (R-24), **shared VR realms (P2P Metropolis)** research' (p=0.6) from master_ledger
2026-07-09 23:02:23 [INFO] omega.workers.background_researcher.loop: Frontier gap found: 'Knowledge base scaffolding for entity cli_cline' (p=0.5) from entity_gap
2026-07-09 23:02:23 [INFO] omega.workers.background_researcher.loop: Frontier growth complete — enqueued 5 topics from 30 candidates
2026-07-09 23:02:23 [INFO] omega.workers.background_researcher.loop: Researching: 'Phase 1 — Engine Hardening — Memory wiring, handoff protocol, soul atomicity, agent hardening, MCP consolidation research' (priority=0.60)
2026-07-09 23:02:28 [INFO] httpx: HTTP Request: POST http://127.0.0.1:8017/search "HTTP/1.1 200 OK"
2026-07-09 23:02:33 [INFO] httpx: HTTP Request: POST http://127.0.0.1:8017/search "HTTP/1.1 200 OK"
2026-07-09 23:02:33 [WARNING] omega.workers.background_researcher.search_fleet: EXA_API_KEY not set
2026-07-09 23:02:33 [WARNING] omega.workers.background_researcher.search_fleet: EXA_API_KEY not set
2026-07-09 23:02:35 [INFO] httpx: HTTP Request: POST https://generativelanguage.googleapis.com/v1beta/models/gemma-4-31b-it:generateContent "HTTP/1.1 400 Bad Request"
2026-07-09 23:02:35 [ERROR] omega.ingestion.pipeline: Sentry probe failed: Sentry Probe FAILED: HTTP 400
2026-07-09 23:02:35 [WARNING] omega.workers.background_researcher.loop: Sovereign Pipeline failed to ingest https://github.com/punkpeye/awesome-mcp-servers/blob/main/README.md
2026-07-09 23:02:36 [INFO] httpx: HTTP Request: POST https://generativelanguage.googleapis.com/v1beta/models/gemma-4-31b-it:generateContent "HTTP/1.1 400 Bad Request"
2026-07-09 23:02:36 [ERROR] omega.ingestion.pipeline: Sentry probe failed: Sentry Probe FAILED: HTTP 400
2026-07-09 23:02:36 [WARNING] omega.workers.background_researcher.loop: Sovereign Pipeline failed to ingest https://www.facebook.com/thanhhm/posts/soul-driven-ai-agent-with-permission-hardened-tools-token-budgets-and-multi-chan/10164845801308126/
2026-07-09 23:02:36 [INFO] httpx: HTTP Request: POST https://generativelanguage.googleapis.com/v1beta/models/gemma-4-31b-it:generateContent "HTTP/1.1 400 Bad Request"
2026-07-09 23:02:36 [ERROR] omega.ingestion.pipeline: Sentry probe failed: Sentry Probe FAILED: HTTP 400
2026-07-09 23:02:36 [WARNING] omega.workers.background_researcher.loop: Sovereign Pipeline failed to ingest https://github.com/garrytan/gbrain
2026-07-09 23:02:37 [INFO] httpx: HTTP Request: POST https://generativelanguage.googleapis.com/v1beta/models/gemma-4-31b-it:generateContent "HTTP/1.1 400 Bad Request"
2026-07-09 23:02:37 [ERROR] omega.ingestion.pipeline: Sentry probe failed: Sentry Probe FAILED: HTTP 400
2026-07-09 23:02:37 [WARNING] omega.workers.background_researcher.loop: Sovereign Pipeline failed to ingest https://www.instagram.com/aravind.aiml/
2026-07-09 23:02:38 [INFO] httpx: HTTP Request: POST https://generativelanguage.googleapis.com/v1beta/models/gemma-4-31b-it:generateContent "HTTP/1.1 400 Bad Request"
2026-07-09 23:02:38 [ERROR] omega.ingestion.pipeline: Sentry probe failed: Sentry Probe FAILED: HTTP 400
2026-07-09 23:02:38 [WARNING] omega.workers.background_researcher.loop: Sovereign Pipeline failed to ingest https://hyper.space/
2026-07-09 23:02:38 [INFO] omega.library.coordinator: Worker stopped: researcher
2026-07-09 23:02:38 [INFO] omega.researcher.run: Research cycle complete.
