{
  "cycle_id": "cycle_20260708_232444_1",
  "task": "Phase 1 \u2014 Engine Hardening \u2014 Memory wiring, handoff protocol, soul atomicity, agent hardening, MCP consolidation research",
  "skipped": true,
  "action": "skip",
  "reason": "no_content"
}
{
  "cycle_id": "cycle_20260708_233550_1",
  "task": "Phase 1 \u2014 Engine Hardening \u2014 Memory wiring, handoff protocol, soul atomicity, agent hardening, MCP consolidation research",
  "skipped": true,
  "action": "skip",
  "reason": "no_content"
}

🚀 Ingesting: https://blog.vinkius.com/the-agentic-swarm-manifesto-how-vurb-ts-fhp-does-for-mcp-what-kubernetes-did-for-microservices (119 chars)
Model: gemma-4-31b-it | Budget: Budget: $0.0000 / $10.00
------------------------------------------------------------

🚀 Ingesting: https://blog.vinkius.com/the-agentic-swarm-manifesto-how-vurb-ts-fhp-does-for-mcp-what-kubernetes-did-for-microservices (119 chars)
Model: gemma-4-31b-it | Budget: Budget: $0.0000 / $10.00
------------------------------------------------------------

🚀 Ingesting: https://blog.vinkius.com/the-agentic-swarm-manifesto-how-vurb-ts-fhp-does-for-mcp-what-kubernetes-did-for-microservices (119 chars)
Model: gemma-4-31b-it | Budget: Budget: $0.0000 / $10.00
------------------------------------------------------------

🚀 Ingesting: https://blog.vinkius.com/the-agentic-swarm-manifesto-how-vurb-ts-fhp-does-for-mcp-what-kubernetes-did-for-microservices (119 chars)
Model: gemma-4-31b-it | Budget: Budget: $0.0000 / $10.00
------------------------------------------------------------

🚀 Ingesting: https://blog.vinkius.com/the-agentic-swarm-manifesto-how-vurb-ts-fhp-does-for-mcp-what-kubernetes-did-for-microservices (119 chars)
Model: gemma-4-31b-it | Budget: Budget: $0.0000 / $10.00
------------------------------------------------------------

🚀 Ingesting: https://blog.vinkius.com/the-agentic-swarm-manifesto-how-vurb-ts-fhp-does-for-mcp-what-kubernetes-did-for-microservices (119 chars)
Model: gemma-4-31b-it | Budget: Budget: $0.0000 / $10.00
------------------------------------------------------------

🚀 Ingesting: https://blog.vinkius.com/the-agentic-swarm-manifesto-how-vurb-ts-fhp-does-for-mcp-what-kubernetes-did-for-microservices (119 chars)
Model: gemma-4-31b-it | Budget: Budget: $0.0000 / $10.00
------------------------------------------------------------

🚀 Ingesting: https://blog.vinkius.com/the-agentic-swarm-manifesto-how-vurb-ts-fhp-does-for-mcp-what-kubernetes-did-for-microservices (119 chars)
Model: gemma-4-31b-it | Budget: Budget: $0.0000 / $10.00
------------------------------------------------------------

🚀 Ingesting: https://github.com/alphaonedev/ai-memory-mcp/blob/main/docs/atomisation.md (74 chars)
Model: gemma-4-31b-it | Budget: Budget: $0.0000 / $10.00
------------------------------------------------------------
⚠️  Triangulation failed for https://github.com/alphaonedev/ai-memory-mcp/blob/main/docs/atomisation.md. Confidence: 0.10

🚀 Ingesting: https://github.com/khan007/soul (31 chars)
Model: gemma-4-31b-it | Budget: Budget: $0.0000 / $10.00
------------------------------------------------------------
⚠️  Triangulation failed for https://github.com/khan007/soul. Confidence: 0.10

🚀 Ingesting: https://blog.vinkius.com/the-agentic-swarm-manifesto-how-vurb-ts-fhp-does-for-mcp-what-kubernetes-did-for-microservices (119 chars)
Model: gemma-4-31b-it | Budget: Budget: $0.0000 / $10.00
------------------------------------------------------------

🚀 Ingesting: https://github.com/alphaonedev/ai-memory-mcp/blob/main/docs/atomisation.md (74 chars)
Model: gemma-4-31b-it | Budget: Budget: $0.0000 / $10.00
------------------------------------------------------------
⚠️  Triangulation failed for https://github.com/alphaonedev/ai-memory-mcp/blob/main/docs/atomisation.md. Confidence: 0.10

🚀 Ingesting: https://github.com/khan007/soul (31 chars)
Model: gemma-4-31b-it | Budget: Budget: $0.0000 / $10.00
------------------------------------------------------------
⚠️  Triangulation failed for https://github.com/khan007/soul. Confidence: 0.10

🚀 Ingesting: https://blog.vinkius.com/the-agentic-swarm-manifesto-how-vurb-ts-fhp-does-for-mcp-what-kubernetes-did-for-microservices (119 chars)
Model: gemma-4-31b-it | Budget: Budget: $0.0000 / $10.00
------------------------------------------------------------

🚀 Ingesting: https://github.com/alphaonedev/ai-memory-mcp/blob/main/docs/atomisation.md (74 chars)
Model: gemma-4-31b-it | Budget: Budget: $0.0000 / $10.00
------------------------------------------------------------
⚠️  Triangulation failed for https://github.com/alphaonedev/ai-memory-mcp/blob/main/docs/atomisation.md. Confidence: 0.10

🚀 Ingesting: https://github.com/khan007/soul (31 chars)
Model: gemma-4-31b-it | Budget: Budget: $0.0000 / $10.00
------------------------------------------------------------
⚠️  Triangulation failed for https://github.com/khan007/soul. Confidence: 0.10

🚀 Ingesting: https://blog.vinkius.com/the-agentic-swarm-manifesto-how-vurb-ts-fhp-does-for-mcp-what-kubernetes-did-for-microservices (119 chars)
Model: gemma-4-31b-it | Budget: Budget: $0.0000 / $10.00
------------------------------------------------------------

🚀 Ingesting: https://github.com/alphaonedev/ai-memory-mcp/blob/main/docs/atomisation.md (74 chars)
Model: gemma-4-31b-it | Budget: Budget: $0.0000 / $10.00
------------------------------------------------------------
⚠️  Triangulation failed for https://github.com/alphaonedev/ai-memory-mcp/blob/main/docs/atomisation.md. Confidence: 0.10

🚀 Ingesting: https://github.com/khan007/soul (31 chars)
Model: gemma-4-31b-it | Budget: Budget: $0.0000 / $10.00
------------------------------------------------------------
⚠️  Triangulation failed for https://github.com/khan007/soul. Confidence: 0.10

🚀 Ingesting: https://blog.vinkius.com/the-agentic-swarm-manifesto-how-vurb-ts-fhp-does-for-mcp-what-kubernetes-did-for-microservices (119 chars)
Model: gemma-4-31b-it | Budget: Budget: $0.0000 / $10.00
------------------------------------------------------------

🚀 Ingesting: https://github.com/alphaonedev/ai-memory-mcp/blob/main/docs/atomisation.md (74 chars)
Model: gemma-4-31b-it | Budget: Budget: $0.0000 / $10.00
------------------------------------------------------------
⚠️  Triangulation failed for https://github.com/alphaonedev/ai-memory-mcp/blob/main/docs/atomisation.md. Confidence: 0.10

🚀 Ingesting: https://github.com/khan007/soul (31 chars)
Model: gemma-4-31b-it | Budget: Budget: $0.0000 / $10.00
------------------------------------------------------------
⚠️  Triangulation failed for https://github.com/khan007/soul. Confidence: 0.10

🚀 Ingesting: https://blog.vinkius.com/the-agentic-swarm-manifesto-how-vurb-ts-fhp-does-for-mcp-what-kubernetes-did-for-microservices (119 chars)
Model: gemma-4-31b-it | Budget: Budget: $0.0000 / $10.00
------------------------------------------------------------

🚀 Ingesting: https://github.com/alphaonedev/ai-memory-mcp/blob/main/docs/atomisation.md (74 chars)
Model: gemma-4-31b-it | Budget: Budget: $0.0000 / $10.00
------------------------------------------------------------
⚠️  Triangulation failed for https://github.com/alphaonedev/ai-memory-mcp/blob/main/docs/atomisation.md. Confidence: 0.10

🚀 Ingesting: https://github.com/khan007/soul (31 chars)
Model: gemma-4-31b-it | Budget: Budget: $0.0000 / $10.00
------------------------------------------------------------
⚠️  Triangulation failed for https://github.com/khan007/soul. Confidence: 0.10

🚀 Ingesting: https://blog.vinkius.com/the-agentic-swarm-manifesto-how-vurb-ts-fhp-does-for-mcp-what-kubernetes-did-for-microservices (119 chars)
Model: gemma-4-31b-it | Budget: Budget: $0.0000 / $10.00
------------------------------------------------------------

🚀 Ingesting: https://github.com/alphaonedev/ai-memory-mcp/blob/main/docs/atomisation.md (74 chars)
Model: gemma-4-31b-it | Budget: Budget: $0.0000 / $10.00
------------------------------------------------------------
⚠️  Triangulation failed for https://github.com/alphaonedev/ai-memory-mcp/blob/main/docs/atomisation.md. Confidence: 0.10

🚀 Ingesting: https://github.com/khan007/soul (31 chars)
Model: gemma-4-31b-it | Budget: Budget: $0.0000 / $10.00
------------------------------------------------------------
⚠️  Triangulation failed for https://github.com/khan007/soul. Confidence: 0.10

🚀 Ingesting: https://blog.vinkius.com/the-agentic-swarm-manifesto-how-vurb-ts-fhp-does-for-mcp-what-kubernetes-did-for-microservices (119 chars)
Model: gemma-4-31b-it | Budget: Budget: $0.0000 / $10.00
------------------------------------------------------------

🚀 Ingesting: https://github.com/alphaonedev/ai-memory-mcp/blob/main/docs/atomisation.md (74 chars)
Model: gemma-4-31b-it | Budget: Budget: $0.0000 / $10.00
------------------------------------------------------------
⚠️  Triangulation failed for https://github.com/alphaonedev/ai-memory-mcp/blob/main/docs/atomisation.md. Confidence: 0.10

🚀 Ingesting: https://github.com/khan007/soul (31 chars)
Model: gemma-4-31b-it | Budget: Budget: $0.0000 / $10.00
------------------------------------------------------------
⚠️  Triangulation failed for https://github.com/khan007/soul. Confidence: 0.10

🚀 Ingesting: https://blog.vinkius.com/the-agentic-swarm-manifesto-how-vurb-ts-fhp-does-for-mcp-what-kubernetes-did-for-microservices (119 chars)
Model: gemma-4-31b-it | Budget: Budget: $0.0000 / $10.00
------------------------------------------------------------

🚀 Ingesting: https://github.com/alphaonedev/ai-memory-mcp/blob/main/docs/atomisation.md (74 chars)
Model: gemma-4-31b-it | Budget: Budget: $0.0000 / $10.00
------------------------------------------------------------
⚠️  Triangulation failed for https://github.com/alphaonedev/ai-memory-mcp/blob/main/docs/atomisation.md. Confidence: 0.10

🚀 Ingesting: https://github.com/khan007/soul (31 chars)
Model: gemma-4-31b-it | Budget: Budget: $0.0000 / $10.00
------------------------------------------------------------
⚠️  Triangulation failed for https://github.com/khan007/soul. Confidence: 0.10

🚀 Ingesting: https://blog.vinkius.com/the-agentic-swarm-manifesto-how-vurb-ts-fhp-does-for-mcp-what-kubernetes-did-for-microservices (119 chars)
Model: gemma-4-31b-it | Budget: Budget: $0.0000 / $10.00
------------------------------------------------------------

🚀 Ingesting: https://github.com/alphaonedev/ai-memory-mcp/blob/main/docs/atomisation.md (74 chars)
Model: gemma-4-31b-it | Budget: Budget: $0.0000 / $10.00
------------------------------------------------------------
⚠️  Triangulation failed for https://github.com/alphaonedev/ai-memory-mcp/blob/main/docs/atomisation.md. Confidence: 0.10

🚀 Ingesting: https://github.com/khan007/soul (31 chars)
Model: gemma-4-31b-it | Budget: Budget: $0.0000 / $10.00
------------------------------------------------------------
⚠️  Triangulation failed for https://github.com/khan007/soul. Confidence: 0.10

🚀 Ingesting: https://blog.vinkius.com/the-agentic-swarm-manifesto-how-vurb-ts-fhp-does-for-mcp-what-kubernetes-did-for-microservices (119 chars)
Model: gemma-4-31b-it | Budget: Budget: $0.0000 / $10.00
------------------------------------------------------------

🚀 Ingesting: https://github.com/alphaonedev/ai-memory-mcp/blob/main/docs/atomisation.md (74 chars)
Model: gemma-4-31b-it | Budget: Budget: $0.0000 / $10.00
------------------------------------------------------------
⚠️  Triangulation failed for https://github.com/alphaonedev/ai-memory-mcp/blob/main/docs/atomisation.md. Confidence: 0.10

🚀 Ingesting: https://github.com/khan007/soul (31 chars)
Model: gemma-4-31b-it | Budget: Budget: $0.0000 / $10.00
------------------------------------------------------------
⚠️  Triangulation failed for https://github.com/khan007/soul. Confidence: 0.10

🚀 Ingesting: https://blog.vinkius.com/the-agentic-swarm-manifesto-how-vurb-ts-fhp-does-for-mcp-what-kubernetes-did-for-microservices (119 chars)
Model: gemma-4-31b-it | Budget: Budget: $0.0000 / $10.00
------------------------------------------------------------

🚀 Ingesting: https://github.com/alphaonedev/ai-memory-mcp/blob/main/docs/atomisation.md (74 chars)
Model: gemma-4-31b-it | Budget: Budget: $0.0000 / $10.00
------------------------------------------------------------
⚠️  Triangulation failed for https://github.com/alphaonedev/ai-memory-mcp/blob/main/docs/atomisation.md. Confidence: 0.10

🚀 Ingesting: https://github.com/khan007/soul (31 chars)
Model: gemma-4-31b-it | Budget: Budget: $0.0000 / $10.00
------------------------------------------------------------
⚠️  Triangulation failed for https://github.com/khan007/soul. Confidence: 0.10

🚀 Ingesting: https://blog.vinkius.com/the-agentic-swarm-manifesto-how-vurb-ts-fhp-does-for-mcp-what-kubernetes-did-for-microservices (119 chars)
Model: gemma-4-31b-it | Budget: Budget: $0.0000 / $10.00
------------------------------------------------------------

🚀 Ingesting: https://github.com/alphaonedev/ai-memory-mcp/blob/main/docs/atomisation.md (74 chars)
Model: gemma-4-31b-it | Budget: Budget: $0.0000 / $10.00
------------------------------------------------------------
⚠️  Triangulation failed for https://github.com/alphaonedev/ai-memory-mcp/blob/main/docs/atomisation.md. Confidence: 0.10

🚀 Ingesting: https://github.com/khan007/soul (31 chars)
Model: gemma-4-31b-it | Budget: Budget: $0.0000 / $10.00
------------------------------------------------------------
⚠️  Triangulation failed for https://github.com/khan007/soul. Confidence: 0.10

🚀 Ingesting: https://blog.vinkius.com/the-agentic-swarm-manifesto-how-vurb-ts-fhp-does-for-mcp-what-kubernetes-did-for-microservices (119 chars)
Model: gemma-4-31b-it | Budget: Budget: $0.0000 / $10.00
------------------------------------------------------------

🚀 Ingesting: https://github.com/alphaonedev/ai-memory-mcp/blob/main/docs/atomisation.md (74 chars)
Model: gemma-4-31b-it | Budget: Budget: $0.0000 / $10.00
------------------------------------------------------------
⚠️  Triangulation failed for https://github.com/alphaonedev/ai-memory-mcp/blob/main/docs/atomisation.md. Confidence: 0.10

🚀 Ingesting: https://github.com/khan007/soul (31 chars)
Model: gemma-4-31b-it | Budget: Budget: $0.0000 / $10.00
------------------------------------------------------------
⚠️  Triangulation failed for https://github.com/khan007/soul. Confidence: 0.10

🚀 Ingesting: https://blog.vinkius.com/the-agentic-swarm-manifesto-how-vurb-ts-fhp-does-for-mcp-what-kubernetes-did-for-microservices (119 chars)
Model: gemma-4-31b-it | Budget: Budget: $0.0000 / $10.00
------------------------------------------------------------

🚀 Ingesting: https://github.com/alphaonedev/ai-memory-mcp/blob/main/docs/atomisation.md (74 chars)
Model: gemma-4-31b-it | Budget: Budget: $0.0000 / $10.00
------------------------------------------------------------
⚠️  Triangulation failed for https://github.com/alphaonedev/ai-memory-mcp/blob/main/docs/atomisation.md. Confidence: 0.10

🚀 Ingesting: https://github.com/khan007/soul (31 chars)
Model: gemma-4-31b-it | Budget: Budget: $0.0000 / $10.00
------------------------------------------------------------
⚠️  Triangulation failed for https://github.com/khan007/soul. Confidence: 0.10

🚀 Ingesting: https://blog.vinkius.com/the-agentic-swarm-manifesto-how-vurb-ts-fhp-does-for-mcp-what-kubernetes-did-for-microservices (119 chars)
Model: gemma-4-31b-it | Budget: Budget: $0.0000 / $10.00
------------------------------------------------------------

🚀 Ingesting: https://github.com/alphaonedev/ai-memory-mcp/blob/main/docs/atomisation.md (74 chars)
Model: gemma-4-31b-it | Budget: Budget: $0.0000 / $10.00
------------------------------------------------------------
⚠️  Triangulation failed for https://github.com/alphaonedev/ai-memory-mcp/blob/main/docs/atomisation.md. Confidence: 0.10

🚀 Ingesting: https://github.com/khan007/soul (31 chars)
Model: gemma-4-31b-it | Budget: Budget: $0.0000 / $10.00
------------------------------------------------------------
⚠️  Triangulation failed for https://github.com/khan007/soul. Confidence: 0.10

🚀 Ingesting: https://blog.vinkius.com/the-agentic-swarm-manifesto-how-vurb-ts-fhp-does-for-mcp-what-kubernetes-did-for-microservices (119 chars)
Model: gemma-4-31b-it | Budget: Budget: $0.0000 / $10.00
------------------------------------------------------------

🚀 Ingesting: https://github.com/alphaonedev/ai-memory-mcp/blob/main/docs/atomisation.md (74 chars)
Model: gemma-4-31b-it | Budget: Budget: $0.0000 / $10.00
------------------------------------------------------------
⚠️  Triangulation failed for https://github.com/alphaonedev/ai-memory-mcp/blob/main/docs/atomisation.md. Confidence: 0.10

🚀 Ingesting: https://github.com/khan007/soul (31 chars)
Model: gemma-4-31b-it | Budget: Budget: $0.0000 / $10.00
------------------------------------------------------------
⚠️  Triangulation failed for https://github.com/khan007/soul. Confidence: 0.10

🚀 Ingesting: https://blog.vinkius.com/the-agentic-swarm-manifesto-how-vurb-ts-fhp-does-for-mcp-what-kubernetes-did-for-microservices (119 chars)
Model: gemma-4-31b-it | Budget: Budget: $0.0000 / $10.00
------------------------------------------------------------

🚀 Ingesting: https://github.com/alphaonedev/ai-memory-mcp/blob/main/docs/atomisation.md (74 chars)
Model: gemma-4-31b-it | Budget: Budget: $0.0000 / $10.00
------------------------------------------------------------
⚠️  Triangulation failed for https://github.com/alphaonedev/ai-memory-mcp/blob/main/docs/atomisation.md. Confidence: 0.10

🚀 Ingesting: https://github.com/khan007/soul (31 chars)
Model: gemma-4-31b-it | Budget: Budget: $0.0000 / $10.00
------------------------------------------------------------
⚠️  Triangulation failed for https://github.com/khan007/soul. Confidence: 0.10

🚀 Ingesting: https://blog.vinkius.com/the-agentic-swarm-manifesto-how-vurb-ts-fhp-does-for-mcp-what-kubernetes-did-for-microservices (119 chars)
Model: gemma-4-31b-it | Budget: Budget: $0.0000 / $10.00
------------------------------------------------------------

🚀 Ingesting: https://github.com/alphaonedev/ai-memory-mcp/blob/main/docs/atomisation.md (74 chars)
Model: gemma-4-31b-it | Budget: Budget: $0.0000 / $10.00
------------------------------------------------------------
⚠️  Triangulation failed for https://github.com/alphaonedev/ai-memory-mcp/blob/main/docs/atomisation.md. Confidence: 0.10

🚀 Ingesting: https://github.com/khan007/soul (31 chars)
Model: gemma-4-31b-it | Budget: Budget: $0.0000 / $10.00
------------------------------------------------------------
⚠️  Triangulation failed for https://github.com/khan007/soul. Confidence: 0.10

🚀 Ingesting: https://blog.vinkius.com/the-agentic-swarm-manifesto-how-vurb-ts-fhp-does-for-mcp-what-kubernetes-did-for-microservices (119 chars)
Model: gemma-4-31b-it | Budget: Budget: $0.0000 / $10.00
------------------------------------------------------------

🚀 Ingesting: https://github.com/alphaonedev/ai-memory-mcp/blob/main/docs/atomisation.md (74 chars)
Model: gemma-4-31b-it | Budget: Budget: $0.0000 / $10.00
------------------------------------------------------------
⚠️  Triangulation failed for https://github.com/alphaonedev/ai-memory-mcp/blob/main/docs/atomisation.md. Confidence: 0.10

🚀 Ingesting: https://github.com/khan007/soul (31 chars)
Model: gemma-4-31b-it | Budget: Budget: $0.0000 / $10.00
------------------------------------------------------------
⚠️  Triangulation failed for https://github.com/khan007/soul. Confidence: 0.10

🚀 Ingesting: https://blog.vinkius.com/the-agentic-swarm-manifesto-how-vurb-ts-fhp-does-for-mcp-what-kubernetes-did-for-microservices (119 chars)
Model: gemma-4-31b-it | Budget: Budget: $0.0000 / $10.00
------------------------------------------------------------

🚀 Ingesting: https://github.com/alphaonedev/ai-memory-mcp/blob/main/docs/atomisation.md (74 chars)
Model: gemma-4-31b-it | Budget: Budget: $0.0000 / $10.00
------------------------------------------------------------
⚠️  Triangulation failed for https://github.com/alphaonedev/ai-memory-mcp/blob/main/docs/atomisation.md. Confidence: 0.10

🚀 Ingesting: https://blog.vinkius.com/the-agentic-swarm-manifesto-how-vurb-ts-fhp-does-for-mcp-what-kubernetes-did-for-microservices (119 chars)
Model: gemma-4-31b-it | Budget: Budget: $0.0000 / $10.00
------------------------------------------------------------

🚀 Ingesting: https://github.com/alphaonedev/ai-memory-mcp/blob/main/docs/atomisation.md (74 chars)
Model: gemma-4-31b-it | Budget: Budget: $0.0000 / $10.00
------------------------------------------------------------
⚠️  Triangulation failed for https://github.com/alphaonedev/ai-memory-mcp/blob/main/docs/atomisation.md. Confidence: 0.10

🚀 Ingesting: https://blog.vinkius.com/the-agentic-swarm-manifesto-how-vurb-ts-fhp-does-for-mcp-what-kubernetes-did-for-microservices (119 chars)
Model: gemma-4-31b-it | Budget: Budget: $0.0000 / $10.00
------------------------------------------------------------

🚀 Ingesting: https://github.com/alphaonedev/ai-memory-mcp/blob/main/docs/atomisation.md (74 chars)
Model: gemma-4-31b-it | Budget: Budget: $0.0000 / $10.00
------------------------------------------------------------
⚠️  Triangulation failed for https://github.com/alphaonedev/ai-memory-mcp/blob/main/docs/atomisation.md. Confidence: 0.10

🚀 Ingesting: https://github.com/khan007/soul (31 chars)
Model: gemma-4-31b-it | Budget: Budget: $0.0000 / $10.00
------------------------------------------------------------
⚠️  Triangulation failed for https://github.com/khan007/soul. Confidence: 0.10

🚀 Ingesting: https://blog.vinkius.com/the-agentic-swarm-manifesto-how-vurb-ts-fhp-does-for-mcp-what-kubernetes-did-for-microservices (119 chars)
Model: gemma-4-31b-it | Budget: Budget: $0.0000 / $10.00
------------------------------------------------------------

🚀 Ingesting: https://github.com/alphaonedev/ai-memory-mcp/blob/main/docs/atomisation.md (74 chars)
Model: gemma-4-31b-it | Budget: Budget: $0.0000 / $10.00
------------------------------------------------------------
⚠️  Triangulation failed for https://github.com/alphaonedev/ai-memory-mcp/blob/main/docs/atomisation.md. Confidence: 0.10

🚀 Ingesting: https://blog.vinkius.com/the-agentic-swarm-manifesto-how-vurb-ts-fhp-does-for-mcp-what-kubernetes-did-for-microservices (119 chars)
Model: gemma-4-31b-it | Budget: Budget: $0.0000 / $10.00
------------------------------------------------------------

🚀 Ingesting: https://github.com/alphaonedev/ai-memory-mcp/blob/main/docs/atomisation.md (74 chars)
Model: gemma-4-31b-it | Budget: Budget: $0.0000 / $10.00
------------------------------------------------------------
⚠️  Triangulation failed for https://github.com/alphaonedev/ai-memory-mcp/blob/main/docs/atomisation.md. Confidence: 0.10

🚀 Ingesting: https://blog.vinkius.com/the-agentic-swarm-manifesto-how-vurb-ts-fhp-does-for-mcp-what-kubernetes-did-for-microservices (119 chars)
Model: gemma-4-31b-it | Budget: Budget: $0.0000 / $10.00
------------------------------------------------------------

🚀 Ingesting: https://github.com/alphaonedev/ai-memory-mcp/blob/main/docs/atomisation.md (74 chars)
Model: gemma-4-31b-it | Budget: Budget: $0.0000 / $10.00
------------------------------------------------------------
⚠️  Triangulation failed for https://github.com/alphaonedev/ai-memory-mcp/blob/main/docs/atomisation.md. Confidence: 0.10

🚀 Ingesting: https://github.com/khan007/soul (31 chars)
Model: gemma-4-31b-it | Budget: Budget: $0.0000 / $10.00
------------------------------------------------------------
⚠️  Triangulation failed for https://github.com/khan007/soul. Confidence: 0.10

🚀 Ingesting: https://blog.vinkius.com/the-agentic-swarm-manifesto-how-vurb-ts-fhp-does-for-mcp-what-kubernetes-did-for-microservices (119 chars)
Model: gemma-4-31b-it | Budget: Budget: $0.0000 / $10.00
------------------------------------------------------------

🚀 Ingesting: https://github.com/alphaonedev/ai-memory-mcp/blob/main/docs/atomisation.md (74 chars)
Model: gemma-4-31b-it | Budget: Budget: $0.0000 / $10.00
------------------------------------------------------------
⚠️  Triangulation failed for https://github.com/alphaonedev/ai-memory-mcp/blob/main/docs/atomisation.md. Confidence: 0.10

🚀 Ingesting: https://github.com/khan007/soul (31 chars)
Model: gemma-4-31b-it | Budget: Budget: $0.0000 / $10.00
------------------------------------------------------------
⚠️  Triangulation failed for https://github.com/khan007/soul. Confidence: 0.10

🚀 Ingesting: https://blog.vinkius.com/the-agentic-swarm-manifesto-how-vurb-ts-fhp-does-for-mcp-what-kubernetes-did-for-microservices (119 chars)
Model: gemma-4-31b-it | Budget: Budget: $0.0000 / $10.00
------------------------------------------------------------

🚀 Ingesting: https://github.com/alphaonedev/ai-memory-mcp/blob/main/docs/atomisation.md (74 chars)
Model: gemma-4-31b-it | Budget: Budget: $0.0000 / $10.00
------------------------------------------------------------
⚠️  Triangulation failed for https://github.com/alphaonedev/ai-memory-mcp/blob/main/docs/atomisation.md. Confidence: 0.10

🚀 Ingesting: https://blog.vinkius.com/the-agentic-swarm-manifesto-how-vurb-ts-fhp-does-for-mcp-what-kubernetes-did-for-microservices (119 chars)
Model: gemma-4-31b-it | Budget: Budget: $0.0000 / $10.00
------------------------------------------------------------

🚀 Ingesting: https://github.com/alphaonedev/ai-memory-mcp/blob/main/docs/atomisation.md (74 chars)
Model: gemma-4-31b-it | Budget: Budget: $0.0000 / $10.00
------------------------------------------------------------
⚠️  Triangulation failed for https://github.com/alphaonedev/ai-memory-mcp/blob/main/docs/atomisation.md. Confidence: 0.10

🚀 Ingesting: https://github.com/khan007/soul (31 chars)
Model: gemma-4-31b-it | Budget: Budget: $0.0000 / $10.00
------------------------------------------------------------
⚠️  Triangulation failed for https://github.com/khan007/soul. Confidence: 0.10

🚀 Ingesting: https://blog.vinkius.com/the-agentic-swarm-manifesto-how-vurb-ts-fhp-does-for-mcp-what-kubernetes-did-for-microservices (119 chars)
Model: gemma-4-31b-it | Budget: Budget: $0.0000 / $10.00
------------------------------------------------------------

🚀 Ingesting: https://github.com/alphaonedev/ai-memory-mcp/blob/main/docs/atomisation.md (74 chars)
Model: gemma-4-31b-it | Budget: Budget: $0.0000 / $10.00
------------------------------------------------------------
⚠️  Triangulation failed for https://github.com/alphaonedev/ai-memory-mcp/blob/main/docs/atomisation.md. Confidence: 0.10

🚀 Ingesting: https://blog.vinkius.com/the-agentic-swarm-manifesto-how-vurb-ts-fhp-does-for-mcp-what-kubernetes-did-for-microservices (119 chars)
Model: gemma-4-31b-it | Budget: Budget: $0.0000 / $10.00
------------------------------------------------------------

🚀 Ingesting: https://github.com/alphaonedev/ai-memory-mcp/blob/main/docs/atomisation.md (74 chars)
Model: gemma-4-31b-it | Budget: Budget: $0.0000 / $10.00
------------------------------------------------------------
⚠️  Triangulation failed for https://github.com/alphaonedev/ai-memory-mcp/blob/main/docs/atomisation.md. Confidence: 0.10

🚀 Ingesting: https://blog.vinkius.com/the-agentic-swarm-manifesto-how-vurb-ts-fhp-does-for-mcp-what-kubernetes-did-for-microservices (119 chars)
Model: gemma-4-31b-it | Budget: Budget: $0.0000 / $10.00
------------------------------------------------------------

🚀 Ingesting: https://github.com/alphaonedev/ai-memory-mcp/blob/main/docs/atomisation.md (74 chars)
Model: gemma-4-31b-it | Budget: Budget: $0.0000 / $10.00
------------------------------------------------------------
⚠️  Triangulation failed for https://github.com/alphaonedev/ai-memory-mcp/blob/main/docs/atomisation.md. Confidence: 0.10

🚀 Ingesting: https://blog.vinkius.com/the-agentic-swarm-manifesto-how-vurb-ts-fhp-does-for-mcp-what-kubernetes-did-for-microservices (119 chars)
Model: gemma-4-31b-it | Budget: Budget: $0.0000 / $10.00
------------------------------------------------------------

🚀 Ingesting: https://github.com/alphaonedev/ai-memory-mcp/blob/main/docs/atomisation.md (74 chars)
Model: gemma-4-31b-it | Budget: Budget: $0.0000 / $10.00
------------------------------------------------------------
⚠️  Triangulation failed for https://github.com/alphaonedev/ai-memory-mcp/blob/main/docs/atomisation.md. Confidence: 0.10

🚀 Ingesting: https://blog.vinkius.com/the-agentic-swarm-manifesto-how-vurb-ts-fhp-does-for-mcp-what-kubernetes-did-for-microservices (119 chars)
Model: gemma-4-31b-it | Budget: Budget: $0.0000 / $10.00
------------------------------------------------------------

🚀 Ingesting: https://github.com/alphaonedev/ai-memory-mcp/blob/main/docs/atomisation.md (74 chars)
Model: gemma-4-31b-it | Budget: Budget: $0.0000 / $10.00
------------------------------------------------------------
⚠️  Triangulation failed for https://github.com/alphaonedev/ai-memory-mcp/blob/main/docs/atomisation.md. Confidence: 0.10

🚀 Ingesting: https://blog.vinkius.com/the-agentic-swarm-manifesto-how-vurb-ts-fhp-does-for-mcp-what-kubernetes-did-for-microservices (119 chars)
Model: gemma-4-31b-it | Budget: Budget: $0.0000 / $10.00
------------------------------------------------------------

🚀 Ingesting: https://github.com/alphaonedev/ai-memory-mcp/blob/main/docs/atomisation.md (74 chars)
Model: gemma-4-31b-it | Budget: Budget: $0.0000 / $10.00
------------------------------------------------------------
⚠️  Triangulation failed for https://github.com/alphaonedev/ai-memory-mcp/blob/main/docs/atomisation.md. Confidence: 0.10

🚀 Ingesting: https://blog.vinkius.com/the-agentic-swarm-manifesto-how-vurb-ts-fhp-does-for-mcp-what-kubernetes-did-for-microservices (119 chars)
Model: gemma-4-31b-it | Budget: Budget: $0.0000 / $10.00
------------------------------------------------------------

🚀 Ingesting: https://github.com/alphaonedev/ai-memory-mcp/blob/main/docs/atomisation.md (74 chars)
Model: gemma-4-31b-it | Budget: Budget: $0.0000 / $10.00
------------------------------------------------------------
⚠️  Triangulation failed for https://github.com/alphaonedev/ai-memory-mcp/blob/main/docs/atomisation.md. Confidence: 0.10

🚀 Ingesting: https://blog.vinkius.com/the-agentic-swarm-manifesto-how-vurb-ts-fhp-does-for-mcp-what-kubernetes-did-for-microservices (119 chars)
Model: gemma-4-31b-it | Budget: Budget: $0.0000 / $10.00
------------------------------------------------------------

🚀 Ingesting: https://github.com/alphaonedev/ai-memory-mcp/blob/main/docs/atomisation.md (74 chars)
Model: gemma-4-31b-it | Budget: Budget: $0.0000 / $10.00
------------------------------------------------------------
⚠️  Triangulation failed for https://github.com/alphaonedev/ai-memory-mcp/blob/main/docs/atomisation.md. Confidence: 0.10

🚀 Ingesting: https://blog.vinkius.com/the-agentic-swarm-manifesto-how-vurb-ts-fhp-does-for-mcp-what-kubernetes-did-for-microservices (119 chars)
Model: gemma-4-31b-it | Budget: Budget: $0.0000 / $10.00
------------------------------------------------------------

🚀 Ingesting: https://github.com/alphaonedev/ai-memory-mcp/blob/main/docs/atomisation.md (74 chars)
Model: gemma-4-31b-it | Budget: Budget: $0.0000 / $10.00
------------------------------------------------------------
⚠️  Triangulation failed for https://github.com/alphaonedev/ai-memory-mcp/blob/main/docs/atomisation.md. Confidence: 0.10

🚀 Ingesting: https://blog.vinkius.com/the-agentic-swarm-manifesto-how-vurb-ts-fhp-does-for-mcp-what-kubernetes-did-for-microservices (119 chars)
Model: gemma-4-31b-it | Budget: Budget: $0.0000 / $10.00
------------------------------------------------------------

🚀 Ingesting: https://github.com/alphaonedev/ai-memory-mcp/blob/main/docs/atomisation.md (74 chars)
Model: gemma-4-31b-it | Budget: Budget: $0.0000 / $10.00
------------------------------------------------------------
⚠️  Triangulation failed for https://github.com/alphaonedev/ai-memory-mcp/blob/main/docs/atomisation.md. Confidence: 0.10

🚀 Ingesting: https://blog.vinkius.com/the-agentic-swarm-manifesto-how-vurb-ts-fhp-does-for-mcp-what-kubernetes-did-for-microservices (119 chars)
Model: gemma-4-31b-it | Budget: Budget: $0.0000 / $10.00
------------------------------------------------------------

🚀 Ingesting: https://github.com/alphaonedev/ai-memory-mcp/blob/main/docs/atomisation.md (74 chars)
Model: gemma-4-31b-it | Budget: Budget: $0.0000 / $10.00
------------------------------------------------------------
⚠️  Triangulation failed for https://github.com/alphaonedev/ai-memory-mcp/blob/main/docs/atomisation.md. Confidence: 0.10

🚀 Ingesting: https://blog.vinkius.com/the-agentic-swarm-manifesto-how-vurb-ts-fhp-does-for-mcp-what-kubernetes-did-for-microservices (119 chars)
Model: gemma-4-31b-it | Budget: Budget: $0.0000 / $10.00
------------------------------------------------------------

🚀 Ingesting: https://github.com/alphaonedev/ai-memory-mcp/blob/main/docs/atomisation.md (74 chars)
Model: gemma-4-31b-it | Budget: Budget: $0.0000 / $10.00
------------------------------------------------------------
⚠️  Triangulation failed for https://github.com/alphaonedev/ai-memory-mcp/blob/main/docs/atomisation.md. Confidence: 0.10

🚀 Ingesting: https://blog.vinkius.com/the-agentic-swarm-manifesto-how-vurb-ts-fhp-does-for-mcp-what-kubernetes-did-for-microservices (119 chars)
Model: gemma-4-31b-it | Budget: Budget: $0.0000 / $10.00
------------------------------------------------------------

🚀 Ingesting: https://github.com/alphaonedev/ai-memory-mcp/blob/main/docs/atomisation.md (74 chars)
Model: gemma-4-31b-it | Budget: Budget: $0.0000 / $10.00
------------------------------------------------------------
⚠️  Triangulation failed for https://github.com/alphaonedev/ai-memory-mcp/blob/main/docs/atomisation.md. Confidence: 0.10

🚀 Ingesting: https://blog.vinkius.com/the-agentic-swarm-manifesto-how-vurb-ts-fhp-does-for-mcp-what-kubernetes-did-for-microservices (119 chars)
Model: gemma-4-31b-it | Budget: Budget: $0.0000 / $10.00
------------------------------------------------------------

🚀 Ingesting: https://github.com/alphaonedev/ai-memory-mcp/blob/main/docs/atomisation.md (74 chars)
Model: gemma-4-31b-it | Budget: Budget: $0.0000 / $10.00
------------------------------------------------------------
⚠️  Triangulation failed for https://github.com/alphaonedev/ai-memory-mcp/blob/main/docs/atomisation.md. Confidence: 0.10

🚀 Ingesting: https://blog.vinkius.com/the-agentic-swarm-manifesto-how-vurb-ts-fhp-does-for-mcp-what-kubernetes-did-for-microservices (119 chars)
Model: gemma-4-31b-it | Budget: Budget: $0.0000 / $10.00
------------------------------------------------------------

🚀 Ingesting: https://github.com/alphaonedev/ai-memory-mcp/blob/main/docs/atomisation.md (74 chars)
Model: gemma-4-31b-it | Budget: Budget: $0.0000 / $10.00
------------------------------------------------------------
⚠️  Triangulation failed for https://github.com/alphaonedev/ai-memory-mcp/blob/main/docs/atomisation.md. Confidence: 0.10

🚀 Ingesting: https://blog.vinkius.com/the-agentic-swarm-manifesto-how-vurb-ts-fhp-does-for-mcp-what-kubernetes-did-for-microservices (119 chars)
Model: gemma-4-31b-it | Budget: Budget: $0.0000 / $10.00
------------------------------------------------------------

🚀 Ingesting: https://github.com/alphaonedev/ai-memory-mcp/blob/main/docs/atomisation.md (74 chars)
Model: gemma-4-31b-it | Budget: Budget: $0.0000 / $10.00
------------------------------------------------------------
⚠️  Triangulation failed for https://github.com/alphaonedev/ai-memory-mcp/blob/main/docs/atomisation.md. Confidence: 0.10

🚀 Ingesting: https://blog.vinkius.com/the-agentic-swarm-manifesto-how-vurb-ts-fhp-does-for-mcp-what-kubernetes-did-for-microservices (119 chars)
Model: gemma-4-31b-it | Budget: Budget: $0.0000 / $10.00
------------------------------------------------------------

🚀 Ingesting: https://github.com/alphaonedev/ai-memory-mcp/blob/main/docs/atomisation.md (74 chars)
Model: gemma-4-31b-it | Budget: Budget: $0.0000 / $10.00
------------------------------------------------------------
⚠️  Triangulation failed for https://github.com/alphaonedev/ai-memory-mcp/blob/main/docs/atomisation.md. Confidence: 0.10

🚀 Ingesting: https://blog.vinkius.com/the-agentic-swarm-manifesto-how-vurb-ts-fhp-does-for-mcp-what-kubernetes-did-for-microservices (119 chars)
Model: gemma-4-31b-it | Budget: Budget: $0.0000 / $10.00
------------------------------------------------------------

🚀 Ingesting: https://github.com/alphaonedev/ai-memory-mcp/blob/main/docs/atomisation.md (74 chars)
Model: gemma-4-31b-it | Budget: Budget: $0.0000 / $10.00
------------------------------------------------------------
⚠️  Triangulation failed for https://github.com/alphaonedev/ai-memory-mcp/blob/main/docs/atomisation.md. Confidence: 0.10

🚀 Ingesting: https://blog.vinkius.com/the-agentic-swarm-manifesto-how-vurb-ts-fhp-does-for-mcp-what-kubernetes-did-for-microservices (119 chars)
Model: gemma-4-31b-it | Budget: Budget: $0.0000 / $10.00
------------------------------------------------------------

🚀 Ingesting: https://github.com/alphaonedev/ai-memory-mcp/blob/main/docs/atomisation.md (74 chars)
Model: gemma-4-31b-it | Budget: Budget: $0.0000 / $10.00
------------------------------------------------------------
⚠️  Triangulation failed for https://github.com/alphaonedev/ai-memory-mcp/blob/main/docs/atomisation.md. Confidence: 0.10

🚀 Ingesting: https://blog.vinkius.com/the-agentic-swarm-manifesto-how-vurb-ts-fhp-does-for-mcp-what-kubernetes-did-for-microservices (119 chars)
Model: gemma-4-31b-it | Budget: Budget: $0.0000 / $10.00
------------------------------------------------------------

🚀 Ingesting: https://github.com/alphaonedev/ai-memory-mcp/blob/main/docs/atomisation.md (74 chars)
Model: gemma-4-31b-it | Budget: Budget: $0.0000 / $10.00
------------------------------------------------------------
⚠️  Triangulation failed for https://github.com/alphaonedev/ai-memory-mcp/blob/main/docs/atomisation.md. Confidence: 0.10

🚀 Ingesting: https://blog.vinkius.com/the-agentic-swarm-manifesto-how-vurb-ts-fhp-does-for-mcp-what-kubernetes-did-for-microservices (119 chars)
Model: gemma-4-31b-it | Budget: Budget: $0.0000 / $10.00
------------------------------------------------------------

🚀 Ingesting: https://github.com/alphaonedev/ai-memory-mcp/blob/main/docs/atomisation.md (74 chars)
Model: gemma-4-31b-it | Budget: Budget: $0.0000 / $10.00
------------------------------------------------------------
⚠️  Triangulation failed for https://github.com/alphaonedev/ai-memory-mcp/blob/main/docs/atomisation.md. Confidence: 0.10

🚀 Ingesting: https://blog.vinkius.com/the-agentic-swarm-manifesto-how-vurb-ts-fhp-does-for-mcp-what-kubernetes-did-for-microservices (119 chars)
Model: gemma-4-31b-it | Budget: Budget: $0.0000 / $10.00
------------------------------------------------------------

🚀 Ingesting: https://github.com/alphaonedev/ai-memory-mcp/blob/main/docs/atomisation.md (74 chars)
Model: gemma-4-31b-it | Budget: Budget: $0.0000 / $10.00
------------------------------------------------------------
⚠️  Triangulation failed for https://github.com/alphaonedev/ai-memory-mcp/blob/main/docs/atomisation.md. Confidence: 0.10

🚀 Ingesting: https://blog.vinkius.com/the-agentic-swarm-manifesto-how-vurb-ts-fhp-does-for-mcp-what-kubernetes-did-for-microservices (119 chars)
Model: gemma-4-31b-it | Budget: Budget: $0.0000 / $10.00
------------------------------------------------------------

🚀 Ingesting: https://github.com/alphaonedev/ai-memory-mcp/blob/main/docs/atomisation.md (74 chars)
Model: gemma-4-31b-it | Budget: Budget: $0.0000 / $10.00
------------------------------------------------------------
⚠️  Triangulation failed for https://github.com/alphaonedev/ai-memory-mcp/blob/main/docs/atomisation.md. Confidence: 0.10

🚀 Ingesting: https://blog.vinkius.com/the-agentic-swarm-manifesto-how-vurb-ts-fhp-does-for-mcp-what-kubernetes-did-for-microservices (119 chars)
Model: gemma-4-31b-it | Budget: Budget: $0.0000 / $10.00
------------------------------------------------------------

🚀 Ingesting: https://github.com/alphaonedev/ai-memory-mcp/blob/main/docs/atomisation.md (74 chars)
Model: gemma-4-31b-it | Budget: Budget: $0.0000 / $10.00
------------------------------------------------------------
⚠️  Triangulation failed for https://github.com/alphaonedev/ai-memory-mcp/blob/main/docs/atomisation.md. Confidence: 0.10

🚀 Ingesting: https://blog.vinkius.com/the-agentic-swarm-manifesto-how-vurb-ts-fhp-does-for-mcp-what-kubernetes-did-for-microservices (119 chars)
Model: gemma-4-31b-it | Budget: Budget: $0.0000 / $10.00
------------------------------------------------------------

🚀 Ingesting: https://github.com/alphaonedev/ai-memory-mcp/blob/main/docs/atomisation.md (74 chars)
Model: gemma-4-31b-it | Budget: Budget: $0.0000 / $10.00
------------------------------------------------------------
⚠️  Triangulation failed for https://github.com/alphaonedev/ai-memory-mcp/blob/main/docs/atomisation.md. Confidence: 0.10

🚀 Ingesting: https://blog.vinkius.com/the-agentic-swarm-manifesto-how-vurb-ts-fhp-does-for-mcp-what-kubernetes-did-for-microservices (119 chars)
Model: gemma-4-31b-it | Budget: Budget: $0.0000 / $10.00
------------------------------------------------------------

🚀 Ingesting: https://github.com/alphaonedev/ai-memory-mcp/blob/main/docs/atomisation.md (74 chars)
Model: gemma-4-31b-it | Budget: Budget: $0.0000 / $10.00
------------------------------------------------------------
⚠️  Triangulation failed for https://github.com/alphaonedev/ai-memory-mcp/blob/main/docs/atomisation.md. Confidence: 0.10

🚀 Ingesting: https://blog.vinkius.com/the-agentic-swarm-manifesto-how-vurb-ts-fhp-does-for-mcp-what-kubernetes-did-for-microservices (119 chars)
Model: gemma-4-31b-it | Budget: Budget: $0.0000 / $10.00
------------------------------------------------------------

🚀 Ingesting: https://github.com/alphaonedev/ai-memory-mcp/blob/main/docs/atomisation.md (74 chars)
Model: gemma-4-31b-it | Budget: Budget: $0.0000 / $10.00
------------------------------------------------------------
⚠️  Triangulation failed for https://github.com/alphaonedev/ai-memory-mcp/blob/main/docs/atomisation.md. Confidence: 0.10

🚀 Ingesting: https://blog.vinkius.com/the-agentic-swarm-manifesto-how-vurb-ts-fhp-does-for-mcp-what-kubernetes-did-for-microservices (119 chars)
Model: gemma-4-31b-it | Budget: Budget: $0.0000 / $10.00
------------------------------------------------------------

🚀 Ingesting: https://github.com/alphaonedev/ai-memory-mcp/blob/main/docs/atomisation.md (74 chars)
Model: gemma-4-31b-it | Budget: Budget: $0.0000 / $10.00
------------------------------------------------------------
⚠️  Triangulation failed for https://github.com/alphaonedev/ai-memory-mcp/blob/main/docs/atomisation.md. Confidence: 0.10

🚀 Ingesting: https://blog.vinkius.com/the-agentic-swarm-manifesto-how-vurb-ts-fhp-does-for-mcp-what-kubernetes-did-for-microservices (119 chars)
Model: gemma-4-31b-it | Budget: Budget: $0.0000 / $10.00
------------------------------------------------------------

🚀 Ingesting: https://github.com/alphaonedev/ai-memory-mcp/blob/main/docs/atomisation.md (74 chars)
Model: gemma-4-31b-it | Budget: Budget: $0.0000 / $10.00
------------------------------------------------------------
⚠️  Triangulation failed for https://github.com/alphaonedev/ai-memory-mcp/blob/main/docs/atomisation.md. Confidence: 0.10

🚀 Ingesting: https://blog.vinkius.com/the-agentic-swarm-manifesto-how-vurb-ts-fhp-does-for-mcp-what-kubernetes-did-for-microservices (119 chars)
Model: gemma-4-31b-it | Budget: Budget: $0.0000 / $10.00
------------------------------------------------------------

🚀 Ingesting: https://github.com/alphaonedev/ai-memory-mcp/blob/main/docs/atomisation.md (74 chars)
Model: gemma-4-31b-it | Budget: Budget: $0.0000 / $10.00
------------------------------------------------------------
⚠️  Triangulation failed for https://github.com/alphaonedev/ai-memory-mcp/blob/main/docs/atomisation.md. Confidence: 0.10

🚀 Ingesting: https://blog.vinkius.com/the-agentic-swarm-manifesto-how-vurb-ts-fhp-does-for-mcp-what-kubernetes-did-for-microservices (119 chars)
Model: gemma-4-31b-it | Budget: Budget: $0.0000 / $10.00
------------------------------------------------------------

🚀 Ingesting: https://github.com/alphaonedev/ai-memory-mcp/blob/main/docs/atomisation.md (74 chars)
Model: gemma-4-31b-it | Budget: Budget: $0.0000 / $10.00
------------------------------------------------------------
⚠️  Triangulation failed for https://github.com/alphaonedev/ai-memory-mcp/blob/main/docs/atomisation.md. Confidence: 0.10

🚀 Ingesting: https://blog.vinkius.com/the-agentic-swarm-manifesto-how-vurb-ts-fhp-does-for-mcp-what-kubernetes-did-for-microservices (119 chars)
Model: gemma-4-31b-it | Budget: Budget: $0.0000 / $10.00
------------------------------------------------------------

🚀 Ingesting: https://github.com/alphaonedev/ai-memory-mcp/blob/main/docs/atomisation.md (74 chars)
Model: gemma-4-31b-it | Budget: Budget: $0.0000 / $10.00
------------------------------------------------------------
⚠️  Triangulation failed for https://github.com/alphaonedev/ai-memory-mcp/blob/main/docs/atomisation.md. Confidence: 0.10

🚀 Ingesting: https://blog.vinkius.com/the-agentic-swarm-manifesto-how-vurb-ts-fhp-does-for-mcp-what-kubernetes-did-for-microservices (119 chars)
Model: gemma-4-31b-it | Budget: Budget: $0.0000 / $10.00
------------------------------------------------------------

🚀 Ingesting: https://github.com/alphaonedev/ai-memory-mcp/blob/main/docs/atomisation.md (74 chars)
Model: gemma-4-31b-it | Budget: Budget: $0.0000 / $10.00
------------------------------------------------------------
⚠️  Triangulation failed for https://github.com/alphaonedev/ai-memory-mcp/blob/main/docs/atomisation.md. Confidence: 0.10

🚀 Ingesting: https://blog.vinkius.com/the-agentic-swarm-manifesto-how-vurb-ts-fhp-does-for-mcp-what-kubernetes-did-for-microservices (119 chars)
Model: gemma-4-31b-it | Budget: Budget: $0.0000 / $10.00
------------------------------------------------------------

🚀 Ingesting: https://github.com/alphaonedev/ai-memory-mcp/blob/main/docs/atomisation.md (74 chars)
Model: gemma-4-31b-it | Budget: Budget: $0.0000 / $10.00
------------------------------------------------------------
⚠️  Triangulation failed for https://github.com/alphaonedev/ai-memory-mcp/blob/main/docs/atomisation.md. Confidence: 0.10

🚀 Ingesting: https://blog.vinkius.com/the-agentic-swarm-manifesto-how-vurb-ts-fhp-does-for-mcp-what-kubernetes-did-for-microservices (119 chars)
Model: gemma-4-31b-it | Budget: Budget: $0.0000 / $10.00
------------------------------------------------------------

🚀 Ingesting: https://github.com/alphaonedev/ai-memory-mcp/blob/main/docs/atomisation.md (74 chars)
Model: gemma-4-31b-it | Budget: Budget: $0.0000 / $10.00
------------------------------------------------------------
⚠️  Triangulation failed for https://github.com/alphaonedev/ai-memory-mcp/blob/main/docs/atomisation.md. Confidence: 0.10

🚀 Ingesting: https://blog.vinkius.com/the-agentic-swarm-manifesto-how-vurb-ts-fhp-does-for-mcp-what-kubernetes-did-for-microservices (119 chars)
Model: gemma-4-31b-it | Budget: Budget: $0.0000 / $10.00
------------------------------------------------------------

🚀 Ingesting: https://github.com/alphaonedev/ai-memory-mcp/blob/main/docs/atomisation.md (74 chars)
Model: gemma-4-31b-it | Budget: Budget: $0.0000 / $10.00
------------------------------------------------------------
⚠️  Triangulation failed for https://github.com/alphaonedev/ai-memory-mcp/blob/main/docs/atomisation.md. Confidence: 0.10

🚀 Ingesting: https://blog.vinkius.com/the-agentic-swarm-manifesto-how-vurb-ts-fhp-does-for-mcp-what-kubernetes-did-for-microservices (119 chars)
Model: gemma-4-31b-it | Budget: Budget: $0.0000 / $10.00
------------------------------------------------------------

🚀 Ingesting: https://github.com/alphaonedev/ai-memory-mcp/blob/main/docs/atomisation.md (74 chars)
Model: gemma-4-31b-it | Budget: Budget: $0.0000 / $10.00
------------------------------------------------------------
⚠️  Triangulation failed for https://github.com/alphaonedev/ai-memory-mcp/blob/main/docs/atomisation.md. Confidence: 0.10

🚀 Ingesting: https://blog.vinkius.com/the-agentic-swarm-manifesto-how-vurb-ts-fhp-does-for-mcp-what-kubernetes-did-for-microservices (119 chars)
Model: gemma-4-31b-it | Budget: Budget: $0.0000 / $10.00
------------------------------------------------------------

🚀 Ingesting: https://github.com/alphaonedev/ai-memory-mcp/blob/main/docs/atomisation.md (74 chars)
Model: gemma-4-31b-it | Budget: Budget: $0.0000 / $10.00
------------------------------------------------------------
⚠️  Triangulation failed for https://github.com/alphaonedev/ai-memory-mcp/blob/main/docs/atomisation.md. Confidence: 0.10

🚀 Ingesting: https://blog.vinkius.com/the-agentic-swarm-manifesto-how-vurb-ts-fhp-does-for-mcp-what-kubernetes-did-for-microservices (119 chars)
Model: gemma-4-31b-it | Budget: Budget: $0.0000 / $10.00
------------------------------------------------------------

🚀 Ingesting: https://github.com/alphaonedev/ai-memory-mcp/blob/main/docs/atomisation.md (74 chars)
Model: gemma-4-31b-it | Budget: Budget: $0.0000 / $10.00
------------------------------------------------------------
⚠️  Triangulation failed for https://github.com/alphaonedev/ai-memory-mcp/blob/main/docs/atomisation.md. Confidence: 0.10

🚀 Ingesting: https://blog.vinkius.com/the-agentic-swarm-manifesto-how-vurb-ts-fhp-does-for-mcp-what-kubernetes-did-for-microservices (119 chars)
Model: gemma-4-31b-it | Budget: Budget: $0.0000 / $10.00
------------------------------------------------------------

🚀 Ingesting: https://github.com/alphaonedev/ai-memory-mcp/blob/main/docs/atomisation.md (74 chars)
Model: gemma-4-31b-it | Budget: Budget: $0.0000 / $10.00
------------------------------------------------------------
⚠️  Triangulation failed for https://github.com/alphaonedev/ai-memory-mcp/blob/main/docs/atomisation.md. Confidence: 0.10

🚀 Ingesting: https://blog.vinkius.com/the-agentic-swarm-manifesto-how-vurb-ts-fhp-does-for-mcp-what-kubernetes-did-for-microservices (119 chars)
Model: gemma-4-31b-it | Budget: Budget: $0.0000 / $10.00
------------------------------------------------------------

🚀 Ingesting: https://github.com/alphaonedev/ai-memory-mcp/blob/main/docs/atomisation.md (74 chars)
Model: gemma-4-31b-it | Budget: Budget: $0.0000 / $10.00
------------------------------------------------------------
⚠️  Triangulation failed for https://github.com/alphaonedev/ai-memory-mcp/blob/main/docs/atomisation.md. Confidence: 0.10

🚀 Ingesting: https://blog.vinkius.com/the-agentic-swarm-manifesto-how-vurb-ts-fhp-does-for-mcp-what-kubernetes-did-for-microservices (119 chars)
Model: gemma-4-31b-it | Budget: Budget: $0.0000 / $10.00
------------------------------------------------------------

🚀 Ingesting: https://github.com/alphaonedev/ai-memory-mcp/blob/main/docs/atomisation.md (74 chars)
Model: gemma-4-31b-it | Budget: Budget: $0.0000 / $10.00
------------------------------------------------------------
⚠️  Triangulation failed for https://github.com/alphaonedev/ai-memory-mcp/blob/main/docs/atomisation.md. Confidence: 0.10

🚀 Ingesting: https://blog.vinkius.com/the-agentic-swarm-manifesto-how-vurb-ts-fhp-does-for-mcp-what-kubernetes-did-for-microservices (119 chars)
Model: gemma-4-31b-it | Budget: Budget: $0.0000 / $10.00
------------------------------------------------------------

🚀 Ingesting: https://github.com/alphaonedev/ai-memory-mcp/blob/main/docs/atomisation.md (74 chars)
Model: gemma-4-31b-it | Budget: Budget: $0.0000 / $10.00
------------------------------------------------------------
⚠️  Triangulation failed for https://github.com/alphaonedev/ai-memory-mcp/blob/main/docs/atomisation.md. Confidence: 0.10

🚀 Ingesting: https://blog.vinkius.com/the-agentic-swarm-manifesto-how-vurb-ts-fhp-does-for-mcp-what-kubernetes-did-for-microservices (119 chars)
Model: gemma-4-31b-it | Budget: Budget: $0.0000 / $10.00
------------------------------------------------------------

🚀 Ingesting: https://github.com/alphaonedev/ai-memory-mcp/blob/main/docs/atomisation.md (74 chars)
Model: gemma-4-31b-it | Budget: Budget: $0.0000 / $10.00
------------------------------------------------------------
⚠️  Triangulation failed for https://github.com/alphaonedev/ai-memory-mcp/blob/main/docs/atomisation.md. Confidence: 0.10

🚀 Ingesting: https://blog.vinkius.com/the-agentic-swarm-manifesto-how-vurb-ts-fhp-does-for-mcp-what-kubernetes-did-for-microservices (119 chars)
Model: gemma-4-31b-it | Budget: Budget: $0.0000 / $10.00
------------------------------------------------------------

🚀 Ingesting: https://github.com/alphaonedev/ai-memory-mcp/blob/main/docs/atomisation.md (74 chars)
Model: gemma-4-31b-it | Budget: Budget: $0.0000 / $10.00
------------------------------------------------------------
⚠️  Triangulation failed for https://github.com/alphaonedev/ai-memory-mcp/blob/main/docs/atomisation.md. Confidence: 0.10

🚀 Ingesting: https://blog.vinkius.com/the-agentic-swarm-manifesto-how-vurb-ts-fhp-does-for-mcp-what-kubernetes-did-for-microservices (119 chars)
Model: gemma-4-31b-it | Budget: Budget: $0.0000 / $10.00
------------------------------------------------------------

🚀 Ingesting: https://github.com/alphaonedev/ai-memory-mcp/blob/main/docs/atomisation.md (74 chars)
Model: gemma-4-31b-it | Budget: Budget: $0.0000 / $10.00
------------------------------------------------------------
⚠️  Triangulation failed for https://github.com/alphaonedev/ai-memory-mcp/blob/main/docs/atomisation.md. Confidence: 0.10

🚀 Ingesting: https://blog.vinkius.com/the-agentic-swarm-manifesto-how-vurb-ts-fhp-does-for-mcp-what-kubernetes-did-for-microservices (119 chars)
Model: gemma-4-31b-it | Budget: Budget: $0.0000 / $10.00
------------------------------------------------------------

🚀 Ingesting: https://github.com/alphaonedev/ai-memory-mcp/blob/main/docs/atomisation.md (74 chars)
Model: gemma-4-31b-it | Budget: Budget: $0.0000 / $10.00
------------------------------------------------------------
⚠️  Triangulation failed for https://github.com/alphaonedev/ai-memory-mcp/blob/main/docs/atomisation.md. Confidence: 0.10

🚀 Ingesting: https://blog.vinkius.com/the-agentic-swarm-manifesto-how-vurb-ts-fhp-does-for-mcp-what-kubernetes-did-for-microservices (119 chars)
Model: gemma-4-31b-it | Budget: Budget: $0.0000 / $10.00
------------------------------------------------------------

🚀 Ingesting: https://blog.vinkius.com/the-agentic-swarm-manifesto-how-vurb-ts-fhp-does-for-mcp-what-kubernetes-did-for-microservices (119 chars)
Model: gemma-4-31b-it | Budget: Budget: $0.0000 / $10.00
------------------------------------------------------------

🚀 Ingesting: https://blog.vinkius.com/the-agentic-swarm-manifesto-how-vurb-ts-fhp-does-for-mcp-what-kubernetes-did-for-microservices (119 chars)
Model: gemma-4-31b-it | Budget: Budget: $0.0000 / $10.00
------------------------------------------------------------

🚀 Ingesting: https://blog.vinkius.com/the-agentic-swarm-manifesto-how-vurb-ts-fhp-does-for-mcp-what-kubernetes-did-for-microservices (119 chars)
Model: gemma-4-31b-it | Budget: Budget: $0.0000 / $10.00
------------------------------------------------------------

🚀 Ingesting: https://blog.vinkius.com/the-agentic-swarm-manifesto-how-vurb-ts-fhp-does-for-mcp-what-kubernetes-did-for-microservices (119 chars)
Model: gemma-4-31b-it | Budget: Budget: $0.0000 / $10.00
------------------------------------------------------------

🚀 Ingesting: https://blog.vinkius.com/the-agentic-swarm-manifesto-how-vurb-ts-fhp-does-for-mcp-what-kubernetes-did-for-microservices (119 chars)
Model: gemma-4-31b-it | Budget: Budget: $0.0000 / $10.00
------------------------------------------------------------

🚀 Ingesting: https://blog.vinkius.com/the-agentic-swarm-manifesto-how-vurb-ts-fhp-does-for-mcp-what-kubernetes-did-for-microservices (119 chars)
Model: gemma-4-31b-it | Budget: Budget: $0.0000 / $10.00
------------------------------------------------------------

🚀 Ingesting: https://blog.vinkius.com/the-agentic-swarm-manifesto-how-vurb-ts-fhp-does-for-mcp-what-kubernetes-did-for-microservices (119 chars)
Model: gemma-4-31b-it | Budget: Budget: $0.0000 / $10.00
------------------------------------------------------------

🚀 Ingesting: https://blog.vinkius.com/the-agentic-swarm-manifesto-how-vurb-ts-fhp-does-for-mcp-what-kubernetes-did-for-microservices (119 chars)
Model: gemma-4-31b-it | Budget: Budget: $0.0000 / $10.00
------------------------------------------------------------

🚀 Ingesting: https://blog.vinkius.com/the-agentic-swarm-manifesto-how-vurb-ts-fhp-does-for-mcp-what-kubernetes-did-for-microservices (119 chars)
Model: gemma-4-31b-it | Budget: Budget: $0.0000 / $10.00
------------------------------------------------------------

🚀 Ingesting: https://blog.vinkius.com/the-agentic-swarm-manifesto-how-vurb-ts-fhp-does-for-mcp-what-kubernetes-did-for-microservices (119 chars)
Model: gemma-4-31b-it | Budget: Budget: $0.0000 / $10.00
------------------------------------------------------------

🚀 Ingesting: https://blog.vinkius.com/the-agentic-swarm-manifesto-how-vurb-ts-fhp-does-for-mcp-what-kubernetes-did-for-microservices (119 chars)
Model: gemma-4-31b-it | Budget: Budget: $0.0000 / $10.00
------------------------------------------------------------

🚀 Ingesting: https://blog.vinkius.com/the-agentic-swarm-manifesto-how-vurb-ts-fhp-does-for-mcp-what-kubernetes-did-for-microservices (119 chars)
Model: gemma-4-31b-it | Budget: Budget: $0.0000 / $10.00
------------------------------------------------------------

🚀 Ingesting: https://blog.vinkius.com/the-agentic-swarm-manifesto-how-vurb-ts-fhp-does-for-mcp-what-kubernetes-did-for-microservices (119 chars)
Model: gemma-4-31b-it | Budget: Budget: $0.0000 / $10.00
------------------------------------------------------------

🚀 Ingesting: https://blog.vinkius.com/the-agentic-swarm-manifesto-how-vurb-ts-fhp-does-for-mcp-what-kubernetes-did-for-microservices (119 chars)
Model: gemma-4-31b-it | Budget: Budget: $0.0000 / $10.00
------------------------------------------------------------

🚀 Ingesting: https://blog.vinkius.com/the-agentic-swarm-manifesto-how-vurb-ts-fhp-does-for-mcp-what-kubernetes-did-for-microservices (119 chars)
Model: gemma-4-31b-it | Budget: Budget: $0.0000 / $10.00
------------------------------------------------------------

🚀 Ingesting: https://blog.vinkius.com/the-agentic-swarm-manifesto-how-vurb-ts-fhp-does-for-mcp-what-kubernetes-did-for-microservices (119 chars)
Model: gemma-4-31b-it | Budget: Budget: $0.0000 / $10.00
------------------------------------------------------------

🚀 Ingesting: https://blog.vinkius.com/the-agentic-swarm-manifesto-how-vurb-ts-fhp-does-for-mcp-what-kubernetes-did-for-microservices (119 chars)
Model: gemma-4-31b-it | Budget: Budget: $0.0000 / $10.00
------------------------------------------------------------

🚀 Ingesting: https://blog.vinkius.com/the-agentic-swarm-manifesto-how-vurb-ts-fhp-does-for-mcp-what-kubernetes-did-for-microservices (119 chars)
Model: gemma-4-31b-it | Budget: Budget: $0.0000 / $10.00
------------------------------------------------------------
{
  "cycle_id": "cycle_20260709_224941_1",
  "task": "Phase 1 \u2014 Engine Hardening \u2014 Memory wiring, handoff protocol, soul atomicity, agent hardening, MCP consolidation research",
  "skipped": true,
  "action": "defer",
  "reason": "no_sources"
}
{
  "cycle_id": "cycle_20260709_231701_1",
  "task": "Phase 1 \u2014 Engine Hardening \u2014 Memory wiring, handoff protocol, soul atomicity, agent hardening, MCP consolidation research",
  "skipped": true,
  "action": "defer",
  "reason": "no_sources"
}
{
  "cycle_id": "cycle_20260709_232145_1",
  "task": "Phase 1 \u2014 Engine Hardening \u2014 Memory wiring, handoff protocol, soul atomicity, agent hardening, MCP consolidation research",
  "skipped": true,
  "action": "defer",
  "reason": "no_sources"
}
{
  "cycle_id": "cycle_20260709_234144_1",
  "task": "Phase 1 \u2014 Engine Hardening \u2014 Memory wiring, handoff protocol, soul atomicity, agent hardening, MCP consolidation research",
  "skipped": true,
  "action": "defer",
  "reason": "no_sources"
}
{
  "cycle_id": "cycle_20260710_000144_1",
  "task": "Phase 1 \u2014 Engine Hardening \u2014 Memory wiring, handoff protocol, soul atomicity, agent hardening, MCP consolidation research",
  "skipped": true,
  "action": "defer",
  "reason": "no_sources"
}
{
  "cycle_id": "cycle_20260710_002145_1",
  "task": "Phase 1 \u2014 Engine Hardening \u2014 Memory wiring, handoff protocol, soul atomicity, agent hardening, MCP consolidation research",
  "skipped": true,
  "action": "defer",
  "reason": "no_sources"
}
{
  "cycle_id": "cycle_20260710_004146_1",
  "task": "Phase 1 \u2014 Engine Hardening \u2014 Memory wiring, handoff protocol, soul atomicity, agent hardening, MCP consolidation research",
  "skipped": true,
  "action": "defer",
  "reason": "no_sources"
}
{
  "cycle_id": "cycle_20260710_010146_1",
  "task": "Phase 1 \u2014 Engine Hardening \u2014 Memory wiring, handoff protocol, soul atomicity, agent hardening, MCP consolidation research",
  "skipped": true,
  "action": "defer",
  "reason": "no_sources"
}
{
  "cycle_id": "cycle_20260710_012251_1",
  "task": "Phase 1 \u2014 Engine Hardening \u2014 Memory wiring, handoff protocol, soul atomicity, agent hardening, MCP consolidation research",
  "skipped": true,
  "action": "defer",
  "reason": "no_sources"
}
{
  "cycle_id": "cycle_20260710_014221_1",
  "task": "Phase 1 \u2014 Engine Hardening \u2014 Memory wiring, handoff protocol, soul atomicity, agent hardening, MCP consolidation research",
  "skipped": true,
  "action": "defer",
  "reason": "no_sources"
}
{
  "cycle_id": "cycle_20260710_020221_1",
  "task": "Phase 1 \u2014 Engine Hardening \u2014 Memory wiring, handoff protocol, soul atomicity, agent hardening, MCP consolidation research",
  "skipped": true,
  "action": "skip",
  "reason": "no_content"
}
{
  "cycle_id": "cycle_20260710_055243_1",
  "task": "Phase 1 \u2014 Engine Hardening \u2014 Memory wiring, handoff protocol, soul atomicity, agent hardening, MCP consolidation research",
  "skipped": true,
  "action": "defer",
  "reason": "no_sources"
}
{
  "cycle_id": "cycle_20260710_055646_1",
  "task": "Phase 1 \u2014 Engine Hardening \u2014 Memory wiring, handoff protocol, soul atomicity, agent hardening, MCP consolidation research",
  "skipped": true,
  "action": "defer",
  "reason": "no_sources"
}
{
  "cycle_id": "cycle_20260710_061647_1",
  "task": "Phase 1 \u2014 Engine Hardening \u2014 Memory wiring, handoff protocol, soul atomicity, agent hardening, MCP consolidation research",
  "skipped": true,
  "action": "defer",
  "reason": "no_sources"
}
{
  "cycle_id": "cycle_20260710_063647_1",
  "task": "Phase 1 \u2014 Engine Hardening \u2014 Memory wiring, handoff protocol, soul atomicity, agent hardening, MCP consolidation research",
  "skipped": true,
  "action": "defer",
  "reason": "no_sources"
}
{
  "cycle_id": "cycle_20260710_065247_1",
  "task": "Phase 1 \u2014 Engine Hardening \u2014 Memory wiring, handoff protocol, soul atomicity, agent hardening, MCP consolidation research",
  "skipped": true,
  "action": "defer",
  "reason": "no_sources"
}
{
  "cycle_id": "cycle_20260710_065733_1",
  "task": "Phase 1 \u2014 Engine Hardening \u2014 Memory wiring, handoff protocol, soul atomicity, agent hardening, MCP consolidation research",
  "skipped": true,
  "action": "defer",
  "reason": "no_sources"
}
{
  "cycle_id": "cycle_20260710_071734_1",
  "task": "Phase 1 \u2014 Engine Hardening \u2014 Memory wiring, handoff protocol, soul atomicity, agent hardening, MCP consolidation research",
  "skipped": true,
  "action": "defer",
  "reason": "no_sources"
}
{
  "cycle_id": "cycle_20260710_073811_1",
  "task": "Phase 1 \u2014 Engine Hardening \u2014 Memory wiring, handoff protocol, soul atomicity, agent hardening, MCP consolidation research",
  "skipped": true,
  "action": "defer",
  "reason": "no_sources"
}
{
  "cycle_id": "cycle_20260710_075742_1",
  "task": "Phase 1 \u2014 Engine Hardening \u2014 Memory wiring, handoff protocol, soul atomicity, agent hardening, MCP consolidation research",
  "skipped": true,
  "action": "defer",
  "reason": "no_sources"
}
{
  "cycle_id": "cycle_20260710_081820_1",
  "task": "Phase 1 \u2014 Engine Hardening \u2014 Memory wiring, handoff protocol, soul atomicity, agent hardening, MCP consolidation research",
  "skipped": true,
  "action": "defer",
  "reason": "no_sources"
}
{
  "cycle_id": "cycle_20260710_083750_1",
  "task": "Phase 1 \u2014 Engine Hardening \u2014 Memory wiring, handoff protocol, soul atomicity, agent hardening, MCP consolidation research",
  "skipped": true,
  "action": "defer",
  "reason": "no_sources"
}
{
  "cycle_id": "cycle_20260710_085750_1",
  "task": "Phase 1 \u2014 Engine Hardening \u2014 Memory wiring, handoff protocol, soul atomicity, agent hardening, MCP consolidation research",
  "skipped": true,
  "action": "defer",
  "reason": "no_sources"
}
{
  "cycle_id": "cycle_20260710_091750_1",
  "task": "Phase 1 \u2014 Engine Hardening \u2014 Memory wiring, handoff protocol, soul atomicity, agent hardening, MCP consolidation research",
  "skipped": true,
  "action": "defer",
  "reason": "no_sources"
}
{
  "cycle_id": "cycle_20260710_093750_1",
  "task": "Phase 1 \u2014 Engine Hardening \u2014 Memory wiring, handoff protocol, soul atomicity, agent hardening, MCP consolidation research",
  "skipped": true,
  "action": "defer",
  "reason": "no_sources"
}
{
  "cycle_id": "cycle_20260710_095751_1",
  "task": "Phase 1 \u2014 Engine Hardening \u2014 Memory wiring, handoff protocol, soul atomicity, agent hardening, MCP consolidation research",
  "skipped": true,
  "action": "defer",
  "reason": "no_sources"
}
{
  "cycle_id": "cycle_20260710_101829_1",
  "task": "Phase 1 \u2014 Engine Hardening \u2014 Memory wiring, handoff protocol, soul atomicity, agent hardening, MCP consolidation research",
  "skipped": true,
  "action": "defer",
  "reason": "no_sources"
}
{
  "cycle_id": "cycle_20260710_103759_1",
  "task": "Phase 1 \u2014 Engine Hardening \u2014 Memory wiring, handoff protocol, soul atomicity, agent hardening, MCP consolidation research",
  "skipped": true,
  "action": "defer",
  "reason": "no_sources"
}
{
  "cycle_id": "cycle_20260710_105801_1",
  "task": "Phase 1 \u2014 Engine Hardening \u2014 Memory wiring, handoff protocol, soul atomicity, agent hardening, MCP consolidation research",
  "skipped": true,
  "action": "defer",
  "reason": "no_sources"
}
{
  "cycle_id": "cycle_20260710_111920_1",
  "task": "Phase 1 \u2014 Engine Hardening \u2014 Memory wiring, handoff protocol, soul atomicity, agent hardening, MCP consolidation research",
  "skipped": true,
  "action": "defer",
  "reason": "no_sources"
}
{
  "cycle_id": "cycle_20260710_113850_1",
  "task": "Phase 1 \u2014 Engine Hardening \u2014 Memory wiring, handoff protocol, soul atomicity, agent hardening, MCP consolidation research",
  "skipped": true,
  "action": "defer",
  "reason": "no_sources"
}
{
  "cycle_id": "cycle_20260710_120010_1",
  "task": "Phase 1 \u2014 Engine Hardening \u2014 Memory wiring, handoff protocol, soul atomicity, agent hardening, MCP consolidation research",
  "skipped": true,
  "action": "defer",
  "reason": "no_sources"
}
{
  "cycle_id": "cycle_20260710_121940_1",
  "task": "Phase 1 \u2014 Engine Hardening \u2014 Memory wiring, handoff protocol, soul atomicity, agent hardening, MCP consolidation research",
  "skipped": true,
  "action": "defer",
  "reason": "no_sources"
}
{
  "cycle_id": "cycle_20260710_123940_1",
  "task": "Phase 1 \u2014 Engine Hardening \u2014 Memory wiring, handoff protocol, soul atomicity, agent hardening, MCP consolidation research",
  "skipped": true,
  "action": "defer",
  "reason": "no_sources"
}
{
  "cycle_id": "cycle_20260710_125940_1",
  "task": "Phase 1 \u2014 Engine Hardening \u2014 Memory wiring, handoff protocol, soul atomicity, agent hardening, MCP consolidation research",
  "skipped": true,
  "action": "defer",
  "reason": "no_sources"
}
{
  "cycle_id": "cycle_20260710_131940_1",
  "task": "Phase 1 \u2014 Engine Hardening \u2014 Memory wiring, handoff protocol, soul atomicity, agent hardening, MCP consolidation research",
  "skipped": true,
  "action": "defer",
  "reason": "no_sources"
}
{
  "cycle_id": "cycle_20260710_133941_1",
  "task": "Phase 1 \u2014 Engine Hardening \u2014 Memory wiring, handoff protocol, soul atomicity, agent hardening, MCP consolidation research",
  "skipped": true,
  "action": "defer",
  "reason": "no_sources"
}
{
  "cycle_id": "cycle_20260710_135941_1",
  "task": "Phase 1 \u2014 Engine Hardening \u2014 Memory wiring, handoff protocol, soul atomicity, agent hardening, MCP consolidation research",
  "skipped": true,
  "action": "defer",
  "reason": "no_sources"
}
{
  "cycle_id": "cycle_20260710_142024_1",
  "task": "Phase 1 \u2014 Engine Hardening \u2014 Memory wiring, handoff protocol, soul atomicity, agent hardening, MCP consolidation research",
  "skipped": true,
  "action": "defer",
  "reason": "no_sources"
}
{
  "cycle_id": "cycle_20260710_143953_1",
  "task": "Phase 1 \u2014 Engine Hardening \u2014 Memory wiring, handoff protocol, soul atomicity, agent hardening, MCP consolidation research",
  "skipped": true,
  "action": "defer",
  "reason": "no_sources"
}
{
  "cycle_id": "cycle_20260710_145954_1",
  "task": "Phase 1 \u2014 Engine Hardening \u2014 Memory wiring, handoff protocol, soul atomicity, agent hardening, MCP consolidation research",
  "skipped": true,
  "action": "defer",
  "reason": "no_sources"
}
{
  "cycle_id": "cycle_20260710_170948_1",
  "task": "Phase 1 \u2014 Engine Hardening \u2014 Memory wiring, handoff protocol, soul atomicity, agent hardening, MCP consolidation research",
  "skipped": true,
  "action": "defer",
  "reason": "no_sources"
}
{
  "cycle_id": "cycle_20260710_171434_1",
  "task": "Phase 1 \u2014 Engine Hardening \u2014 Memory wiring, handoff protocol, soul atomicity, agent hardening, MCP consolidation research",
  "skipped": true,
  "action": "defer",
  "reason": "no_sources"
}
{
  "cycle_id": "cycle_20260710_173435_1",
  "task": "Phase 1 \u2014 Engine Hardening \u2014 Memory wiring, handoff protocol, soul atomicity, agent hardening, MCP consolidation research",
  "skipped": true,
  "action": "defer",
  "reason": "no_sources"
}
{
  "cycle_id": "cycle_20260710_175435_1",
  "task": "Phase 1 \u2014 Engine Hardening \u2014 Memory wiring, handoff protocol, soul atomicity, agent hardening, MCP consolidation research",
  "skipped": true,
  "action": "defer",
  "reason": "no_sources"
}
{
  "cycle_id": "cycle_20260710_181436_1",
  "task": "Phase 1 \u2014 Engine Hardening \u2014 Memory wiring, handoff protocol, soul atomicity, agent hardening, MCP consolidation research",
  "skipped": true,
  "action": "defer",
  "reason": "no_sources"
}
{
  "cycle_id": "cycle_20260710_183437_1",
  "task": "Phase 1 \u2014 Engine Hardening \u2014 Memory wiring, handoff protocol, soul atomicity, agent hardening, MCP consolidation research",
  "skipped": true,
  "action": "defer",
  "reason": "no_sources"
}
{
  "cycle_id": "cycle_20260710_185437_1",
  "task": "Phase 1 \u2014 Engine Hardening \u2014 Memory wiring, handoff protocol, soul atomicity, agent hardening, MCP consolidation research",
  "skipped": true,
  "action": "defer",
  "reason": "no_sources"
}
{
  "cycle_id": "cycle_20260710_191439_1",
  "task": "Phase 1 \u2014 Engine Hardening \u2014 Memory wiring, handoff protocol, soul atomicity, agent hardening, MCP consolidation research",
  "skipped": true,
  "action": "defer",
  "reason": "no_sources"
}
{
  "cycle_id": "cycle_20260710_193439_1",
  "task": "Phase 1 \u2014 Engine Hardening \u2014 Memory wiring, handoff protocol, soul atomicity, agent hardening, MCP consolidation research",
  "skipped": true,
  "action": "defer",
  "reason": "no_sources"
}
{
  "cycle_id": "cycle_20260710_195438_1",
  "task": "Phase 1 \u2014 Engine Hardening \u2014 Memory wiring, handoff protocol, soul atomicity, agent hardening, MCP consolidation research",
  "skipped": true,
  "action": "defer",
  "reason": "no_sources"
}
{
  "cycle_id": "cycle_20260710_201440_1",
  "task": "Phase 1 \u2014 Engine Hardening \u2014 Memory wiring, handoff protocol, soul atomicity, agent hardening, MCP consolidation research",
  "skipped": true,
  "action": "defer",
  "reason": "no_sources"
}
{
  "cycle_id": "cycle_20260710_203440_1",
  "task": "Phase 1 \u2014 Engine Hardening \u2014 Memory wiring, handoff protocol, soul atomicity, agent hardening, MCP consolidation research",
  "skipped": true,
  "action": "defer",
  "reason": "no_sources"
}
{
  "cycle_id": "cycle_20260710_205441_1",
  "task": "Phase 1 \u2014 Engine Hardening \u2014 Memory wiring, handoff protocol, soul atomicity, agent hardening, MCP consolidation research",
  "skipped": true,
  "action": "defer",
  "reason": "no_sources"
}
{
  "cycle_id": "cycle_20260710_211441_1",
  "task": "Phase 1 \u2014 Engine Hardening \u2014 Memory wiring, handoff protocol, soul atomicity, agent hardening, MCP consolidation research",
  "skipped": true,
  "action": "defer",
  "reason": "no_sources"
}
{
  "cycle_id": "cycle_20260710_213442_1",
  "task": "Phase 1 \u2014 Engine Hardening \u2014 Memory wiring, handoff protocol, soul atomicity, agent hardening, MCP consolidation research",
  "skipped": true,
  "action": "defer",
  "reason": "no_sources"
}
{
  "cycle_id": "cycle_20260710_215442_1",
  "task": "Phase 1 \u2014 Engine Hardening \u2014 Memory wiring, handoff protocol, soul atomicity, agent hardening, MCP consolidation research",
  "skipped": true,
  "action": "defer",
  "reason": "no_sources"
}
{
  "cycle_id": "cycle_20260710_221441_1",
  "task": "Phase 1 \u2014 Engine Hardening \u2014 Memory wiring, handoff protocol, soul atomicity, agent hardening, MCP consolidation research",
  "skipped": true,
  "action": "defer",
  "reason": "no_sources"
}
{
  "cycle_id": "cycle_20260710_223441_1",
  "task": "Phase 1 \u2014 Engine Hardening \u2014 Memory wiring, handoff protocol, soul atomicity, agent hardening, MCP consolidation research",
  "skipped": true,
  "action": "defer",
  "reason": "no_sources"
}
{
  "cycle_id": "cycle_20260710_225443_1",
  "task": "Phase 1 \u2014 Engine Hardening \u2014 Memory wiring, handoff protocol, soul atomicity, agent hardening, MCP consolidation research",
  "skipped": true,
  "action": "defer",
  "reason": "no_sources"
}
{
  "cycle_id": "cycle_20260710_231443_1",
  "task": "Phase 1 \u2014 Engine Hardening \u2014 Memory wiring, handoff protocol, soul atomicity, agent hardening, MCP consolidation research",
  "skipped": true,
  "action": "defer",
  "reason": "no_sources"
}
{
  "cycle_id": "cycle_20260710_233444_1",
  "task": "Phase 1 \u2014 Engine Hardening \u2014 Memory wiring, handoff protocol, soul atomicity, agent hardening, MCP consolidation research",
  "skipped": true,
  "action": "defer",
  "reason": "no_sources"
}
{
  "cycle_id": "cycle_20260710_235444_1",
  "task": "Phase 1 \u2014 Engine Hardening \u2014 Memory wiring, handoff protocol, soul atomicity, agent hardening, MCP consolidation research",
  "skipped": true,
  "action": "defer",
  "reason": "no_sources"
}
{
  "cycle_id": "cycle_20260711_001444_1",
  "task": "Phase 1 \u2014 Engine Hardening \u2014 Memory wiring, handoff protocol, soul atomicity, agent hardening, MCP consolidation research",
  "skipped": true,
  "action": "defer",
  "reason": "no_sources"
}
{
  "cycle_id": "cycle_20260711_003444_1",
  "task": "Phase 1 \u2014 Engine Hardening \u2014 Memory wiring, handoff protocol, soul atomicity, agent hardening, MCP consolidation research",
  "skipped": true,
  "action": "defer",
  "reason": "no_sources"
}
{
  "cycle_id": "cycle_20260711_005445_1",
  "task": "Phase 1 \u2014 Engine Hardening \u2014 Memory wiring, handoff protocol, soul atomicity, agent hardening, MCP consolidation research",
  "skipped": true,
  "action": "defer",
  "reason": "no_sources"
}
{
  "cycle_id": "cycle_20260711_011445_1",
  "task": "Phase 1 \u2014 Engine Hardening \u2014 Memory wiring, handoff protocol, soul atomicity, agent hardening, MCP consolidation research",
  "skipped": true,
  "action": "defer",
  "reason": "no_sources"
}
{
  "cycle_id": "cycle_20260711_013445_1",
  "task": "Phase 1 \u2014 Engine Hardening \u2014 Memory wiring, handoff protocol, soul atomicity, agent hardening, MCP consolidation research",
  "skipped": true,
  "action": "defer",
  "reason": "no_sources"
}
{
  "cycle_id": "cycle_20260711_015445_1",
  "task": "Phase 1 \u2014 Engine Hardening \u2014 Memory wiring, handoff protocol, soul atomicity, agent hardening, MCP consolidation research",
  "skipped": true,
  "action": "defer",
  "reason": "no_sources"
}
{
  "cycle_id": "cycle_20260711_021446_1",
  "task": "Phase 1 \u2014 Engine Hardening \u2014 Memory wiring, handoff protocol, soul atomicity, agent hardening, MCP consolidation research",
  "skipped": true,
  "action": "defer",
  "reason": "no_sources"
}
{
  "cycle_id": "cycle_20260711_023446_1",
  "task": "Phase 1 \u2014 Engine Hardening \u2014 Memory wiring, handoff protocol, soul atomicity, agent hardening, MCP consolidation research",
  "skipped": true,
  "action": "defer",
  "reason": "no_sources"
}
{
  "cycle_id": "cycle_20260711_025447_1",
  "task": "Phase 1 \u2014 Engine Hardening \u2014 Memory wiring, handoff protocol, soul atomicity, agent hardening, MCP consolidation research",
  "skipped": true,
  "action": "defer",
  "reason": "no_sources"
}
{
  "cycle_id": "cycle_20260711_031447_1",
  "task": "Phase 1 \u2014 Engine Hardening \u2014 Memory wiring, handoff protocol, soul atomicity, agent hardening, MCP consolidation research",
  "skipped": true,
  "action": "defer",
  "reason": "no_sources"
}
{
  "cycle_id": "cycle_20260711_033447_1",
  "task": "Phase 1 \u2014 Engine Hardening \u2014 Memory wiring, handoff protocol, soul atomicity, agent hardening, MCP consolidation research",
  "skipped": true,
  "action": "defer",
  "reason": "no_sources"
}
{
  "cycle_id": "cycle_20260711_035447_1",
  "task": "Phase 1 \u2014 Engine Hardening \u2014 Memory wiring, handoff protocol, soul atomicity, agent hardening, MCP consolidation research",
  "skipped": true,
  "action": "defer",
  "reason": "no_sources"
}
{
  "cycle_id": "cycle_20260711_041448_1",
  "task": "Phase 1 \u2014 Engine Hardening \u2014 Memory wiring, handoff protocol, soul atomicity, agent hardening, MCP consolidation research",
  "skipped": true,
  "action": "defer",
  "reason": "no_sources"
}
{
  "cycle_id": "cycle_20260711_043449_1",
  "task": "Phase 1 \u2014 Engine Hardening \u2014 Memory wiring, handoff protocol, soul atomicity, agent hardening, MCP consolidation research",
  "skipped": true,
  "action": "defer",
  "reason": "no_sources"
}
{
  "cycle_id": "cycle_20260711_045449_1",
  "task": "Phase 1 \u2014 Engine Hardening \u2014 Memory wiring, handoff protocol, soul atomicity, agent hardening, MCP consolidation research",
  "skipped": true,
  "action": "defer",
  "reason": "no_sources"
}
{
  "cycle_id": "cycle_20260711_051449_1",
  "task": "Phase 1 \u2014 Engine Hardening \u2014 Memory wiring, handoff protocol, soul atomicity, agent hardening, MCP consolidation research",
  "skipped": true,
  "action": "defer",
  "reason": "no_sources"
}
{
  "cycle_id": "cycle_20260711_053527_1",
  "task": "Phase 1 \u2014 Engine Hardening \u2014 Memory wiring, handoff protocol, soul atomicity, agent hardening, MCP consolidation research",
  "skipped": true,
  "action": "defer",
  "reason": "no_sources"
}
{
  "cycle_id": "cycle_20260711_055457_1",
  "task": "Phase 1 \u2014 Engine Hardening \u2014 Memory wiring, handoff protocol, soul atomicity, agent hardening, MCP consolidation research",
  "skipped": true,
  "action": "defer",
  "reason": "no_sources"
}
{
  "cycle_id": "cycle_20260711_061458_1",
  "task": "Phase 1 \u2014 Engine Hardening \u2014 Memory wiring, handoff protocol, soul atomicity, agent hardening, MCP consolidation research",
  "skipped": true,
  "action": "defer",
  "reason": "no_sources"
}
{
  "cycle_id": "cycle_20260711_063458_1",
  "task": "Phase 1 \u2014 Engine Hardening \u2014 Memory wiring, handoff protocol, soul atomicity, agent hardening, MCP consolidation research",
  "skipped": true,
  "action": "defer",
  "reason": "no_sources"
}
{
  "cycle_id": "cycle_20260711_065459_1",
  "task": "Phase 1 \u2014 Engine Hardening \u2014 Memory wiring, handoff protocol, soul atomicity, agent hardening, MCP consolidation research",
  "skipped": true,
  "action": "defer",
  "reason": "no_sources"
}
{
  "cycle_id": "cycle_20260711_071459_1",
  "task": "Phase 1 \u2014 Engine Hardening \u2014 Memory wiring, handoff protocol, soul atomicity, agent hardening, MCP consolidation research",
  "skipped": true,
  "action": "defer",
  "reason": "no_sources"
}
{
  "cycle_id": "cycle_20260711_073459_1",
  "task": "Phase 1 \u2014 Engine Hardening \u2014 Memory wiring, handoff protocol, soul atomicity, agent hardening, MCP consolidation research",
  "skipped": true,
  "action": "defer",
  "reason": "no_sources"
}
{
  "cycle_id": "cycle_20260711_075500_1",
  "task": "Phase 1 \u2014 Engine Hardening \u2014 Memory wiring, handoff protocol, soul atomicity, agent hardening, MCP consolidation research",
  "skipped": true,
  "action": "defer",
  "reason": "no_sources"
}
{
  "cycle_id": "cycle_20260711_081500_1",
  "task": "Phase 1 \u2014 Engine Hardening \u2014 Memory wiring, handoff protocol, soul atomicity, agent hardening, MCP consolidation research",
  "skipped": true,
  "action": "defer",
  "reason": "no_sources"
}
{
  "cycle_id": "cycle_20260711_083500_1",
  "task": "Phase 1 \u2014 Engine Hardening \u2014 Memory wiring, handoff protocol, soul atomicity, agent hardening, MCP consolidation research",
  "skipped": true,
  "action": "defer",
  "reason": "no_sources"
}
{
  "cycle_id": "cycle_20260711_085501_1",
  "task": "Phase 1 \u2014 Engine Hardening \u2014 Memory wiring, handoff protocol, soul atomicity, agent hardening, MCP consolidation research",
  "skipped": true,
  "action": "defer",
  "reason": "no_sources"
}
{
  "cycle_id": "cycle_20260711_091501_1",
  "task": "Phase 1 \u2014 Engine Hardening \u2014 Memory wiring, handoff protocol, soul atomicity, agent hardening, MCP consolidation research",
  "skipped": true,
  "action": "defer",
  "reason": "no_sources"
}
{
  "cycle_id": "cycle_20260711_093501_1",
  "task": "Phase 1 \u2014 Engine Hardening \u2014 Memory wiring, handoff protocol, soul atomicity, agent hardening, MCP consolidation research",
  "skipped": true,
  "action": "defer",
  "reason": "no_sources"
}
{
  "cycle_id": "cycle_20260711_095501_1",
  "task": "Phase 1 \u2014 Engine Hardening \u2014 Memory wiring, handoff protocol, soul atomicity, agent hardening, MCP consolidation research",
  "skipped": true,
  "action": "defer",
  "reason": "no_sources"
}
{
  "cycle_id": "cycle_20260711_101502_1",
  "task": "Phase 1 \u2014 Engine Hardening \u2014 Memory wiring, handoff protocol, soul atomicity, agent hardening, MCP consolidation research",
  "skipped": true,
  "action": "defer",
  "reason": "no_sources"
}
{
  "cycle_id": "cycle_20260711_103502_1",
  "task": "Phase 1 \u2014 Engine Hardening \u2014 Memory wiring, handoff protocol, soul atomicity, agent hardening, MCP consolidation research",
  "skipped": true,
  "action": "defer",
  "reason": "no_sources"
}
{
  "cycle_id": "cycle_20260711_105539_1",
  "task": "Phase 1 \u2014 Engine Hardening \u2014 Memory wiring, handoff protocol, soul atomicity, agent hardening, MCP consolidation research",
  "skipped": true,
  "action": "defer",
  "reason": "no_sources"
}
{
  "cycle_id": "cycle_20260711_111547_1",
  "task": "Phase 1 \u2014 Engine Hardening \u2014 Memory wiring, handoff protocol, soul atomicity, agent hardening, MCP consolidation research",
  "skipped": true,
  "action": "defer",
  "reason": "no_sources"
}
{
  "cycle_id": "cycle_20260711_113517_1",
  "task": "Phase 1 \u2014 Engine Hardening \u2014 Memory wiring, handoff protocol, soul atomicity, agent hardening, MCP consolidation research",
  "skipped": true,
  "action": "defer",
  "reason": "no_sources"
}
{
  "cycle_id": "cycle_20260711_115518_1",
  "task": "Phase 1 \u2014 Engine Hardening \u2014 Memory wiring, handoff protocol, soul atomicity, agent hardening, MCP consolidation research",
  "skipped": true,
  "action": "defer",
  "reason": "no_sources"
}
{
  "cycle_id": "cycle_20260711_121519_1",
  "task": "Phase 1 \u2014 Engine Hardening \u2014 Memory wiring, handoff protocol, soul atomicity, agent hardening, MCP consolidation research",
  "skipped": true,
  "action": "defer",
  "reason": "no_sources"
}
{
  "cycle_id": "cycle_20260711_123519_1",
  "task": "Phase 1 \u2014 Engine Hardening \u2014 Memory wiring, handoff protocol, soul atomicity, agent hardening, MCP consolidation research",
  "skipped": true,
  "action": "defer",
  "reason": "no_sources"
}
{
  "cycle_id": "cycle_20260711_125519_1",
  "task": "Phase 1 \u2014 Engine Hardening \u2014 Memory wiring, handoff protocol, soul atomicity, agent hardening, MCP consolidation research",
  "skipped": true,
  "action": "defer",
  "reason": "no_sources"
}
{
  "cycle_id": "cycle_20260711_131716_1",
  "task": "Phase 1 \u2014 Engine Hardening \u2014 Memory wiring, handoff protocol, soul atomicity, agent hardening, MCP consolidation research",
  "skipped": true,
  "action": "defer",
  "reason": "no_sources"
}
{
  "cycle_id": "cycle_20260711_133645_1",
  "task": "Phase 1 \u2014 Engine Hardening \u2014 Memory wiring, handoff protocol, soul atomicity, agent hardening, MCP consolidation research",
  "skipped": true,
  "action": "defer",
  "reason": "no_sources"
}
{
  "cycle_id": "cycle_20260711_135645_1",
  "task": "Phase 1 \u2014 Engine Hardening \u2014 Memory wiring, handoff protocol, soul atomicity, agent hardening, MCP consolidation research",
  "skipped": true,
  "action": "defer",
  "reason": "no_sources"
}
{
  "cycle_id": "cycle_20260711_141645_1",
  "task": "Phase 1 \u2014 Engine Hardening \u2014 Memory wiring, handoff protocol, soul atomicity, agent hardening, MCP consolidation research",
  "skipped": true,
  "action": "defer",
  "reason": "no_sources"
}
{
  "cycle_id": "cycle_20260711_143645_1",
  "task": "Phase 1 \u2014 Engine Hardening \u2014 Memory wiring, handoff protocol, soul atomicity, agent hardening, MCP consolidation research",
  "skipped": true,
  "action": "defer",
  "reason": "no_sources"
}
{
  "cycle_id": "cycle_20260711_145646_1",
  "task": "Phase 1 \u2014 Engine Hardening \u2014 Memory wiring, handoff protocol, soul atomicity, agent hardening, MCP consolidation research",
  "skipped": true,
  "action": "defer",
  "reason": "no_sources"
}
{
  "cycle_id": "cycle_20260711_151646_1",
  "task": "Phase 1 \u2014 Engine Hardening \u2014 Memory wiring, handoff protocol, soul atomicity, agent hardening, MCP consolidation research",
  "skipped": true,
  "action": "defer",
  "reason": "no_sources"
}
{
  "cycle_id": "cycle_20260711_153646_1",
  "task": "Phase 1 \u2014 Engine Hardening \u2014 Memory wiring, handoff protocol, soul atomicity, agent hardening, MCP consolidation research",
  "skipped": true,
  "action": "defer",
  "reason": "no_sources"
}
{
  "cycle_id": "cycle_20260711_155647_1",
  "task": "Phase 1 \u2014 Engine Hardening \u2014 Memory wiring, handoff protocol, soul atomicity, agent hardening, MCP consolidation research",
  "skipped": true,
  "action": "defer",
  "reason": "no_sources"
}
{
  "cycle_id": "cycle_20260711_165648_1",
  "task": "Phase 1 \u2014 Engine Hardening \u2014 Memory wiring, handoff protocol, soul atomicity, agent hardening, MCP consolidation research",
  "skipped": true,
  "action": "defer",
  "reason": "no_sources"
}
{
  "cycle_id": "cycle_20260711_171648_1",
  "task": "Phase 1 \u2014 Engine Hardening \u2014 Memory wiring, handoff protocol, soul atomicity, agent hardening, MCP consolidation research",
  "skipped": true,
  "action": "defer",
  "reason": "no_sources"
}
{
  "cycle_id": "cycle_20260711_173649_1",
  "task": "Phase 1 \u2014 Engine Hardening \u2014 Memory wiring, handoff protocol, soul atomicity, agent hardening, MCP consolidation research",
  "skipped": true,
  "action": "defer",
  "reason": "no_sources"
}
{
  "cycle_id": "cycle_20260711_175650_1",
  "task": "Phase 1 \u2014 Engine Hardening \u2014 Memory wiring, handoff protocol, soul atomicity, agent hardening, MCP consolidation research",
  "skipped": true,
  "action": "defer",
  "reason": "no_sources"
}
{
  "cycle_id": "cycle_20260711_181650_1",
  "task": "Phase 1 \u2014 Engine Hardening \u2014 Memory wiring, handoff protocol, soul atomicity, agent hardening, MCP consolidation research",
  "skipped": true,
  "action": "defer",
  "reason": "no_sources"
}
{
  "cycle_id": "cycle_20260711_183650_1",
  "task": "Phase 1 \u2014 Engine Hardening \u2014 Memory wiring, handoff protocol, soul atomicity, agent hardening, MCP consolidation research",
  "skipped": true,
  "action": "defer",
  "reason": "no_sources"
}
{
  "cycle_id": "cycle_20260711_185650_1",
  "task": "Phase 1 \u2014 Engine Hardening \u2014 Memory wiring, handoff protocol, soul atomicity, agent hardening, MCP consolidation research",
  "skipped": true,
  "action": "defer",
  "reason": "no_sources"
}
{
  "cycle_id": "cycle_20260711_191650_1",
  "task": "Phase 1 \u2014 Engine Hardening \u2014 Memory wiring, handoff protocol, soul atomicity, agent hardening, MCP consolidation research",
  "skipped": true,
  "action": "defer",
  "reason": "no_sources"
}
{
  "cycle_id": "cycle_20260711_193653_1",
  "task": "Phase 1 \u2014 Engine Hardening \u2014 Memory wiring, handoff protocol, soul atomicity, agent hardening, MCP consolidation research",
  "skipped": true,
  "action": "defer",
  "reason": "no_sources"
}
{
  "cycle_id": "cycle_20260711_195654_1",
  "task": "Phase 1 \u2014 Engine Hardening \u2014 Memory wiring, handoff protocol, soul atomicity, agent hardening, MCP consolidation research",
  "skipped": true,
  "action": "defer",
  "reason": "no_sources"
}
{
  "cycle_id": "cycle_20260711_201653_1",
  "task": "Phase 1 \u2014 Engine Hardening \u2014 Memory wiring, handoff protocol, soul atomicity, agent hardening, MCP consolidation research",
  "skipped": true,
  "action": "defer",
  "reason": "no_sources"
}
{
  "cycle_id": "cycle_20260711_203655_1",
  "task": "Phase 1 \u2014 Engine Hardening \u2014 Memory wiring, handoff protocol, soul atomicity, agent hardening, MCP consolidation research",
  "skipped": true,
  "action": "defer",
  "reason": "no_sources"
}
{
  "cycle_id": "cycle_20260711_205654_1",
  "task": "Phase 1 \u2014 Engine Hardening \u2014 Memory wiring, handoff protocol, soul atomicity, agent hardening, MCP consolidation research",
  "skipped": true,
  "action": "defer",
  "reason": "no_sources"
}
{
  "cycle_id": "cycle_20260711_211654_1",
  "task": "Phase 1 \u2014 Engine Hardening \u2014 Memory wiring, handoff protocol, soul atomicity, agent hardening, MCP consolidation research",
  "skipped": true,
  "action": "defer",
  "reason": "no_sources"
}
{
  "cycle_id": "cycle_20260711_213655_1",
  "task": "Phase 1 \u2014 Engine Hardening \u2014 Memory wiring, handoff protocol, soul atomicity, agent hardening, MCP consolidation research",
  "skipped": true,
  "action": "defer",
  "reason": "no_sources"
}
{
  "cycle_id": "cycle_20260711_215653_1",
  "task": "Phase 1 \u2014 Engine Hardening \u2014 Memory wiring, handoff protocol, soul atomicity, agent hardening, MCP consolidation research",
  "skipped": true,
  "action": "defer",
  "reason": "no_sources"
}
{
  "cycle_id": "cycle_20260711_221653_1",
  "task": "Phase 1 \u2014 Engine Hardening \u2014 Memory wiring, handoff protocol, soul atomicity, agent hardening, MCP consolidation research",
  "skipped": true,
  "action": "defer",
  "reason": "no_sources"
}
{
  "cycle_id": "cycle_20260711_223653_1",
  "task": "Phase 1 \u2014 Engine Hardening \u2014 Memory wiring, handoff protocol, soul atomicity, agent hardening, MCP consolidation research",
  "skipped": true,
  "action": "defer",
  "reason": "no_sources"
}
{
  "cycle_id": "cycle_20260711_225653_1",
  "task": "Phase 1 \u2014 Engine Hardening \u2014 Memory wiring, handoff protocol, soul atomicity, agent hardening, MCP consolidation research",
  "skipped": true,
  "action": "defer",
  "reason": "no_sources"
}
{
  "cycle_id": "cycle_20260711_231653_1",
  "task": "Phase 1 \u2014 Engine Hardening \u2014 Memory wiring, handoff protocol, soul atomicity, agent hardening, MCP consolidation research",
  "skipped": true,
  "action": "defer",
  "reason": "no_sources"
}
{
  "cycle_id": "cycle_20260711_233654_1",
  "task": "Phase 1 \u2014 Engine Hardening \u2014 Memory wiring, handoff protocol, soul atomicity, agent hardening, MCP consolidation research",
  "skipped": true,
  "action": "defer",
  "reason": "no_sources"
}
{
  "cycle_id": "cycle_20260711_235653_1",
  "task": "Phase 1 \u2014 Engine Hardening \u2014 Memory wiring, handoff protocol, soul atomicity, agent hardening, MCP consolidation research",
  "skipped": true,
  "action": "defer",
  "reason": "no_sources"
}
{
  "cycle_id": "cycle_20260712_001653_1",
  "task": "Phase 1 \u2014 Engine Hardening \u2014 Memory wiring, handoff protocol, soul atomicity, agent hardening, MCP consolidation research",
  "skipped": true,
  "action": "defer",
  "reason": "no_sources"
}
{
  "cycle_id": "cycle_20260712_003654_1",
  "task": "Phase 1 \u2014 Engine Hardening \u2014 Memory wiring, handoff protocol, soul atomicity, agent hardening, MCP consolidation research",
  "skipped": true,
  "action": "defer",
  "reason": "no_sources"
}
{
  "cycle_id": "cycle_20260712_005654_1",
  "task": "Phase 1 \u2014 Engine Hardening \u2014 Memory wiring, handoff protocol, soul atomicity, agent hardening, MCP consolidation research",
  "skipped": true,
  "action": "defer",
  "reason": "no_sources"
}
{
  "cycle_id": "cycle_20260712_011655_1",
  "skipped": true,
  "reason": "no_network"
}
{
  "cycle_id": "cycle_20260712_013655_1",
  "task": "Phase 1 \u2014 Engine Hardening \u2014 Memory wiring, handoff protocol, soul atomicity, agent hardening, MCP consolidation research",
  "skipped": true,
  "action": "defer",
  "reason": "no_sources"
}
{
  "cycle_id": "cycle_20260712_015656_1",
  "task": "Phase 1 \u2014 Engine Hardening \u2014 Memory wiring, handoff protocol, soul atomicity, agent hardening, MCP consolidation research",
  "skipped": true,
  "action": "defer",
  "reason": "no_sources"
}
{
  "cycle_id": "cycle_20260712_021656_1",
  "task": "Phase 1 \u2014 Engine Hardening \u2014 Memory wiring, handoff protocol, soul atomicity, agent hardening, MCP consolidation research",
  "skipped": true,
  "action": "defer",
  "reason": "no_sources"
}
{
  "cycle_id": "cycle_20260712_023657_1",
  "task": "Phase 1 \u2014 Engine Hardening \u2014 Memory wiring, handoff protocol, soul atomicity, agent hardening, MCP consolidation research",
  "skipped": true,
  "action": "defer",
  "reason": "no_sources"
}
{
  "cycle_id": "cycle_20260712_025658_1",
  "task": "Phase 1 \u2014 Engine Hardening \u2014 Memory wiring, handoff protocol, soul atomicity, agent hardening, MCP consolidation research",
  "skipped": true,
  "action": "defer",
  "reason": "no_sources"
}
{
  "cycle_id": "cycle_20260712_031658_1",
  "task": "Phase 1 \u2014 Engine Hardening \u2014 Memory wiring, handoff protocol, soul atomicity, agent hardening, MCP consolidation research",
  "skipped": true,
  "action": "defer",
  "reason": "no_sources"
}
{
  "cycle_id": "cycle_20260712_033657_1",
  "task": "Phase 1 \u2014 Engine Hardening \u2014 Memory wiring, handoff protocol, soul atomicity, agent hardening, MCP consolidation research",
  "skipped": true,
  "action": "defer",
  "reason": "no_sources"
}
{
  "cycle_id": "cycle_20260712_035658_1",
  "task": "Phase 1 \u2014 Engine Hardening \u2014 Memory wiring, handoff protocol, soul atomicity, agent hardening, MCP consolidation research",
  "skipped": true,
  "action": "defer",
  "reason": "no_sources"
}
{
  "cycle_id": "cycle_20260712_041657_1",
  "task": "Phase 1 \u2014 Engine Hardening \u2014 Memory wiring, handoff protocol, soul atomicity, agent hardening, MCP consolidation research",
  "skipped": true,
  "action": "defer",
  "reason": "no_sources"
}
{
  "cycle_id": "cycle_20260712_043658_1",
  "task": "Phase 1 \u2014 Engine Hardening \u2014 Memory wiring, handoff protocol, soul atomicity, agent hardening, MCP consolidation research",
  "skipped": true,
  "action": "defer",
  "reason": "no_sources"
}
{
  "cycle_id": "cycle_20260712_045658_1",
  "task": "Phase 1 \u2014 Engine Hardening \u2014 Memory wiring, handoff protocol, soul atomicity, agent hardening, MCP consolidation research",
  "skipped": true,
  "action": "defer",
  "reason": "no_sources"
}
{
  "cycle_id": "cycle_20260712_051659_1",
  "task": "Phase 1 \u2014 Engine Hardening \u2014 Memory wiring, handoff protocol, soul atomicity, agent hardening, MCP consolidation research",
  "skipped": true,
  "action": "defer",
  "reason": "no_sources"
}
{
  "cycle_id": "cycle_20260712_055659_1",
  "task": "Phase 1 \u2014 Engine Hardening \u2014 Memory wiring, handoff protocol, soul atomicity, agent hardening, MCP consolidation research",
  "skipped": true,
  "action": "skip",
  "reason": "no_content"
}
{
  "cycle_id": "cycle_20260712_061659_1",
  "task": "Phase 1 \u2014 Engine Hardening \u2014 Memory wiring, handoff protocol, soul atomicity, agent hardening, MCP consolidation research",
  "skipped": true,
  "action": "skip",
  "reason": "no_content"
}
{
  "cycle_id": "cycle_20260712_073124_1",
  "skipped": true,
  "reason": "no_network"
}
{
  "cycle_id": "cycle_20260712_073611_1",
  "task": "Phase 1 \u2014 Engine Hardening \u2014 Memory wiring, handoff protocol, soul atomicity, agent hardening, MCP consolidation research",
  "skipped": true,
  "action": "skip",
  "reason": "no_content"
}
{
  "cycle_id": "cycle_20260712_075612_1",
  "task": "Phase 1 \u2014 Engine Hardening \u2014 Memory wiring, handoff protocol, soul atomicity, agent hardening, MCP consolidation research",
  "skipped": true,
  "action": "skip",
  "reason": "no_content"
}
{
  "cycle_id": "cycle_20260712_081612_1",
  "task": "Phase 1 \u2014 Engine Hardening \u2014 Memory wiring, handoff protocol, soul atomicity, agent hardening, MCP consolidation research",
  "skipped": true,
  "action": "skip",
  "reason": "no_content"
}
{
  "cycle_id": "cycle_20260712_083613_1",
  "task": "Phase 1 \u2014 Engine Hardening \u2014 Memory wiring, handoff protocol, soul atomicity, agent hardening, MCP consolidation research",
  "skipped": true,
  "action": "skip",
  "reason": "no_content"
}
{
  "cycle_id": "cycle_20260712_085613_1",
  "task": "Phase 1 \u2014 Engine Hardening \u2014 Memory wiring, handoff protocol, soul atomicity, agent hardening, MCP consolidation research",
  "skipped": true,
  "action": "skip",
  "reason": "no_content"
}
{
  "cycle_id": "cycle_20260712_091614_1",
  "task": "Phase 1 \u2014 Engine Hardening \u2014 Memory wiring, handoff protocol, soul atomicity, agent hardening, MCP consolidation research",
  "skipped": true,
  "action": "skip",
  "reason": "no_content"
}
{
  "cycle_id": "cycle_20260712_093614_1",
  "task": "Phase 1 \u2014 Engine Hardening \u2014 Memory wiring, handoff protocol, soul atomicity, agent hardening, MCP consolidation research",
  "skipped": true,
  "action": "skip",
  "reason": "no_content"
}
{
  "cycle_id": "cycle_20260712_095614_1",
  "task": "Phase 1 \u2014 Engine Hardening \u2014 Memory wiring, handoff protocol, soul atomicity, agent hardening, MCP consolidation research",
  "skipped": true,
  "action": "skip",
  "reason": "no_content"
}
{
  "cycle_id": "cycle_20260712_101615_1",
  "task": "Phase 1 \u2014 Engine Hardening \u2014 Memory wiring, handoff protocol, soul atomicity, agent hardening, MCP consolidation research",
  "skipped": true,
  "action": "skip",
  "reason": "no_content"
}
{
  "cycle_id": "cycle_20260712_103615_1",
  "task": "Phase 1 \u2014 Engine Hardening \u2014 Memory wiring, handoff protocol, soul atomicity, agent hardening, MCP consolidation research",
  "skipped": true,
  "action": "skip",
  "reason": "no_content"
}
{
  "cycle_id": "cycle_20260712_105615_1",
  "task": "Phase 1 \u2014 Engine Hardening \u2014 Memory wiring, handoff protocol, soul atomicity, agent hardening, MCP consolidation research",
  "skipped": true,
  "action": "skip",
  "reason": "no_content"
}
{
  "cycle_id": "cycle_20260712_111616_1",
  "task": "Phase 1 \u2014 Engine Hardening \u2014 Memory wiring, handoff protocol, soul atomicity, agent hardening, MCP consolidation research",
  "skipped": true,
  "action": "skip",
  "reason": "no_content"
}
{
  "cycle_id": "cycle_20260712_113616_1",
  "task": "Phase 1 \u2014 Engine Hardening \u2014 Memory wiring, handoff protocol, soul atomicity, agent hardening, MCP consolidation research",
  "skipped": true,
  "action": "skip",
  "reason": "no_content"
}
{
  "cycle_id": "cycle_20260712_115616_1",
  "task": "Phase 1 \u2014 Engine Hardening \u2014 Memory wiring, handoff protocol, soul atomicity, agent hardening, MCP consolidation research",
  "skipped": true,
  "action": "skip",
  "reason": "no_content"
}
{
  "cycle_id": "cycle_20260712_121616_1",
  "task": "Phase 1 \u2014 Engine Hardening \u2014 Memory wiring, handoff protocol, soul atomicity, agent hardening, MCP consolidation research",
  "skipped": true,
  "action": "skip",
  "reason": "no_content"
}
{
  "cycle_id": "cycle_20260712_123617_1",
  "task": "Phase 1 \u2014 Engine Hardening \u2014 Memory wiring, handoff protocol, soul atomicity, agent hardening, MCP consolidation research",
  "skipped": true,
  "action": "skip",
  "reason": "no_content"
}
{
  "cycle_id": "cycle_20260712_125617_1",
  "task": "Phase 1 \u2014 Engine Hardening \u2014 Memory wiring, handoff protocol, soul atomicity, agent hardening, MCP consolidation research",
  "skipped": true,
  "action": "skip",
  "reason": "no_content"
}
{
  "cycle_id": "cycle_20260712_131619_1",
  "task": "Phase 1 \u2014 Engine Hardening \u2014 Memory wiring, handoff protocol, soul atomicity, agent hardening, MCP consolidation research",
  "skipped": true,
  "action": "skip",
  "reason": "no_content"
}
{
  "cycle_id": "cycle_20260712_133619_1",
  "task": "Phase 1 \u2014 Engine Hardening \u2014 Memory wiring, handoff protocol, soul atomicity, agent hardening, MCP consolidation research",
  "skipped": true,
  "action": "skip",
  "reason": "no_content"
}
{
  "cycle_id": "cycle_20260712_135620_1",
  "task": "Phase 1 \u2014 Engine Hardening \u2014 Memory wiring, handoff protocol, soul atomicity, agent hardening, MCP consolidation research",
  "skipped": true,
  "action": "skip",
  "reason": "no_content"
}
{
  "cycle_id": "cycle_20260712_141620_1",
  "task": "Phase 1 \u2014 Engine Hardening \u2014 Memory wiring, handoff protocol, soul atomicity, agent hardening, MCP consolidation research",
  "skipped": true,
  "action": "skip",
  "reason": "no_content"
}
{
  "cycle_id": "cycle_20260712_143620_1",
  "task": "Phase 1 \u2014 Engine Hardening \u2014 Memory wiring, handoff protocol, soul atomicity, agent hardening, MCP consolidation research",
  "skipped": true,
  "action": "skip",
  "reason": "no_content"
}
{
  "cycle_id": "cycle_20260712_145622_1",
  "task": "Phase 1 \u2014 Engine Hardening \u2014 Memory wiring, handoff protocol, soul atomicity, agent hardening, MCP consolidation research",
  "skipped": true,
  "action": "skip",
  "reason": "no_content"
}
{
  "cycle_id": "cycle_20260712_151623_1",
  "task": "Phase 1 \u2014 Engine Hardening \u2014 Memory wiring, handoff protocol, soul atomicity, agent hardening, MCP consolidation research",
  "skipped": true,
  "action": "skip",
  "reason": "no_content"
}
{
  "cycle_id": "cycle_20260712_153624_1",
  "task": "Phase 1 \u2014 Engine Hardening \u2014 Memory wiring, handoff protocol, soul atomicity, agent hardening, MCP consolidation research",
  "skipped": true,
  "action": "skip",
  "reason": "no_content"
}
{
  "cycle_id": "cycle_20260712_155624_1",
  "task": "Phase 1 \u2014 Engine Hardening \u2014 Memory wiring, handoff protocol, soul atomicity, agent hardening, MCP consolidation research",
  "skipped": true,
  "action": "skip",
  "reason": "no_content"
}
{
  "cycle_id": "cycle_20260712_161625_1",
  "task": "Phase 1 \u2014 Engine Hardening \u2014 Memory wiring, handoff protocol, soul atomicity, agent hardening, MCP consolidation research",
  "skipped": true,
  "action": "skip",
  "reason": "no_content"
}
{
  "cycle_id": "cycle_20260712_163625_1",
  "task": "Phase 1 \u2014 Engine Hardening \u2014 Memory wiring, handoff protocol, soul atomicity, agent hardening, MCP consolidation research",
  "skipped": true,
  "action": "skip",
  "reason": "no_content"
}
{
  "cycle_id": "cycle_20260712_165626_1",
  "task": "Phase 1 \u2014 Engine Hardening \u2014 Memory wiring, handoff protocol, soul atomicity, agent hardening, MCP consolidation research",
  "skipped": true,
  "action": "skip",
  "reason": "no_content"
}
{
  "cycle_id": "cycle_20260712_171626_1",
  "task": "Phase 1 \u2014 Engine Hardening \u2014 Memory wiring, handoff protocol, soul atomicity, agent hardening, MCP consolidation research",
  "skipped": true,
  "action": "skip",
  "reason": "no_content"
}
{
  "cycle_id": "cycle_20260712_173627_1",
  "task": "Phase 1 \u2014 Engine Hardening \u2014 Memory wiring, handoff protocol, soul atomicity, agent hardening, MCP consolidation research",
  "skipped": true,
  "action": "skip",
  "reason": "no_content"
}
{
  "cycle_id": "cycle_20260712_175627_1",
  "task": "Phase 1 \u2014 Engine Hardening \u2014 Memory wiring, handoff protocol, soul atomicity, agent hardening, MCP consolidation research",
  "skipped": true,
  "action": "skip",
  "reason": "no_content"
}
{
  "cycle_id": "cycle_20260712_181628_1",
  "task": "Phase 1 \u2014 Engine Hardening \u2014 Memory wiring, handoff protocol, soul atomicity, agent hardening, MCP consolidation research",
  "skipped": true,
  "action": "skip",
  "reason": "no_content"
}
{
  "cycle_id": "cycle_20260712_183628_1",
  "task": "Phase 1 \u2014 Engine Hardening \u2014 Memory wiring, handoff protocol, soul atomicity, agent hardening, MCP consolidation research",
  "skipped": true,
  "action": "skip",
  "reason": "no_content"
}
{
  "cycle_id": "cycle_20260712_185629_1",
  "task": "Phase 1 \u2014 Engine Hardening \u2014 Memory wiring, handoff protocol, soul atomicity, agent hardening, MCP consolidation research",
  "skipped": true,
  "action": "skip",
  "reason": "no_content"
}
{
  "cycle_id": "cycle_20260712_191629_1",
  "task": "Phase 1 \u2014 Engine Hardening \u2014 Memory wiring, handoff protocol, soul atomicity, agent hardening, MCP consolidation research",
  "skipped": true,
  "action": "skip",
  "reason": "no_content"
}
{
  "cycle_id": "cycle_20260712_193630_1",
  "task": "Phase 1 \u2014 Engine Hardening \u2014 Memory wiring, handoff protocol, soul atomicity, agent hardening, MCP consolidation research",
  "skipped": true,
  "action": "skip",
  "reason": "no_content"
}
{
  "cycle_id": "cycle_20260712_195630_1",
  "task": "Phase 1 \u2014 Engine Hardening \u2014 Memory wiring, handoff protocol, soul atomicity, agent hardening, MCP consolidation research",
  "skipped": true,
  "action": "skip",
  "reason": "no_content"
}
{
  "cycle_id": "cycle_20260712_201631_1",
  "task": "Phase 1 \u2014 Engine Hardening \u2014 Memory wiring, handoff protocol, soul atomicity, agent hardening, MCP consolidation research",
  "skipped": true,
  "action": "skip",
  "reason": "no_content"
}
{
  "cycle_id": "cycle_20260712_203632_1",
  "task": "Phase 1 \u2014 Engine Hardening \u2014 Memory wiring, handoff protocol, soul atomicity, agent hardening, MCP consolidation research",
  "skipped": true,
  "action": "skip",
  "reason": "no_content"
}
{
  "cycle_id": "cycle_20260712_205632_1",
  "task": "Phase 1 \u2014 Engine Hardening \u2014 Memory wiring, handoff protocol, soul atomicity, agent hardening, MCP consolidation research",
  "skipped": true,
  "action": "skip",
  "reason": "no_content"
}
{
  "cycle_id": "cycle_20260712_211632_1",
  "task": "Phase 1 \u2014 Engine Hardening \u2014 Memory wiring, handoff protocol, soul atomicity, agent hardening, MCP consolidation research",
  "skipped": true,
  "action": "skip",
  "reason": "no_content"
}
{
  "cycle_id": "cycle_20260712_213632_1",
  "task": "Phase 1 \u2014 Engine Hardening \u2014 Memory wiring, handoff protocol, soul atomicity, agent hardening, MCP consolidation research",
  "skipped": true,
  "action": "skip",
  "reason": "no_content"
}
{
  "cycle_id": "cycle_20260712_215632_1",
  "task": "Phase 1 \u2014 Engine Hardening \u2014 Memory wiring, handoff protocol, soul atomicity, agent hardening, MCP consolidation research",
  "skipped": true,
  "action": "skip",
  "reason": "no_content"
}
{
  "cycle_id": "cycle_20260712_221630_1",
  "task": "Phase 1 \u2014 Engine Hardening \u2014 Memory wiring, handoff protocol, soul atomicity, agent hardening, MCP consolidation research",
  "skipped": true,
  "action": "skip",
  "reason": "no_content"
}
{
  "cycle_id": "cycle_20260712_223632_1",
  "task": "Phase 1 \u2014 Engine Hardening \u2014 Memory wiring, handoff protocol, soul atomicity, agent hardening, MCP consolidation research",
  "skipped": true,
  "action": "skip",
  "reason": "no_content"
}
{
  "cycle_id": "cycle_20260712_225633_1",
  "task": "Phase 1 \u2014 Engine Hardening \u2014 Memory wiring, handoff protocol, soul atomicity, agent hardening, MCP consolidation research",
  "skipped": true,
  "action": "skip",
  "reason": "no_content"
}
{
  "cycle_id": "cycle_20260712_231632_1",
  "task": "Phase 1 \u2014 Engine Hardening \u2014 Memory wiring, handoff protocol, soul atomicity, agent hardening, MCP consolidation research",
  "skipped": true,
  "action": "skip",
  "reason": "no_content"
}
{
  "cycle_id": "cycle_20260712_233632_1",
  "task": "Phase 1 \u2014 Engine Hardening \u2014 Memory wiring, handoff protocol, soul atomicity, agent hardening, MCP consolidation research",
  "skipped": true,
  "action": "skip",
  "reason": "no_content"
}
{
  "cycle_id": "cycle_20260712_235633_1",
  "task": "Phase 1 \u2014 Engine Hardening \u2014 Memory wiring, handoff protocol, soul atomicity, agent hardening, MCP consolidation research",
  "skipped": true,
  "action": "skip",
  "reason": "no_content"
}
{
  "cycle_id": "cycle_20260713_001633_1",
  "task": "Phase 1 \u2014 Engine Hardening \u2014 Memory wiring, handoff protocol, soul atomicity, agent hardening, MCP consolidation research",
  "skipped": true,
  "action": "skip",
  "reason": "no_content"
}
{
  "cycle_id": "cycle_20260713_003633_1",
  "task": "Phase 1 \u2014 Engine Hardening \u2014 Memory wiring, handoff protocol, soul atomicity, agent hardening, MCP consolidation research",
  "skipped": true,
  "action": "skip",
  "reason": "no_content"
}
{
  "cycle_id": "cycle_20260713_005634_1",
  "task": "Phase 1 \u2014 Engine Hardening \u2014 Memory wiring, handoff protocol, soul atomicity, agent hardening, MCP consolidation research",
  "skipped": true,
  "action": "skip",
  "reason": "no_content"
}
{
  "cycle_id": "cycle_20260713_011636_1",
  "task": "Phase 1 \u2014 Engine Hardening \u2014 Memory wiring, handoff protocol, soul atomicity, agent hardening, MCP consolidation research",
  "skipped": true,
  "action": "skip",
  "reason": "no_content"
}
{
  "cycle_id": "cycle_20260713_013636_1",
  "task": "Phase 1 \u2014 Engine Hardening \u2014 Memory wiring, handoff protocol, soul atomicity, agent hardening, MCP consolidation research",
  "skipped": true,
  "action": "skip",
  "reason": "no_content"
}
{
  "cycle_id": "cycle_20260713_015637_1",
  "task": "Phase 1 \u2014 Engine Hardening \u2014 Memory wiring, handoff protocol, soul atomicity, agent hardening, MCP consolidation research",
  "skipped": true,
  "action": "skip",
  "reason": "no_content"
}
{
  "cycle_id": "cycle_20260713_021637_1",
  "task": "Phase 1 \u2014 Engine Hardening \u2014 Memory wiring, handoff protocol, soul atomicity, agent hardening, MCP consolidation research",
  "skipped": true,
  "action": "skip",
  "reason": "no_content"
}
{
  "cycle_id": "cycle_20260713_023637_1",
  "task": "Phase 1 \u2014 Engine Hardening \u2014 Memory wiring, handoff protocol, soul atomicity, agent hardening, MCP consolidation research",
  "skipped": true,
  "action": "skip",
  "reason": "no_content"
}
{
  "cycle_id": "cycle_20260713_025638_1",
  "task": "Phase 1 \u2014 Engine Hardening \u2014 Memory wiring, handoff protocol, soul atomicity, agent hardening, MCP consolidation research",
  "skipped": true,
  "action": "skip",
  "reason": "no_content"
}
{
  "cycle_id": "cycle_20260713_031639_1",
  "task": "Phase 1 \u2014 Engine Hardening \u2014 Memory wiring, handoff protocol, soul atomicity, agent hardening, MCP consolidation research",
  "skipped": true,
  "action": "skip",
  "reason": "no_content"
}
{
  "cycle_id": "cycle_20260713_033639_1",
  "task": "Phase 1 \u2014 Engine Hardening \u2014 Memory wiring, handoff protocol, soul atomicity, agent hardening, MCP consolidation research",
  "skipped": true,
  "action": "skip",
  "reason": "no_content"
}
{
  "cycle_id": "cycle_20260713_035639_1",
  "task": "Phase 1 \u2014 Engine Hardening \u2014 Memory wiring, handoff protocol, soul atomicity, agent hardening, MCP consolidation research",
  "skipped": true,
  "action": "skip",
  "reason": "no_content"
}
{
  "cycle_id": "cycle_20260713_041639_1",
  "task": "Phase 1 \u2014 Engine Hardening \u2014 Memory wiring, handoff protocol, soul atomicity, agent hardening, MCP consolidation research",
  "skipped": true,
  "action": "skip",
  "reason": "no_content"
}
{
  "cycle_id": "cycle_20260713_043640_1",
  "task": "Phase 1 \u2014 Engine Hardening \u2014 Memory wiring, handoff protocol, soul atomicity, agent hardening, MCP consolidation research",
  "skipped": true,
  "action": "skip",
  "reason": "no_content"
}
{
  "cycle_id": "cycle_20260713_045640_1",
  "task": "Phase 1 \u2014 Engine Hardening \u2014 Memory wiring, handoff protocol, soul atomicity, agent hardening, MCP consolidation research",
  "skipped": true,
  "action": "skip",
  "reason": "no_content"
}
{
  "cycle_id": "cycle_20260713_051640_1",
  "task": "Phase 1 \u2014 Engine Hardening \u2014 Memory wiring, handoff protocol, soul atomicity, agent hardening, MCP consolidation research",
  "skipped": true,
  "action": "skip",
  "reason": "no_content"
}
{
  "cycle_id": "cycle_20260713_053640_1",
  "task": "Phase 1 \u2014 Engine Hardening \u2014 Memory wiring, handoff protocol, soul atomicity, agent hardening, MCP consolidation research",
  "skipped": true,
  "action": "skip",
  "reason": "no_content"
}
{
  "cycle_id": "cycle_20260713_055640_1",
  "task": "Phase 1 \u2014 Engine Hardening \u2014 Memory wiring, handoff protocol, soul atomicity, agent hardening, MCP consolidation research",
  "skipped": true,
  "action": "skip",
  "reason": "no_content"
}
{
  "cycle_id": "cycle_20260713_061640_1",
  "task": "Phase 1 \u2014 Engine Hardening \u2014 Memory wiring, handoff protocol, soul atomicity, agent hardening, MCP consolidation research",
  "skipped": true,
  "action": "skip",
  "reason": "no_content"
}
{
  "cycle_id": "cycle_20260713_063641_1",
  "task": "Phase 1 \u2014 Engine Hardening \u2014 Memory wiring, handoff protocol, soul atomicity, agent hardening, MCP consolidation research",
  "skipped": true,
  "action": "skip",
  "reason": "no_content"
}
{
  "cycle_id": "cycle_20260713_065641_1",
  "task": "Phase 1 \u2014 Engine Hardening \u2014 Memory wiring, handoff protocol, soul atomicity, agent hardening, MCP consolidation research",
  "skipped": true,
  "action": "skip",
  "reason": "no_content"
}
{
  "cycle_id": "cycle_20260713_071641_1",
  "task": "Phase 1 \u2014 Engine Hardening \u2014 Memory wiring, handoff protocol, soul atomicity, agent hardening, MCP consolidation research",
  "skipped": true,
  "action": "skip",
  "reason": "no_content"
}
{
  "cycle_id": "cycle_20260713_073641_1",
  "task": "Phase 1 \u2014 Engine Hardening \u2014 Memory wiring, handoff protocol, soul atomicity, agent hardening, MCP consolidation research",
  "skipped": true,
  "action": "skip",
  "reason": "no_content"
}
{
  "cycle_id": "cycle_20260713_075642_1",
  "task": "Phase 1 \u2014 Engine Hardening \u2014 Memory wiring, handoff protocol, soul atomicity, agent hardening, MCP consolidation research",
  "skipped": true,
  "action": "skip",
  "reason": "no_content"
}
{
  "cycle_id": "cycle_20260713_081642_1",
  "task": "Phase 1 \u2014 Engine Hardening \u2014 Memory wiring, handoff protocol, soul atomicity, agent hardening, MCP consolidation research",
  "skipped": true,
  "action": "skip",
  "reason": "no_content"
}
{
  "cycle_id": "cycle_20260713_083642_1",
  "task": "Phase 1 \u2014 Engine Hardening \u2014 Memory wiring, handoff protocol, soul atomicity, agent hardening, MCP consolidation research",
  "skipped": true,
  "action": "skip",
  "reason": "no_content"
}
{
  "cycle_id": "cycle_20260713_085643_1",
  "task": "Phase 1 \u2014 Engine Hardening \u2014 Memory wiring, handoff protocol, soul atomicity, agent hardening, MCP consolidation research",
  "skipped": true,
  "action": "skip",
  "reason": "no_content"
}
{
  "cycle_id": "cycle_20260713_091643_1",
  "task": "Phase 1 \u2014 Engine Hardening \u2014 Memory wiring, handoff protocol, soul atomicity, agent hardening, MCP consolidation research",
  "skipped": true,
  "action": "skip",
  "reason": "no_content"
}
{
  "cycle_id": "cycle_20260713_093643_1",
  "task": "Phase 1 \u2014 Engine Hardening \u2014 Memory wiring, handoff protocol, soul atomicity, agent hardening, MCP consolidation research",
  "skipped": true,
  "action": "skip",
  "reason": "no_content"
}
{
  "cycle_id": "cycle_20260713_095644_1",
  "task": "Phase 1 \u2014 Engine Hardening \u2014 Memory wiring, handoff protocol, soul atomicity, agent hardening, MCP consolidation research",
  "skipped": true,
  "action": "skip",
  "reason": "no_content"
}
{
  "cycle_id": "cycle_20260713_101644_1",
  "task": "Phase 1 \u2014 Engine Hardening \u2014 Memory wiring, handoff protocol, soul atomicity, agent hardening, MCP consolidation research",
  "skipped": true,
  "action": "skip",
  "reason": "no_content"
}
{
  "cycle_id": "cycle_20260713_103645_1",
  "task": "Phase 1 \u2014 Engine Hardening \u2014 Memory wiring, handoff protocol, soul atomicity, agent hardening, MCP consolidation research",
  "skipped": true,
  "action": "skip",
  "reason": "no_content"
}
{
  "cycle_id": "cycle_20260713_105645_1",
  "task": "Phase 1 \u2014 Engine Hardening \u2014 Memory wiring, handoff protocol, soul atomicity, agent hardening, MCP consolidation research",
  "skipped": true,
  "action": "skip",
  "reason": "no_content"
}
{
  "cycle_id": "cycle_20260713_111645_1",
  "task": "Phase 1 \u2014 Engine Hardening \u2014 Memory wiring, handoff protocol, soul atomicity, agent hardening, MCP consolidation research",
  "skipped": true,
  "action": "skip",
  "reason": "no_content"
}
{
  "cycle_id": "cycle_20260713_113645_1",
  "task": "Phase 1 \u2014 Engine Hardening \u2014 Memory wiring, handoff protocol, soul atomicity, agent hardening, MCP consolidation research",
  "skipped": true,
  "action": "skip",
  "reason": "no_content"
}
{
  "cycle_id": "cycle_20260713_115646_1",
  "task": "Phase 1 \u2014 Engine Hardening \u2014 Memory wiring, handoff protocol, soul atomicity, agent hardening, MCP consolidation research",
  "skipped": true,
  "action": "skip",
  "reason": "no_content"
}
{
  "cycle_id": "cycle_20260713_121647_1",
  "task": "Phase 1 \u2014 Engine Hardening \u2014 Memory wiring, handoff protocol, soul atomicity, agent hardening, MCP consolidation research",
  "skipped": true,
  "action": "skip",
  "reason": "no_content"
}
{
  "cycle_id": "cycle_20260713_123648_1",
  "task": "Phase 1 \u2014 Engine Hardening \u2014 Memory wiring, handoff protocol, soul atomicity, agent hardening, MCP consolidation research",
  "skipped": true,
  "action": "skip",
  "reason": "no_content"
}
{
  "cycle_id": "cycle_20260713_125647_1",
  "task": "Phase 1 \u2014 Engine Hardening \u2014 Memory wiring, handoff protocol, soul atomicity, agent hardening, MCP consolidation research",
  "skipped": true,
  "action": "skip",
  "reason": "no_content"
}
{
  "cycle_id": "cycle_20260713_131648_1",
  "task": "Phase 1 \u2014 Engine Hardening \u2014 Memory wiring, handoff protocol, soul atomicity, agent hardening, MCP consolidation research",
  "skipped": true,
  "action": "skip",
  "reason": "no_content"
}
{
  "cycle_id": "cycle_20260713_133649_1",
  "task": "Phase 1 \u2014 Engine Hardening \u2014 Memory wiring, handoff protocol, soul atomicity, agent hardening, MCP consolidation research",
  "skipped": true,
  "action": "skip",
  "reason": "no_content"
}
{
  "cycle_id": "cycle_20260713_135650_1",
  "task": "Phase 1 \u2014 Engine Hardening \u2014 Memory wiring, handoff protocol, soul atomicity, agent hardening, MCP consolidation research",
  "skipped": true,
  "action": "skip",
  "reason": "no_content"
}
{
  "cycle_id": "cycle_20260713_141650_1",
  "task": "Phase 1 \u2014 Engine Hardening \u2014 Memory wiring, handoff protocol, soul atomicity, agent hardening, MCP consolidation research",
  "skipped": true,
  "action": "skip",
  "reason": "no_content"
}
{
  "cycle_id": "cycle_20260713_143650_1",
  "task": "Phase 1 \u2014 Engine Hardening \u2014 Memory wiring, handoff protocol, soul atomicity, agent hardening, MCP consolidation research",
  "skipped": true,
  "action": "skip",
  "reason": "no_content"
}
{
  "cycle_id": "cycle_20260713_145651_1",
  "task": "Phase 1 \u2014 Engine Hardening \u2014 Memory wiring, handoff protocol, soul atomicity, agent hardening, MCP consolidation research",
  "skipped": true,
  "action": "skip",
  "reason": "no_content"
}
{
  "cycle_id": "cycle_20260713_151653_1",
  "task": "Phase 1 \u2014 Engine Hardening \u2014 Memory wiring, handoff protocol, soul atomicity, agent hardening, MCP consolidation research",
  "skipped": true,
  "action": "skip",
  "reason": "no_content"
}
{
  "cycle_id": "cycle_20260713_153653_1",
  "task": "Phase 1 \u2014 Engine Hardening \u2014 Memory wiring, handoff protocol, soul atomicity, agent hardening, MCP consolidation research",
  "skipped": true,
  "action": "skip",
  "reason": "no_content"
}
{
  "cycle_id": "cycle_20260713_155652_1",
  "task": "Phase 1 \u2014 Engine Hardening \u2014 Memory wiring, handoff protocol, soul atomicity, agent hardening, MCP consolidation research",
  "skipped": true,
  "action": "skip",
  "reason": "no_content"
}
{
  "cycle_id": "cycle_20260713_161652_1",
  "task": "Phase 1 \u2014 Engine Hardening \u2014 Memory wiring, handoff protocol, soul atomicity, agent hardening, MCP consolidation research",
  "skipped": true,
  "action": "skip",
  "reason": "no_content"
}
{
  "cycle_id": "cycle_20260713_163652_1",
  "task": "Phase 1 \u2014 Engine Hardening \u2014 Memory wiring, handoff protocol, soul atomicity, agent hardening, MCP consolidation research",
  "skipped": true,
  "action": "skip",
  "reason": "no_content"
}
{
  "cycle_id": "cycle_20260713_165652_1",
  "task": "Phase 1 \u2014 Engine Hardening \u2014 Memory wiring, handoff protocol, soul atomicity, agent hardening, MCP consolidation research",
  "skipped": true,
  "action": "skip",
  "reason": "no_content"
}
{
  "cycle_id": "cycle_20260713_171653_1",
  "task": "Phase 1 \u2014 Engine Hardening \u2014 Memory wiring, handoff protocol, soul atomicity, agent hardening, MCP consolidation research",
  "skipped": true,
  "action": "skip",
  "reason": "no_content"
}
{
  "cycle_id": "cycle_20260713_173653_1",
  "task": "Phase 1 \u2014 Engine Hardening \u2014 Memory wiring, handoff protocol, soul atomicity, agent hardening, MCP consolidation research",
  "skipped": true,
  "action": "skip",
  "reason": "no_content"
}
{
  "cycle_id": "cycle_20260713_175652_1",
  "task": "Phase 1 \u2014 Engine Hardening \u2014 Memory wiring, handoff protocol, soul atomicity, agent hardening, MCP consolidation research",
  "skipped": true,
  "action": "skip",
  "reason": "no_content"
}
{
  "cycle_id": "cycle_20260713_175919_1",
  "task": "Phase 1 \u2014 Engine Hardening \u2014 Memory wiring, handoff protocol, soul atomicity, agent hardening, MCP consolidation research",
  "skipped": true,
  "action": "defer",
  "reason": "no_sources"
}
{
  "cycle_id": "cycle_20260713_180406_1",
  "task": "Phase 1 \u2014 Engine Hardening \u2014 Memory wiring, handoff protocol, soul atomicity, agent hardening, MCP consolidation research",
  "skipped": true,
  "action": "skip",
  "reason": "no_content"
}
{
  "cycle_id": "cycle_20260713_182407_1",
  "task": "Phase 1 \u2014 Engine Hardening \u2014 Memory wiring, handoff protocol, soul atomicity, agent hardening, MCP consolidation research",
  "skipped": true,
  "action": "skip",
  "reason": "no_content"
}
