session_id,parent_session_id,entity,agent,finish_reason,tool_error_count,silent_failure_count,total_tokens,has_result_data,genealogy_valid,verified_complete,failure_category,verification_timestamp,verifier_version
ses_fa9cde754ffeCCIceDJIP262Tn,,node,node,,,0,,1,1,,unknown_finish_reason,1788204187209,1.0.0
ses_fa9ce0555ffeaB9JvBo8ZeLGj7,,maat,maat,stop,,0,72230,1,1,,,1788204187212,1.0.0
ses_faa37133effeq1FiC1YBKpQ2Y8,,roc_racoon,roc_racoon,,,0,,1,1,,unknown_finish_reason,1788204187213,1.0.0
ses_faa4e480effeztYRTYAMp0Cz3v,,roc_racoon,roc_racoon,,,0,,1,1,,unknown_finish_reason,1788204187218,1.0.0
ses_faa54f615ffe6PtpjWrzJaF4FT,,roc_racoon,roc_racoon,stop,,2,59606,1,1,,silent_failure,1788204187225,1.0.0
ses_faa5527f4ffe53N6PmUbZ3uaDX,,roc_racoon,roc_racoon,stop,,1,121500,1,1,,silent_failure,1788204187238,1.0.0
ses_faa915800ffeWb9n0b0z54kPaA,,researcher,researcher,stop,,0,180935,1,1,,,1788204187257,1.0.0
ses_faac542ebffezsPBxu4SrPIueV,,researcher,researcher,stop,,0,130955,1,1,,,1788204187308,1.0.0
ses_faac57073ffewysj3CgztIotRp,,roc_racoon,roc_racoon,stop,,0,133750,1,1,,tool_error,1788204187335,1.0.0
ses_faad04c57ffeN7tWtvFlhkSYrh,,roc_racoon,roc_racoon,,,0,,1,1,,tool_error,1788204187354,1.0.0
ses_faadcd03cffeqTF4f2V2xNE5z7,,roc_racoon,roc_racoon,stop,,0,230990,1,1,,tool_error,1788204187378,1.0.0
ses_fab550fc2ffeDQinVZoCEupw7y,,john_carmack,john_carmack,stop,,0,178266,1,1,,,1788204187395,1.0.0
ses_fab5985cbffetlXyrym3fscKlk,,john_carmack,john_carmack,,,0,,1,1,,unknown_finish_reason,1788204187396,1.0.0
ses_fac0d0950ffeWPevKiX5ME3BRC,,roc_racoon,roc_racoon,stop,,0,69341,1,1,,,1788204187401,1.0.0
ses_fac0d0a34ffeY1QOxoRnNL7WUr,,maat,maat,,,0,,1,1,,unknown_finish_reason,1788204187404,1.0.0
ses_fac0d0a74ffecu2b60Hqlldzkm,,researcher,researcher,stop,,0,59105,1,1,,,1788204187406,1.0.0
ses_fac0d0aeeffe995RezEEzWifFG,,lilith,lilith,stop,,0,44996,1,1,,,1788204187407,1.0.0
ses_fac0fea05ffejHTIUo9q0oH6lQ,,roc_racoon,roc_racoon,,,0,,1,1,,unknown_finish_reason,1788204187411,1.0.0
ses_fac0feb26ffeL4PV76fsLnSlDb,,maat,maat,stop,,0,44094,1,1,,,1788204187412,1.0.0
ses_fac0febdbffeieTgg8KfqRp98D,,researcher,researcher,,,0,,1,1,,unknown_finish_reason,1788204187414,1.0.0
ses_fac0fecbaffeQSG6QefMQN03GN,,lilith,lilith,stop,,0,44534,1,1,,,1788204187415,1.0.0
ses_fac15265bffemXxjXqyOA00tKh,,roc_racoon,roc_racoon,,,0,,1,1,,unknown_finish_reason,1788204187416,1.0.0
ses_fac152772ffeP10QUXI06Cciyh,,maat,maat,,,0,,1,1,,unknown_finish_reason,1788204187417,1.0.0
ses_fac15284effe3KxMcZVfvgbAwf,,researcher,researcher,,,0,,1,1,,unknown_finish_reason,1788204187419,1.0.0
ses_fac152e41ffenOATpV7ln0yVGG,,lilith,lilith,stop,,0,43912,1,1,,,1788204187420,1.0.0
ses_fac1a50f8ffejA2f0Dscaug67p,,roc_racoon,roc_racoon,,,0,,1,1,,unknown_finish_reason,1788204187454,1.0.0
ses_fac1a59f2ffesELwtvUMm3XJMl,,maat,maat,stop,,0,214367,1,1,,,1788204187527,1.0.0
ses_fac1a6772ffeguRDZxatcFrA49,,researcher,researcher,stop,,0,132962,1,1,,tool_error,1788204187543,1.0.0
ses_fac1a754cffeN9XPCzEmtC4beU,,lilith,lilith,stop,,0,191188,1,1,,tool_error,1788204187587,1.0.0
ses_fac342e9cffeAaqy4Nk4kFvI7f,,jem,jem,stop,,0,176219,1,1,,tool_error,1788204187604,1.0.0
ses_fac3452ccffeus4C1BuT1uEZ3C,,researcher,researcher,stop,,0,182676,1,1,,tool_error,1788204187622,1.0.0
ses_fac5d3d45ffeiEZzMgdcsuH6bi,,researcher,researcher,stop,,0,128840,1,1,,,1788204187636,1.0.0
ses_fad6cf8e4ffejl0B1FFjFtBv0d,,roc_racoon,roc_racoon,stop,,0,216061,1,1,,,1788204187677,1.0.0
ses_fad779cc9ffe0ftyPfBb14kyvH,,maat,maat,stop,,0,172110,1,1,,tool_error,1788204187711,1.0.0
ses_fad86e525ffewFTBluymHcrT7q,,roc_racoon,roc_racoon,stop,,1,130261,1,1,,tool_error,1788204187732,1.0.0
ses_fad87209bffeHLerAoCEB2EOFD,,kali,kali,stop,,0,162616,1,1,,tool_error,1788204187749,1.0.0
ses_fae2a81deffeSZW2RtgNZT5Bx6,,makali,makali,,,0,,1,1,,unknown_finish_reason,1788204187750,1.0.0
ses_fae33c6fbffeA0bL3bqtK38SqC,,jem,jem,,,0,,1,1,,unknown_finish_reason,1788204187761,1.0.0
ses_fae430081ffeSVBQW63AB8clK6,,general,general,stop,,0,84153,1,1,,,1788204187774,1.0.0
ses_fae45c805ffe4s1Jn7Hs2QXbxI,,jem,jem,stop,,0,223055,1,1,,tool_error,1788204187835,1.0.0
ses_fae57814cffe3H3FfrTcfz60wb,,john_carmack,john_carmack,stop,,0,149575,1,1,,tool_error,1788204187869,1.0.0
ses_faf876e42ffezDmHjbL5znUcPr,,researcher,researcher,,,0,,1,1,,unknown_finish_reason,1788204187871,1.0.0
ses_faf926866ffezrPCnXne6RQt6A,,researcher,researcher,stop,,0,89126,1,1,,,1788204187883,1.0.0
ses_faf929727ffeFgSdvGOxQbVbdW,,researcher,researcher,stop,,0,126573,1,1,,tool_error,1788204187902,1.0.0
ses_fb0047861ffe6SzGhHEHq5F3h3,,kali,kali,,,3,,1,1,,tool_error,1788204188392,1.0.0
ses_fb127f613ffeWssBz5W9gFd73l,,kali,kali,,,0,,1,1,,unknown_finish_reason,1788204188394,1.0.0
ses_fb15bf343ffeEo3YgRevquDaqC,,researcher,researcher,,,1,,1,1,,silent_failure,1788204188398,1.0.0
ses_fb19950eeffe1VOByV5S66qYmh,,roc_racoon,roc_racoon,,,0,,1,1,,unknown_finish_reason,1788204188399,1.0.0
ses_fb2444c9fffeG2pJM7vXyNhq65,,john_carmack,john_carmack,stop,,0,162112,1,1,,,1788204188416,1.0.0
ses_fb2448d01ffeRpbi1H7MvxkfWv,,researcher,researcher,stop,,0,213281,1,1,,tool_error,1788204188444,1.0.0
ses_fb3cef333ffecbdE7bgdsf96Ix,,researcher,researcher,stop,,0,173141,1,1,,tool_error,1788204188468,1.0.0
ses_fb3d066f1ffeGaYprboly7ncIz,,researcher,researcher,stop,,0,91739,1,1,,,1788204188477,1.0.0
ses_fb3dbb0c7ffenbOvo14sbc5QK6,,researcher,researcher,,,0,,1,1,,tool_error,1788204188484,1.0.0
ses_fb3eb8dacffeJl7iIpsDLV1ndj,,researcher,researcher,stop,,0,192140,1,1,,tool_error,1788204188502,1.0.0
ses_fb3ebc13bffehjnlQo4OuJr5QD,,jem,jem,stop,,0,210291,1,1,,tool_error,1788204188524,1.0.0
ses_fb3fd37ceffe44AxBtbX61qtZf,,john_carmack,john_carmack,,,0,,1,1,,unknown_finish_reason,1788204188525,1.0.0
ses_fb4006753ffew1NjSsc6zAleGk,,john_carmack,john_carmack,stop,,0,129367,1,1,,,1788204188577,1.0.0
ses_fb406aab5ffepqUO0BW3w2rpl7,,john_carmack,john_carmack,stop,,0,141849,1,1,,,1788204188617,1.0.0
ses_fb40ca94affewgaITVfOcHGsLF,,general,general,stop,,0,75104,1,1,,,1788204188624,1.0.0
ses_fb4108c4dffedp5uExwJKpGxRt,,general,general,stop,,0,116654,1,1,,tool_error,1788204188637,1.0.0
ses_fb410a31bffeqsFAlB0HSKFIAa,,general,general,,,0,,1,1,,unknown_finish_reason,1788204188643,1.0.0
ses_fb4175c61ffeFm4IWWcpYecAc9,,general,general,,,0,,1,1,,tool_error,1788204188652,1.0.0
ses_fb41786d2ffeCymc1MzPvjxDGh,,general,general,stop,,0,118493,1,1,,tool_error,1788204188676,1.0.0
ses_fb417a589ffe0S5Gla4iq29RZB,,general,general,stop,,0,149180,1,1,,tool_error,1788204188697,1.0.0
ses_fb417b859ffe69w4Pi0NzjEWOT,,general,general,,,0,,1,1,,unknown_finish_reason,1788204188702,1.0.0
ses_fb417d258ffeZX0m31tcZHMWiN,,general,general,stop,,0,120229,1,1,,tool_error,1788204188716,1.0.0
ses_fb4181eadffe0WBgSqKTl1SEhW,,maat,maat,stop,,0,200490,1,1,,,1788204188744,1.0.0
ses_fb418c56effem61grkKWp7mcEd,,roc_racoon,roc_racoon,stop,,0,152293,1,1,,tool_error,1788204188769,1.0.0
ses_fb418e887ffeZunyxMlSY2VVfb,,researcher,researcher,stop,,0,141772,1,1,,,1788204188784,1.0.0
ses_fb4190752ffeY008qbwPrDHlRy,,john_carmack,john_carmack,,,0,,1,1,,unknown_finish_reason,1788204188789,1.0.0
ses_fb421b1d3ffe8PTKV5eU2NN8xD,,researcher,researcher,stop,,0,127236,1,1,,,1788204188807,1.0.0
ses_fb43326e7ffeeSjHwdyEpm5lqW,,maat,maat,stop,,0,156322,1,1,,,1788204188840,1.0.0
ses_fb43c8142ffe7WAi4CRaFC50uh,,roc_racoon,roc_racoon,stop,,0,119994,1,1,,,1788204188870,1.0.0
ses_fb454afa7ffe3ZR3rAknoDXgmD,,john_carmack,john_carmack,stop,,0,159568,1,1,,tool_error,1788204188913,1.0.0
ses_fb460a980ffeQbS6DZedYrCVyu,,researcher,researcher,stop,,0,175438,1,1,,,1788204188929,1.0.0
ses_fb4c39989ffet2ROcNO4b1WMhq,,researcher,researcher,stop,,1,139483,1,1,,silent_failure,1788204188947,1.0.0
ses_fb4dd8af4ffeTPYY3nn0wHS31l,,researcher,researcher,stop,,0,124814,1,1,,,1788204188973,1.0.0
ses_fb4dd9559ffe8kg7NsySsN0mVZ,,roc_racoon,roc_racoon,stop,,0,95057,1,1,,,1788204188987,1.0.0
ses_fb4dda073ffeOzHNkaZA2ZWCW1,,john_carmack,john_carmack,,,0,,1,1,,unknown_finish_reason,1788204188996,1.0.0
ses_fb4e01c19ffe8id8cUHb03EjLu,,john_carmack,john_carmack,,,0,,1,1,,unknown_finish_reason,1788204188997,1.0.0
ses_fb4e908f3ffeOb0dRmIdcr46to,,researcher,researcher,,,0,,1,1,,unknown_finish_reason,1788204189018,1.0.0
ses_fb4e90e1cffeA4Q0PxTJZyIU3F,,roc_racoon,roc_racoon,,,0,,1,1,,unknown_finish_reason,1788204189026,1.0.0
ses_fb4e95752ffeie9Ltlyosyy7HA,,john_carmack,john_carmack,,,0,,1,1,,unknown_finish_reason,1788204189033,1.0.0
ses_fb4faa0d0ffevNlE8mzMsKh0Pp,,researcher,researcher,stop,,0,154406,1,1,,,1788204189058,1.0.0
ses_fb4fc7b55ffeZe971Ryq1dln8X,,verity,verity,,,0,,1,1,,unknown_finish_reason,1788204189059,1.0.0
ses_fb51fc965ffeOKTfrCc2OWwbbC,,verity,verity,,,0,,1,1,,unknown_finish_reason,1788204189060,1.0.0
ses_fb5497620ffe13K12WIFngFtLP,,verity,verity,,,0,,1,1,,unknown_finish_reason,1788204189061,1.0.0
ses_fb553901fffeCLa2Ibgt7RrQCW,,verity,verity,,,0,,1,1,,unknown_finish_reason,1788204189061,1.0.0
ses_fb55696c9ffefAB5MhpoIgK68H,,verity,verity,,,0,,1,1,,unknown_finish_reason,1788204189062,1.0.0
ses_fb59a1f31fferj8HOE8Ech7JHK,,researcher,researcher,stop,,0,109497,1,1,,,1788204189078,1.0.0
ses_fb59b981cffeQz1LvgnedPoH9q,,researcher,researcher,,,0,,1,1,,unknown_finish_reason,1788204189084,1.0.0
ses_fb59de15fffepZDcf43rMassZv,,researcher,researcher,,,1,,1,1,,silent_failure,1788204189091,1.0.0
ses_fb5e54257ffeYTSK5TAuRfBZ68,,jem,jem,stop,,0,137862,1,1,,,1788204189102,1.0.0
ses_fb5f3dec8ffey5aQ0hRF1s8SdY,,jem,jem,stop,,0,147784,1,1,,,1788204189118,1.0.0
ses_fb60a0c1cffeBOgzhWBlSZskzv,,explore,explore,,,0,,1,1,,unknown_finish_reason,1788204189125,1.0.0
ses_fb60cc726ffeVoClkNMdUizz6t,,researcher,researcher,stop,,0,91575,1,1,,,1788204189134,1.0.0
ses_fb614146bffegy4PEEXgkZMdPy,,researcher,researcher,stop,,0,128160,1,1,,tool_error,1788204189145,1.0.0
ses_fb618893dffe0TsBnsL4I4EyWN,,researcher,researcher,stop,,1,324723,1,1,,tool_error,1788204189193,1.0.0
ses_fb676bb6cffeHO2Xh9FpQRfBPH,,general,general,,,0,,1,1,,unknown_finish_reason,1788204189201,1.0.0
ses_fb676d76dffebfPm9opdSm5mKT,,researcher,researcher,,,0,,1,1,,unknown_finish_reason,1788204189209,1.0.0
ses_fb6770d62ffeDmRR5BMA3gTOTs,,researcher,researcher,stop,,0,102607,1,1,,,1788204189215,1.0.0
ses_fb6775889ffePn1kEQd4niWH1Y,,researcher,researcher,,,0,,1,1,,unknown_finish_reason,1788204189216,1.0.0
ses_fb6c6dfecffeMF0KeuaWkInR5Z,,general,general,,,0,,1,1,,unknown_finish_reason,1788204189217,1.0.0
ses_fb6cf6856ffes3wd3wmvyrm2IG,,maat,maat,stop,,0,89053,1,1,,tool_error,1788204189408,1.0.0
ses_fb6f1e0eaffezRVhg6f5Lnb0tT,,general,general,stop,,0,125547,1,1,,,1788204189428,1.0.0
ses_fb6f21ebaffetOh5q028g4vF7T,,general,general,stop,,0,132439,1,1,,tool_error,1788204189448,1.0.0
ses_fb6f23509ffeoQrfD5JBLBAy5w,,general,general,,,0,,1,1,,unknown_finish_reason,1788204189454,1.0.0
ses_fb6f244abffeY6irKIHyant0C0,,general,general,stop,,0,65507,1,1,,,1788204189462,1.0.0
ses_fb6f25607ffe6NwyNHvXFGSXFd,,general,general,stop,,0,102361,1,1,,,1788204189482,1.0.0
ses_fb6f268afffeA4siJbuuknM94p,,general,general,stop,,0,81559,1,1,,,1788204189491,1.0.0
ses_fb6f28000ffenZOlKJ45puxcjh,,general,general,,,0,,1,1,,unknown_finish_reason,1788204189501,1.0.0
ses_fb739c770ffe5Eg485644TRAUh,,general,general,stop,,0,79194,1,1,,,1788204189509,1.0.0
ses_fb739c8a9ffeyThh3hHoOgmDwL,,general,general,stop,,0,45598,1,1,,,1788204189514,1.0.0
ses_fb739c96dffe3XdEzBarnmAM58,,general,general,stop,,3,81157,1,1,,silent_failure,1788204189522,1.0.0
ses_fb739cc0effeLTCKsBn9btPzCB,,researcher,researcher,stop,,1,102585,1,1,,tool_error,1788204189531,1.0.0
ses_fb78a0787ffedEKPj95FJM4y7c,,researcher,researcher,stop,,0,118564,1,1,,tool_error,1788204189544,1.0.0
ses_fb7955aa3ffe5OrWl01QuQFmqq,,lilith,lilith,,,0,,1,1,,unknown_finish_reason,1788204189555,1.0.0
ses_fb7958370ffeGsIilieMZtVbrS,,researcher,researcher,,,0,,1,1,,unknown_finish_reason,1788204189565,1.0.0
ses_fb7ae1b49ffebKfn2QPgWwh04j,,lilith,lilith,stop,,0,138808,1,1,,,1788204189591,1.0.0
ses_fb7ae647affeLHQgzf05JXBLoe,,researcher,researcher,stop,,0,110045,1,1,,,1788204189607,1.0.0
ses_fb7de42deffehTi6JnlxI60nQ1,,general,general,stop,,2,71103,1,1,,silent_failure,1788204189617,1.0.0
ses_fb7e860b9ffef5Y4DSvByTx57c,,general,general,stop,,0,107024,1,1,,,1788204189625,1.0.0
ses_fb7e873f8ffeN4qM2JlC25oJIy,,general,general,stop,,0,93411,1,1,,,1788204189631,1.0.0
ses_fb7e88b8effeIjNnJJ5Tkc6fHm,,general,general,,,0,,1,1,,unknown_finish_reason,1788204189632,1.0.0
ses_fb7e8a387ffe6nI0hKEXP51Cxn,,general,general,stop,,1,148027,1,1,,silent_failure,1788204189654,1.0.0
ses_fb7fd40b8ffeBCPs95kZwt7MtY,,general,general,stop,,0,64476,1,1,,,1788204189657,1.0.0
ses_fb8000376ffeDLIz29Pu53CAPO,,general,general,,,0,,1,1,,unknown_finish_reason,1788204189662,1.0.0
ses_fb8077fdbffe1IzlFhuWcDqZlf,,general,general,stop,,0,79538,1,1,,,1788204189671,1.0.0
ses_fb807a576ffeZG93rimk81PJOa,,general,general,stop,,0,146334,1,1,,tool_error,1788204189691,1.0.0
ses_fb807c6a1ffe6YLtX9SWylZkYz,,general,general,,,0,,1,1,,unknown_finish_reason,1788204189693,1.0.0
ses_fb815c506ffesqP8aIsb0bKsWr,,general,general,stop,,0,60018,1,1,,,1788204189700,1.0.0
ses_fb815e4f4ffeqRdjfgCr20Xug1,,general,general,stop,,0,84069,1,1,,,1788204189708,1.0.0
ses_fb815fe18ffeX69e1zgmTbMhaB,,general,general,stop,,0,73233,1,1,,,1788204189715,1.0.0
ses_fb8358b09ffeY7GBbX4SBU35qO,,general,general,stop,,0,115310,1,1,,tool_error,1788204189740,1.0.0
ses_fb835a762ffe2U00CrhMsZTybB,,general,general,stop,,2,172206,1,1,,silent_failure,1788204189759,1.0.0
ses_fb835a816ffejKIzXPSW94I7YQ,,general,general,stop,,0,108547,1,1,,,1788204189775,1.0.0
ses_fb83bf26bffeA0Z30g9PuDuKKI,,john_carmack,john_carmack,stop,,0,150916,1,1,,,1788204189796,1.0.0
ses_fb83bf49affexhXzfOeXSfdlkZ,,roc_racoon,roc_racoon,stop,,0,103553,1,1,,,1788204189803,1.0.0
ses_fb8f94fb4ffe4017Hk6O9etm2C,,general,general,stop,,0,68956,1,1,,,1788204189808,1.0.0
ses_fb9071887ffeP2rZex4QMRGPRG,,general,general,stop,,0,109456,1,1,,tool_error,1788204189817,1.0.0
ses_fb91fc9baffeG5zPn71tvR8MU6,,roc_racoon,roc_racoon,stop,,0,153862,1,1,,tool_error,1788204189838,1.0.0
ses_fb94763ceffepXUJnvCJwRZple,,general,general,stop,,0,73245,1,1,,,1788204189845,1.0.0
ses_fb94afc0dffe36yiJq9LnW29Vj,,jem,jem,stop,,1,157655,1,1,,silent_failure,1788204189869,1.0.0
ses_fb94afd01ffe1jvUmQVQfqaDu1,,verity,verity,,,0,,1,1,,unknown_finish_reason,1788204189884,1.0.0
ses_fb94b1b93ffeIiJ6eTWkI87kcS,,researcher,researcher,stop,,1,159258,1,1,,silent_failure,1788204189898,1.0.0
ses_fb96b01aeffeZM6B1Wp76KElGT,,researcher,researcher,stop,,0,91372,1,1,,tool_error,1788204189912,1.0.0
ses_fb96b1c7effe81ATzvlXjVZHN8,,researcher,researcher,stop,,0,115239,1,1,,tool_error,1788204189928,1.0.0
ses_fb96b35f3ffe7tQtJbA9AQSZV7,,researcher,researcher,stop,,0,117883,1,1,,tool_error,1788204189943,1.0.0
ses_fb96b5ed2ffeVo0JsK7KKW5JnH,,researcher,researcher,stop,,0,126114,1,1,,tool_error,1788204189955,1.0.0
ses_fb96de65cffe9lK4uYuXSdq9NR,,researcher,researcher,stop,,0,109661,1,1,,,1788204189969,1.0.0
ses_fb96dfecbffe0N1LavPDc6QiK0,,general,general,stop,,1,92987,1,1,,tool_error,1788204189982,1.0.0
ses_fb96e15a2ffe61a4jlORpcKx2d,,researcher,researcher,stop,,0,158326,1,1,,tool_error,1788204190025,1.0.0
ses_fb96e34cdffeyle45D22uS5CaU,,researcher,researcher,stop,,0,109122,1,1,,tool_error,1788204190041,1.0.0
ses_fb9721079ffe094GT8MX6a0pXI,,lilith,lilith,stop,,0,117921,1,1,,tool_error,1788204190203,1.0.0
ses_fb9f239dfffebDrX73q24CSpb0,,kali,kali,,,0,,1,1,,unknown_finish_reason,1788204190204,1.0.0
ses_fba1c9644ffeN6eRDelrB4FvMA,,roc_racoon,roc_racoon,,,0,,1,1,,unknown_finish_reason,1788204190205,1.0.0
ses_fba27294cffeCxU0hjEFr22OJU,,john_carmack,john_carmack,stop,,3,461463,1,1,,tool_error,1788204190340,1.0.0
ses_fba272ba0ffettEc5Yl1HmFr2x,,roc_racoon,roc_racoon,stop,,2,323533,1,1,,tool_error,1788204190473,1.0.0
ses_fba542543ffeBHmF8r6Y5st6uU,,general,general,stop,,0,317624,1,1,,tool_error,1788204190556,1.0.0
ses_fba543a77ffeAUtRYH4FFWWV9b,,general,general,stop,,0,369911,1,1,,tool_error,1788204190637,1.0.0
ses_fba5452d7ffeGKHVImCS63GAk2,,general,general,stop,,2,341660,1,1,,tool_error,1788204190707,1.0.0
ses_fba6b101effe4LQvYMF4j53s6f,,researcher,researcher,stop,,2,213161,1,1,,silent_failure,1788204190725,1.0.0
ses_fba878863ffeEUiDhMdvkRWSbg,,roc_racoon,roc_racoon,stop,,0,114722,1,1,,,1788204190740,1.0.0
ses_fba878f96ffe1X8w3x56VxVuV3,,researcher,researcher,stop,,0,120302,1,1,,,1788204190749,1.0.0
ses_fba93299effetlhyoW30wnDe1c,,maat,maat,,,0,,1,1,,tool_error,1788204190752,1.0.0
ses_fbaad14ecffeJv7BYs0ptb8FWP,,maat,maat,stop,,0,126617,1,1,,,1788204190767,1.0.0
ses_fbad5fa15ffeyMP6QQ5JBXZ5FZ,,researcher,researcher,,,0,,1,1,,tool_error,1788204190777,1.0.0
ses_fbad60e2affe3jzDd0yFzAbNjS,,researcher,researcher,,,0,,1,1,,unknown_finish_reason,1788204190786,1.0.0
ses_fbad6207affeOFmdWY7klWFysS,,researcher,researcher,,,1,,1,1,,tool_error,1788204190802,1.0.0
ses_fbad63375ffe0eGbfqm9tbLDsD,,researcher,researcher,,,0,,1,1,,tool_error,1788204190814,1.0.0
ses_fbad64719ffeupqPXQOq9JR8MR,,researcher,researcher,,,0,,1,1,,tool_error,1788204190826,1.0.0
ses_fbad66711ffeyBnL6EG0Ta35gz,,researcher,researcher,,,2,,1,1,,tool_error,1788204190836,1.0.0
ses_fbad67c2bffetytPM8mKnz6hLX,,researcher,researcher,,,0,,1,1,,tool_error,1788204190847,1.0.0
ses_fbb27a29affeCYrAbPtYxi9GmO,,researcher,researcher,stop,,0,187086,1,1,,tool_error,1788204190864,1.0.0
ses_fbb2814d2ffeXlKFWlCuB8SbTw,,researcher,researcher,stop,,0,122566,1,1,,,1788204190874,1.0.0
ses_fbb283eaeffe99DvowDjMohaR6,,researcher,researcher,stop,,0,151795,1,1,,tool_error,1788204190887,1.0.0
ses_fbb28befcffeBsyceR0knPnr4r,,researcher,researcher,stop,,0,146969,1,1,,tool_error,1788204190898,1.0.0
ses_fbb291929ffe3Hg917YzYzOg4y,,researcher,researcher,stop,,0,146961,1,1,,tool_error,1788204190907,1.0.0
ses_fbb29a77bffeiwV5nafVo3l1bd,,researcher,researcher,stop,,1,147931,1,1,,tool_error,1788204190918,1.0.0
ses_fbb2a0dc7ffeFHxj1UcN3WoI6w,,researcher,researcher,,,2,,1,1,,tool_error,1788204190931,1.0.0
ses_fbb2a97b5ffe03WBJFm0MMnPpr,,researcher,researcher,stop,,0,147316,1,1,,,1788204190942,1.0.0
ses_fbb2ddc00ffeO4otI7dmu0Kat6,,researcher,researcher,,,0,,1,1,,unknown_finish_reason,1788204190943,1.0.0
ses_fbb5711c3ffe1zGA3hi1f9vyFs,,researcher,researcher,stop,,0,140699,1,1,,tool_error,1788204190966,1.0.0
ses_fbb571fbdffeLTWv71Qdd3bks6,,maat,maat,,,0,,1,1,,tool_error,1788204190985,1.0.0
ses_fbf89e060ffeetdSRd5JCcGkAJ,,general,general,,,0,,1,1,,unknown_finish_reason,1788204190990,1.0.0
ses_fbfc6c378ffeQHNgOvOjwktA7N,,general,general,,,0,,1,1,,unknown_finish_reason,1788204190991,1.0.0
ses_fbfc6d49bffe72yM8zZSxTkUKM,,jem,jem,,,0,,1,1,,unknown_finish_reason,1788204190992,1.0.0
ses_fbfc6f571ffepFoLWVQ2DN85r0,,jem,jem,,,0,,1,1,,unknown_finish_reason,1788204190992,1.0.0
ses_fbfc922edffe40FzdaJDOnDb18,,general,general,,,0,,1,1,,unknown_finish_reason,1788204190993,1.0.0
ses_fbfc92cbeffeqJbPsyvc8u4DFn,,general,general,,,0,,1,1,,unknown_finish_reason,1788204190993,1.0.0
ses_fbfc9403fffelvB7EgweNfB5wi,,general,general,,,0,,1,1,,unknown_finish_reason,1788204190994,1.0.0
ses_fbfc94aa5ffeJefZ7cgXkODyaL,,jem,jem,,,0,,1,1,,unknown_finish_reason,1788204190994,1.0.0
ses_fbfc95439ffejZ2M3SKo8BwWEo,,jem,jem,,,0,,1,1,,unknown_finish_reason,1788204190995,1.0.0
ses_fbfd7dbeaffejpXQj4o7rvwaaU,,general,general,stop,,0,83316,1,1,,,1788204191000,1.0.0
ses_fbfd7eedeffe6d0joP1SBDxb3E,,general,general,stop,,0,177179,1,1,,tool_error,1788204191016,1.0.0
ses_fbfd7fd47ffebtAeXeHreaO1pg,,general,general,stop,,0,152072,1,1,,,1788204191029,1.0.0
ses_fbfd80af5ffeWMUMtc2f47y9K4,,jem,jem,stop,,0,89210,1,1,,,1788204191032,1.0.0
ses_fbfd817b8ffeUFu7UPkwejkPa8,,jem,jem,stop,,0,114046,1,1,,,1788204191038,1.0.0
ses_fc02cbcfcffedlzXRvzcLXY2jv,,researcher,researcher,stop,,0,127360,1,1,,tool_error,1788204191049,1.0.0
ses_fc02cd428ffezaOBlWucaBzajs,,jem,jem,stop,,0,108124,1,1,,tool_error,1788204191063,1.0.0
ses_fc02ce92bffes8IRAatNLFUXaX,,roc_racoon,roc_racoon,stop,,0,138930,1,1,,,1788204191072,1.0.0
ses_fc02d0ae3ffegM0BKWV8KQFuAq,,general,general,stop,,0,132323,1,1,,,1788204191080,1.0.0
ses_fc0331204ffeVes3nvKIYOX4jY,,roc_racoon,roc_racoon,stop,,0,133235,1,1,,tool_error,1788204191092,1.0.0
ses_fc03337c3ffewlIl3RbrLDhznl,,maat,maat,stop,,0,86446,1,1,,,1788204191098,1.0.0
ses_fc0335de9ffegYf88MEunkBHof,,researcher,researcher,stop,,0,105946,1,1,,,1788204191111,1.0.0
ses_fc042b116ffec6vovwKTl1i71k,,john_carmack,john_carmack,,,0,,1,1,,tool_error,1788204191112,1.0.0
ses_fc05c9a1cffelTMi75comyFfl7,,john_carmack,john_carmack,,,0,,1,1,,unknown_finish_reason,1788204191114,1.0.0
ses_fc07ce00bffeeUVDTOMjWWCAU8,,john_carmack,john_carmack,stop,,0,97560,1,1,,,1788204191137,1.0.0
ses_fc2038356ffe2F1zCpN9f47mf5,,general,general,stop,,1,84360,1,1,,silent_failure,1788204191142,1.0.0
ses_fc29170bfffe0XqNOsB4KtS3Jb,,kali,kali,stop,,0,63555,1,1,,,1788204191143,1.0.0
ses_fc291b31affefoWCfyoV6L76FR,,kali,kali,stop,,0,63538,1,1,,,1788204191144,1.0.0
ses_fc2928b58ffeLsQftWKK1aqv1O,,kali,kali,stop,,0,63551,1,1,,,1788204191144,1.0.0
ses_fc2ad29cdffeYN9TgyIaWItXo6,,kali,kali,stop,,0,61593,1,1,,,1788204191145,1.0.0
ses_fc2b01a74ffeAFH47asS6U2fwe,,kali,kali,,,0,,1,1,,unknown_finish_reason,1788204191146,1.0.0
ses_fc2b1f7a4ffehVSyx78NYvgM0z,,kali,kali,stop,,0,62845,1,1,,,1788204191146,1.0.0
ses_fc2b2e51dffe3HhxpvbX21ysa4,,kali,kali,,,0,,1,1,,unknown_finish_reason,1788204191147,1.0.0
ses_fc2b6a000ffey2q3gNH5gWwA87,,kali,kali,,,0,,1,1,,unknown_finish_reason,1788204191148,1.0.0
ses_fc2b95f10ffeZ6Ly7B44giXeOv,,kali,kali,,,0,,1,1,,unknown_finish_reason,1788204191148,1.0.0
ses_fc2bb66f1ffenbZ3Yolj8kxccj,,kali,kali,,,0,,1,1,,unknown_finish_reason,1788204191149,1.0.0
ses_fc316bc8affeMASy8RTnCjmSzx,,explore,explore,stop,,0,174167,1,1,,tool_error,1788204191180,1.0.0
ses_fc31717b5ffefPbwGOzHTePB2V,,general,general,stop,,0,200368,1,1,,tool_error,1788204191203,1.0.0
ses_fc3177854ffeymYIl8mFsNJUtt,,jem,jem,stop,,0,153738,1,1,,tool_error,1788204191221,1.0.0
ses_fc383d36effeNLipKlLeM41Vf0,,jem,jem,stop,,0,251911,1,1,,tool_error,1788204191246,1.0.0
ses_fc3c530fdffeeVFwesUaidADUP,,researcher,researcher,stop,,0,170945,1,1,,,1788204191262,1.0.0
ses_fc3c598ffffe2uaQhOrMoURod6,,jem,jem,stop,,0,100008,1,1,,,1788204191270,1.0.0
ses_fc3c5f880ffex12FBAHxelgix3,,roc_racoon,roc_racoon,stop,,0,131156,1,1,,,1788204191281,1.0.0
ses_fc3e0918affe7YJWpKHMvbxhtZ,,doom_guy,doom_guy,stop,,0,73645,1,1,,,1788204191284,1.0.0
ses_fc3e0cba0ffelOUokPlZSV73K6,,grokster,grokster,stop,,0,70698,1,1,,,1788204191286,1.0.0
ses_fc3e1b28cffelu6c6z2ejegB5F,,jem,jem,stop,,0,177735,1,1,,tool_error,1788204191302,1.0.0
ses_fc3e2021bffekDvqCVtgvsRrRx,,roc_racoon,roc_racoon,stop,,1,134788,1,1,,silent_failure,1788204191312,1.0.0
ses_fc3e37a87ffesOoC7ZuOB9cSoC,,john_carmack,john_carmack,stop,,0,97333,1,1,,,1788204191317,1.0.0
ses_fc3f9eae3ffe3NFBK63zPYRqAv,,explore,explore,stop,,0,66830,1,1,,,1788204191326,1.0.0
ses_fc3fa21eeffe0fBABZayD29ybU,,roc_racoon,roc_racoon,stop,,0,145505,1,1,,tool_error,1788204191342,1.0.0
ses_fc406f0ffffebUDNz4GgYYZ8gE,,researcher,researcher,stop,,0,142986,1,1,,tool_error,1788204191352,1.0.0
ses_fc40736a1ffe8CI7qq6VIWXVvW,,jem,jem,stop,,0,99762,1,1,,,1788204191357,1.0.0
ses_fc40fcc4bffeJ1lZy3KZvmMPCP,,explore,explore,stop,,0,45175,1,1,,,1788204191363,1.0.0
ses_fc4101a2dffe4oTsMiTxgLM0x8,,roc_racoon,roc_racoon,stop,,0,115108,1,1,,,1788204191372,1.0.0
ses_fc41951e3ffe0z5DfNSMgnKg1q,,roc_racoon,roc_racoon,stop,,0,108499,1,1,,,1788204191381,1.0.0
ses_fc419931affeOR0BQ98z5ctJCb,,researcher,researcher,stop,,0,114801,1,1,,,1788204191387,1.0.0
ses_fc42501f1ffeSnWxCrjwDJ7M7m,,explore,explore,stop,,0,42383,1,1,,,1788204191392,1.0.0
ses_fc4251d10ffeIUdOOL9O2P7n5x,,researcher,researcher,stop,,0,103797,1,1,,,1788204191398,1.0.0
ses_fc43b949dffehZbnZqd4Yzvh6t,,john_carmack,john_carmack,stop,,0,115974,1,1,,tool_error,1788204191407,1.0.0
ses_fc4401a76ffeo5rKD5n4a1jvcj,,roc_racoon,roc_racoon,stop,,0,93634,1,1,,,1788204191414,1.0.0
ses_fc44053edffetutXc4lE1O7f5J,,researcher,researcher,stop,,0,158979,1,1,,,1788204191425,1.0.0
ses_fc4719bd2ffesoXAfGtl57djwN,,jem,jem,stop,,0,98048,1,1,,,1788204191437,1.0.0
ses_fc471cca4ffeTBdCQWQuKTMjvA,,verity,verity,stop,,0,91003,1,1,,,1788204191444,1.0.0
ses_fc471f913ffe5fsxacVK3ILu9w,,explore,explore,stop,,1,110067,1,1,,silent_failure,1788204191456,1.0.0
ses_fc4a571a5ffe5I2FxkzQYKnJbH,,general,general,stop,,0,137826,1,1,,,1788204191467,1.0.0
ses_fc4a5a3caffeF3uLUEPwQ5cwj9,,general,general,stop,,0,160758,1,1,,,1788204191479,1.0.0
ses_fc4a5c456ffe5hc5SL0HNYruGp,,general,general,stop,,0,173359,1,1,,,1788204191492,1.0.0
ses_fc4a6a82fffejjU9MPdgcOfdAf,,jem,jem,stop,,0,122824,1,1,,,1788204191503,1.0.0
ses_fc4a6dfdaffe5WKHpXfZv66WVU,,researcher,researcher,stop,,0,111932,1,1,,,1788204191509,1.0.0
ses_fc4a71443ffeHlNtPK2vVl7rLK,,roc_racoon,roc_racoon,stop,,0,122569,1,1,,tool_error,1788204191515,1.0.0
ses_fc4cd141affeSMUtAJ8rBBzjnK,,node,node,stop,,0,81941,1,1,,,1788204191529,1.0.0
ses_fc4cd4a40ffevaQefc5O2vwBzY,,node,node,tool-calls,,0,78130,1,1,,tool_error,1788204191534,1.0.0
ses_fc4cd7fbfffeUDLB7JL3AGSSOk,,jem,jem,stop,,0,79445,1,1,,,1788204191538,1.0.0
ses_fc4cdacf2ffe09RqUOXTzj7VYT,,maat,maat,stop,,0,103353,1,1,,,1788204191550,1.0.0
ses_fc5024888ffeiaQ6tOY2DJxLxR,,NODE_ONBOARDING_PROTOCOL,NODE_ONBOARDING_PROTOCOL,,,0,,1,1,,unknown_finish_reason,1788204191552,1.0.0
ses_fc5286fc6ffew7lDB1CGCw1XuZ,,john_carmack,john_carmack,stop,,0,113660,1,1,,,1788204191560,1.0.0
ses_fc55d9309ffeLwFnuUQvQI4nDf,,researcher,researcher,stop,,0,99142,1,1,,,1788204191571,1.0.0
ses_fc55dc223ffe310FxCJuLGJDSg,,maat,maat,stop,,0,147457,1,1,,,1788204191586,1.0.0
ses_fc55df1a1ffevG1d5am9M0e5LO,,verity,verity,stop,,0,88076,1,1,,,1788204191592,1.0.0
ses_fc597c6bdffe8PQdIvD4wo1ehl,,,,stop,,0,188903,1,1,,tool_error,1788204191609,1.0.0
ses_fc5b80e85ffeAjhjtroU76Gfo2,,makali,makali,stop,,0,266025,1,1,,tool_error,1788204191642,1.0.0
ses_fc63e3a0cffeilfCxgRa6EevpW,,john_carmack,john_carmack,stop,,0,234973,1,1,,,1788204191665,1.0.0
ses_fc64c8a5affe8vgU57BVra6zu2,,kali,kali,stop,,0,142113,1,1,,,1788204191673,1.0.0
ses_fc65f60b0ffewwtxlr4nnrUKTp,,lilith,lilith,stop,,0,86624,1,1,,,1788204191680,1.0.0
ses_fc66019ccffewwChRw1YaU5ccB,,maat,maat,stop,,0,105018,1,1,,,1788204191689,1.0.0
ses_fc6690e48ffehGOTH0gm7AJCWJ,,lilith,lilith,stop,,0,87697,1,1,,,1788204191696,1.0.0
ses_fc66b08c6ffeInaj7ysGMfcnIB,,maat,maat,stop,,0,123944,1,1,,,1788204191707,1.0.0
ses_fc66df9e4ffedUGj5l6SLFb30D,,lilith,lilith,stop,,0,86444,1,1,,,1788204191714,1.0.0
ses_fc67609c5ffesc7vRIB8D56T78,,lilith,lilith,stop,,0,83840,1,1,,,1788204191720,1.0.0
ses_fc679ef3affe6AodAvd6QpFo5s,,maat,maat,stop,,0,107622,1,1,,,1788204191730,1.0.0
ses_fc67c07f0ffety1UrOhNwMQg96,,lilith,lilith,stop,,0,89474,1,1,,,1788204191736,1.0.0
ses_fc6810c4effePTL846BmsfQbYq,,lilith,lilith,stop,,0,81348,1,1,,,1788204191742,1.0.0
ses_fc6814716ffefKiRkZEJdfyyZH,,maat,maat,stop,,0,79708,1,1,,,1788204191746,1.0.0
ses_fc6a02a97ffebxxWNhCmvlpIUT,,instrprobe,instrprobe,stop,,0,6523,1,1,,,1788204191747,1.0.0
ses_fc6a2ec5fffea0kxIKys384eMD,,instrprobe,instrprobe,stop,,0,7087,1,1,,,1788204191749,1.0.0
ses_fc6a35ffbffeOQOIAhz4o09zrf,,instrprobe,instrprobe,stop,,0,6535,1,1,,,1788204191750,1.0.0
ses_fc6a446b9ffeSq1Fiqh9koqQjG,,plan,plan,stop,,0,8513,1,1,,,1788204191751,1.0.0
ses_fc6a4bf00ffeao1hQw44Zwr78x,,build,build,stop,,0,8358,1,1,,,1788204191752,1.0.0
ses_fc6a5cf00ffespvd7m6Y0TOrU4,,build,build,stop,,0,9675,1,1,,,1788204191753,1.0.0
ses_fc6a6db1afferg6VUuleIJ4k4x,,askbash,askbash,tool-calls,,0,6487,1,1,,tool_error,1788204191754,1.0.0
ses_fc6a7d699ffe6y6N9v48TKZxgb,,build,build,stop,,0,8432,1,1,,,1788204191755,1.0.0
ses_fc6a89039ffefImXC6XjX5vg5q,,denybash,denybash,stop,,0,5343,1,1,,,1788204191756,1.0.0
ses_fc6a9a705ffeRueOOcNzdSePsL,,build,build,stop,,0,8236,1,1,,,1788204191757,1.0.0
ses_fc6aa03ffffeGDu4nuHvaF7DgO,,build,build,stop,,0,8231,1,1,,,1788204191757,1.0.0
ses_fc6aaa79bffetGANN4Hd7qz54J,,,,,,,,,,,no_result_data,1788204191758,1.0.0
ses_fc6aafabdffeWaQgl0Z3dZThD6,,,,,,,,,,,no_result_data,1788204191759,1.0.0
ses_fc6abe6e1ffeU0iCvZjKmkzr44,,,,,,,,,,,no_result_data,1788204191759,1.0.0
ses_fc6af03d4ffeKXzwO2CVwRHKfb,,roc_racoon,roc_racoon,stop,,0,79491,1,1,,,1788204191770,1.0.0
ses_fc6af2afeffe8jEvgQSAxg2G84,,verity,verity,stop,,0,97081,1,1,,,1788204191779,1.0.0
ses_fc6af562bffet5yhjh4nZjDyqv,,jem,jem,stop,,1,120180,1,1,,silent_failure,1788204191792,1.0.0
ses_fc6af7a24ffeTiMzB3RwioTUwz,,researcher,researcher,stop,,0,102557,1,1,,,1788204191799,1.0.0
ses_fc6bc360cffeeaHzOGkOsdczKe,,kali,kali,stop,,0,156139,1,1,,tool_error,1788204191812,1.0.0
ses_fc6d125a3ffeEJ7WTQhqJrTv0f,,lilith,lilith,stop,,0,136192,1,1,,tool_error,1788204191827,1.0.0
ses_fc6d1a3baffeUA4cu4A3e6CA4V,,maat,maat,stop,,0,119416,1,1,,tool_error,1788204191839,1.0.0
ses_fc6d78d5fffeeLwMBdGE07lUdu,,lilith,lilith,stop,,0,109953,1,1,,tool_error,1788204191849,1.0.0
ses_fc6db66eaffeVvsDC5kc1FpOR8,,maat,maat,stop,,1,110786,1,1,,tool_error,1788204191862,1.0.0
ses_fc6e145ccffeW4H7lUxCPQMmhb,,lilith,lilith,stop,,0,122185,1,1,,tool_error,1788204191873,1.0.0
ses_fc6e4a4e5ffeCtGLMxk8adR1NM,,maat,maat,stop,,0,107312,1,1,,tool_error,1788204191888,1.0.0
ses_fc6e9c1fdffeGLwO8n8sQshdPe,,lilith,lilith,stop,,0,113664,1,1,,tool_error,1788204191901,1.0.0
ses_fc6ed8294ffeRbulO4wj27zr7n,,maat,maat,stop,,0,115444,1,1,,tool_error,1788204191913,1.0.0
ses_fc6f833c4ffeRq2B8X7kMBYr60,,lilith,lilith,stop,,0,145483,1,1,,tool_error,1788204191934,1.0.0
ses_fc6f84b3cffeXJS47cptIXt7Ry,,maat,maat,stop,,0,111872,1,1,,tool_error,1788204191945,1.0.0
ses_fc6f98370ffeUIXsc4L20r6m1Q,,john_carmack,john_carmack,stop,,0,78995,1,1,,,1788204191972,1.0.0
ses_fc6f9b768ffegpdSxbUrpkz4Ir,,lilith,lilith,stop,,0,119532,1,1,,,1788204191985,1.0.0
ses_fc6f9da92ffeSZAQZU36lmsgny,,maat,maat,stop,,0,139978,1,1,,tool_error,1788204192001,1.0.0
ses_fc758e6ddffeNEKptpEzboVfYq,,makali,makali,stop,,0,76621,1,1,,tool_error,1788204192068,1.0.0
ses_fc880b8b2ffex0fiNKY0nGcb7n,,roc_racoon,roc_racoon,stop,,0,120731,1,1,,,1788204192085,1.0.0
ses_fc8810af0fferJpbeaXXWPZf8R,,roc_racoon,roc_racoon,stop,,0,161651,1,1,,,1788204192103,1.0.0
ses_fc8afad2bffegnqUvHwzz5gRkv,,roc_racoon,roc_racoon,stop,,0,205334,1,1,,tool_error,1788204192129,1.0.0
ses_fc8c867ffffeJdc3xQdXiRoKrl,,researcher,researcher,stop,,0,153578,1,1,,,1788204192142,1.0.0
ses_fc8c8a57fffe1TLhw2YaDXyHXQ,,verity,verity,stop,,0,92982,1,1,,,1788204192148,1.0.0
ses_fc8d5d27dffeOy8SuO5I8klJ0S,,john_carmack,john_carmack,,,0,,1,1,,unknown_finish_reason,1788204192152,1.0.0
ses_fc8dca39effe3nZJp3QHx81Fy3,,john_carmack,john_carmack,stop,,0,94724,1,1,,tool_error,1788204192219,1.0.0
ses_fc908fec4ffelb4aJfbjWBW0sh,,maat,maat,stop,,0,72518,1,1,,,1788204192224,1.0.0
ses_fc939d692ffe1fGJSnJw21mTgL,,maat,maat,stop,,0,138928,1,1,,,1788204192237,1.0.0
ses_fc94674d6ffeD1B1fz8v6m5o1d,,maat,maat,stop,,0,67879,1,1,,,1788204192240,1.0.0
ses_fc960e9b5ffehtc4J0KMKdbdvs,,researcher,researcher,stop,,0,60591,1,1,,,1788204192242,1.0.0
ses_fc97325e5ffezMgjxpa2o8jhvV,,roc_racoon,roc_racoon,stop,,0,69743,1,1,,,1788204192246,1.0.0
ses_fc98130b1ffel92dr79BXZpqI0,,roc_racoon,roc_racoon,,,0,,1,1,,tool_error,1788204192251,1.0.0
ses_fc99e0609ffevjziM92G5pN024,,roc_racoon,roc_racoon,,,0,,1,1,,unknown_finish_reason,1788204192256,1.0.0
ses_fca509e54ffeEDC4KZYRHJ5E64,,maat,maat,stop,,0,73807,1,1,,,1788204192264,1.0.0
ses_fca928918ffeFjsaOkVv17Gl71,,researcher,researcher,stop,,0,126442,1,1,,tool_error,1788204192284,1.0.0
ses_fcab1e899ffe3625jJhqjyGnnR,,jem,jem,stop,,0,137848,1,1,,,1788204192295,1.0.0
ses_fcab9062affej7e2T8IRarnjS0,,maat,maat,stop,,2,140535,1,1,,silent_failure,1788204192326,1.0.0
ses_fcabcf1ceffe75GGEWW3rV5Hlw,,jem,jem,stop,,0,168316,1,1,,tool_error,1788204192340,1.0.0
ses_fcae93813ffeqaviWImLJnY0XI,,roc_racoon,roc_racoon,stop,,0,95218,1,1,,,1788204192350,1.0.0
ses_fcaf8ef93ffesHrBxBSUo871Cp,,maat,maat,,,0,,1,1,,tool_error,1788204192353,1.0.0
ses_fcb0c3972ffeqk5GdSxjsmRtOv,,maat,maat,stop,,3,118170,1,1,,tool_error,1788204192374,1.0.0
ses_fcb22aa12ffev34BCID6CAnYfD,,john_carmack,john_carmack,stop,,0,84033,1,1,,,1788204192379,1.0.0
ses_fcb29be0fffexn4Gck1Mnvyier,,roc_racoon,roc_racoon,stop,,0,90791,1,1,,,1788204192385,1.0.0
ses_fcb3467d9ffeNzy22XHwPA0ZMa,,lilith,lilith,stop,,1,98845,1,1,,silent_failure,1788204192402,1.0.0
ses_fcb34b9feffeKG05lleHjRcyHm,,maat,maat,stop,,0,94971,1,1,,,1788204192409,1.0.0
ses_fcb67c484ffe8l2JCNSH8RNqnR,,jem,jem,stop,,0,88324,1,1,,,1788204192415,1.0.0
ses_fcb6e230bffekBMs52HB7JJbSE,,grokster,grokster,stop,,0,98193,1,1,,,1788204192423,1.0.0
ses_fcb73e2dcffelvT71sTBZRAloC,,john_carmack,john_carmack,stop,,0,101892,1,1,,,1788204192430,1.0.0
ses_fcb81083bffes4HRla17OzwuAW,,explore,explore,stop,,0,51492,1,1,,,1788204192434,1.0.0
ses_fcb817220ffeHXa9CzF8C2Q527,,lilith,lilith,stop,,0,103286,1,1,,,1788204192443,1.0.0
ses_fcb84bcccffefYebwP4Zjj3gO0,,explore,explore,,,0,,1,1,,unknown_finish_reason,1788204192444,1.0.0
ses_fcb8661b3ffeF0PMX47mdPTSIT,,explore,explore,,,0,,1,1,,unknown_finish_reason,1788204192445,1.0.0
ses_fcb86de00ffezwwRz6ZpM728EH,,lilith,lilith,,,0,,1,1,,tool_error,1788204192447,1.0.0
ses_fcd540f9cfferkF9rB7O44P37C,,explore,explore,stop,,0,45704,1,1,,,1788204192452,1.0.0
ses_fcd54e73fffeLdW8PvSzoBaG5V,,lilith,lilith,,,0,,1,1,,unknown_finish_reason,1788204192460,1.0.0
ses_fcd6b4000ffe02xm0j1oz6c6qx,,explore,explore,stop,,0,45724,1,1,,,1788204192463,1.0.0
ses_fcd700bf5ffeAGegrWBS6dumqi,,explore,explore,,,0,,1,1,,unknown_finish_reason,1788204192464,1.0.0
ses_fcd876224ffeoEe0VEy3ztLRum,,researcher,researcher,stop,,0,128426,1,1,,tool_error,1788204192491,1.0.0
ses_fcd87e32affe8kKOlTg1Eg2AyX,,maat,maat,stop,,0,174192,1,1,,tool_error,1788204192522,1.0.0
ses_fce0be265ffeB9DQtLCk0Q94gl,,roc_racoon,roc_racoon,stop,,0,73117,1,1,,,1788204192525,1.0.0
ses_fce2c423affeXnpHgM0JDtKbdT,,roc_racoon,roc_racoon,stop,,0,97197,1,1,,,1788204192535,1.0.0
ses_fcec1a4fdffeyH13hVO12hWht1,,roc_racoon,roc_racoon,stop,,0,161222,1,1,,,1788204192560,1.0.0
ses_fcfbfcf6dffeMDbgoD425V3Dzx,,node,node,stop,,0,68443,1,1,,,1788204192564,1.0.0
ses_fcfc4aa3fffebKMTIgn6qqOZBG,,researcher,researcher,stop,,0,81940,1,1,,tool_error,1788204192571,1.0.0
ses_fd0123d5dffeOgFfvAybwkVBBm,,jem,jem,stop,,0,70508,1,1,,,1788204192576,1.0.0
ses_fd014e35fffe6B9zE5WFaXAM0a,,john_carmack,john_carmack,stop,,0,75177,1,1,,,1788204192581,1.0.0
ses_fd0150a27ffeIUq2QV2vu9kcMd,,roc_racoon,roc_racoon,stop,,0,76939,1,1,,,1788204192585,1.0.0
ses_fd0151c29ffeI2XFtcf9joBk45,,researcher,researcher,stop,,0,69868,1,1,,,1788204192588,1.0.0
ses_fd018839affefMox4ZrH4tWO43,,researcher,researcher,stop,,0,77134,1,1,,,1788204192592,1.0.0
ses_fd01c5a8bffeCraetrdWtg5L5y,,jem,jem,stop,,0,81339,1,1,,,1788204192599,1.0.0
ses_fd01c7153ffemgcjn07ODnPk1Q,,roc_racoon,roc_racoon,stop,,0,78776,1,1,,,1788204192603,1.0.0
ses_fd01f59e2ffeqXL0rLjr0lESqY,,john_carmack,john_carmack,stop,,0,71415,1,1,,,1788204192607,1.0.0
ses_fd022f02effesLzxoNBHRNEUwE,,john_carmack,john_carmack,stop,,0,67289,1,1,,,1788204192612,1.0.0
ses_fd022f0f9ffeKuSkQguTucApMU,,roc_racoon,roc_racoon,stop,,0,76639,1,1,,,1788204192617,1.0.0
ses_fd0231231ffeGlVGc1OIGA25X6,,roc_racoon,roc_racoon,stop,,0,66771,1,1,,,1788204192621,1.0.0
ses_fd02321b4ffeSNWiuBmDpKeNIB,,john_carmack,john_carmack,stop,,0,62231,1,1,,,1788204192624,1.0.0
ses_fd0232e21ffe8ouV7iZyRskzVS,,jem,jem,stop,,0,69824,1,1,,,1788204192627,1.0.0
ses_fd0234bbeffeJ514PUyIl5NbPd,,researcher,researcher,stop,,0,66225,1,1,,,1788204192633,1.0.0
ses_fd02358e9ffewAZDZIjc4z9NCp,,scribe,scribe,stop,,0,65530,1,1,,,1788204192636,1.0.0
ses_fd02386e8ffeF3ZrCbtaKFf9s2,,grokster,grokster,stop,,0,76067,1,1,,,1788204192642,1.0.0
ses_fd023be28ffej99Qsze51drffw,,jem,jem,stop,,0,88722,1,1,,,1788204192648,1.0.0
ses_fd0270fe4ffeSqbRvvCOvPx598,,maat,maat,stop,,0,82311,1,1,,,1788204192654,1.0.0
ses_fd02d5ec5ffeeYpAA04Jgbf0ob,,lilith,lilith,stop,,0,92959,1,1,,,1788204192661,1.0.0
ses_fd02dbc51ffeqFaZpLqOrRG41F,,researcher,researcher,stop,,0,129414,1,1,,,1788204192667,1.0.0
ses_fd0367f9bffeiFpymt5WlnFtAS,,john_carmack,john_carmack,stop,,0,76899,1,1,,,1788204192672,1.0.0
ses_fd036a404ffe6xYW4duTS3euWf,,jem,jem,stop,,0,79267,1,1,,,1788204192675,1.0.0
ses_fd036bfddffeH85emLJ390QI6b,,roc_racoon,roc_racoon,stop,,0,88135,1,1,,,1788204192681,1.0.0
ses_fd03c08a5ffejdiGjjszaruX1K,,jem,jem,stop,,0,83739,1,1,,,1788204192686,1.0.0
ses_fd041a5aeffelYtL4VZXYDcVyN,,john_carmack,john_carmack,stop,,0,80454,1,1,,,1788204192692,1.0.0
ses_fd041f46dffeaQTtBBprUbttqN,,roc_racoon,roc_racoon,stop,,0,81922,1,1,,,1788204192698,1.0.0
ses_fd04217fbffeXbkEUSINMMLlpX,,researcher,researcher,stop,,0,69503,1,1,,tool_error,1788204192702,1.0.0
ses_fd06dacccffesiue1NejgUbeMy,,jem,jem,stop,,0,120112,1,1,,,1788204192722,1.0.0
ses_fd097b60effeP6N5lQSvVg3Xbc,,node,node,stop,,0,79240,1,1,,,1788204192730,1.0.0
ses_fd09ef404ffe408zQfyfvNWFMh,,researcher,researcher,stop,,0,98969,1,1,,,1788204192741,1.0.0
ses_fd09f5656ffe7bIqomaeMqPG4q,,roc_racoon,roc_racoon,stop,,0,67456,1,1,,,1788204192746,1.0.0
ses_fd09fa577ffemanMiIIY1kfd7l,,node,node,stop,,0,104597,1,1,,,1788204192751,1.0.0
ses_fd0a240d8ffeaiJPt3txLb1slc,,node,node,stop,,0,81973,1,1,,,1788204192756,1.0.0
ses_fd0c41a32ffe6kEQS5TZBF3s4l,,maat,maat,stop,,0,93901,1,1,,,1788204192764,1.0.0
ses_fd0da3679ffemtqlDC0rOctCdx,,maat,maat,,,0,,1,1,,tool_error,1788204192781,1.0.0
ses_fd0e5278fffewrSs3wVkfvY7SY,,lilith,lilith,stop,,0,113885,1,1,,,1788204192793,1.0.0
ses_fd0f03f62ffegWOLqdSyyhlGdT,,lilith,lilith,stop,,0,70054,1,1,,,1788204192798,1.0.0
ses_fd0f36adbffeD74rOkgy3qd44t,,researcher,researcher,stop,,0,102094,1,1,,,1788204192805,1.0.0
ses_fd0f4544fffetVWiSCgzgQoo2q,,researcher,researcher,,,0,,1,1,,unknown_finish_reason,1788204192806,1.0.0
ses_fd0fd62ceffeAcy0oVeenGhKEj,,john_carmack,john_carmack,stop,,0,90902,1,1,,tool_error,1788204192811,1.0.0
ses_fd11ece53ffeKfXA08ZS2MJE1U,,researcher,researcher,,,0,,1,1,,tool_error,1788204192813,1.0.0
ses_fd121bf71ffeYWA3M4VKfW4RFT,,researcher,researcher,,,0,,1,1,,unknown_finish_reason,1788204192817,1.0.0
ses_fd16c8d34ffe9u4uf4fQeNdXhc,,grokster,grokster,stop,,0,195643,1,1,,tool_error,1788204192831,1.0.0
ses_fd3250cf1ffevCTX5SrmReDugR,,lilith,lilith,stop,,1,145629,1,1,,tool_error,1788204192848,1.0.0
ses_fd3251ffaffel40rTWfn24zFyc,,node,node,stop,,0,91217,1,1,,,1788204192855,1.0.0
ses_fd3252529ffe42d44jCG4oFyYi,,maat,maat,stop,,1,117383,1,1,,tool_error,1788204192885,1.0.0
ses_fd329da69ffeRzKsn0ZerYb29N,,node,node,stop,,0,76552,1,1,,,1788204192888,1.0.0
ses_fd32c01a8ffeBXzcFqte3CXQA6,,node,node,stop,,0,63807,1,1,,,1788204192890,1.0.0
ses_fd330182bffeGWW3iCFGXuu5Yu,,node,node,stop,,0,72585,1,1,,,1788204192892,1.0.0
ses_fd33b693cffe2xwKX7qmyDN0Xf,,node,node,stop,,0,64278,1,1,,,1788204192894,1.0.0
ses_fd340f781ffe5FYECOMiEBP4aI,,roc_racoon,roc_racoon,stop,,0,67962,1,1,,,1788204192899,1.0.0
ses_fd34cc7e6ffepka49YXqudHi07,,researcher,researcher,stop,,0,118798,1,1,,,1788204192906,1.0.0
ses_fd3731dd5ffeNdMm7736Ue7h6j,,researcher,researcher,stop,,0,132723,1,1,,,1788204192915,1.0.0
ses_fd3948756ffep2yJo024DNomeN,,researcher,researcher,stop,,0,142347,1,1,,,1788204192923,1.0.0
ses_fd3b7cda9ffetHsNrqc6pRluuT,,roc_racoon,roc_racoon,stop,,0,143557,1,1,,,1788204192937,1.0.0
ses_fd3b940fcffe4gBOWJ00Vf2b9j,,jem,jem,stop,,0,147948,1,1,,,1788204192948,1.0.0
ses_fd3c4f98cffeVwIq0N6uyAIqgV,,researcher,researcher,stop,,0,151368,1,1,,tool_error,1788204192960,1.0.0
ses_fd3d0856cffepfpx3nqi8xSQY3,,node,node,stop,,2,184466,1,1,,silent_failure,1788204192976,1.0.0
ses_fd3d5b44bffeLX6ubV7UpNqVsS,,node,node,stop,,4,176333,1,1,,silent_failure,1788204192987,1.0.0
ses_fd3dc275dffeSBXfq81LfkLBZ7,,node,node,stop,,1,210541,1,1,,tool_error,1788204193005,1.0.0
ses_fd3e0bef0ffee8Bkgd42rIStbr,,node,node,stop,,1,171399,1,1,,silent_failure,1788204193018,1.0.0
ses_fd3e58889ffefGtj1BUw6RU5Yq,,node,node,stop,,3,156421,1,1,,silent_failure,1788204193028,1.0.0
ses_fd3effd03ffeY9ee4uGvGZgCXU,,node,node,stop,,5,189781,1,1,,silent_failure,1788204193045,1.0.0
ses_fd3f35df6ffewpjh3UQ1C3UScX,,node,node,stop,,3,190582,1,1,,silent_failure,1788204193059,1.0.0
ses_fd3f6f7a3ffeYUVFgaAP81v0ph,,node,node,stop,,0,177183,1,1,,,1788204193073,1.0.0
ses_fd3fc0990ffe2gGT3kbaFCeahd,,node,node,stop,,0,183400,1,1,,tool_error,1788204193087,1.0.0
ses_fd403dcb2ffe7VtUaWQdP2oJzW,,lilith,lilith,stop,,1,195262,1,1,,tool_error,1788204193102,1.0.0
ses_fd408a5f0ffeQUsd6Qz5PL1a6k,,maat,maat,stop,,0,211034,1,1,,tool_error,1788204193118,1.0.0
ses_fd417aba2ffeQ7eR93XlEchkYT,,john_carmack,john_carmack,stop,,0,113647,1,1,,,1788204193125,1.0.0
ses_fd48c0515ffeVFWbDNV3zy6T1z,,researcher,researcher,stop,,0,265344,1,1,,tool_error,1788204193148,1.0.0
ses_fd4a18d41ffenS6b6Z0mHKUqFU,,researcher,researcher,stop,,0,252126,1,1,,tool_error,1788204193169,1.0.0
ses_fd4b891daffe9hISj4UiLbLV8u,,kali,kali,stop,,2,193541,1,1,,tool_error,1788204193186,1.0.0
ses_fd4bbef41ffe7OCFdihak8Prxq,,researcher,researcher,stop,,0,226989,1,1,,tool_error,1788204193208,1.0.0
ses_fd4cc4d45ffecYumxvRcnlj37U,,researcher,researcher,stop,,0,257871,1,1,,tool_error,1788204193229,1.0.0
ses_fd4cf3533ffeGvIjmkLBGTYoxz,,researcher,researcher,,,0,,1,1,,unknown_finish_reason,1788204193232,1.0.0
ses_fd4e39d04ffe136NHxcQ3gSWxP,,general,general,stop,,0,39528,1,1,,,1788204193233,1.0.0
ses_fd5018c45ffeGeO6QlK1cpPqxY,,researcher,researcher,stop,,0,88442,1,1,,tool_error,1788204193242,1.0.0
ses_fd50ef8e5ffeFhrD7hWYGq0K3v,,researcher,researcher,stop,,0,119053,1,1,,,1788204193252,1.0.0
ses_fd5160a87ffewitnj5lw0Hsrr7,,roc_racoon,roc_racoon,stop,,0,133722,1,1,,,1788204193268,1.0.0
ses_fd530a038ffepngAXkLzbl8eXA,,roc_racoon,roc_racoon,,,0,,1,1,,tool_error,1788204193282,1.0.0
ses_fd54f5ca8ffeIpfoPLH1bSWM60,,jem,jem,stop,,0,171153,1,1,,tool_error,1788204193317,1.0.0
ses_fd56ebc24ffePOM59xdqMIBtQv,,roc_racoon,roc_racoon,stop,,0,103787,1,1,,,1788204193327,1.0.0
ses_fd572c2adffeAqnx10h2o69SY7,,jem,jem,stop,,0,138779,1,1,,,1788204193339,1.0.0
ses_fd5c5dd29ffeAfbyIIBdEg9FhE,,roc_racoon,roc_racoon,stop,,1,104044,1,1,,silent_failure,1788204193347,1.0.0
ses_fd74c90d6ffe90af4wFDhB0nre,,researcher,researcher,stop,,0,132707,1,1,,,1788204193367,1.0.0
ses_fd74cc98dffe607nhA3SRxHNnq,,roc_racoon,roc_racoon,stop,,0,106433,1,1,,,1788204193379,1.0.0
ses_fd756e5b5ffevs5cu7ShEe2Hfg,,roc_racoon,roc_racoon,stop,,0,124838,1,1,,tool_error,1788204193399,1.0.0
ses_fd757ca63ffeOCeaTlLfO6h6WD,,roc_racoon,roc_racoon,stop,,0,62339,1,1,,,1788204193402,1.0.0
ses_fd7584f85ffeLxJEHyknZ5fCW2,,researcher,researcher,,,0,,1,1,,unknown_finish_reason,1788204193403,1.0.0
ses_fd758ab84ffevYBM4C7WrZnJSc,,roc_racoon,roc_racoon,,,0,,1,1,,unknown_finish_reason,1788204193404,1.0.0
ses_fd76309f6ffezokrxycnfDEZEG,,jem,jem,stop,,0,127478,1,1,,tool_error,1788204193419,1.0.0
ses_fd7701696ffeiLeSA2eB4F3uWp,,roc_racoon,roc_racoon,stop,,0,98728,1,1,,,1788204193429,1.0.0
ses_fd7ed67f7ffeU5EhZbW0siYSeJ,,roc_racoon,roc_racoon,stop,,0,112765,1,1,,tool_error,1788204193439,1.0.0
ses_fd7eebe7fffeYakRHbSUSVdaOj,,roc_racoon,roc_racoon,stop,,0,80688,1,1,,,1788204193446,1.0.0
ses_fd80b35a4ffe4bgrauC8JOH6Hg,,researcher,researcher,stop,,0,343559,1,1,,tool_error,1788204193483,1.0.0
ses_fd80c417fffejT6tju8HokEXx1,,jem,jem,stop,,0,172318,1,1,,,1788204193499,1.0.0
ses_fd81c19dcffe1nkbPqFg5kRt2v,,researcher,researcher,stop,,1,91437,1,1,,tool_error,1788204193697,1.0.0
ses_fd906f913ffec9Hj35D9VHFtzM,,kali,kali,stop,,0,53770,1,1,,,1788204193697,1.0.0
ses_fd907fbc2ffeOzZAGe42ag7Zng,,kali,kali,stop,,0,53737,1,1,,,1788204193698,1.0.0
ses_fd9087ac3ffeO8G1quRTCu2eCL,,kali,kali,stop,,0,53732,1,1,,,1788204193698,1.0.0
ses_fd9612872ffeFU4O2lfNk2qaws,,researcher,researcher,stop,,0,79257,1,1,,,1788204193706,1.0.0
ses_fd96143b2ffesSfiOY9iJWebYH,,researcher,researcher,stop,,0,100876,1,1,,tool_error,1788204193712,1.0.0
ses_fdda62d52ffeQR60J3KNpnGpl2,,researcher,researcher,stop,,0,178296,1,1,,tool_error,1788204193747,1.0.0
ses_fddd00b4cffehe4KBN6eMwTU0Y,,roc_racoon,roc_racoon,stop,,0,182770,1,1,,,1788204193789,1.0.0
ses_fddd7e34cffevRObgpgNYSBLvo,,lilith,lilith,stop,,1,182782,1,1,,tool_error,1788204193804,1.0.0
ses_fddd899ebffeqFropnKdgP57VH,,lilith,lilith,,,2,,1,1,,silent_failure,1788204193823,1.0.0
ses_fddd8aafcffe5Ma0XEw1RJtJQc,,lilith,lilith,stop,,0,109686,1,1,,tool_error,1788204193881,1.0.0
ses_fddd94c8bffe3suggaalwe3TGz,,lilith,lilith,stop,,1,206662,1,1,,tool_error,1788204193898,1.0.0
ses_fddda0b52ffeSyLRzKR4hzNoNE,,lilith,lilith,stop,,2,112475,1,1,,tool_error,1788204193917,1.0.0
ses_fddda1b3fffe4hYlOk2Sm3t0MI,,maat,maat,stop,,1,130753,1,1,,silent_failure,1788204193928,1.0.0
ses_fdddb6edcffesrHjoABz5IOTsa,,maat,maat,stop,,3,115149,1,1,,tool_error,1788204193952,1.0.0
ses_fdddb7f3dffeaK6uCuWTxpqkOp,,maat,maat,stop,,0,115893,1,1,,,1788204193967,1.0.0
ses_fdddc478affeQJI6wOb2CA9qpW,,maat,maat,stop,,0,134093,1,1,,,1788204193979,1.0.0
ses_fdddc53b5ffeVrAILCnTMyYobX,,maat,maat,stop,,0,250200,1,1,,tool_error,1788204194000,1.0.0
ses_fde4e4883ffeK0mCQidQBb3jwi,,maat,maat,stop,,0,110048,1,1,,,1788204194006,1.0.0
ses_fde8420f0ffef1fnGaJ5ZVOst1,,maat,maat,stop,,0,184282,1,1,,tool_error,1788204194019,1.0.0
ses_fde8a0351ffeUCoG2Mx0pHPrTA,,maat,maat,stop,,0,124750,1,1,,,1788204194026,1.0.0
ses_fde8ce965ffeh03XIGK4TDDk2o,,maat,maat,stop,,0,99218,1,1,,,1788204194030,1.0.0
ses_fde9ad708ffebjgzPccBbZEAH9,,researcher,researcher,stop,,0,143978,1,1,,,1788204194040,1.0.0
ses_fdea3128fffe8fXkXSf54ntTZX,,john_carmack,john_carmack,stop,,0,132036,1,1,,tool_error,1788204194046,1.0.0
ses_fdeb3079bffexRQ2vQzHTJOl0Q,,kali,kali,stop,,0,54356,1,1,,,1788204194047,1.0.0
ses_fdeb4b304ffepvlyt3Cayc6sqB,,kali,kali,stop,,0,55600,1,1,,,1788204194049,1.0.0
ses_fdeb4d0e6ffef9L6QpbxRvnC63,,,,,,,,,,,no_result_data,1788204194050,1.0.0
ses_fdeb78c1effeQ0jJ4EOd2qGDvV,,explore,explore,stop,,0,62499,1,1,,,1788204194058,1.0.0
ses_fdeb7a506ffeWVTik1xaUvWb5R,,lilith,lilith,stop,,0,100679,1,1,,,1788204194065,1.0.0
ses_fdeb7b75bffe6OzOkgVFaJt63c,,maat,maat,stop,,0,101230,1,1,,,1788204194071,1.0.0
ses_fdeb7c6b2ffeGQC202fUSPwKWN,,researcher,researcher,stop,,0,176883,1,1,,,1788204194083,1.0.0
ses_fded2c1f3ffejhmA62ZkNPuQor,,researcher,researcher,stop,,0,147235,1,1,,,1788204194092,1.0.0
ses_fded9d1a5ffegEk5rtFV0Z0duB,,roc_racoon,roc_racoon,stop,,0,129927,1,1,,tool_error,1788204194102,1.0.0
ses_fdef2be4effe4pAaLXCTUx62GO,,kali,kali,,,5,,1,1,,tool_error,1788204194367,1.0.0
ses_fe0196394ffex7yFSh0H5eI1zr,,researcher,researcher,stop,,0,146240,1,1,,,1788204194387,1.0.0
ses_fe026ae66ffeT7toNE5hsR4qOZ,,john_carmack,john_carmack,stop,,0,190464,1,1,,tool_error,1788204194403,1.0.0
ses_fe02fd19effeZjKsvCJ26NGtv3,,researcher,researcher,,,0,,1,1,,unknown_finish_reason,1788204194404,1.0.0
ses_fe03c07c6ffeAoYW9pmtpH8yHI,,researcher,researcher,unknown,,0,,1,1,,unknown_finish_reason,1788204194412,1.0.0
ses_fe0461de8ffeZ0RabbIkEC3kKj,,john_carmack,john_carmack,stop,,0,67253,1,1,,,1788204194413,1.0.0
ses_fe07c03c2ffeiGW4CQkBSxwbGh,,researcher,researcher,stop,,0,97356,1,1,,,1788204194420,1.0.0
ses_fe07c2c77ffeaBTUeeUyxptZpO,,researcher,researcher,stop,,0,111881,1,1,,,1788204194426,1.0.0
ses_fe081788dffeIb2yz0LA0kJo5B,,researcher,researcher,stop,,0,113784,1,1,,,1788204194434,1.0.0
ses_fe0ad9384ffeFRbsoVZUwh6US0,,researcher,researcher,stop,,0,79751,1,1,,,1788204194436,1.0.0
ses_fe0b079bcffeJCY6ls8UR7imgb,,researcher,researcher,,,0,,1,1,,unknown_finish_reason,1788204194437,1.0.0
ses_fe0b2f5d9ffer4xXMxUJX35QBF,,researcher,researcher,,,0,,1,1,,unknown_finish_reason,1788204194438,1.0.0
ses_fe0bcd14affeeI7vXqLNPcjdDd,,researcher,researcher,,,0,,1,1,,unknown_finish_reason,1788204194442,1.0.0
ses_fe0c363b8ffeFeDRytQ1afFKCS,,researcher,researcher,,,0,,1,1,,tool_error,1788204194447,1.0.0
ses_fe0d51307ffe9e9lKdr8mZn7X0,,researcher,researcher,,,0,,1,1,,unknown_finish_reason,1788204194453,1.0.0
ses_fe0e6f359ffeRDTf0cO1TqShiT,,researcher,researcher,stop,,0,117899,1,1,,,1788204194463,1.0.0
ses_fe4051778ffe3tGEmcDGE1nwhJ,,researcher,researcher,stop,,0,113292,1,1,,,1788204194469,1.0.0
ses_fe40d36dbffelqo70OohfGbgVm,,roc_racoon,roc_racoon,stop,,0,149080,1,1,,,1788204194480,1.0.0
ses_fe4e1b5c9ffe1v1jkFvcm4ohOS,,researcher,researcher,stop,,0,183907,1,1,,,1788204194498,1.0.0
ses_fe4e1f6a4ffeWnmxdN1gQaeBvw,,roc_racoon,roc_racoon,stop,,1,143891,1,1,,tool_error,1788204194533,1.0.0
ses_fe514039dffe7BCLRGGRFjsxcw,,node,node,stop,,0,100531,1,1,,,1788204194543,1.0.0
ses_fe51605ddffe1xxw5OHTZPIp1Q,,node,node,stop,,1,84702,1,1,,silent_failure,1788204194547,1.0.0
ses_fe517a77bffe2qNYOoFDvCrqZX,,node,node,stop,,1,104815,1,1,,silent_failure,1788204194554,1.0.0
ses_fe51942a9ffeUzuVc5dF0gexX2,,node,node,stop,,0,92286,1,1,,,1788204194560,1.0.0
ses_fe51a036dffemrqkMe3bVrwDbE,,lilith,lilith,stop,,0,69578,1,1,,,1788204194563,1.0.0
ses_fe51fdc70ffe20bahCq1YX0cbq,,node,node,stop,,0,98629,1,1,,,1788204194575,1.0.0
ses_fe5202aa9ffemvYyZhcltqumg4,,node,node,stop,,0,63130,1,1,,,1788204194577,1.0.0
ses_fe520ae4dffe5jf83uUYK32faJ,,node,node,stop,,0,97335,1,1,,,1788204194583,1.0.0
ses_fe52dce22ffeHKjy7CzH1KEW1w,,node,node,stop,,0,128809,1,1,,,1788204194599,1.0.0
ses_fe52e100dffeFU3bZBKFUGhngu,,lilith,lilith,,,0,,1,1,,unknown_finish_reason,1788204194603,1.0.0
ses_fe5373094ffepPEIu4laNjbmHj,,lilith,lilith,stop,,0,149038,1,1,,,1788204194620,1.0.0
ses_fe8800339ffedg9O1cNwouvOLT,,researcher,researcher,,,0,,1,1,,unknown_finish_reason,1788204194633,1.0.0
ses_fe8809464ffeSyIIMAgSPgQwIg,,roc_racoon,roc_racoon,,,0,,1,1,,tool_error,1788204194646,1.0.0
ses_fe8a0351fffe0V2j4QJfp80XIZ,,node,node,stop,,0,150545,1,1,,,1788204194656,1.0.0
ses_fe8a4e755ffe1DYEaqnWntlz0o,,researcher,researcher,stop,,0,102168,1,1,,tool_error,1788204194668,1.0.0
ses_fe8a53730ffec3jSSLy5bObTqJ,,roc_racoon,roc_racoon,stop,,0,219663,1,1,,tool_error,1788204194696,1.0.0
ses_fe8b60ca2ffesRw6PSzl8lPL9B,,researcher,researcher,stop,,0,98784,1,1,,tool_error,1788204194720,1.0.0
ses_fe8b63e88ffeWgh5yTDP4Da1Pa,,roc_racoon,roc_racoon,stop,,0,113304,1,1,,tool_error,1788204194741,1.0.0
ses_fe8b6e36affeGxP2PlGNcLyT4N,,node,node,stop,,2,134308,1,1,,silent_failure,1788204194752,1.0.0
ses_fe8bc5398ffeVjqs0hwgF93mhY,,node,node,stop,,0,104699,1,1,,tool_error,1788204194758,1.0.0
ses_fe8cb6b92ffedC6x0ztP5neWl1,,node,node,unknown,,2,,1,1,,silent_failure,1788204194770,1.0.0
ses_fe8ce329cffeb0rpio24WgNykC,,roc_racoon,roc_racoon,stop,,0,127068,1,1,,tool_error,1788204194790,1.0.0
ses_fe8cf0b39ffeL3L8eaMEj3CW9H,,grokster,grokster,stop,,1,83884,1,1,,tool_error,1788204195269,1.0.0
ses_fe8cfc29effe4eGYA7pvgeBQAi,,node,node,stop,,0,108705,1,1,,,1788204195275,1.0.0
ses_fe8d56cb7ffez79BUlA7FLqUgI,,node,node,stop,,0,89245,1,1,,,1788204195279,1.0.0
ses_fe8d6f0daffej63tzh00XEz9Zx,,maat,maat,stop,,0,105664,1,1,,,1788204195287,1.0.0
ses_fe8de7be4ffeyTKrkFCrUTnJJE,,general,general,stop,,0,94631,1,1,,,1788204195293,1.0.0
ses_fe8f9dacaffeKtXJe8adsgbZ4C,,node,node,,,0,,1,1,,unknown_finish_reason,1788204195296,1.0.0
ses_fe904ec27ffeK8jaXQX5R0fgFo,,maat,maat,stop,,1,149561,1,1,,tool_error,1788204195306,1.0.0
ses_fe907fdf7ffeWkDSfpQhXrZU9p,,maat,maat,,,0,,1,1,,unknown_finish_reason,1788204195307,1.0.0
ses_feaa564a5ffemBYkimY6Hb6Saf,,maat,maat,stop,,1,146625,1,1,,tool_error,1788204195339,1.0.0
ses_fec9eaaa9ffeGgA5OQdJt256t1,,john_carmack,john_carmack,stop,,1,188599,1,1,,tool_error,1788204195358,1.0.0
ses_feccbc58effextO8XP9fT2FlbB,,researcher,researcher,stop,,0,161916,1,1,,,1788204195371,1.0.0
ses_fecdda893ffeBovShYSXNwbzPB,,researcher,researcher,stop,,1,205654,1,1,,silent_failure,1788204195391,1.0.0
ses_fece08384ffeEuvZcSZallDwzl,,researcher,researcher,stop,,0,137412,1,1,,,1788204195399,1.0.0
ses_fece4ef98ffe7flaHFPB4DYsWA,,researcher,researcher,stop,,1,157318,1,1,,tool_error,1788204195408,1.0.0
ses_fece7d38affeE1pTAzFBSW3Iuk,,researcher,researcher,unknown,,0,,1,1,,unknown_finish_reason,1788204195412,1.0.0
ses_fecf31bc6ffec12tbN3mcknNiR,,lilith,lilith,stop,,2,141250,1,1,,tool_error,1788204195424,1.0.0
ses_fecf8e431ffehXeNJcRQAwCi1V,,maat,maat,stop,,0,121107,1,1,,,1788204195436,1.0.0
ses_fed07b87fffeV3P8IGW54Ai3zb,,maat,maat,,,0,,1,1,,unknown_finish_reason,1788204195437,1.0.0
ses_fed1144abffe8EPs4YpDXCew4l,,maat,maat,stop,,0,152216,1,1,,,1788204195449,1.0.0
ses_fed2d6637ffeOxLAVdMyBgpjUS,,john_carmack,john_carmack,stop,,0,67079,1,1,,,1788204195451,1.0.0
ses_fedb903e1ffeelufYs1jcDh6Ce,,node,node,stop,,3,168878,1,1,,silent_failure,1788204195465,1.0.0
ses_fee179f57ffec7RAqH7KRTIVQy,,node,node,stop,,3,134209,1,1,,silent_failure,1788204195481,1.0.0
ses_fee1fe83effe7LW7uaVo7ypkRg,,node,node,stop,,0,125656,1,1,,,1788204195495,1.0.0
ses_fee298c5bffexbDYK4dO0La1XC,,node,node,stop,,0,148081,1,1,,tool_error,1788204195510,1.0.0
ses_fee2c325dffe6DyYbm7c0jDaU1,,node,node,stop,,0,92975,1,1,,,1788204195515,1.0.0
ses_fee3261aeffeu4A9RXEixEcT0t,,lilith,lilith,stop,,1,150308,1,1,,tool_error,1788204195527,1.0.0
ses_fee38ec17ffelxR4marAD85CBb,,maat,maat,stop,,0,112098,1,1,,tool_error,1788204195536,1.0.0
ses_fee95f1b6ffe1jqp4mT5u5jbyO,,roc_racoon,roc_racoon,,,0,,1,1,,unknown_finish_reason,1788204195538,1.0.0
ses_fee98add4ffeFaXvYVYZzETz8d,,roc_racoon,roc_racoon,unknown,,0,,1,1,,unknown_finish_reason,1788204195539,1.0.0
ses_feea80570ffeYLUgdjbJ3B21eU,,roc_racoon,roc_racoon,stop,,0,231009,1,1,,tool_error,1788204195560,1.0.0
ses_feeb1e5baffe8scU3D1O6okkD7,,john_carmack,john_carmack,stop,,0,94657,1,1,,,1788204195567,1.0.0
ses_ff26a1faaffe3wi9Pc4uvq663P,,verity,verity,unknown,,0,,1,1,,unknown_finish_reason,1788204195570,1.0.0
ses_ff26f207affeZ5flzzIYuLrnb5,,maat,maat,stop,,0,92801,1,1,,,1788204195576,1.0.0
ses_ff28092faffebvgdf1wePFHrQi,,maat,maat,,,0,,1,1,,unknown_finish_reason,1788204195577,1.0.0
ses_ff325ba36ffeaVrPdakPq31mqn,,roc_racoon,roc_racoon,stop,,1,188622,1,1,,tool_error,1788204195654,1.0.0
ses_ff4648da2ffePj6M77P6o650Sh,,researcher,researcher,stop,,2,141612,1,1,,tool_error,1788204195675,1.0.0
ses_ff4a1b8e7ffeobJOAO7QPZwjDA,,kali,kali,,,0,,1,1,,tool_error,1788204195688,1.0.0
ses_ff4a2db94ffeOfR3K26lesEmIK,,john_carmack,john_carmack,stop,,0,160107,1,1,,,1788204195697,1.0.0
ses_ff4aa937cffeyOGq1m7zIOfp2K,,john_carmack,john_carmack,stop,,0,89118,1,1,,,1788204195699,1.0.0
ses_ff4af3107ffe6tlaLX9sQ11H7f,,researcher,researcher,unknown,,2,,1,1,,silent_failure,1788204195708,1.0.0
ses_ff4e5dd0dffeSUqNNy1mKEceXP,,john_carmack,john_carmack,stop,,0,79387,1,1,,,1788204195710,1.0.0
ses_ff4ec5f86ffeb7VXnU4a2kerVA,,john_carmack,john_carmack,stop,,0,80510,1,1,,,1788204195711,1.0.0
ses_ff4f196ceffe6OSa6HaTI4nvPp,,researcher,researcher,stop,,0,166676,1,1,,,1788204195720,1.0.0
ses_ff516cba1ffebHnzkcmFNOs9EV,,researcher,researcher,unknown,,1,,1,1,,silent_failure,1788204195728,1.0.0
ses_ff51f6a62ffeHKzIV1QxhXSuCN,,roc_racoon,roc_racoon,stop,,1,188796,1,1,,silent_failure,1788204195744,1.0.0
ses_ff5266d76ffeqzAp85WOHL5aPx,,researcher,researcher,,,2,,1,1,,silent_failure,1788204195751,1.0.0
ses_ff5302f44ffeZP1t0M5gHQq6YO,,roc_racoon,roc_racoon,stop,,0,158038,1,1,,tool_error,1788204195767,1.0.0
ses_ff6098b46ffeFK4Jrv9XLgZT8K,,maat,maat,stop,,5,140473,1,1,,silent_failure,1788204195779,1.0.0
ses_ff6311310ffelB3McQTtOH1vmI,,researcher,researcher,stop,,0,146541,1,1,,,1788204195785,1.0.0
ses_ff6a92ceeffeZCPbqsj4l2qz7f,,maat,maat,stop,,0,104006,1,1,,tool_error,1788204195792,1.0.0
ses_ff6ca3571ffemlm1SHQUyoToUy,,roc_racoon,roc_racoon,stop,,2,188744,1,1,,tool_error,1788204195803,1.0.0
ses_ff6daa982ffee0T8Ha3Ci98dFd,,researcher,researcher,stop,,1,140453,1,1,,silent_failure,1788204195810,1.0.0
ses_ff6e28f95ffev8GfSSAvAfNEJh,,researcher,researcher,stop,,0,116348,1,1,,,1788204195814,1.0.0
ses_ff6f1bfa1ffeHhOcNEPRuni9El,,researcher,researcher,stop,,0,269218,1,1,,,1788204195836,1.0.0
ses_ff6f24466ffeXQb0MZvcRoW8SR,,roc_racoon,roc_racoon,stop,,2,217914,1,1,,tool_error,1788204195850,1.0.0
ses_ff78b71ebffeDNuypPTT1RL3hH,,roc_racoon,roc_racoon,stop,,17,191641,1,1,,tool_error,1788204196081,1.0.0
ses_ff92a02fcffeP73ti3cbjslWsJ,,john_carmack,john_carmack,stop,,0,79419,1,1,,,1788204196083,1.0.0
ses_ff9351a30ffeoPZidFtRiXGi0m,,researcher,researcher,stop,,0,168984,1,1,,,1788204196092,1.0.0
ses_ff93c276dffeY0ogre5NuH7A8Q,,researcher,researcher,,,1,,1,1,,tool_error,1788204196102,1.0.0
ses_ff93f2438ffewzzMUBOQSOWCG7,,researcher,researcher,stop,,0,79875,1,1,,,1788204196103,1.0.0
ses_ff949047fffeMP64uSAOX9yfK7,,researcher,researcher,,,0,,1,1,,tool_error,1788204196104,1.0.0
ses_ffa2f485effeKJJyq7Qj8oy9XN,,researcher,researcher,,,1,,1,1,,silent_failure,1788204196113,1.0.0
ses_ffa2fe0e2ffeS514DP1Y2yTL43,,roc_racoon,roc_racoon,stop,,0,160338,1,1,,tool_error,1788204196126,1.0.0
ses_ffa568bdcffeTG4ht4VEWJ7eKn,,kali,kali,stop,,18,119940,1,1,,tool_error,1788204196725,1.0.0
ses_ffa73c599ffen8jAV0Mep1H3vw,,john_carmack,john_carmack,stop,,0,79160,1,1,,,1788204196727,1.0.0
ses_ffa915826ffeKDvJFrLiJVSYE7,,researcher,researcher,stop,,1,163119,1,1,,tool_error,1788204196737,1.0.0
ses_ffa952ac1ffe665iukXGh3Jooo,,researcher,researcher,,,0,,1,1,,unknown_finish_reason,1788204196743,1.0.0
ses_ffa95538affeD9tCjvTCUQCJg7,,researcher,researcher,unknown,,0,66322,1,1,,unknown_finish_reason,1788204196744,1.0.0
ses_ffa963b8bfferTMm5m4y3tmYgK,,researcher,researcher,stop,,0,72273,1,1,,tool_error,1788204196745,1.0.0
ses_ffa975abbffeFREYRNaYQkP9PP,,researcher,researcher,,,0,,1,1,,unknown_finish_reason,1788204196750,1.0.0
ses_ffa9c3510ffe1qp9224ufX2Qfk,,researcher,researcher,,,0,,1,1,,unknown_finish_reason,1788204196756,1.0.0
ses_ffa9f9293ffefey8hzSfno2ApR,,roc_racoon,roc_racoon,stop,,4,250191,1,1,,tool_error,1788204196773,1.0.0
ses_ffac49044ffeYG8GoLQDHMIPGJ,,roc_racoon,roc_racoon,,,3,,1,1,,tool_error,1788204196784,1.0.0
ses_ffac88991ffegPJUiajmPxE2bX,,roc_racoon,roc_racoon,stop,,0,86502,1,1,,tool_error,1788204196787,1.0.0
ses_ffacd51f4ffeH0qkJXO8nmUp47,,roc_racoon,roc_racoon,,,0,,1,1,,unknown_finish_reason,1788204196789,1.0.0
ses_ffad86fddffeksmZEYL9kP3IvO,,researcher,researcher,,,0,,1,1,,tool_error,1788204196796,1.0.0
ses_ffaef6ac7ffen1nB1wm0DcWUHL,,roc_racoon,roc_racoon,,,3,,1,1,,tool_error,1788204196812,1.0.0
ses_ffb31e0cbffetnyP61oy5UYR3e,,researcher,researcher,unknown,,1,,1,1,,tool_error,1788204196823,1.0.0
ses_ffb415d9effeuEMa2X8kgEVYQb,,roc_racoon,roc_racoon,,,2,,1,1,,tool_error,1788204196840,1.0.0
ses_ffba9f44cffeLYoWagwleQWTKA,,roc_racoon,roc_racoon,stop,,0,109990,1,1,,tool_error,1788204196856,1.0.0
ses_ffbaa5c4dffepSH3c6rTLj96sx,,researcher,researcher,stop,,0,147819,1,1,,tool_error,1788204196864,1.0.0
ses_ffc30a76dfferM2OxrBb1RfN3u,,roc_racoon,roc_racoon,stop,,0,110165,1,1,,,1788204196869,1.0.0
ses_ffc7704d1ffeRpw5dR63r1eCQu,,researcher,researcher,stop,,0,117332,1,1,,tool_error,1788204196875,1.0.0
ses_ffd484e75ffe4ZRgvK6PmbKwjd,,john_carmack,john_carmack,stop,,0,121193,1,1,,,1788204196903,1.0.0
ses_ffd8d13ceffeOyIKi6M0bO7cAT,,roc_racoon,roc_racoon,,,0,,1,1,,tool_error,1788204196916,1.0.0
ses_fff683c5effe137HhSL3BdV4ql,,researcher,researcher,stop,,0,117139,1,1,,,1788204196934,1.0.0
ses_fff79c720ffemMcyPNIBOv8IUQ,,john_carmack,john_carmack,stop,,0,124440,1,1,,,1788204196942,1.0.0
ses_002ecada2ffeBtccrTcgFOcyH1,,researcher,researcher,stop,,2,210833,1,1,,tool_error,1788204197021,1.0.0
ses_0116f9227ffeBtYkrcRpSe7VOO,,researcher,researcher,stop,,1,140978,1,1,,tool_error,1788204197032,1.0.0
ses_011a7f64affebW0BhWXQWAjlRm,,researcher,researcher,,,0,,1,1,,unknown_finish_reason,1788204197039,1.0.0
ses_01266f356ffe5HM9cyBKFoUuli,,john_carmack,john_carmack,stop,,1,133119,1,1,,silent_failure,1788204197047,1.0.0
ses_01276288efferOAel9qfsYheIF,,researcher,researcher,stop,,0,178699,1,1,,,1788204197058,1.0.0
ses_0127ff9c4ffejBu7YLaCo1uGGy,,jem,jem,stop,,1,118341,1,1,,tool_error,1788204197082,1.0.0
ses_01284cb4dffeFHEea4JSt1PTPI,,jem,jem,unknown,,0,,1,1,,unknown_finish_reason,1788204197084,1.0.0
ses_0128dc772ffeunhQIxLVQd6O5p,,jem,jem,,,1,,1,1,,silent_failure,1788204197095,1.0.0
ses_01298e34fffemfchBcJwAiUMlH,,jem,jem,stop,,2,144499,1,1,,tool_error,1788204197126,1.0.0
ses_012b29fc2ffekyJId310b4KtDm,,jem,jem,,,1,,1,1,,silent_failure,1788204197141,1.0.0
ses_012b8d142ffeSw1S89m96JYlv1,,jem,jem,unknown,,1,,1,1,,tool_error,1788204197154,1.0.0
ses_012cc488affeSkorWFJxH9IO4s,,roc_racoon,roc_racoon,stop,,0,123728,1,1,,tool_error,1788204197194,1.0.0
ses_0131853b4ffedr5lAJzLIlGxX8,,researcher,researcher,stop,,1,183039,1,1,,tool_error,1788204197217,1.0.0
ses_01328daf4ffe8Ctb4cFQRYtqlW,,researcher,researcher,stop,,4,182347,1,1,,silent_failure,1788204197237,1.0.0
ses_016c10211ffeSSq6kkyPUasEJh,,roc_racoon,roc_racoon,stop,,0,197276,1,1,,,1788204197252,1.0.0
ses_016e83f7cffeCkyRmitxr8FiJA,,john_carmack,john_carmack,stop,,1,195777,1,1,,silent_failure,1788204197265,1.0.0
ses_016e894a3ffesRhuctnG50ihe8,,roc_racoon,roc_racoon,stop,,1,206882,1,1,,silent_failure,1788204197276,1.0.0
ses_016e8f420ffen4JyECTx142rwo,,researcher,researcher,stop,,1,242215,1,1,,silent_failure,1788204197291,1.0.0
ses_0170643ddffek5Mu32w6khKgYg,,john_carmack,john_carmack,,,1,,1,1,,silent_failure,1788204197298,1.0.0
ses_01706b634ffeTAd3mqtIwh76O9,,roc_racoon,roc_racoon,,,0,,1,1,,unknown_finish_reason,1788204197305,1.0.0
ses_0170724f1ffed9sj404uEVCWHZ,,researcher,researcher,,,2,,1,1,,silent_failure,1788204197310,1.0.0
ses_017a4a6b8ffemq84JlEVhsq8HA,,roc_racoon,roc_racoon,stop,,0,199315,1,1,,tool_error,1788204197322,1.0.0
ses_017ae3987ffeqqRfwJaO0437HD,,roc_racoon,roc_racoon,stop,,1,187538,1,1,,silent_failure,1788204197335,1.0.0
ses_018afa20effezOOoT2NgjZxsT3,,researcher,researcher,stop,,0,136139,1,1,,,1788204197343,1.0.0
ses_018b0d48bffeIyQwaJbJ39iZn5,,researcher,researcher,stop,,0,76179,1,1,,,1788204197344,1.0.0
ses_018b747e0ffexbBZ96VcmvdLEZ,,researcher,researcher,stop,,0,127476,1,1,,tool_error,1788204197351,1.0.0
ses_018bd0fffffeIc1edt9IWcLmo7,,researcher,researcher,stop,,0,122181,1,1,,,1788204197358,1.0.0
ses_018efd624ffePhC5GB7iePvs4n,,researcher,researcher,stop,,0,175754,1,1,,,1788204197366,1.0.0
ses_018fc1fb9ffeglwKAShtut62q6,,roc_racoon,roc_racoon,stop,,0,290441,1,1,,tool_error,1788204197385,1.0.0
ses_01912a401ffeVeHnaRUcCe28Ij,,researcher,researcher,stop,,0,220095,1,1,,tool_error,1788204197430,1.0.0
ses_019311199ffeuEOgO7DfC7XDWG,,jem,jem,,,6,,1,1,,tool_error,1788204197743,1.0.0
ses_01981b376ffeJgoRS3HFARAsfF,,john_carmack,john_carmack,stop,,13,103517,1,1,,tool_error,1788204197953,1.0.0
ses_01c057cd8ffeEFAiyIvw11XXYQ,,researcher,researcher,stop,,1,210303,1,1,,silent_failure,1788204197959,1.0.0
ses_01c7a44b1ffe7NvpWGq7dDx3JL,,researcher,researcher,unknown,,0,,1,1,,tool_error,1788204197974,1.0.0
ses_01c810b23ffeWl75b6myvgj7RP,,researcher,researcher,unknown,,0,,1,1,,unknown_finish_reason,1788204197990,1.0.0
ses_01cafbbd0ffegRRv4FM2nU4vO4,,maat,maat,stop,,1,159958,1,1,,silent_failure,1788204198006,1.0.0
ses_01ce0e6e5ffegUOQ6RT4b37NU9,,grokster,grokster,stop,,1,270939,1,1,,tool_error,1788204198066,1.0.0
ses_01cf94059ffep5kZnWgLvvcvjU,,researcher,researcher,stop,,0,133993,1,1,,tool_error,1788204198086,1.0.0
ses_01d0e2194ffejwG4FL0Gz9n36w,,researcher,researcher,stop,,0,147298,1,1,,,1788204198097,1.0.0
ses_01d352473ffeEcabF2DJpOFu1N,,john_carmack,john_carmack,stop,,0,180133,1,1,,,1788204198109,1.0.0
ses_01d876831ffeD0Cf1VGEEpAp4C,,researcher,researcher,stop,,0,132495,1,1,,tool_error,1788204198153,1.0.0
ses_01dd489d4ffelSZRVOOrOivpo8,,john_carmack,john_carmack,stop,,0,94259,1,1,,,1788204198160,1.0.0
ses_01de68adaffeXg3HeXXhDQMo3y,,kali,kali,stop,,26,144186,1,1,,tool_error,1788204198653,1.0.0
ses_01e504380ffeYo9NJaPR1deFd9,,john_carmack,john_carmack,stop,,0,120650,1,1,,,1788204198663,1.0.0
ses_01f86d98effe2XkAdcueuUByNc,,kali,kali,,,0,,1,1,,unknown_finish_reason,1788204198669,1.0.0
ses_02062504fffeUJt3DfyOYFNWSE,,roc_racoon,roc_racoon,stop,,0,161280,1,1,,,1788204198694,1.0.0
ses_02091aeb3ffe5H42YVK1293qi5,,researcher,researcher,stop,,0,107358,1,1,,,1788204198718,1.0.0
ses_022bf3140ffe57LpRsZQSCxpwg,,maat,maat,,,4,,1,1,,silent_failure,1788204198738,1.0.0
ses_022d046beffeFlyKevmc1kGodp,,kali,kali,,,0,,1,1,,unknown_finish_reason,1788204198740,1.0.0
ses_022dd8f39ffeqP62y7VXiY7PT3,,kali,kali,,,0,,1,1,,unknown_finish_reason,1788204198750,1.0.0
ses_02313ef49ffehiHl2FRshngoBf,,maat,maat,stop,,0,184102,1,1,,tool_error,1788204198774,1.0.0
ses_0233d6393ffeCNTYcYrZpqIAco,,lilith,lilith,stop,,1,111762,1,1,,tool_error,1788204198803,1.0.0
ses_023673a9cffeVi17YcqIH8noUN,,lilith,lilith,stop,,2,182300,1,1,,tool_error,1788204198836,1.0.0
ses_023a210b2ffe1kzFJ39sEC63YV,,researcher,researcher,stop,,1,178680,1,1,,tool_error,1788204198909,1.0.0
ses_025ad21e7ffeEqyChyN16aJbtL,,researcher,researcher,stop,,0,129455,1,1,,,1788204198919,1.0.0
ses_04b02892bffeGxJY6d46MP7KMc,,maat,maat,,,0,,1,1,,unknown_finish_reason,1788204198925,1.0.0
ses_04b06811cffeSQOHTzS2w9Jt5c,,maat,maat,stop,,0,104922,1,1,,,1788204198932,1.0.0
ses_04b0cc2ccffe2u1CmEiYUkCtwe,,roc_racoon,roc_racoon,stop,,1,146851,1,1,,silent_failure,1788204198948,1.0.0
ses_04b4d7506ffeODc7j7iKEPs3A3,,jem,jem,stop,,1,130431,1,1,,silent_failure,1788204198956,1.0.0
ses_04b4d8c39ffeQQ52hCYczLyU4g,,researcher,researcher,stop,,2,103819,1,1,,tool_error,1788204198966,1.0.0
ses_04ba0ade1ffewlk5sFh3b71TvE,,grok_cli,grok_cli,,,1,,1,1,,tool_error,1788204198972,1.0.0
ses_04bae5563ffeafmzQGJ38f0Jpy,,roc_racoon,roc_racoon,stop,,1,127756,1,1,,silent_failure,1788204198985,1.0.0
ses_04bae686dffeI2MQwzCHjdsFFi,,maat,maat,stop,,0,89665,1,1,,,1788204198992,1.0.0
ses_04bae7d85ffeTxTQ7ghTlIZWnx,,lilith,lilith,stop,,3,120963,1,1,,silent_failure,1788204199003,1.0.0
ses_04bae92acffenijNrwsECPBgEk,,john_carmack,john_carmack,stop,,4,132295,1,1,,silent_failure,1788204199012,1.0.0
ses_04be7836affe79QIYKEpbRMcf9,,kali,kali,stop,,17,102090,1,1,,tool_error,1788204199640,1.0.0
ses_04c0785dcffedXLOby5Nu8iQ6h,,john_carmack,john_carmack,stop,,0,83509,1,1,,,1788204199646,1.0.0
ses_04c370e55ffe3AQBGugP5GSfPD,,john_carmack,john_carmack,stop,,1,134623,1,1,,silent_failure,1788204199657,1.0.0
ses_04c3ab020ffe9beJ67jrDaYvdg,,john_carmack,john_carmack,,,0,,1,1,,tool_error,1788204199658,1.0.0
ses_04c68eaeaffeEdNYEEc99eVcik,,kali,kali,stop,,0,116452,1,1,,,1788204199677,1.0.0
ses_04c6f7ec2ffe3GCVw5s2uBDUet,,researcher,researcher,,,0,,1,1,,unknown_finish_reason,1788204199678,1.0.0
ses_04c786a76ffeYEqcwgAvhg7EWC,,researcher,researcher,,,0,,1,1,,tool_error,1788204199680,1.0.0
ses_04c8ef633ffenOKx1a3YFh2a6Z,,kali,kali,stop,,0,73565,1,1,,,1788204199681,1.0.0
ses_04c9374e8ffe0XVfccXp3B9GxN,,kali,kali,stop,,0,72630,1,1,,,1788204199682,1.0.0
ses_04ca5437fffe70X50E0QLiNTuU,,kali,kali,,,0,,1,1,,unknown_finish_reason,1788204199689,1.0.0
ses_04cc09612ffeT9GLsDov7ohIsB,,kali,kali,,,2,,1,1,,tool_error,1788204199700,1.0.0
ses_04ccab8fbffeJ3JSN5ar6nMhlb,,kali,kali,,,0,,1,1,,tool_error,1788204199712,1.0.0
ses_04ccb9198ffe7H5mtL5onwIFcv,,kali,kali,,,1,,1,1,,tool_error,1788204199718,1.0.0
ses_04ce899b4ffeaTcTuhHnxu5D3F,,kali,kali,,,1,,1,1,,silent_failure,1788204199725,1.0.0
ses_04cf5a1afffeM0l4rmuWp6yqbu,,kali,kali,,,0,,1,1,,unknown_finish_reason,1788204199731,1.0.0
ses_04d1d3c38ffefRi5qBZlvc1omt,,researcher,researcher,,,0,,1,1,,unknown_finish_reason,1788204199731,1.0.0
ses_04d2365f7ffeufhnNb2giluFEt,,researcher,researcher,,,0,,1,1,,tool_error,1788204199741,1.0.0
ses_04df22089ffergWYM77rJdSD8q,,researcher,researcher,stop,,4,123185,1,1,,silent_failure,1788204199752,1.0.0
ses_04df242e8ffeetMzwdyhS7aW10,,researcher,researcher,stop,,0,148137,1,1,,tool_error,1788204199762,1.0.0
ses_04df26417ffep6LEC3DF5E67kO,,researcher,researcher,stop,,0,141639,1,1,,tool_error,1788204199771,1.0.0
ses_04dfbaa1fffe8VDUpHhYDLmBZ6,,general,general,stop,,5,114396,1,1,,silent_failure,1788204199782,1.0.0
ses_04dfbcc12ffeSbsmjqGFG9KhYW,,general,general,stop,,0,85555,1,1,,,1788204199788,1.0.0
ses_04dfbf083ffeVOLwi2xI8bf9PD,,general,general,stop,,0,60918,1,1,,,1788204199789,1.0.0
ses_04e02b85bffeLVbbsrW2naxYR5,,explore,explore,stop,,4,96548,1,1,,silent_failure,1788204199802,1.0.0
ses_04e02bc78ffeS4dnO1biznCUZq,,explore,explore,stop,,1,79687,1,1,,tool_error,1788204199809,1.0.0
ses_04e02c13dffeJoyfiPZ3qZM0BZ,,explore,explore,stop,,1,116571,1,1,,silent_failure,1788204199823,1.0.0
ses_04e1df494ffeY2Pgb0fvMoemz6,,john_carmack,john_carmack,stop,,0,65662,1,1,,,1788204199825,1.0.0
ses_04e2d9b62ffeERx3JIzVRkEzWP,,kali,kali,stop,,12,674,1,1,,tool_error,1788204200072,1.0.0
ses_04e4d6289ffefOCzsmfRtMi24T,,roc_racoon,roc_racoon,stop,,17,123660,1,1,,tool_error,1788204200241,1.0.0
ses_04e6e7910ffelAhWitMKbBaXe8,,researcher,researcher,stop,,0,151504,1,1,,tool_error,1788204200253,1.0.0
ses_04e6e8756ffeYfnGzLFtIK5Sqt,,researcher,researcher,stop,,0,128614,1,1,,tool_error,1788204200262,1.0.0
ses_04e6e9178ffez8ZDOIfCAXIiFD,,researcher,researcher,stop,,1,157436,1,1,,tool_error,1788204200272,1.0.0
ses_04e6e9c44ffe37O9L1uZ3xZUUG,,researcher,researcher,stop,,0,144177,1,1,,tool_error,1788204200281,1.0.0
ses_04e6ea5ecffeMlhrvAx9AwaamZ,,researcher,researcher,stop,,0,115015,1,1,,tool_error,1788204200288,1.0.0
ses_04e7a812dffePVOGWQFsP1et44,,john_carmack,john_carmack,stop,,0,53808,1,1,,tool_error,1788204200308,1.0.0
ses_04eab121dffeMrhhbjiIEiH1B8,,researcher,researcher,stop,,0,178698,1,1,,tool_error,1788204200337,1.0.0
ses_04eb24c7bffeqDTbRf2MAgQtD8,,grokster,grokster,stop,,0,20135,1,1,,tool_error,1788204200353,1.0.0
ses_04f5fbbfbffeDQ35Q957tOM8r7,,roc_racoon,roc_racoon,stop,,3,121973,1,1,,tool_error,1788204200367,1.0.0
ses_04f5fdad8ffe2hgas0d4S4Pa3J,,researcher,researcher,stop,,0,137309,1,1,,,1788204200376,1.0.0
ses_04f69cda1ffepwVjnCzreELY91,,researcher,researcher,,,0,,1,1,,unknown_finish_reason,1788204200381,1.0.0
ses_04f6d8f9effeqd6oC7K1wnW2Nc,,researcher,researcher,,,0,,1,1,,unknown_finish_reason,1788204200389,1.0.0
ses_04f729a0dffeEKPDdF7kpSkCD7,,researcher,researcher,,,0,,1,1,,unknown_finish_reason,1788204200400,1.0.0
ses_04f7490ceffeYRRv6UFqKKZyFb,,researcher,researcher,,,0,,1,1,,tool_error,1788204200406,1.0.0
ses_04fcd32e9ffeim01bbW1KBKM4G,,researcher,researcher,stop,,0,146713,1,1,,,1788204200414,1.0.0
ses_062a9404fffekhVwm766RgbA70,,general,general,stop,,2,107200,1,1,,tool_error,1788204200420,1.0.0
ses_062ab3f79ffeeNqsn9CXu5sf6I,,general,general,stop,,3,137398,1,1,,silent_failure,1788204200428,1.0.0
ses_062ad6aa1ffeWePxUE5gWNn9TN,,general,general,stop,,7,132067,1,1,,silent_failure,1788204200440,1.0.0
ses_062afc2b1ffefrMTFOZnPxEKxc,,general,general,stop,,0,139775,1,1,,,1788204200452,1.0.0
ses_062b12d16ffexXlByKvpd2KDwc,,general,general,stop,,0,101975,1,1,,tool_error,1788204200458,1.0.0
ses_062b29117ffee5alWLSouBo4tC,,general,general,stop,,3,134277,1,1,,silent_failure,1788204200468,1.0.0
ses_062b86b7fffeXI4OfohPXA66gw,,general,general,stop,,0,102964,1,1,,tool_error,1788204200477,1.0.0
ses_062b9d8b6ffe4kISdkI3haPx24,,general,general,stop,,2,100582,1,1,,silent_failure,1788204200486,1.0.0
ses_062bbec88ffeGtlxXjvYKkr7A4,,general,general,stop,,0,119230,1,1,,,1788204200494,1.0.0
ses_06344929dffe6o6E9Ho14s73Vb,,lilith,lilith,stop,,0,42007,1,1,,tool_error,1788204200496,1.0.0
ses_0634e97caffeV9IQ6GgToJlJwG,,maat,maat,stop,,0,170782,1,1,,tool_error,1788204200511,1.0.0
ses_0635aafc2ffewXvMj2T7rhsxPv,,john_carmack,john_carmack,stop,,0,88817,1,1,,,1788204200516,1.0.0
ses_063611233ffe6E7nrbp4ag5nLC,,researcher,researcher,stop,,6,96632,1,1,,tool_error,1788204200529,1.0.0
ses_063640f61ffe9UUPDC7mgM0HEP,,researcher,researcher,stop,,3,114564,1,1,,tool_error,1788204200536,1.0.0
ses_06366fe92ffeHYGeTcJB5sUZJh,,researcher,researcher,stop,,2,156992,1,1,,silent_failure,1788204200547,1.0.0
ses_06369a0f9ffeehdH8jxzoe6aad,,researcher,researcher,stop,,3,137670,1,1,,tool_error,1788204200555,1.0.0
ses_0636be8ffffe2W8htlS72UzjhR,,researcher,researcher,stop,,0,117425,1,1,,,1788204200560,1.0.0
ses_0636e98efffew5ETdzaRM7LAgk,,researcher,researcher,stop,,1,191814,1,1,,silent_failure,1788204200574,1.0.0
ses_0638e02f6ffe4Niv6sifVqev0I,,researcher,researcher,stop,,0,152575,1,1,,,1788204200585,1.0.0
ses_0638f9e1effe74tMwTjWNr6tWb,,researcher,researcher,stop,,1,165064,1,1,,silent_failure,1788204200596,1.0.0
ses_063915154fferV5TPA0yJGzOVb,,researcher,researcher,stop,,0,126567,1,1,,,1788204200604,1.0.0
ses_0639397beffeGek4nJSyyLkeCt,,researcher,researcher,stop,,0,125193,1,1,,,1788204200613,1.0.0
ses_06395cd54ffeBMwUILEDJVMA0G,,researcher,researcher,stop,,0,137142,1,1,,,1788204200623,1.0.0
ses_06398039effe5mDwKdAC3D6kFc,,researcher,researcher,stop,,5,113076,1,1,,tool_error,1788204200630,1.0.0
ses_063999a1cffeZs584SW3qnE3r9,,researcher,researcher,stop,,0,141945,1,1,,,1788204200639,1.0.0
ses_0639b6d3affecX9QqaYYUeRR61,,researcher,researcher,stop,,0,140198,1,1,,,1788204200650,1.0.0
ses_063ca0e9dfferw1XevLtzxCgkO,,build,build,stop,,0,38611,1,1,,,1788204200652,1.0.0
ses_063cb1a94ffevsMS4ovBOCJwQw,,build,build,stop,,0,38446,1,1,,,1788204200653,1.0.0
ses_063f6ddc4ffeDqGdP9DU3Bwzew,,explore,explore,stop,,0,132327,1,1,,,1788204200661,1.0.0
ses_06420b102ffevecahkn95Vn139,,roc_racoon,roc_racoon,stop,,2,8147,1,1,,tool_error,1788204200738,1.0.0
ses_06442817effeXhKgOyn2x4B68T,,grokster,grokster,stop,,0,70649,1,1,,tool_error,1788204200791,1.0.0
ses_0671292e2ffeGh4aXLTd9AtxkW,,build,build,,,0,,1,1,,unknown_finish_reason,1788204200792,1.0.0
ses_0674d15c5ffede0EjOzHKbCp2j,,researcher,researcher,stop,,0,70184,1,1,,,1788204200793,1.0.0
ses_06e6621beffe1mJSautM34wgB4,,john_carmack,john_carmack,,,0,,1,1,,unknown_finish_reason,1788204200803,1.0.0
ses_06e6b6f7affeOn15k6svnDp1IC,,john_carmack,john_carmack,stop,,0,138594,1,1,,tool_error,1788204200811,1.0.0
ses_06e6fdefbffeIHIyFRxg3VvoW1,,grokster,grokster,stop,,0,112348,1,1,,tool_error,1788204200816,1.0.0
ses_06ecce9acffekDtuXeYbJymJ2y,,researcher,researcher,stop,,0,58423,1,1,,,1788204200818,1.0.0
ses_06ece4a82ffeHCzZljykl39jgc,,researcher,researcher,stop,,0,58394,1,1,,,1788204200819,1.0.0
ses_06f68d8c6ffe5o93WSLXdthRxC,,researcher,researcher,,,0,,1,1,,unknown_finish_reason,1788204200830,1.0.0
ses_06f694bd3ffeGNiqrRwOA8psG6,,researcher,researcher,stop,,0,52131,1,1,,,1788204200831,1.0.0
ses_06f69abafffeBBogvdpmoS0qTX,,researcher,researcher,,,0,,1,1,,unknown_finish_reason,1788204200832,1.0.0
ses_06f6c3b74ffeF103rbAAOzlSHt,,researcher,researcher,tool-calls,,0,52835,1,1,,,1788204200833,1.0.0
ses_06f70d6edffe5ohRRqH4CotrUW,,researcher,researcher,,,0,,1,1,,unknown_finish_reason,1788204200836,1.0.0
ses_06f71ee54ffeTBc4f5CmUYbwlM,,researcher,researcher,,,0,,1,1,,unknown_finish_reason,1788204200837,1.0.0
ses_06f755e4fffeJeI77GntisNB2h,,researcher,researcher,,,2,,1,1,,silent_failure,1788204200841,1.0.0
ses_06f76505fffedJmLqlO0nTAQQG,,researcher,researcher,,,0,,1,1,,unknown_finish_reason,1788204200842,1.0.0
ses_06fffbc6dffeti7vcbr4fYh86T,,researcher,researcher,,,0,,1,1,,unknown_finish_reason,1788204200842,1.0.0
ses_0700f44c6ffecVqeclAsa2fyQm,,researcher,researcher,,,0,,1,1,,unknown_finish_reason,1788204200846,1.0.0
ses_07013aa61ffeNdGx9DxIF27Wfs,,researcher,researcher,stop,,0,82911,1,1,,tool_error,1788204200849,1.0.0
ses_070590f06ffeF4hdbWMxHUbbn9,,roc_racoon,roc_racoon,,,21,,1,1,,tool_error,1788204201096,1.0.0
ses_070b0562cffez9PgdRAF0IL8F3,,researcher,researcher,stop,,15,16929,1,1,,tool_error,1788204201297,1.0.0
ses_070bd2dc0ffeu6jSm25o3jU3b8,,grokster,grokster,stop,,0,25554,1,1,,tool_error,1788204201313,1.0.0
ses_07472a79fffewzIhpeKz12GZq6,,build,build,,,0,,1,1,,unknown_finish_reason,1788204201314,1.0.0
ses_07476059fffe4TEteLChrl5ODD,,build,build,,,0,,1,1,,unknown_finish_reason,1788204201314,1.0.0
ses_07478b4bfffeSBrLI7K2k5QHaH,,build,build,,,0,,1,1,,unknown_finish_reason,1788204201315,1.0.0
ses_07478d50dffe5gKutFy767yKSc,,build,build,,,0,,1,1,,unknown_finish_reason,1788204201315,1.0.0
ses_07479bf95ffeXry6z5JEdZVnX3,,build,build,,,0,,1,1,,unknown_finish_reason,1788204201316,1.0.0
ses_0747b6473ffeQknsFDgyOTzTkB,,build,build,,,0,,1,1,,unknown_finish_reason,1788204201316,1.0.0
ses_0747c10aefferS4t7u1hkI6fQC,,build,build,,,0,,1,1,,unknown_finish_reason,1788204201317,1.0.0
ses_074b124e1ffeFeXkHTapw3EMtM,,build,build,,,0,,1,1,,unknown_finish_reason,1788204201318,1.0.0
ses_074be50adffeOHSe43i07FREgZ,,build,build,,,0,,1,1,,unknown_finish_reason,1788204201319,1.0.0
ses_074bfd7c5ffe6qUBe091CZXTcZ,,build,build,,,0,,1,1,,unknown_finish_reason,1788204201320,1.0.0
ses_074c01393ffen6qL6SsUqrm29n,,build,build,,,0,,1,1,,unknown_finish_reason,1788204201320,1.0.0
ses_075046ed4ffeCvlFLoekSVLlOo,,roc_racoon,roc_racoon,stop,,7,66572,1,1,,tool_error,1788204201403,1.0.0
ses_07527e1eeffeDhAcOHCqwcFtzb,,researcher,researcher,,,0,,1,1,,unknown_finish_reason,1788204201414,1.0.0
ses_0754bd5f0ffedBGQGL3e7fpAbf,,john_carmack,john_carmack,,,5,,1,1,,tool_error,1788204201637,1.0.0
ses_075810c1affe5ypvHclUnj5qwA,,grokster,grokster,stop,,0,13196,1,1,,tool_error,1788204201667,1.0.0
ses_075acc8e0ffegQHG0IG9NVF2sR,,john_carmack,john_carmack,stop,,0,104286,1,1,,,1788204201674,1.0.0
ses_075e6895cffeyPvDNr7uaVmQ2b,,roc_racoon,roc_racoon,stop,,0,83372,1,1,,tool_error,1788204201680,1.0.0
ses_07807a09affeDO3u73Sa82nuk2,,roc_racoon,roc_racoon,stop,,2,151035,1,1,,silent_failure,1788204201694,1.0.0
ses_07807c45cffeNfSD2nWQId3xSK,,verity,verity,stop,,1,93160,1,1,,silent_failure,1788204201702,1.0.0
ses_07807fff2ffeON2Sc2m9Omkghr,,lilith,lilith,stop,,5,122442,1,1,,silent_failure,1788204201708,1.0.0
ses_078199abdffe7Ba4SZRvt1m9R3,,maat,maat,stop,,39,103043,1,1,,tool_error,1788204202036,1.0.0
ses_0795131b2ffe0pESqZ7lCq7UBo,,explore,explore,,,1,,1,1,,tool_error,1788204202047,1.0.0
ses_07a95ccadffe7nUMTZKovpJLui,,john_carmack,john_carmack,stop,,11,96556,1,1,,tool_error,1788204202136,1.0.0
ses_07a95ce0affe3icvTcKOR5J22b,,,,,,0,,1,1,,unknown_finish_reason,1788204202143,1.0.0
ses_07ab98eddffecrYm801Vmuf0Du,,john_carmack,john_carmack,stop,,0,176449,1,1,,tool_error,1788204202156,1.0.0
ses_07b927165ffeNQB274m9VIfWTb,,researcher,researcher,,,0,,1,1,,tool_error,1788204202157,1.0.0
ses_07b95e3bbffe9YTOZFVXgTN7jr,,researcher,researcher,,,0,,1,1,,unknown_finish_reason,1788204202168,1.0.0
ses_07bb79100ffevaFL81gD3CoUmb,,roc_racoon,roc_racoon,stop,,0,169776,1,1,,,1788204202178,1.0.0
ses_07bd70930ffe5EbnPZBnv6f1zl,,researcher,researcher,stop,,0,117730,1,1,,,1788204202191,1.0.0
ses_07bdd9df7ffezQ7J632QhietdX,,researcher,researcher,stop,,0,120506,1,1,,tool_error,1788204202200,1.0.0
ses_07be2793effeRtuS4hSQMhp5Vv,,researcher,researcher,stop,,5,84132,1,1,,tool_error,1788204202205,1.0.0
ses_07be67b16ffeImUE6Iqtm06aJk,,researcher,researcher,,,1,,1,1,,silent_failure,1788204202215,1.0.0
ses_07beb2707ffedY2o29b5BbwuXM,,researcher,researcher,,,0,,1,1,,unknown_finish_reason,1788204202222,1.0.0
ses_07bfd35d2ffeFLEoW4xSgS8GAR,,researcher,researcher,stop,,2,108498,1,1,,silent_failure,1788204202238,1.0.0
ses_07c053989ffeFwz65BYrmSf96T,,researcher,researcher,,,0,,1,1,,unknown_finish_reason,1788204202239,1.0.0
ses_07c57daf3ffeUPSGuAOoddbdlu,,roc_racoon,roc_racoon,stop,,0,120950,1,1,,,1788204202244,1.0.0
ses_07d5a6949ffe2FQq9xsHIzdyc2,,grokster,grokster,stop,,0,82402,1,1,,,1788204202249,1.0.0
ses_07d758dc0ffeDW03yjTH13YKc7,,roc_racoon,roc_racoon,stop,,3,149958,1,1,,silent_failure,1788204202258,1.0.0
ses_07d7a022affesV4qteE70QnbKp,,roc_racoon,roc_racoon,,,0,,1,1,,unknown_finish_reason,1788204202258,1.0.0
ses_07d83096affeQiCnX3cKvVPksW,,researcher,researcher,stop,,1,135121,1,1,,silent_failure,1788204202264,1.0.0
ses_07da0a6c3ffexM281o7j50Y9UJ,,roc_racoon,roc_racoon,stop,,1,85317,1,1,,silent_failure,1788204202267,1.0.0
ses_07da29d26ffeBJzqrISX3x1HAO,,john_carmack,john_carmack,stop,,1,68219,1,1,,silent_failure,1788204202269,1.0.0
ses_07dad7ab7ffe9RvHPxbCyMIifz,,grokster,grokster,stop,,0,96384,1,1,,,1788204202276,1.0.0
ses_07dad9ec8ffeVgt7EgY81KRqG1,,researcher,researcher,stop,,6,121671,1,1,,silent_failure,1788204202283,1.0.0
ses_07dadc1eaffe11tS4iNNAw6WO5,,john_carmack,john_carmack,stop,,1,89662,1,1,,silent_failure,1788204202288,1.0.0
ses_07dd6f77affeFfTt3n818nV7Ih,,researcher,researcher,stop,,0,145343,1,1,,,1788204202297,1.0.0
ses_07ee3eaaeffel6Bf0ErQPYXkHU,,grokster,grokster,stop,,0,136753,1,1,,tool_error,1788204202465,1.0.0
ses_081505c0fffe0JradMztmkJjph,,pillar,pillar,,,0,,1,1,,unknown_finish_reason,1788204202471,1.0.0
ses_081521605ffeUrQ85PSHaLajyn,,jem,jem,,,1,,1,1,,silent_failure,1788204202477,1.0.0
ses_0816193f2ffe2vr4ntZcuq9UmF,,pillar,pillar,stop,,1,186649,1,1,,tool_error,1788204202497,1.0.0
ses_081646d57ffe554N2QSQd2PodE,,pillar,pillar,,,2,,1,1,,silent_failure,1788204202502,1.0.0
ses_08165dff1ffeOO6qBkOYyENs8I,,pillar,pillar,,,0,,1,1,,unknown_finish_reason,1788204202504,1.0.0
ses_0816d6117ffe6YWwtSawIIFnKU,,pillar,pillar,stop,,0,116826,1,1,,tool_error,1788204202517,1.0.0
ses_08172be92ffey90m7zSnhZRaGT,,jem,jem,,,1,,1,1,,tool_error,1788204202523,1.0.0
ses_081a624edffeZ0rTaUdXKCcct9,,researcher,researcher,stop,,0,106713,1,1,,,1788204202527,1.0.0
ses_081a91cd8ffeEnooS9dbPA8CVv,,verity,verity,,,0,,1,1,,unknown_finish_reason,1788204202531,1.0.0
ses_081b00f4effesEyBAFR7LpAala,,roc_racoon,roc_racoon,,,0,,1,1,,tool_error,1788204202535,1.0.0
ses_0825e0a22ffeembyLJPwfNkC4K,,build,build,stop,,1,119608,1,1,,silent_failure,1788204202552,1.0.0
ses_0828a2c25ffeJYX06jKY5gh02k,,researcher,researcher,,,1,,1,1,,tool_error,1788204202568,1.0.0
ses_0828ee417ffeG1RocY6mVv1y5V,,researcher,researcher,,,0,,1,1,,unknown_finish_reason,1788204202575,1.0.0
ses_082ab3ebfffe4zPwpMed7nWdCh,,john_carmack,john_carmack,stop,,0,55788,1,1,,,1788204202575,1.0.0
ses_082abb16effeaRaQm31yutNqg6,,john_carmack,john_carmack,,,0,,1,1,,unknown_finish_reason,1788204202576,1.0.0
ses_082e2c357ffekxawqjZ1qLNyqT,,researcher,researcher,stop,,0,28155,1,1,,tool_error,1788204202602,1.0.0
ses_082f172c3ffefrSHOuEy00Rz4e,,researcher,researcher,,,1,,1,1,,silent_failure,1788204202626,1.0.0
ses_082f53d00ffelNn8e2aJyNf70u,,researcher,researcher,,,1,,1,1,,silent_failure,1788204202646,1.0.0
ses_082fe2e09ffe5E5pRUHyq3Y7KF,,roc_racoon,roc_racoon,stop,,4,275450,1,1,,tool_error,1788204202688,1.0.0
ses_083062e2bffev0N8CpABDL0oo6,,jem,jem,stop,,3,215670,1,1,,tool_error,1788204202722,1.0.0
ses_0830a8ef3ffeMySxdolyHHhRYm,,roc_racoon,roc_racoon,,,3,,1,1,,silent_failure,1788204202738,1.0.0
ses_08339a2f9ffeGfufljM6QwAOjj,,researcher,researcher,,,0,,1,1,,unknown_finish_reason,1788204202763,1.0.0
ses_08396a5a1ffeEffT1edwcx6H4l,,john_carmack,john_carmack,stop,,1,156008,1,1,,silent_failure,1788204202781,1.0.0
ses_0839e33f6ffeoUopZ9cIMDXIwg,,john_carmack,john_carmack,,,1,,1,1,,tool_error,1788204202802,1.0.0
ses_083a50c2cffecRZhdmgWz4CQk1,,john_carmack,john_carmack,stop,,1,224072,1,1,,tool_error,1788204202830,1.0.0
ses_083ace04bffeXhPBHp1SePkmIL,,john_carmack,john_carmack,stop,,2,165571,1,1,,silent_failure,1788204202855,1.0.0
ses_083cdf35effervxwErFDbeir2Z,,researcher,researcher,stop,,0,132037,1,1,,,1788204202872,1.0.0
ses_083d76c08ffeDKWSiE5yoHidwM,,researcher,researcher,,,1,,1,1,,tool_error,1788204202900,1.0.0
ses_083dee9f0ffeB24R6zSkMHPBOQ,,pillar,pillar,stop,,4,108761,1,1,,silent_failure,1788204202916,1.0.0
ses_08422c348ffe3rBdnKt2B5q6PO,,researcher,researcher,,,1,,1,1,,silent_failure,1788204202930,1.0.0
ses_08424cd63ffe5tLnEhwBqnzHp7,,doom_guy,doom_guy,stop,,0,116254,1,1,,,1788204202943,1.0.0
ses_08426f1cfffeC4gICAYjCZDnCQ,,researcher,researcher,stop,,0,89180,1,1,,,1788204202950,1.0.0
ses_0842734a1ffeTLoYVUGIPFlPWk,,researcher,researcher,,,0,,1,1,,tool_error,1788204202956,1.0.0
ses_084297bc3ffeck2TyXcr2cVkly,,john_carmack,john_carmack,stop,,0,88948,1,1,,,1788204202964,1.0.0
ses_084299eaeffePyEqRaCJkk3aEU,,verity,verity,stop,,0,102850,1,1,,,1788204202973,1.0.0
ses_08429a771ffeJdeX1yoSmVyvlV,,doom_guy,doom_guy,,,0,,1,1,,unknown_finish_reason,1788204202974,1.0.0
ses_084307722ffeZvqFEX8LamRP46,,researcher,researcher,,,0,,1,1,,unknown_finish_reason,1788204202984,1.0.0
ses_0843093e5ffeW6Avdl0xHU4lVv,,researcher,researcher,stop,,0,182457,1,1,,,1788204203006,1.0.0
ses_08430b0adffeApvzeZEQHzdWdH,,researcher,researcher,stop,,0,171058,1,1,,,1788204203023,1.0.0
ses_08430c954ffeIfCTxVnqdv3HNF,,verity,verity,,,0,,1,1,,unknown_finish_reason,1788204203024,1.0.0
ses_08430d10effeq2jRl1xOMyNVbg,,doom_guy,doom_guy,,,0,,1,1,,unknown_finish_reason,1788204203029,1.0.0
ses_0844d85e7ffehP9gFFySndP3yW,,researcher,researcher,stop,,0,153224,1,1,,,1788204203048,1.0.0
ses_084527fe9ffeI8TQ6eXNEZhNnk,,researcher,researcher,stop,,1,99012,1,1,,tool_error,1788204203073,1.0.0
ses_0847f43e3ffeYDQxN9OE8MlR2l,,roc_racoon,roc_racoon,,,0,,1,1,,unknown_finish_reason,1788204203100,1.0.0
ses_084901832ffeMUPIbttS4pFUsZ,,roc_racoon,roc_racoon,,,0,,1,1,,unknown_finish_reason,1788204203122,1.0.0
ses_0849c41c8ffeSErvc0aFXOUsx4,,researcher,researcher,stop,,1,285211,1,1,,tool_error,1788204203181,1.0.0
ses_084a24b44ffejDF2272sjv3O6Z,,researcher,researcher,,,1,,1,1,,silent_failure,1788204203241,1.0.0
ses_084ab0e7cffekHgNyZj2mSZpsV,,researcher,researcher,,,1,,1,1,,silent_failure,1788204203291,1.0.0
ses_084b9df17ffeEKrPYVqxXW63VV,,lilith,lilith,stop,,4,107238,1,1,,silent_failure,1788204203307,1.0.0
ses_084ba1783ffeE7dxzDl3PAeNpS,,maat,maat,stop,,6,105634,1,1,,silent_failure,1788204203319,1.0.0
ses_084bf57e9ffetaS8ll17Q79lkp,,roc_racoon,roc_racoon,stop,,0,91884,1,1,,,1788204203331,1.0.0
ses_084c394e9ffexgs1tR9xypyZti,,explore,explore,stop,,0,72479,1,1,,,1788204203342,1.0.0
ses_084c5c1d8ffevvsEtPRU2qzRJ5,,researcher,researcher,stop,,1,181881,1,1,,tool_error,1788204203365,1.0.0
ses_084c64f01ffeSRlyyzoBntidLq,,roc_racoon,roc_racoon,,,0,,1,1,,unknown_finish_reason,1788204203383,1.0.0
ses_084cd3278ffeCsdN0mF0BsW7i6,,jem,jem,stop,,0,60902,1,1,,tool_error,1788204203523,1.0.0
ses_084f813daffefAIk5gOS1s1nui,,researcher,researcher,stop,,0,126678,1,1,,tool_error,1788204203536,1.0.0
ses_086ec2191ffeIX62RdbS1LjOhq,,,,tool-calls,,0,239552,1,1,,tool_error,1788204203643,1.0.0
ses_087177b8bffevEfG061MrbO3cy,,explore,explore,stop,,1,91839,1,1,,silent_failure,1788204203652,1.0.0
ses_08717b8c3ffegKcmqKfTdbsR7c,,john_carmack,john_carmack,stop,,0,64559,1,1,,,1788204203654,1.0.0
ses_0878036c6ffep4MMAx14cPhhzv,,john_carmack,john_carmack,stop,,0,107533,1,1,,,1788204203663,1.0.0
ses_087876f92ffex1ATVw74rgFS42,,explore,explore,stop,,3,67201,1,1,,silent_failure,1788204203667,1.0.0
ses_08787f789ffesQnp3gJ625FnGQ,,build,build,,,2,,1,1,,tool_error,1788204203671,1.0.0
ses_0878ca374ffeqzkp411agyWX5W,,pillar,pillar,stop,,0,158240,1,1,,tool_error,1788204203686,1.0.0
ses_0879455b0ffe42w46xCJSmlYCa,,pillar,pillar,stop,,1,181144,1,1,,tool_error,1788204203701,1.0.0
ses_0879ac34affeVBPn8NzLRG4z7q,,pillar,pillar,,,1,,1,1,,tool_error,1788204203713,1.0.0
ses_087a01dbcffeBI8ORvpR0Bthls,,pillar,pillar,,,3,,1,1,,silent_failure,1788204203721,1.0.0
ses_087a40686ffex9lMEB4zcZZaV4,,lilith,lilith,,,0,,1,1,,tool_error,1788204203724,1.0.0
ses_087c79675ffeO7VVKZjw1iw8oN,,pillar,pillar,stop,,2,163775,1,1,,silent_failure,1788204203736,1.0.0
ses_087d4a01effemgJ5q022Roj82l,,pillar,pillar,stop,,3,161702,1,1,,tool_error,1788204203745,1.0.0
ses_087dafc33ffesUG7nWF8sUg5XH,,pillar,pillar,stop,,3,151938,1,1,,silent_failure,1788204203756,1.0.0
ses_087db4f8bffel1USY5UwkbZHUf,,pillar,pillar,,,0,,1,1,,unknown_finish_reason,1788204203757,1.0.0
ses_087e289daffeSGvmj4G1I34nTO,,pillar,pillar,stop,,1,108866,1,1,,tool_error,1788204203764,1.0.0
ses_087e4a108ffefdXXBn5hwCYkt2,,pillar,pillar,,,0,,1,1,,unknown_finish_reason,1788204203769,1.0.0
ses_087e5377fffelwNNEtm38Wqt2P,,pillar,pillar,,,0,,1,1,,unknown_finish_reason,1788204203770,1.0.0
ses_087e7fa73ffek1SM6mRrlVLNeG,,maat,maat,stop,,1,200474,1,1,,silent_failure,1788204203786,1.0.0
ses_088a2bff9ffe1x50JVBm4byBko,,build,build,,,0,,1,1,,unknown_finish_reason,1788204203786,1.0.0
ses_088a3d872ffeXWy7aUcupSesHn,,build,build,,,0,,1,1,,unknown_finish_reason,1788204203787,1.0.0
ses_0892ac9b1ffeRx4FQqc1fuVoPZ,,build,build,,,0,,1,1,,unknown_finish_reason,1788204203788,1.0.0
ses_089347a09ffeEo4UIZpLhvcoO9,,build,build,,,0,,1,1,,unknown_finish_reason,1788204203789,1.0.0
ses_089415762ffeyCAZdjJpr4v8T3,,build,build,,,0,,1,1,,unknown_finish_reason,1788204203789,1.0.0
ses_089f4e706ffeZdxV8pzfE4M5wf,,build,build,,,0,,1,1,,unknown_finish_reason,1788204203790,1.0.0
ses_08a6dcfb0ffeVSSg73bzvpPMRm,,john_carmack,john_carmack,,,4,,1,1,,tool_error,1788204203826,1.0.0
ses_08a8522f1ffe137oz3ndRrvCE8,,researcher,researcher,,,1,,1,1,,tool_error,1788204203890,1.0.0
ses_08b426197ffeKiHEw5Mx35SkRS,,roc_racoon,roc_racoon,stop,,0,135949,1,1,,,1788204203898,1.0.0
ses_08b4b4a3cffe04zpK4s7C898g2,,jem,jem,,,1,,1,1,,silent_failure,1788204203905,1.0.0
ses_08b4e646afferDf12WgKzR6pFx,,roc_racoon,roc_racoon,,,0,,1,1,,unknown_finish_reason,1788204203907,1.0.0
ses_08be4277cffe5Ungju5D4vczEn,,john_carmack,john_carmack,,,0,,1,1,,unknown_finish_reason,1788204203940,1.0.0
ses_08ca1a40cffeCLx87D6juBd2g4,,jem,jem,stop,,1,91604,1,1,,silent_failure,1788204203952,1.0.0
ses_08ca669b2ffe98f0g7ptPXeKf6,,roc_racoon,roc_racoon,stop,,0,130519,1,1,,tool_error,1788204203963,1.0.0
ses_08ca69770ffeu8vq5QHNnE2KAD,,roc_racoon,roc_racoon,stop,,0,91192,1,1,,tool_error,1788204203969,1.0.0
ses_08ca6ba64ffe6rvTFG6X7qGmyB,,jem,jem,stop,,0,116768,1,1,,,1788204203979,1.0.0
ses_08ca6e530ffewTYr0OtfvORfrD,,researcher,researcher,stop,,0,143844,1,1,,,1788204203988,1.0.0
ses_08ca7082cffe9MNJwtlt7llBYY,,jem,jem,stop,,0,62471,1,1,,,1788204203990,1.0.0
ses_08ca76678ffeCdmPFZR9DBIH7Q,,kali,kali,stop,,0,61420,1,1,,,1788204203992,1.0.0
ses_08cb712ffffegXV4lOooNrn4o6,,researcher,researcher,stop,,1,85033,1,1,,silent_failure,1788204204009,1.0.0
ses_08cb7588effeARyxfw3vRWdzjd,,researcher,researcher,stop,,0,69961,1,1,,,1788204204013,1.0.0
ses_08cb7b4f4ffexqQ8W1nR2BGKIh,,researcher,researcher,stop,,0,53389,1,1,,,1788204204014,1.0.0
ses_08cb804a3ffeLlpmMoDfvfEKDV,,researcher,researcher,stop,,0,59045,1,1,,,1788204204016,1.0.0
ses_08cb811bcffemJ5sXE6QpRXD6r,,jem,jem,stop,,1,106076,1,1,,silent_failure,1788204204021,1.0.0
ses_08cb85c30ffeLekQoX0oudmwdJ,,researcher,researcher,stop,,0,51582,1,1,,,1788204204022,1.0.0
ses_08dcc2c8cffeNBP4fGERtEywsV,,roc_racoon,roc_racoon,stop,,0,170587,1,1,,tool_error,1788204204050,1.0.0
ses_08ddab613ffema4ZfV2ECWGVJl,,jem,jem,,,0,,1,1,,unknown_finish_reason,1788204204054,1.0.0
ses_08ddcea49ffeDtUNLRlIKuLvCv,,jem,jem,,,0,,1,1,,unknown_finish_reason,1788204204065,1.0.0
ses_08f49fcb7ffeeUZfHG7Kr7SQgV,,researcher,researcher,stop,,0,178016,1,1,,tool_error,1788204204130,1.0.0
ses_091f7b64cffeZMI4EuwpAVVIlF,,pillar,pillar,stop,,1,48554,1,1,,silent_failure,1788204204133,1.0.0
ses_0920381a1ffeYf3bdQNhPKt12S,,pillar,pillar,stop,,2,105753,1,1,,silent_failure,1788204204150,1.0.0
ses_092721d95ffe6q11xIe1IIgZJF,,researcher,researcher,,,0,,1,1,,unknown_finish_reason,1788204204151,1.0.0
ses_092726bf6ffejV7016t7zJkTeR,,researcher,researcher,,,0,,1,1,,tool_error,1788204204152,1.0.0
ses_0927f5331ffeGh4rCvBgzZt8o3,,maat,maat,stop,,0,47320,1,1,,,1788204204153,1.0.0
ses_092e87316ffexT3UtkXS02PSSE,,researcher,researcher,stop,,0,197069,1,1,,tool_error,1788204204176,1.0.0
ses_092f946d6ffeUjlSWXQUsuCoUY,,researcher,researcher,unknown,,1,,1,1,,tool_error,1788204204192,1.0.0
ses_093006b36ffei8Uqj4sMSpu0yD,,researcher,researcher,,,0,,1,1,,unknown_finish_reason,1788204204193,1.0.0
ses_09300cc59ffeTPDMp8A0EFya00,,researcher,researcher,,,0,,1,1,,tool_error,1788204204194,1.0.0
ses_0930111d2ffe4x6A0dvuU6I2SE,,researcher,researcher,,,0,,1,1,,tool_error,1788204204195,1.0.0
ses_09301b2ffffeIugAOZ9A1W15O8,,researcher,researcher,,,0,,1,1,,tool_error,1788204204196,1.0.0
ses_093047747ffeoBhh0o67rclYdO,,researcher,researcher,stop,,0,49497,1,1,,,1788204204197,1.0.0
ses_09304d27cffe7NSfUDOzdqhz7E,,researcher,researcher,,,0,,1,1,,unknown_finish_reason,1788204204199,1.0.0
ses_093050012ffewasTw8s35HUW88,,researcher,researcher,,,0,,1,1,,tool_error,1788204204200,1.0.0
ses_093053473ffeszqHu4rE4K2Afj,,researcher,researcher,,,0,,1,1,,tool_error,1788204204201,1.0.0
ses_093057949ffe8r4as617GdsQlV,,researcher,researcher,,,0,,1,1,,tool_error,1788204204202,1.0.0
ses_09305f54effeq1yGgDaRtBh0cq,,researcher,researcher,,,0,,1,1,,tool_error,1788204204203,1.0.0
ses_094629a4affewj9UgAbZrON9B3,,researcher,researcher,stop,,1,151353,1,1,,silent_failure,1788204204216,1.0.0
ses_0947ae1bbffefelwJ3zhAN3eOA,,roc_racoon,roc_racoon,stop,,7,173734,1,1,,tool_error,1788204204534,1.0.0
ses_0948170a8ffeOlGMTY8ASpViqV,,jem,jem,,,0,,1,1,,unknown_finish_reason,1788204204547,1.0.0
ses_09481efe8ffe0vYY7lZlcGzlc1,,researcher,researcher,stop,,0,151321,1,1,,,1788204204562,1.0.0
ses_094a1cca8ffeRjAiT4VgH1JGbq,,roc_racoon,roc_racoon,stop,,7,70753,1,1,,tool_error,1788204204647,1.0.0
ses_094c2ecd6ffeb6Mk3dfwzLr0ym,,researcher,researcher,stop,,0,90728,1,1,,,1788204204653,1.0.0
ses_094c31616ffeEEILmHVEwniuFi,,roc_racoon,roc_racoon,stop,,2,76715,1,1,,silent_failure,1788204204669,1.0.0
ses_094c4894effe4PoJt4P22T5s2H,,researcher,researcher,,,0,,1,1,,unknown_finish_reason,1788204204670,1.0.0
ses_094c4896cffetyNL224ohroUuW,,roc_racoon,roc_racoon,,,0,,1,1,,unknown_finish_reason,1788204204671,1.0.0
ses_094d28bceffeWRwAuMc3luLPP4,,roc_racoon,roc_racoon,stop,,1,148100,1,1,,silent_failure,1788204204683,1.0.0
ses_0953c58e5ffedpjbocGC8rtc5f,,jem,jem,stop,,3,136550,1,1,,tool_error,1788204204696,1.0.0
ses_0953c7d4effeDm4ZfJBCliaJNQ,,john_carmack,john_carmack,stop,,4,129664,1,1,,silent_failure,1788204204710,1.0.0
ses_0953cbed7ffecNUmSDZfkayk0J,,jem,jem,stop,,0,54639,1,1,,,1788204204712,1.0.0
ses_0953cd8e1ffeAhnxmsQsp70foY,,john_carmack,john_carmack,stop,,1,56019,1,1,,silent_failure,1788204204714,1.0.0
ses_0953d2c7bffeM7b9P8jw79h8ms,,jem,jem,stop,,0,50134,1,1,,,1788204204715,1.0.0
ses_0953d91a9ffeHbIkjm6IRZyTAI,,researcher,researcher,stop,,1,127488,1,1,,silent_failure,1788204204725,1.0.0
ses_09545169effetyxkcWAnVQw7UK,,explore,explore,stop,,0,73764,1,1,,,1788204204731,1.0.0
ses_09547764effef55d8wRgDc4vRr,,explore,explore,stop,,1,64075,1,1,,silent_failure,1788204204741,1.0.0
ses_09547871affesbF4yDCf5NLQzU,,explore,explore,stop,,0,47728,1,1,,,1788204204747,1.0.0
ses_0954798b4ffeh79C6rWx6gScQg,,explore,explore,stop,,0,72149,1,1,,tool_error,1788204204755,1.0.0
ses_09561af77ffeTOaWWrc5DUplR0,,researcher,researcher,,,0,,1,1,,unknown_finish_reason,1788204204765,1.0.0
ses_0962e2c76ffeo2gF3w4IXuBs6Q,,roc_racoon,roc_racoon,stop,,0,166352,1,1,,,1788204204782,1.0.0
ses_096351fb4ffehfpbA1uCeFr3iE,,roc_racoon,roc_racoon,,,0,,1,1,,unknown_finish_reason,1788204204788,1.0.0
ses_0963ce2b6ffe7a23mGmyofL63W,,roc_racoon,roc_racoon,,,1,,1,1,,silent_failure,1788204204796,1.0.0
ses_0963cfa99ffeVk0kgXKRd0ndkn,,john_carmack,john_carmack,stop,,0,81333,1,1,,,1788204204797,1.0.0
ses_096b8b2c5ffe4FTINFsSrlJaK2,,researcher,researcher,stop,,9,106751,1,1,,tool_error,1788204205002,1.0.0
ses_096be8fefffeMf2cpALl3VcQBm,,explore,explore,stop,,2,135782,1,1,,silent_failure,1788204205013,1.0.0
ses_0972db495ffeeh298Qik3w8Vgw,,roc_racoon,roc_racoon,stop,,0,67635,1,1,,tool_error,1788204205124,1.0.0
ses_0974b5255ffeCOcpUVp9dEuXno,,roc_racoon,roc_racoon,stop,,0,254099,1,1,,tool_error,1788204205149,1.0.0
ses_097a681faffeJyag71M2HQenmz,,roc_racoon,roc_racoon,stop,,0,226299,1,1,,tool_error,1788204205168,1.0.0
ses_098270056ffeNrEICh1Eu6LlZu,,researcher,researcher,stop,,0,181856,1,1,,,1788204205180,1.0.0
ses_0982ea446ffekvUh0PCaCd1VNH,,researcher,researcher,stop,,1,174208,1,1,,silent_failure,1788204205192,1.0.0
ses_0989173baffex0MG2eFjeDJyT5,,verity,verity,,,0,,1,1,,tool_error,1788204205201,1.0.0
ses_09899fba9ffeOKB8fm9loGn6il,,pillar,pillar,stop,,0,131873,1,1,,,1788204205222,1.0.0
ses_0989a07b4ffecVRqQ7FR6HE8nx,,pillar,pillar,,,0,,1,1,,unknown_finish_reason,1788204205231,1.0.0
ses_0989a14e5ffeXztgb3TrhvqLJj,,pillar,pillar,stop,,1,111037,1,1,,silent_failure,1788204205236,1.0.0
ses_0989a2747ffeX0DavBm0U2Cl9f,,pillar,pillar,stop,,0,87901,1,1,,,1788204205240,1.0.0
ses_098a0cd47ffe7mEJ1zWsRSxAPw,,pillar,pillar,stop,,1,173972,1,1,,silent_failure,1788204205251,1.0.0
ses_098a50a05ffe650pczxgoNhaD0,,pillar,pillar,stop,,2,160607,1,1,,silent_failure,1788204205261,1.0.0
ses_098aa3c63ffewaL93kUhZxZyJU,,pillar,pillar,stop,,1,132035,1,1,,silent_failure,1788204205274,1.0.0
ses_098ac34c6ffe36KCZxSDaYrhPS,,pillar,pillar,stop,,3,178538,1,1,,silent_failure,1788204205288,1.0.0
ses_098ad69fcffe19FMpMG8oWYhJ8,,pillar,pillar,,,0,,1,1,,unknown_finish_reason,1788204205289,1.0.0
ses_098af7595ffeilOFm5FJzssdmL,,lilith,lilith,stop,,4,208553,1,1,,tool_error,1788204205308,1.0.0
ses_098af8ff6ffeLMf2vMPaQOGO4w,,pillar,pillar,,,0,,1,1,,unknown_finish_reason,1788204205311,1.0.0
ses_098afe05effe09XPgia4SNSvZL,,maat,maat,stop,,0,89974,1,1,,,1788204205313,1.0.0
ses_098e6e822ffe1eNXO3PeYuDJNp,,roc_racoon,roc_racoon,stop,,1,108085,1,1,,tool_error,1788204205323,1.0.0
ses_098e9bd3cffehT1MG3HBOYR6FW,,john_carmack,john_carmack,stop,,1,128374,1,1,,tool_error,1788204205391,1.0.0
ses_098ef5336ffehiAsD8E4gZ85LN,,roc_racoon,roc_racoon,,,0,,1,1,,unknown_finish_reason,1788204205392,1.0.0
ses_098f723fcffexGB5kdV0I1kHWQ,,researcher,researcher,stop,,0,149973,1,1,,tool_error,1788204205405,1.0.0
ses_098f767cbffeg7AHA6L2bCTzoO,,jem,jem,stop,,0,107133,1,1,,,1788204205411,1.0.0
ses_098f799e2ffeReRSp5dBPvH15x,,roc_racoon,roc_racoon,stop,,4,167613,1,1,,silent_failure,1788204205426,1.0.0
ses_0994e2dccffeoMJhbXrUaavS9V,,researcher,researcher,stop,,0,295053,1,1,,,1788204205448,1.0.0
ses_0994e6ee6ffe7phfUMXZbO6jih,,roc_racoon,roc_racoon,stop,,0,185718,1,1,,,1788204205464,1.0.0
ses_099503b69ffevkX8qrGQGe3x4Z,,roc_racoon,roc_racoon,,,0,,1,1,,unknown_finish_reason,1788204205466,1.0.0
ses_09960b93effe8OpcV3yY6Uqp2B,,researcher,researcher,unknown,,0,,1,1,,unknown_finish_reason,1788204205488,1.0.0
ses_099612389ffeY92stSifCW0oAy,,researcher,researcher,stop,,0,116874,1,1,,,1788204205495,1.0.0
ses_099617c9cffexHQHRjCcVEMSaR,,roc_racoon,roc_racoon,stop,,0,109209,1,1,,,1788204205511,1.0.0
ses_0996b8c3fffeQVCWMJLSt7CDKI,,roc_racoon,roc_racoon,stop,,2,116649,1,1,,tool_error,1788204205532,1.0.0
ses_0a0af158cffeBoIZ0cl6ogsrM7,,john_carmack,john_carmack,,,0,,1,1,,tool_error,1788204205536,1.0.0
ses_0a1738628ffeJGSYiWdrdLBybt,,pillar,pillar,stop,,2,86867,1,1,,silent_failure,1788204205544,1.0.0
ses_0a177675dffeDvwaXRDuDKjUjY,,pillar,pillar,stop,,1,108183,1,1,,silent_failure,1788204205554,1.0.0
ses_0a179f29affe3VCPe1ZryyRX4S,,pillar,pillar,stop,,0,82735,1,1,,,1788204205560,1.0.0
ses_0a181931fffeEZVWqbgfDnfiAK,,pillar,pillar,stop,,0,70982,1,1,,,1788204205562,1.0.0
ses_0a193b644ffe1O9ZpQywkmnJMV,,pillar,pillar,stop,,2,129871,1,1,,silent_failure,1788204205576,1.0.0
ses_0a196728cffe3XBJgRxt8ckYK0,,pillar,pillar,stop,,0,154004,1,1,,tool_error,1788204205588,1.0.0
ses_0a19b175effegsWHFVNCXeb7AV,,pillar,pillar,stop,,5,152786,1,1,,tool_error,1788204205597,1.0.0
ses_0a19ec04fffeX5m64Nbg6drpKe,,pillar,pillar,stop,,2,150882,1,1,,tool_error,1788204205609,1.0.0
ses_0a1a46b5effe7N6xNZBd8yZWJM,,pillar,pillar,stop,,3,141148,1,1,,silent_failure,1788204205624,1.0.0
ses_0a1a4e90effeUSPu1E52BkQ596,,lilith,lilith,stop,,0,91719,1,1,,,1788204205628,1.0.0
ses_0a1ac2550ffeZ3ga1cp85HqYC2,,verity,verity,stop,,3,96995,1,1,,silent_failure,1788204205638,1.0.0
ses_0a1b19aa8ffeXTh8X8V6dgjg4v,,pillar,pillar,stop,,1,113808,1,1,,tool_error,1788204205652,1.0.0
ses_0a1b1c57bffenqlj7KwiOHFF6R,,pillar,pillar,stop,,0,68276,1,1,,,1788204205654,1.0.0
ses_0a1b1d77dffe1i9njbRBodxGfN,,pillar,pillar,stop,,2,104093,1,1,,silent_failure,1788204205676,1.0.0
ses_0a1b1f0e8ffeyQFEj0mGSkf1UG,,pillar,pillar,stop,,0,67681,1,1,,,1788204205677,1.0.0
ses_0a1b1fe9affeS1OBrSCMjc8nme,,pillar,pillar,stop,,2,107938,1,1,,silent_failure,1788204205685,1.0.0
ses_0a1b20b0bffeUiGY022avkSe4C,,pillar,pillar,stop,,1,114220,1,1,,tool_error,1788204205692,1.0.0
ses_0a1b2249effeIzCRVuy1xGEPel,,pillar,pillar,stop,,0,66410,1,1,,,1788204205694,1.0.0
ses_0a1b28911ffe3QMId5RVjYUsk4,,maat,maat,stop,,0,80074,1,1,,,1788204205697,1.0.0
ses_0a1b922aaffeBAIDgORCt6daNX,,researcher,researcher,stop,,0,154077,1,1,,,1788204205707,1.0.0
ses_0a1f318c8ffeOWDfAITR4jNdLN,,jem,jem,stop,,1,152518,1,1,,tool_error,1788204205720,1.0.0
ses_0a213e769ffeXhnkyENf3WcrCa,,john_carmack,john_carmack,stop,,0,82997,1,1,,,1788204205723,1.0.0
ses_0a220ebf9ffeMHd59J0vDUAJQg,,lilith,lilith,stop,,0,65421,1,1,,,1788204205725,1.0.0
ses_0a22284a4ffe4PJaa6m3fzqRYk,,maat,maat,stop,,0,90206,1,1,,,1788204205728,1.0.0
ses_0a227c497ffe6hLRNCOlkUP7EG,,roc_racoon,roc_racoon,stop,,0,88142,1,1,,,1788204205734,1.0.0
ses_0a227f98effehqDfS5sCwmFtjv,,john_carmack,john_carmack,,,1,,1,1,,tool_error,1788204205765,1.0.0
ses_0a22fa04affeQ4RA6Bx62sBsH8,,researcher,researcher,stop,,0,217969,1,1,,tool_error,1788204205780,1.0.0
ses_0a231437affe2D3k7BZ7WWdLaP,,researcher,researcher,stop,,0,66091,1,1,,,1788204205781,1.0.0
ses_0a27f2a65ffe4WV8ntef5QegTM,,roc_racoon,roc_racoon,stop,,11,164972,1,1,,tool_error,1788204205827,1.0.0
ses_0a32b8dc1ffe7ZbBirnkHk9GMg,,doom_guy,doom_guy,stop,,0,67669,1,1,,,1788204205830,1.0.0
ses_0a32db2d4ffeBrkKbaQB16g0hL,,john_carmack,john_carmack,stop,,0,67805,1,1,,,1788204205832,1.0.0
ses_0a398cd99ffeEppfg4mH5o5NVJ,,maat,maat,,,3,,1,1,,silent_failure,1788204205839,1.0.0
ses_0a3a8cf6fffe1P699W6zeEVev7,,lilith,lilith,stop,,0,130917,1,1,,,1788204205855,1.0.0
ses_0a3a91168ffeGfDDtMFlg7lVW2,,maat,maat,,,1,,1,1,,silent_failure,1788204205857,1.0.0
ses_0a3be3fc1ffeVpevh7H2kUvVVu,,jem,jem,stop,,0,90053,1,1,,tool_error,1788204205862,1.0.0
ses_0a3be6100ffeIe79BZHCC4KhpT,,roc_racoon,roc_racoon,stop,,0,70164,1,1,,,1788204205864,1.0.0
ses_0a3f1c191ffeVhOXIPvzPllH7s,,researcher,researcher,stop,,0,126863,1,1,,tool_error,1788204205886,1.0.0
ses_0a40e51d6ffeAgtTq569VwzDnP,,lilith,lilith,stop,,1,111023,1,1,,silent_failure,1788204205899,1.0.0
ses_0a40e5f6affewOKb4ys5aYeVSW,,maat,maat,,,5,,1,1,,tool_error,1788204205909,1.0.0
ses_0a4165e87ffe56vPgr3Y6DV9we,,lilith,lilith,,,3,,1,1,,silent_failure,1788204205923,1.0.0
ses_0a4167970ffe6mI73tfDPFls56,,maat,maat,,,6,,1,1,,tool_error,1788204205940,1.0.0
ses_0a4336411ffeHxCZhe956hB3AE,,roc_racoon,roc_racoon,stop,,0,80248,1,1,,tool_error,1788204205945,1.0.0
ses_0a433781effe5Rxj7GoelvAgbd,,researcher,researcher,stop,,1,63562,1,1,,silent_failure,1788204205948,1.0.0
ses_0a4340753ffeb5ZPS6Bqh3dB02,,roc_racoon,roc_racoon,stop,,0,89661,1,1,,,1788204205953,1.0.0
ses_0a4341b54ffeBNNnq9Q01fdiXd,,jem,jem,stop,,0,60637,1,1,,,1788204205955,1.0.0
ses_0a43438f0ffeyaOGhDdOBqfrM3,,researcher,researcher,stop,,0,60339,1,1,,,1788204205957,1.0.0
ses_0a4480afbffesjBZr7E8jFD6te,,jem,jem,stop,,0,95303,1,1,,,1788204205963,1.0.0
ses_0a44ad9beffe05k5bMUIv0mP9O,,jem,jem,stop,,0,63747,1,1,,,1788204205965,1.0.0
ses_0a44ff05dffeietW8hryz6zMOU,,jem,jem,stop,,0,61899,1,1,,,1788204205967,1.0.0
ses_0a499f0f1ffeKlo6DMJtyMBs6q,,john_carmack,john_carmack,stop,,0,90071,1,1,,,1788204205973,1.0.0
ses_0a49e2d2dffeQ0l0X4VOSi5nt2,,roc_racoon,roc_racoon,stop,,0,79057,1,1,,,1788204205978,1.0.0
ses_0a4a1c9beffezsaPyIZrE7UWVA,,roc_racoon,roc_racoon,,,0,,1,1,,tool_error,1788204205987,1.0.0
ses_0a4a64ba1ffent7yBSuCtB6paO,,john_carmack,john_carmack,stop,,0,65864,1,1,,,1788204205989,1.0.0
ses_0a4ad9c71ffebYWyNm6uPJeU5L,,researcher,researcher,stop,,2,226931,1,1,,silent_failure,1788204206006,1.0.0
ses_0a4b59fb8ffegr4ViuC1pY6u7g,,roc_racoon,roc_racoon,stop,,1,195092,1,1,,tool_error,1788204206026,1.0.0
ses_0a4b5c490ffekP3VOkJR4vu9Da,,researcher,researcher,,,0,,1,1,,tool_error,1788204206033,1.0.0
ses_0a4c43ee5ffeGYa0YyiK0EpS2H,,roc_racoon,roc_racoon,stop,,5,282185,1,1,,tool_error,1788204206053,1.0.0
ses_0a4cf9caaffeHLzINK7OIlWJHb,,researcher,researcher,stop,,4,106978,1,1,,tool_error,1788204206098,1.0.0
ses_0a4d00f1fffezTJaFs65U00mk1,,jem,jem,stop,,1,113276,1,1,,tool_error,1788204206106,1.0.0
ses_0a4d07559ffep8R0glSBplVbPr,,researcher,researcher,stop,,0,102270,1,1,,tool_error,1788204206121,1.0.0
ses_0a4fa8a4cffeKgtd5uSB0fSjqS,,maat,maat,stop,,1,132437,1,1,,tool_error,1788204206137,1.0.0
ses_0a684d882ffewR7mAo9AAmBWn1,,researcher,researcher,stop,,0,90803,1,1,,,1788204206152,1.0.0
ses_0a6a263a9ffe00pBxIAOzFb6A7,,jem,jem,stop,,0,173936,1,1,,,1788204206164,1.0.0
ses_0a6a28a02ffeC5dQpjzLhhKs16,,researcher,researcher,stop,,1,216556,1,1,,silent_failure,1788204206177,1.0.0
ses_0a6b563bfffeyF7PmZxXxCRyFX,,john_carmack,john_carmack,stop,,1,92067,1,1,,silent_failure,1788204206181,1.0.0
ses_0a6c99445ffeppcOiztQpvu9jZ,,jem,jem,stop,,1,113676,1,1,,tool_error,1788204206198,1.0.0
ses_0a6ca59d7ffebCyvmSgmN3JDXS,,researcher,researcher,stop,,0,112736,1,1,,tool_error,1788204206205,1.0.0
ses_0a6e063bfffe3l8SjXCbgftJMh,,jem,jem,stop,,0,139472,1,1,,tool_error,1788204206215,1.0.0
ses_0a6e969aeffe5qyvH4dVj39WF8,,researcher,researcher,stop,,0,123199,1,1,,,1788204206223,1.0.0
ses_0a707855cffef5kgbPAJcmd4I4,,roc_racoon,roc_racoon,stop,,5,151078,1,1,,silent_failure,1788204206235,1.0.0
ses_0a707aeb4ffeJO4yx3Xxi1eZz4,,researcher,researcher,stop,,0,93757,1,1,,,1788204206251,1.0.0
ses_0a72c90acffeSfCYTwRdplqVW1,,maat,maat,stop,,2,90979,1,1,,tool_error,1788204206261,1.0.0
ses_0a756d2b4ffepvCkbzzK5SxY3b,,maat,maat,,,5,,1,1,,silent_failure,1788204206280,1.0.0
ses_0a85af73fffeP3R7FKjBfldAY1,,lilith,lilith,stop,,0,122025,1,1,,,1788204206305,1.0.0
ses_0a85b1791ffeMgnlzMYXk9GcYx,,roc_racoon,roc_racoon,stop,,1,85247,1,1,,silent_failure,1788204206309,1.0.0
ses_0a8cae665ffeiLIM5C5DcVZb8l,,maat,maat,stop,,6,131854,1,1,,tool_error,1788204206335,1.0.0
ses_0a8e36af3ffeCdQDz4AMmJty2K,,verity,verity,stop,,2,140031,1,1,,silent_failure,1788204206346,1.0.0
ses_0a8f3e193ffed8TWZ60Cu4qRRH,,jem,jem,stop,,0,82112,1,1,,tool_error,1788204206360,1.0.0
ses_0a8f8dd18ffeONo9nPc7jV0V7p,,jem,jem,stop,,3,110115,1,1,,silent_failure,1788204206365,1.0.0
ses_0a8fc19e4ffetgbgONCFNJ5Vxt,,jem,jem,,,0,,1,1,,unknown_finish_reason,1788204206365,1.0.0
ses_0a8fd10c2ffeA4dwqg0KJFc5MR,,jem,jem,,,0,,1,1,,unknown_finish_reason,1788204206367,1.0.0
ses_0a9033b59ffeuGTf9hXHHmSXwo,,pillar,pillar,stop,,0,64527,1,1,,,1788204206369,1.0.0
ses_0a90aad3affeJAVsLeIur4Wluz,,pillar,pillar,stop,,0,95614,1,1,,tool_error,1788204206375,1.0.0
ses_0a90d5abdffem6mnE2h0F2GjFj,,pillar,pillar,stop,,1,101087,1,1,,silent_failure,1788204206382,1.0.0
ses_0a90ea81cffeboXDyDGrXZe0mV,,pillar,pillar,stop,,0,97783,1,1,,,1788204206387,1.0.0
ses_0a91033f1ffe3oS5XPX68axrej,,pillar,pillar,stop,,2,102178,1,1,,silent_failure,1788204206393,1.0.0
ses_0a910a819ffeTh7E1oX48H8XBy,,pillar,pillar,stop,,0,76926,1,1,,tool_error,1788204206397,1.0.0
ses_0a9122d70ffeabpRWdLZi6mxar,,pillar,pillar,stop,,1,111231,1,1,,silent_failure,1788204206403,1.0.0
ses_0a9132a2bffedzhcqwN7Yt7UkA,,pillar,pillar,stop,,1,119490,1,1,,tool_error,1788204206410,1.0.0
ses_0a91464c7ffevBWhEjN038pB5h,,pillar,pillar,stop,,2,130659,1,1,,silent_failure,1788204206418,1.0.0
ses_0a917172affewTI5pmtBcxRV5p,,pillar,pillar,stop,,2,100991,1,1,,silent_failure,1788204206424,1.0.0
ses_0a91856b1ffeyMEGnCRN0UjE7N,,pillar,pillar,stop,,2,139017,1,1,,silent_failure,1788204206433,1.0.0
ses_0a918e6b8ffesYjibc1DKSBJBB,,lilith,lilith,stop,,0,90192,1,1,,,1788204206441,1.0.0
ses_0a918e860ffeQRT11Xa5Rk2Bev,,pillar,pillar,stop,,0,62712,1,1,,,1788204206443,1.0.0
ses_0a9197249ffe8ml4F05HYQ8uQ6,,maat,maat,stop,,0,75169,1,1,,,1788204206447,1.0.0
ses_0a9255914ffe2qYql0DTObRgYM,,lilith,lilith,,,8,,1,1,,tool_error,1788204206464,1.0.0
ses_0a925c148ffeHzJI3Kcf0H1Uxi,,maat,maat,,,0,,1,1,,unknown_finish_reason,1788204206465,1.0.0
ses_0a93482c5ffeMO0grW2ZYkUNH4,,verity,verity,stop,,0,106598,1,1,,,1788204206473,1.0.0
ses_0a960e9efffe0RH7LV4DUQtlN4,,researcher,researcher,stop,,2,153029,1,1,,silent_failure,1788204206482,1.0.0
ses_0a973e134ffe6m1PNSrpRLDB5j,,jem,jem,stop,,2,150443,1,1,,tool_error,1788204206495,1.0.0
ses_0a9760bf1ffeT84I6ARsbY5V6B,,roc_racoon,roc_racoon,,,17,,1,1,,tool_error,1788204206693,1.0.0
ses_0a98c5486ffeCDl9jwwIC8W5qN,,researcher,researcher,stop,,1,174382,1,1,,silent_failure,1788204206711,1.0.0
ses_0a98d12e7ffeajFb63w11j5LMK,,researcher,researcher,stop,,0,65137,1,1,,,1788204206712,1.0.0
ses_0aabc68feffe70z55WJ2r3V4Us,,researcher,researcher,stop,,9,176451,1,1,,silent_failure,1788204206732,1.0.0
ses_0ab3b2ef9ffeisKND3kXrqMb9j,,researcher,researcher,stop,,2,138252,1,1,,tool_error,1788204206746,1.0.0
ses_0ab3ba231ffec1tltpFNy1Fhxj,,researcher,researcher,stop,,0,95932,1,1,,,1788204206757,1.0.0
ses_0ab6fa99bffeP4BFBjIfQCTMMl,,maat,maat,stop,,0,84184,1,1,,,1788204206764,1.0.0
ses_0ab70e2d3ffeYLlgJFONbQRySm,,maat,maat,stop,,1,78094,1,1,,silent_failure,1788204206768,1.0.0
ses_0ab7cb8beffeUjzTmYoEaveTGm,,jem,jem,stop,,0,61213,1,1,,,1788204206770,1.0.0
ses_0ab7f74fbffeO0qZki75mEdGa6,,jem,jem,unknown,,1,,1,1,,silent_failure,1788204206776,1.0.0
ses_0aba19859ffeuLYjDx2EoeCn0t,,lilith,lilith,stop,,0,82566,1,1,,,1788204206782,1.0.0
ses_0aba1bfe2ffeXsw9iniAjqQeWV,,maat,maat,,,0,,1,1,,unknown_finish_reason,1788204206792,1.0.0
ses_0aba1dfdfffeFPf7wTo8nrQRDP,,lilith,lilith,stop,,0,58484,1,1,,,1788204206794,1.0.0
ses_0aba2013dffehnZifo9i3lAcPW,,maat,maat,,,0,,1,1,,unknown_finish_reason,1788204206795,1.0.0
ses_0abad31ccffeafCxtROnCFRX13,,maat,maat,stop,,0,111951,1,1,,,1788204206801,1.0.0
ses_0abbc221effe9EAG72gEUr80cp,,lilith,lilith,stop,,0,92488,1,1,,,1788204206808,1.0.0
ses_0abbc4778ffepIKLxYvf6ioWzQ,,maat,maat,,,0,,1,1,,unknown_finish_reason,1788204206817,1.0.0
ses_0abc2ad34ffecImzDYw54qPFRr,,roc_racoon,roc_racoon,stop,,0,124040,1,1,,,1788204206828,1.0.0
ses_0abd2930dffeAuhgLJlRKOT6tS,,lilith,lilith,stop,,1,98243,1,1,,silent_failure,1788204206836,1.0.0
ses_0abd2adb8ffe9UgCD51jNOmBM7,,maat,maat,stop,,0,98492,1,1,,,1788204206846,1.0.0
ses_0abda3382ffePF0ujQG48vaBE7,,researcher,researcher,stop,,0,167325,1,1,,tool_error,1788204206856,1.0.0
ses_0abda72b6ffeyERcbxsKrx2RC2,,researcher,researcher,stop,,0,71000,1,1,,,1788204206858,1.0.0
ses_0acafab11ffeMY0KVESpjPm5lM,,explore,explore,stop,,0,87740,1,1,,,1788204206863,1.0.0
ses_0acb138afffeTG3yJnMcXqqfCL,,lilith,lilith,stop,,0,84450,1,1,,tool_error,1788204206867,1.0.0
ses_0acbc175cffe01fLMRUvcypPHg,,roc_racoon,roc_racoon,stop,,0,86484,1,1,,,1788204206873,1.0.0
ses_0acbc7856ffeRLkrswfl0Uuhuk,,jem,jem,stop,,12,195166,1,1,,tool_error,1788204206965,1.0.0
ses_0acee1e8affeqawf2QHi9WAYa3,,maat,maat,stop,,1,73838,1,1,,silent_failure,1788204206971,1.0.0
ses_0acee7b14ffeNteLAOW1In7o4y,,maat,maat,stop,,0,58811,1,1,,,1788204206972,1.0.0
ses_0acf123bdffeECawVa1i2BtCBr,,verity,verity,stop,,0,63483,1,1,,,1788204206975,1.0.0
ses_0ad0ec549ffei64tPCmxp51aa4,,john_carmack,john_carmack,stop,,0,62886,1,1,,,1788204206977,1.0.0
ses_0adbb75a2ffeDGcnHzc1tUsf0b,,pillar,pillar,stop,,0,136115,1,1,,tool_error,1788204206997,1.0.0
ses_0adbb917effe1CBCuDde3HLs2c,,pillar,pillar,stop,,2,137629,1,1,,tool_error,1788204207010,1.0.0
ses_0adbbd654ffet5oENW5kP6S79D,,pillar,pillar,,,0,,1,1,,unknown_finish_reason,1788204207014,1.0.0
ses_0adbc9d9dffe3OHbkm51e7pTE5,,roc_racoon,roc_racoon,stop,,2,158452,1,1,,silent_failure,1788204207028,1.0.0
ses_0adc4f991ffedBPN9Y03eHZEKh,,researcher,researcher,stop,,1,187989,1,1,,silent_failure,1788204207038,1.0.0
ses_0adcc3186ffeD27EfgDjv8Mqx0,,researcher,researcher,stop,,1,149631,1,1,,silent_failure,1788204207049,1.0.0
ses_0adcc3f1bffe725aIXbe7GXOii,,jem,jem,stop,,0,188692,1,1,,,1788204207061,1.0.0
ses_0ae295614ffeKIUCiap01ZTG5q,,researcher,researcher,stop,,1,135150,1,1,,silent_failure,1788204207070,1.0.0
ses_0ae2964e1ffeHHYLL6MtXu9eho,,jem,jem,stop,,0,86252,1,1,,tool_error,1788204207072,1.0.0
ses_0ae33693effejSUFGuZetjEciB,,pillar,pillar,stop,,0,82362,1,1,,,1788204207076,1.0.0
ses_0ae366a0affepI2JjPgg1zmCHu,,pillar,pillar,stop,,0,105316,1,1,,,1788204207084,1.0.0
ses_0ae38ea15ffezzLh7j3jCcZxcc,,pillar,pillar,stop,,3,118887,1,1,,silent_failure,1788204207092,1.0.0
ses_0ae3acd42ffeZ13Ai8qUjhLBxa,,pillar,pillar,stop,,0,73043,1,1,,,1788204207096,1.0.0
ses_0ae3cd471ffeaCkXDN0HAv89c4,,pillar,pillar,stop,,2,103833,1,1,,silent_failure,1788204207103,1.0.0
ses_0ae3d41a3ffeprollbi4YgVMVG,,lilith,lilith,stop,,0,132874,1,1,,tool_error,1788204207113,1.0.0
ses_0ae40ada3ffe7GsIaOvAbCfqZ3,,pillar,pillar,stop,,4,151332,1,1,,silent_failure,1788204207124,1.0.0
ses_0ae441669ffe2fUQYQd5GZBXqR,,pillar,pillar,stop,,1,111231,1,1,,silent_failure,1788204207132,1.0.0
ses_0ae464991ffe3AR6oigsvp9MXK,,pillar,pillar,stop,,2,136185,1,1,,tool_error,1788204207143,1.0.0
ses_0ae49b985ffecGGA1Xn3c91EOa,,pillar,pillar,stop,,1,106995,1,1,,tool_error,1788204207151,1.0.0
ses_0ae4a67eeffeOSKPQkFlR7ZpTE,,maat,maat,stop,,0,76767,1,1,,,1788204207155,1.0.0
ses_0ae54dd46ffeFD42BaK2nOIRwB,,researcher,researcher,stop,,1,152764,1,1,,tool_error,1788204207164,1.0.0
ses_0ae6017dbffeZvbkhV4xBdn3ER,,researcher,researcher,stop,,1,161056,1,1,,silent_failure,1788204207174,1.0.0
ses_0ae608ca5ffeZbxMR9SxWiYjjp,,verity,verity,,,0,,1,1,,unknown_finish_reason,1788204207182,1.0.0
ses_0ae6774d5ffeZA8NGgjR0SgqoO,,lilith,lilith,stop,,1,95728,1,1,,silent_failure,1788204207187,1.0.0
ses_0ae67999dffehNcQnNZSKWl7FM,,researcher,researcher,stop,,1,65827,1,1,,silent_failure,1788204207189,1.0.0
ses_0ae78739bffe6W7Yo1wbDjtSlN,,john_carmack,john_carmack,stop,,2,153795,1,1,,silent_failure,1788204207207,1.0.0
ses_0ae86c980ffelylHZ8wb50wRfF,,verity,verity,stop,,0,75972,1,1,,,1788204207213,1.0.0
ses_0aea42488ffeC9pkqlPAFUKNk8,,jem,jem,stop,,2,108335,1,1,,tool_error,1788204207233,1.0.0
ses_0aea436edffeU3jhda1mopv7I8,,roc_racoon,roc_racoon,stop,,6,107327,1,1,,silent_failure,1788204207256,1.0.0
ses_0aeb93fceffeZGav58hOGP02x4,,doom_guy,doom_guy,stop,,0,100153,1,1,,,1788204207270,1.0.0
ses_0b102359fffe5glvSYMxUZ1R89,,explore,explore,stop,,0,80432,1,1,,,1788204207278,1.0.0
ses_0b1024a6bffeM5CygmM28GH5Af,,researcher,researcher,stop,,2,91194,1,1,,tool_error,1788204207283,1.0.0
ses_0b117d00affeZBb7Ptdnt9LrKe,,roc_racoon,roc_racoon,stop,,0,195196,1,1,,,1788204207299,1.0.0
ses_0b12f1e6affejDc2hDxusscw46,,doom_guy,doom_guy,length,,1,162280,1,1,,silent_failure,1788204207311,1.0.0
ses_0b13a591dffeQaxIlYYyl0JIiq,,roc_racoon,roc_racoon,stop,,0,115967,1,1,,tool_error,1788204207319,1.0.0
ses_0b1548772ffex3pZeFn5yGbSRH,,explore,explore,stop,,3,133970,1,1,,silent_failure,1788204207330,1.0.0
ses_0b15e698affeMMy1tZos2iBjbm,,doom_guy,doom_guy,stop,,5,36170,1,1,,tool_error,1788204207416,1.0.0
ses_0b15eefc5ffe8Y8pybWccwrukS,,roc_racoon,roc_racoon,stop,,4,64682,1,1,,tool_error,1788204207540,1.0.0
ses_0b16589abffe8WUZ2JMMrSaGRp,,doom_guy,doom_guy,unknown,,5,179400,1,1,,tool_error,1788204207559,1.0.0
ses_0b19655d3ffenh2VeeyPz1zYbY,,verity,verity,stop,,1,99817,1,1,,silent_failure,1788204207568,1.0.0
ses_0b1a648f4ffeYZWVNoGA4TbIXE,,maat,maat,stop,,0,113894,1,1,,tool_error,1788204207587,1.0.0
ses_0b1a65d60ffeFtX8RLm5wVmoTx,,doom_guy,doom_guy,stop,,0,127484,1,1,,tool_error,1788204207600,1.0.0
ses_0b1a66eefffeLPf06MuHkM7mxS,,kali,kali,stop,,0,143058,1,1,,tool_error,1788204207617,1.0.0
ses_0b1af8bb7ffesesKJ0hryW23MC,,verity,verity,stop,,1,175940,1,1,,silent_failure,1788204207632,1.0.0
ses_0b1c0371bffeLnbiX8K7mpqdMh,,roc_racoon,roc_racoon,stop,,0,93458,1,1,,tool_error,1788204207656,1.0.0
ses_0b1c058c5ffej7c4hyKU5f79Lj,,maat,maat,stop,,0,167620,1,1,,tool_error,1788204207673,1.0.0
ses_0b1c06e68ffedxod9DHh5kHrGr,,doom_guy,doom_guy,stop,,0,108932,1,1,,tool_error,1788204207683,1.0.0
ses_0b1d9fc77ffejWkXkfTArb0Qma,,pillar,pillar,stop,,0,50180,1,1,,,1788204207686,1.0.0
ses_0b1dc5540ffe0JqIM7nUa8etF7,,pillar,pillar,stop,,0,68443,1,1,,tool_error,1788204207689,1.0.0
ses_0b1ddaa10ffeT5NsxHPemOYXWd,,pillar,pillar,stop,,0,49883,1,1,,,1788204207691,1.0.0
ses_0b1def2dcffeTyCK45ET4zNU7t,,pillar,pillar,stop,,0,47095,1,1,,,1788204207693,1.0.0
ses_0b1e1f7acffenD5h2lxPe66BO9,,general,general,stop,,0,47070,1,1,,tool_error,1788204207694,1.0.0
ses_0b1e5d341ffezLaL5t7fC54KIz,,pillar,pillar,stop,,0,88137,1,1,,,1788204207702,1.0.0
ses_0b1e5e53effet8Xdmy5wKvOANs,,pillar,pillar,stop,,0,48053,1,1,,,1788204207706,1.0.0
ses_0b1e76c08ffeYhtiB9k4YpRB8n,,pillar,pillar,stop,,0,52175,1,1,,,1788204207708,1.0.0
ses_0b1e81669ffeMt5Ap50cA4F1SB,,pillar,pillar,stop,,0,49841,1,1,,,1788204207712,1.0.0
ses_0b1e96ebbffeW4Fwpisum1pUak,,pillar,pillar,stop,,0,49827,1,1,,,1788204207715,1.0.0
ses_0b1e99061ffeO5CfBCBClXqkjq,,pillar,pillar,stop,,1,60803,1,1,,silent_failure,1788204207718,1.0.0
ses_0b1eafb02ffeOZ0X70a4eE1m3y,,pillar,pillar,stop,,0,47878,1,1,,,1788204207720,1.0.0
ses_0b1eb51a8ffes0ofvYGOM27fTL,,pillar,pillar,stop,,1,65673,1,1,,silent_failure,1788204207723,1.0.0
ses_0b1ebdb16ffedipEGzeOYOWAgA,,lilith,lilith,stop,,0,58725,1,1,,,1788204207726,1.0.0
ses_0b1ebfe48ffeLVL6pfwrl2avh8,,maat,maat,stop,,0,59575,1,1,,,1788204207729,1.0.0
ses_0b1ee3eb2ffeaj3HaLYb4ALINN,,roc_racoon,roc_racoon,stop,,0,59907,1,1,,,1788204207736,1.0.0
ses_0b1fe18afffe11r0KR1SshI5P5,,jem,jem,stop,,1,159176,1,1,,tool_error,1788204207757,1.0.0
ses_0b1fe5710ffeRo8Za03tnqcPyr,,maat,maat,stop,,0,139681,1,1,,tool_error,1788204207771,1.0.0
ses_0b1fe7ab2ffeWecEg3LNRthWCQ,,roc_racoon,roc_racoon,,,0,,1,1,,unknown_finish_reason,1788204207793,1.0.0
ses_0b1fe9f17ffeN4b02uLVFaG1lJ,,verity,verity,stop,,0,153222,1,1,,tool_error,1788204207808,1.0.0
ses_0b1feede1ffetSSu2slbimCWQH,,researcher,researcher,,,0,,1,1,,unknown_finish_reason,1788204207820,1.0.0
ses_0b201ebceffeTrcKTpWCqSnOfT,,jem,jem,,,0,,1,1,,unknown_finish_reason,1788204207829,1.0.0
ses_0b20217e3ffepdeZTrzOom5cdu,,maat,maat,,,0,,1,1,,unknown_finish_reason,1788204207835,1.0.0
ses_0b20234b1ffee1r78hcYcQyVxj,,roc_racoon,roc_racoon,,,0,,1,1,,unknown_finish_reason,1788204207838,1.0.0
ses_0b202516affe30tbOSEJ7EAitY,,verity,verity,,,0,,1,1,,unknown_finish_reason,1788204207845,1.0.0
ses_0b20279e4ffeoK1dZpWjvEIC0L,,researcher,researcher,,,0,,1,1,,unknown_finish_reason,1788204207853,1.0.0
ses_0b21761f6ffev01GPKlrMEV9EU,,maat,maat,stop,,2,132187,1,1,,silent_failure,1788204207865,1.0.0
ses_0b2179e4affef0wxGc7XbQPzGK,,roc_racoon,roc_racoon,stop,,0,111204,1,1,,tool_error,1788204207875,1.0.0
ses_0b217cea1ffe2MaW3UI7cgG4Jb,,verity,verity,stop,,0,116537,1,1,,tool_error,1788204207888,1.0.0
ses_0b21812e2ffeYQoGsEwGSrKgbW,,researcher,researcher,stop,,3,102376,1,1,,silent_failure,1788204207897,1.0.0
ses_0b2339b54ffe3ufNYSL97q5E4E,,jem,jem,stop,,1,163994,1,1,,tool_error,1788204207924,1.0.0
ses_0b268cd21ffez40ZdrtLS1puIJ,,verity,verity,stop,,0,98042,1,1,,,1788204207935,1.0.0
ses_0b2691044ffe2QJowPatJp7sNy,,john_carmack,john_carmack,stop,,1,68780,1,1,,silent_failure,1788204207938,1.0.0
ses_0b27072c4ffe9VEKcVD04GMOjx,,researcher,researcher,stop,,0,176215,1,1,,tool_error,1788204207951,1.0.0
ses_0b276f65affeBj1vftd02mh2og,,verity,verity,stop,,0,80389,1,1,,,1788204207959,1.0.0
ses_0b277311cffeIR3kLlJJPnud24,,roc_racoon,roc_racoon,stop,,0,120128,1,1,,tool_error,1788204207969,1.0.0
ses_0b27760c9ffe1YlXSgD0pNXPwL,,researcher,researcher,,,0,,1,1,,unknown_finish_reason,1788204207986,1.0.0
ses_0b2e1c79dffevKMnhQc9PEE1C6,,lilith,lilith,stop,,0,119617,1,1,,tool_error,1788204207995,1.0.0
ses_0b2eb5fdbffepnHwdS17R2nSAr,,verity,verity,stop,,0,86741,1,1,,tool_error,1788204208007,1.0.0
ses_0b2eb9862ffeZg1l1jVNNbA81A,,kali,kali,stop,,0,108811,1,1,,,1788204208017,1.0.0
ses_0b2ebbbfbffe3CDgAolEnAuf7h,,lilith,lilith,stop,,0,140076,1,1,,tool_error,1788204208034,1.0.0
ses_0b2ec14d7ffeVXIxEqFAaJ97mB,,maat,maat,stop,,0,95552,1,1,,,1788204208041,1.0.0
ses_0b2f13e7affekc5781qNiodImu,,kali,kali,,,1,,1,1,,tool_error,1788204208052,1.0.0
ses_0b2f1566bffeTT4m2PlGgoofzf,,explore,explore,length,,1,108308,1,1,,silent_failure,1788204208064,1.0.0
ses_0b2f184c3ffex3aVY2ngXoVIll,,verity,verity,,,0,,1,1,,unknown_finish_reason,1788204208068,1.0.0
ses_0b2f1a781ffego9Uz08leYb83i,,kali,kali,,,0,,1,1,,tool_error,1788204208069,1.0.0
ses_0b2f1c0fcffeTU4ntfrvQBaIm5,,lilith,lilith,,,1,,1,1,,silent_failure,1788204208075,1.0.0
ses_0b2f1f7caffeCR60JV4GDp2Jnl,,maat,maat,,,1,,1,1,,silent_failure,1788204208082,1.0.0
ses_0b3d7d6c6ffe2aGYVoxHAWDx4L,,jem,jem,stop,,3,145173,1,1,,tool_error,1788204208096,1.0.0
ses_0b3d8192effej5uTwaMcYxesWl,,roc_racoon,roc_racoon,stop,,0,63741,1,1,,tool_error,1788204208112,1.0.0
ses_0b40cc20bffeA3wUcL8QhARLb3,,researcher,researcher,stop,,2,183887,1,1,,silent_failure,1788204208123,1.0.0
ses_0b416fec6ffe8C7718PnmcCdG5,,roc_racoon,roc_racoon,stop,,0,113645,1,1,,,1788204208132,1.0.0
ses_0b41739fcffeDbK8EkVdU0ZSU7,,jem,jem,stop,,0,74023,1,1,,tool_error,1788204208139,1.0.0
ses_0b41771f6ffeV8j88I7FIm3ImN,,researcher,researcher,stop,,1,78203,1,1,,tool_error,1788204208143,1.0.0
ses_0b421efddffeQQUNkl8Fk7oGqV,,roc_racoon,roc_racoon,,,0,,1,1,,unknown_finish_reason,1788204208166,1.0.0
ses_0b422997fffeQCNPlyn70bUE6h,,jem,jem,,,3,,1,1,,tool_error,1788204208190,1.0.0
ses_0b422f7e7ffetXrg9xyYzRXEkP,,researcher,researcher,,,4,,1,1,,silent_failure,1788204208206,1.0.0
ses_0b4357af3ffexxGW8vSdLfTih9,,jem,jem,stop,,0,66867,1,1,,,1788204208224,1.0.0
ses_0b435cb16ffey8MY8gYc9SmM25,,verity,verity,stop,,0,85795,1,1,,tool_error,1788204208235,1.0.0
ses_0b44aafa2ffetzLQ4dYCPXIS9R,,researcher,researcher,stop,,0,156561,1,1,,,1788204208246,1.0.0
ses_0b44adca2ffev9HnOvm0kbu3fk,,roc_racoon,roc_racoon,stop,,5,134703,1,1,,silent_failure,1788204208257,1.0.0
ses_0b49ad590ffewC0JSpGt01Ipa8,,verity,verity,stop,,0,123272,1,1,,,1788204208273,1.0.0
ses_0b49af77fffe53sRvWlETD0Vj8,,lilith,lilith,stop,,0,112128,1,1,,tool_error,1788204208283,1.0.0
ses_0b49b1de4ffeK4NZFa2lbk7srw,,maat,maat,stop,,0,104156,1,1,,tool_error,1788204208287,1.0.0
ses_0b5353c97ffegejKnmWG8v1gM2,,lilith,lilith,stop,,0,145977,1,1,,,1788204208312,1.0.0
ses_0b535ed6cffeFkv70Ba1W7gwlM,,verity,verity,,,0,,1,1,,unknown_finish_reason,1788204208321,1.0.0
ses_0b5361e3effegnBLfSUGDT5n0j,,lilith,lilith,,,0,,1,1,,unknown_finish_reason,1788204208327,1.0.0
ses_0b5364ca2ffeabrsQgKe1muMLb,,maat,maat,,,0,,1,1,,unknown_finish_reason,1788204208334,1.0.0
ses_0b53dd1c3fferqErq31CNIwa75,,pillar,pillar,stop,,1,128939,1,1,,silent_failure,1788204208349,1.0.0
ses_0b53de5c9ffengOIe9MKNZUPZ3,,pillar,pillar,stop,,0,81836,1,1,,tool_error,1788204208356,1.0.0
ses_0b53e0009ffeTPfnkV0MALwhGu,,pillar,pillar,stop,,0,101205,1,1,,tool_error,1788204208365,1.0.0
ses_0b53e15c0ffeSZB61lnRvEMfOd,,pillar,pillar,stop,,0,114639,1,1,,tool_error,1788204208379,1.0.0
ses_0b5475f82ffexGkH5Ja3adK5BQ,,pillar,pillar,stop,,0,122046,1,1,,tool_error,1788204208400,1.0.0
ses_0b54c25c7ffeumZ8M4JM3Phvmp,,pillar,pillar,stop,,1,166469,1,1,,tool_error,1788204208424,1.0.0
ses_0b54f5fc2ffefrDw5IYMXwGt6G,,pillar,pillar,stop,,0,137188,1,1,,,1788204208442,1.0.0
ses_0b5515052ffe1LQM08IY5zuqz6,,pillar,pillar,stop,,1,97771,1,1,,silent_failure,1788204208452,1.0.0
ses_0b5571fc3ffev9ct2P7FHsU5go,,pillar,pillar,stop,,1,96120,1,1,,silent_failure,1788204208466,1.0.0
ses_0b55724a4ffeFSsNFrwLSGpKRv,,pillar,pillar,stop,,0,115874,1,1,,,1788204208476,1.0.0
ses_0b557a30bffeMKWG0bFG8A3dxF,,lilith,lilith,stop,,0,75426,1,1,,,1788204208481,1.0.0
ses_0b557be66ffe6INNGsbt95rseV,,maat,maat,stop,,0,99467,1,1,,,1788204208487,1.0.0
ses_0b560774effenoy4ZRENx2Ju7J,,kali,kali,stop,,69,139232,1,1,,tool_error,1788204211406,1.0.0
ses_0b5fdd739ffe3mKofRxYU22g2p,,roc_racoon,roc_racoon,stop,,3,159374,1,1,,silent_failure,1788204211421,1.0.0
ses_0b6b8bd82ffe4BKv6lvLaQhLOL,,roc_racoon,roc_racoon,stop,,4,154366,1,1,,tool_error,1788204211434,1.0.0
ses_0bc216f02ffecMfD7W3zdrqC6j,,jem,jem,stop,,2,166118,1,1,,tool_error,1788204211447,1.0.0
ses_0bc2194d1ffeYu7dNjaZi1kB3b,,verity,verity,stop,,3,67749,1,1,,silent_failure,1788204211452,1.0.0
ses_0bc555f99ffewFGVSP7Sih4EUK,,pillar,pillar,stop,,0,36856,1,1,,,1788204211454,1.0.0
ses_0bc557431ffevc7tVh120gVFNz,,pillar,pillar,stop,,1,80678,1,1,,tool_error,1788204211460,1.0.0
ses_0bc558622ffeBQ8taMoClCSPfS,,pillar,pillar,stop,,1,58239,1,1,,silent_failure,1788204211464,1.0.0
ses_0bc55984affefTD0gPQaRB4qqg,,pillar,pillar,stop,,0,76232,1,1,,,1788204211468,1.0.0
ses_0bc576a13ffeAjHs7LMO6ZQgiP,,kali,kali,stop,,0,60699,1,1,,,1788204211472,1.0.0
ses_0bc5acb51ffel5fJfeKRTpgrfb,,lilith,lilith,stop,,0,37829,1,1,,,1788204211474,1.0.0
ses_0bc5af414ffeE1NLAPBmr08or1,,maat,maat,stop,,0,37947,1,1,,,1788204211475,1.0.0
ses_0bc5fe1a7ffeW4MLnwz7OcmZ2l,,researcher,researcher,stop,,1,49068,1,1,,silent_failure,1788204211478,1.0.0
ses_0bd089d3bffe8FqTSKJbI2YmAf,,roc_racoon,roc_racoon,stop,,1,97528,1,1,,silent_failure,1788204211484,1.0.0
ses_0bdd48e47ffe5yyQnsNZYbLRVu,,researcher,researcher,stop,,11,137408,1,1,,tool_error,1788204211654,1.0.0
ses_0be2da64affeZ6ET9QP01ou45R,,roc_racoon,roc_racoon,stop,,0,117419,1,1,,,1788204211666,1.0.0
ses_0c1aee3ddffeSOxbZ30xHcVCv6,,explore,explore,stop,,0,81858,1,1,,,1788204211669,1.0.0
ses_0c3a902ffffeBgRFPnTajOSpjU,,researcher,researcher,stop,,0,94915,1,1,,tool_error,1788204211673,1.0.0
ses_0c55d2277ffe2G2m7t2IO9w6nt,,researcher,researcher,stop,,0,82622,1,1,,tool_error,1788204211675,1.0.0
ses_0c5c34c8fffe8cXz3imQYJ5C04,,jem,jem,stop,,0,81772,1,1,,,1788204211680,1.0.0
ses_0c5c35a41ffeVyTfZ7uLu9FfeP,,john_carmack,john_carmack,stop,,0,138821,1,1,,,1788204211691,1.0.0
ses_0c5d14b38ffes7rAsRU383MVjZ,,researcher,researcher,stop,,6,150424,1,1,,silent_failure,1788204211703,1.0.0
ses_0c5d1d2ceffeW1NUg8176NC5lh,,roc_racoon,roc_racoon,stop,,37,128069,1,1,,tool_error,1788204212155,1.0.0
ses_0c5ef8124ffeAf30I3IJXq5q4c,,john_carmack,john_carmack,stop,,0,78077,1,1,,,1788204212159,1.0.0
ses_0c5efa6f9ffevPJ4i6dBAfTNBO,,roc_racoon,roc_racoon,stop,,0,106513,1,1,,,1788204212168,1.0.0
ses_0c5efbb89ffeEoIoNPqEEDoTJj,,lilith,lilith,stop,,0,82695,1,1,,,1788204212171,1.0.0
ses_0c5efd1e5ffekO7O66rcLJJBfi,,maat,maat,stop,,0,90150,1,1,,tool_error,1788204212176,1.0.0
ses_0c63ac93effe1q2F9P6pRJaPUb,,explore,explore,stop,,0,103010,1,1,,,1788204212184,1.0.0
ses_0c6b8089effepWF0GNgY90aXF4,,researcher,researcher,stop,,0,97113,1,1,,tool_error,1788204212188,1.0.0
ses_0c7bdacc8ffeYIXpAeJIIMw3DY,,researcher,researcher,stop,,0,61478,1,1,,tool_error,1788204212190,1.0.0
ses_0c7dd436bffeU6wbsv9mMX10mK,,researcher,researcher,stop,,0,61553,1,1,,tool_error,1788204212193,1.0.0
ses_0c7df4901ffeS5WkltVmieTLHT,,researcher,researcher,,,0,,1,1,,unknown_finish_reason,1788204212194,1.0.0
ses_0c7e7a104ffeDobWlLVS5rgK5w,,researcher,researcher,unknown,,1,,1,1,,silent_failure,1788204212206,1.0.0
ses_0c7eff835ffecWzLf5selvs5we,,researcher,researcher,,,1,,1,1,,silent_failure,1788204212217,1.0.0
ses_0c8238440ffeTpdBpAhHdHkGWE,,researcher,researcher,stop,,0,65397,1,1,,tool_error,1788204212220,1.0.0
ses_0c8276341ffeAakC7ZQlTmQgrp,,researcher,researcher,stop,,0,24913,1,1,,tool_error,1788204212227,1.0.0
ses_0c82a78d2ffeOZIciMnTHuNpPi,,researcher,researcher,stop,,0,24085,1,1,,tool_error,1788204212230,1.0.0
ses_0ca9f5ca0ffe1WW0mDmlrExA1s,,researcher,researcher,stop,,0,160294,1,1,,tool_error,1788204212250,1.0.0
ses_0ca9f689fffebrUX6uORSjfM60,,roc_racoon,roc_racoon,stop,,0,150116,1,1,,,1788204212273,1.0.0
ses_0ca9f888effeH5RU3rDw4jqm9t,,researcher,researcher,stop,,0,74319,1,1,,,1788204212277,1.0.0
ses_0ca9f94efffeIvsqMWi3ELdXI2,,roc_racoon,roc_racoon,stop,,0,73397,1,1,,,1788204212280,1.0.0
ses_0ca9fb907ffeEGJihEZ6LF9qtL,,researcher,researcher,stop,,0,65630,1,1,,,1788204212282,1.0.0
ses_0cab749aeffeoo21xNeTcqI4zi,,jem,jem,stop,,19,173609,1,1,,tool_error,1788204212918,1.0.0
ses_0cb620717ffelkgC3Y53ZeOZnF,,john_carmack,john_carmack,stop,,6,154050,1,1,,tool_error,1788204212943,1.0.0
ses_0cb66a963ffeqRdOdtA2ffHx43,,john_carmack,john_carmack,,,2,,1,1,,tool_error,1788204212949,1.0.0
ses_0cb6c17d5ffeaFh3WYUQwyTqM7,,lilith,lilith,stop,,1,107690,1,1,,tool_error,1788204212962,1.0.0
ses_0cb792e8affeUXyQwapGRjU1K4,,roc_racoon,roc_racoon,stop,,2,129366,1,1,,tool_error,1788204212971,1.0.0
ses_0cbb1fa06ffega9aBrsSulVRxq,,researcher,researcher,stop,,0,94799,1,1,,,1788204212975,1.0.0
ses_0cc200b6affelVJ9aBIE6kJlMJ,,researcher,researcher,stop,,0,115159,1,1,,tool_error,1788204212988,1.0.0
ses_0cc457c8affeK9BxRldeLsWNc7,,general,general,stop,,0,161396,1,1,,,1788204213007,1.0.0
ses_0ccd8cbedffetliOZt2b0xvvj9,,roc_racoon,roc_racoon,stop,,0,157035,1,1,,,1788204213024,1.0.0
ses_0ccd9814fffe0O2Y364u6fmMKD,,roc_racoon,roc_racoon,stop,,0,82255,1,1,,,1788204213026,1.0.0
ses_0ccec65a5ffedKtMwK3oZKS7zG,,roc_racoon,roc_racoon,stop,,0,143119,1,1,,tool_error,1788204213040,1.0.0
ses_0ccf93825ffe5GTgfYSI8kmSpJ,,roc_racoon,roc_racoon,,,0,,1,1,,tool_error,1788204213057,1.0.0
ses_0cd37c8d3fferdN4ZCo4VjhGUj,,roc_racoon,roc_racoon,,,6,,1,1,,tool_error,1788204213077,1.0.0
ses_0cd43e9f2ffeu777iRksrEMUay,,maat,maat,stop,,2,149620,1,1,,tool_error,1788204213401,1.0.0
ses_0cd4ee677ffe35WZieV8C3PN6r,,pillar,pillar,stop,,0,78084,1,1,,tool_error,1788204213406,1.0.0
ses_0cd5494c4ffe4xmqBZo6GGtys1,,pillar,pillar,stop,,0,135433,1,1,,tool_error,1788204213424,1.0.0
ses_0cd54a876ffe29bV6SgfOsHO0w,,pillar,pillar,stop,,0,129784,1,1,,,1788204213439,1.0.0
ses_0cd54c09fffeNtdqsJ7RUK6SFK,,pillar,pillar,stop,,0,99862,1,1,,,1788204213446,1.0.0
ses_0cd54d5b5ffeO5vbdpJCR5SAeX,,pillar,pillar,stop,,0,120553,1,1,,,1788204213458,1.0.0
ses_0cd5e8899ffehTq8qv4IvgXea1,,lilith,lilith,stop,,0,162260,1,1,,tool_error,1788204213492,1.0.0
ses_0cd5e9ae0ffepNfeMPb0njkCEo,,maat,maat,stop,,0,133932,1,1,,tool_error,1788204213508,1.0.0
ses_0cf7411e3fferZTi2LI9WTgOC3,,pillar,pillar,,,0,,1,1,,unknown_finish_reason,1788204213511,1.0.0
ses_0cf7f100effe1jdeLiRwZyRrL4,,kali,kali,stop,,63,31750,1,1,,tool_error,1788204214041,1.0.0
ses_0cfdc209cffen3CfGDojut3z45,,explore,explore,stop,,0,112266,1,1,,,1788204214053,1.0.0
ses_0cfee2f2affeHaV3l5tKWNsYwB,,roc_racoon,roc_racoon,stop,,1,123583,1,1,,silent_failure,1788204214070,1.0.0
ses_0cfee6091ffe7Y8Y8cG5RgsfXq,,jem,jem,stop,,1,105004,1,1,,silent_failure,1788204214078,1.0.0
ses_0cff347ecffez2zsv9hkO4x8h8,,pillar,pillar,stop,,0,95238,1,1,,,1788204214088,1.0.0
ses_0cffcb8c4ffeTstaKqHpx3qqUM,,explore,explore,stop,,3,163297,1,1,,silent_failure,1788204214112,1.0.0
ses_0d0504afcffeeZ6Vz92QjB8d0s,,general,general,stop,,0,70559,1,1,,,1788204214114,1.0.0
ses_0d058373effemN8UhbTq0HIoKt,,general,general,stop,,0,80832,1,1,,,1788204214119,1.0.0
ses_0d0592848ffe2JQ1QElbUtAWii,,general,general,stop,,0,82213,1,1,,tool_error,1788204214124,1.0.0
ses_0d0d05baaffe4Q0f461beHtbPS,,roc_racoon,roc_racoon,stop,,0,114777,1,1,,tool_error,1788204214133,1.0.0
ses_0d25a216effePcZ6zJbcWNJZZh,,researcher,researcher,stop,,4,149380,1,1,,tool_error,1788204214291,1.0.0
ses_0d4409b5bffeRQBelH5w3J2wI6,,explore,explore,stop,,0,72395,1,1,,,1788204214295,1.0.0
ses_0d4753efcffeRY1jGmCouZaJO4,,general,general,stop,,0,87722,1,1,,,1788204214303,1.0.0
ses_0d480e4edffeWp8EDPNQaHOxJo,,roc_racoon,roc_racoon,stop,,0,146256,1,1,,,1788204214317,1.0.0
ses_0d4811403ffesxj6abWBMAurKV,,researcher,researcher,stop,,0,116112,1,1,,tool_error,1788204214333,1.0.0
ses_0d481fc32ffe3fOGuU0RXmnB3d,,jem,jem,stop,,19,130907,1,1,,tool_error,1788204214654,1.0.0
ses_0d61d0ffbffefQvtBxnPKmCDX7,,jem,jem,,,0,,1,1,,unknown_finish_reason,1788204214666,1.0.0
ses_0d6313862ffejMCEDTN6bLMTWd,,roc_racoon,roc_racoon,stop,,0,154065,1,1,,,1788204214684,1.0.0
ses_0d63162baffebzaATY0CbrvtNH,,researcher,researcher,stop,,0,88401,1,1,,tool_error,1788204214686,1.0.0
ses_0d64df245ffeFltjKNKIJ4V6kF,,john_carmack,john_carmack,stop,,91,141536,1,1,,tool_error,1788204215943,1.0.0
ses_0d64e95b1ffejV5M5dcCWoirkR,,john_carmack,john_carmack,error,,0,79189,1,1,,unknown,1788204215946,1.0.0
ses_0d691a648ffeIJkkRYnB81G3S2,,researcher,researcher,stop,,0,106995,1,1,,,1788204215952,1.0.0
ses_0d6ca64bcffeEGdyEA06AjyUY5,,pillar,pillar,stop,,1,101606,1,1,,silent_failure,1788204215959,1.0.0
ses_0d6d7a551ffecu3iDQAmPWwXut,,lilith,lilith,stop,,0,78331,1,1,,,1788204215961,1.0.0
ses_0d6d7b8b6ffeignAKiHwx6tOL4,,maat,maat,stop,,0,78576,1,1,,,1788204215962,1.0.0
ses_0d6d7c952fferh3pJXfCn7jnqZ,,john_carmack,john_carmack,stop,,0,79638,1,1,,,1788204215962,1.0.0
ses_0d709b2b9ffe3vUpTmAKuhFsEt,,pillar,pillar,stop,,4,203127,1,1,,tool_error,1788204215983,1.0.0
ses_0d7272af1ffeNhS3394TpB7roW,,researcher,researcher,unknown,,0,87082,1,1,,tool_error,1788204215986,1.0.0
ses_0d7319dd0ffeYip9wIADsahDZV,,jem,jem,stop,,0,77934,1,1,,,1788204215987,1.0.0
ses_0d731ab59ffeapjpqlqlDIKqe9,,john_carmack,john_carmack,stop,,0,79823,1,1,,,1788204215989,1.0.0
ses_0d74384b9ffeoD0C2W747ZPgpx,,researcher,researcher,stop,,0,90615,1,1,,,1788204215993,1.0.0
ses_0d74f2ddfffeBIUTg96hPEcRks,,roc_racoon,roc_racoon,stop,,3,137941,1,1,,tool_error,1788204216001,1.0.0
ses_0d752e074ffecjUVfT5lQSwfhI,,lilith,lilith,stop,,0,78593,1,1,,,1788204216001,1.0.0
ses_0d752f072ffehiBsGSikTXOu9i,,john_carmack,john_carmack,stop,,0,79715,1,1,,,1788204216002,1.0.0
ses_0d7564aa6ffejx0ZJaLb8A1Yi6,,jem,jem,stop,,0,83252,1,1,,,1788204216004,1.0.0
ses_0d7566ed7ffeLDbCFlBhlOUG4f,,researcher,researcher,stop,,0,88808,1,1,,,1788204216006,1.0.0
ses_0d75fe6daffecpnCcDCyY4uRdO,,john_carmack,john_carmack,stop,,0,82746,1,1,,,1788204216008,1.0.0
ses_0d76cd246ffeTgxZbicFijoUsC,,john_carmack,john_carmack,stop,,0,80064,1,1,,,1788204216010,1.0.0
ses_0d76cebf4ffepCla7D3LwbZxdv,,researcher,researcher,stop,,0,94022,1,1,,tool_error,1788204216013,1.0.0
ses_0d78bed62ffeEeSYPtqWn3k8sN,,lilith,lilith,stop,,0,80098,1,1,,,1788204216015,1.0.0
ses_0d78bf57dffe6uBpkpux9liXWa,,maat,maat,stop,,0,78721,1,1,,,1788204216015,1.0.0
ses_0d78c01afffeHPrhsFNHIiltof,,john_carmack,john_carmack,stop,,0,79667,1,1,,,1788204216016,1.0.0
ses_0d9e1d08effeITcitNytmzDcEQ,,john_carmack,john_carmack,stop,,0,79784,1,1,,,1788204216017,1.0.0
ses_0d9edfc1effe7qyUveJPDLfvgY,,researcher,researcher,stop,,0,87616,1,1,,,1788204216020,1.0.0
ses_0d9f4fb37ffeRimDa5QKHIpJ4o,,john_carmack,john_carmack,stop,,0,79260,1,1,,,1788204216021,1.0.0
ses_0d9fa7158ffe2KoHI64dC4A6Q4,,jem,jem,stop,,0,84750,1,1,,tool_error,1788204216024,1.0.0
ses_0d9fb2e8effet2uGmL3Zm3BmlW,,jem,jem,error,,0,77777,1,1,,unknown,1788204216025,1.0.0
ses_0da01f055ffecwXlWYW8l8lrKr,,john_carmack,john_carmack,stop,,0,79913,1,1,,,1788204216026,1.0.0
ses_0da12a439ffeQOk3nthM50BCZn,,roc_racoon,roc_racoon,stop,,1,143650,1,1,,tool_error,1788204216041,1.0.0
ses_0da1581b9ffeJMD4LeX1CQ3sDn,,john_carmack,john_carmack,stop,,5,102461,1,1,,tool_error,1788204216230,1.0.0
ses_0da1e192fffetA4JmNEp2kF1bP,,roc_racoon,roc_racoon,,,3,,1,1,,silent_failure,1788204216272,1.0.0
ses_0da26fcf7ffeL4VMtk0f9mCXMp,,roc_racoon,roc_racoon,stop,,3,121191,1,1,,tool_error,1788204216300,1.0.0
ses_0da2b4896ffeYvC8k2XVdVCOQf,,explore,explore,stop,,1,71402,1,1,,silent_failure,1788204216304,1.0.0
ses_0da2b49d0ffe41rsAhtY8L12Pp,,explore,explore,stop,,8,161466,1,1,,silent_failure,1788204216330,1.0.0
ses_0da6a8f94ffe38KVPi80W2JeUI,,researcher,researcher,stop,,2,131099,1,1,,tool_error,1788204216341,1.0.0
ses_0da7cbf89ffe1W5znHl7rX3Nad,,general,general,stop,,0,96998,1,1,,,1788204216360,1.0.0
ses_0da807a0effeyJkJnQ6oH3Wgnh,,general,general,stop,,0,139516,1,1,,tool_error,1788204216372,1.0.0
ses_0da8088b9ffel7NGYGNNiXs2GB,,general,general,stop,,0,108419,1,1,,tool_error,1788204216393,1.0.0
ses_0da809661ffeKEJqx5GT1SdXNj,,general,general,stop,,0,129231,1,1,,tool_error,1788204216403,1.0.0
ses_0da843113ffeCFlu70pk7XzRPp,,explore,explore,stop,,1,74082,1,1,,silent_failure,1788204216408,1.0.0
ses_0dad49fa2ffeCoNpDuiW8gS3vw,,researcher,researcher,stop,,0,119992,1,1,,,1788204216423,1.0.0
ses_0dad6c171ffehYH4vo7gLegwo9,,researcher,researcher,stop,,0,83450,1,1,,,1788204216424,1.0.0
ses_0dad74cc6ffeE2w1p6EQqSwNtH,,researcher,researcher,stop,,0,83806,1,1,,,1788204216426,1.0.0
ses_0dae0c767ffehcUpt26TRIoy2n,,kali,kali,stop,,6,136310,1,1,,tool_error,1788204216504,1.0.0
ses_0dae22b34ffeDLZ6otLQroVJQs,,john_carmack,john_carmack,,,15,,1,1,,tool_error,1788204216735,1.0.0
ses_0dae42601ffe6cwSKQM76a43MY,,john_carmack,john_carmack,,,0,,1,1,,unknown_finish_reason,1788204216737,1.0.0
ses_0db5a7eddffe0FiFwitfkJ5lkj,,pillar,pillar,stop,,0,87105,1,1,,,1788204216740,1.0.0
ses_0db5d7b7cffeQHxCch4kmAAhHI,,pillar,pillar,stop,,0,87441,1,1,,,1788204216743,1.0.0
ses_0db5eb4b3ffe51FEkiN41xQUn6,,pillar,pillar,error,,0,77361,1,1,,unknown,1788204216744,1.0.0
ses_0db61637affeiDLD4ropug2Lx4,,pillar,pillar,stop,,0,86239,1,1,,,1788204216745,1.0.0
ses_0db632465ffeKNneWmNEnFHwff,,pillar,pillar,stop,,2,125046,1,1,,silent_failure,1788204216755,1.0.0
ses_0db658f9bffeZJzskaU4EoNG4e,,pillar,pillar,stop,,0,85705,1,1,,,1788204216758,1.0.0
ses_0db6949caffes1I7le4ZQjKqWo,,pillar,pillar,stop,,1,103031,1,1,,silent_failure,1788204216764,1.0.0
ses_0db6c47a1ffeC9AM5MzHeGxt5V,,pillar,pillar,stop,,3,133067,1,1,,silent_failure,1788204216778,1.0.0
ses_0db6dc875ffeVlMP13LK9Gqe4d,,pillar,pillar,stop,,2,93849,1,1,,silent_failure,1788204216782,1.0.0
ses_0db7069dcffeLW9iXetPORwibR,,pillar,pillar,stop,,2,129969,1,1,,silent_failure,1788204216795,1.0.0
ses_0db71069fffesG0fAKGawGAj4s,,pillar,pillar,stop,,0,80595,1,1,,,1788204216797,1.0.0
ses_0db7152a0ffewpzC13irIwOCy5,,maat,maat,stop,,0,80754,1,1,,,1788204216799,1.0.0
ses_0db71e179ffewNzTJd875TFTrk,,pillar,pillar,stop,,0,80747,1,1,,,1788204216801,1.0.0
ses_0db736a89ffe83L6FxuIBDwPRz,,pillar,pillar,stop,,2,134908,1,1,,silent_failure,1788204216815,1.0.0
ses_0db73b0b1ffeGdP2sRZvONwQDy,,pillar,pillar,stop,,1,126517,1,1,,silent_failure,1788204216825,1.0.0
ses_0db7422f8ffench7dO9KzdCmDa,,lilith,lilith,stop,,0,85173,1,1,,,1788204216827,1.0.0
ses_0db7442f6ffedUQEtT8LkuczvQ,,maat,maat,stop,,0,84016,1,1,,,1788204216829,1.0.0
ses_0dba86a26ffe3lKrnCqbMicz3L,,researcher,researcher,stop,,1,167483,1,1,,tool_error,1788204216843,1.0.0
ses_0dbbb4c93ffe6KjvrY4xfx6Fku,,researcher,researcher,stop,,1,162909,1,1,,tool_error,1788204216858,1.0.0
ses_0dbbb9cb0ffeD2AnLieWT6uE0c,,researcher,researcher,stop,,0,139057,1,1,,,1788204216873,1.0.0
ses_0dbc3f99dffefstH6JwdqHS4N2,,roc_racoon,roc_racoon,stop,,0,128879,1,1,,tool_error,1788204216897,1.0.0
ses_0dbc43595ffeUS7u6t1TPdz1hj,,researcher,researcher,stop,,0,100352,1,1,,tool_error,1788204216910,1.0.0
ses_0dc3eeb32ffe0IsnsvQqshaQt5,,general,general,stop,,0,104440,1,1,,,1788204216917,1.0.0
ses_0dc3efb38ffe5WN9bqBcAHW2Fa,,general,general,stop,,0,85907,1,1,,,1788204216921,1.0.0
ses_0dc3f1197ffeIF60HrzRQRbuZA,,general,general,stop,,1,107215,1,1,,silent_failure,1788204216928,1.0.0
ses_0dc3f2d28ffeNfVFXXo6rUnIDb,,general,general,stop,,0,129775,1,1,,,1788204216936,1.0.0
ses_0dc4da7d8ffezTBDPkhnztR4WZ,,general,general,,,0,,1,1,,unknown_finish_reason,1788204216942,1.0.0
ses_0dc6b5f10ffeeXqVmy0WWTsDIZ,,lilith,lilith,stop,,4,126675,1,1,,tool_error,1788204216966,1.0.0
ses_0dc6b7ab0ffeB6mCk9aYqRFmGy,,maat,maat,stop,,0,125461,1,1,,,1788204216976,1.0.0
ses_0dc6bc84cffeSvcUwm4AN8j3nU,,lilith,lilith,stop,,0,80735,1,1,,,1788204216978,1.0.0
ses_0dc6c299dffekcuoosGxZQ2rmd,,kali,kali,stop,,0,85970,1,1,,,1788204216981,1.0.0
ses_0dc82d651ffek1mh4ucpPjqqQZ,,john_carmack,john_carmack,stop,,2,129558,1,1,,tool_error,1788204217024,1.0.0
ses_0dc831bd4ffecubNSuHP4zfXFp,,john_carmack,john_carmack,stop,,0,81667,1,1,,,1788204217026,1.0.0
ses_0dc99c2e8ffelus6Z7tqBddkN2,,researcher,researcher,stop,,0,75353,1,1,,,1788204217028,1.0.0
ses_0dc9c9af6ffeMxGa3DRVTA2HLd,,researcher,researcher,stop,,5,132969,1,1,,tool_error,1788204217046,1.0.0
ses_0dc9d3ef0ffeR4QSAZ7fZcXVR3,,researcher,researcher,stop,,0,74975,1,1,,,1788204217048,1.0.0
ses_0dca217f3ffedeEQwjBZomyzkB,,jem,jem,stop,,0,69369,1,1,,,1788204217050,1.0.0
ses_0dca2ad77ffe2JUnb6JltKgsku,,jem,jem,stop,,0,71960,1,1,,,1788204217052,1.0.0
ses_0dca31486ffezDDiH1Hf6FPEny,,jem,jem,stop,,0,70107,1,1,,,1788204217054,1.0.0
ses_0dca38d83ffe3dAFUjVPQE3WAF,,jem,jem,stop,,0,79426,1,1,,,1788204217059,1.0.0
ses_0dca3e760ffeJW1mbXY1tD0aCc,,jem,jem,stop,,0,68623,1,1,,,1788204217060,1.0.0
ses_0e11220f0ffeWtNgQtl1hY0xxq,,roc_racoon,roc_racoon,stop,,0,194552,1,1,,,1788204217072,1.0.0
ses_0e11255beffejxavzzN2eiAhWw,,jem,jem,stop,,0,82423,1,1,,,1788204217073,1.0.0
ses_0e1158a22ffeSSmK02XSXxfoJP,,roc_racoon,roc_racoon,error,,0,74837,1,1,,unknown,1788204217074,1.0.0
ses_0e115a008ffexYstba1b19hPzS,,jem,jem,,,0,,1,1,,unknown_finish_reason,1788204217075,1.0.0
ses_0e12fbd01ffebEhloxShEyU1tJ,,researcher,researcher,stop,,1,170565,1,1,,silent_failure,1788204217093,1.0.0
ses_0e1387e9cffehcz6X8siC2hK42,,researcher,researcher,stop,,0,78292,1,1,,,1788204217095,1.0.0
ses_0e1394e9effeY46LScq40ujhWb,,jem,jem,stop,,0,81273,1,1,,,1788204217098,1.0.0
ses_0e1395fecffeggkL6FxDm90R9O,,researcher,researcher,stop,,2,131345,1,1,,silent_failure,1788204217108,1.0.0
ses_0e15c5438ffe2stDZvIKgjV0Hl,,kali,kali,stop,,6,161824,1,1,,tool_error,1788204217194,1.0.0
ses_0e16fb7c1ffem8ce4nU7mPark4,,explore,explore,stop,,3,151186,1,1,,tool_error,1788204217209,1.0.0
ses_0e1760691ffeudVyebE368cp0r,,roc_racoon,roc_racoon,stop,,1,117026,1,1,,silent_failure,1788204217224,1.0.0
ses_0e17e1fe4ffe46D0JolS0P3YZd,,explore,explore,stop,,1,92176,1,1,,silent_failure,1788204217234,1.0.0
ses_0e17e2a97ffegEGCy7gWQalb45,,explore,explore,stop,,3,114283,1,1,,silent_failure,1788204217247,1.0.0
ses_0e1a00b5affeYj21qMOibYA9Bt,,verity,verity,stop,,0,112035,1,1,,,1788204217261,1.0.0
ses_0e1a02a78ffe4qp3tGHs2ula5L,,lilith,lilith,stop,,0,116798,1,1,,,1788204217274,1.0.0
ses_0e1a04a3fffeNMnj6GkiGwmcXQ,,maat,maat,stop,,0,129035,1,1,,,1788204217286,1.0.0
ses_0e1a06577ffeTtLUUvZZb8nbcC,,researcher,researcher,stop,,0,153770,1,1,,tool_error,1788204217302,1.0.0
ses_0e1a07e13ffelbhAYnZcPrh23E,,doom_guy,doom_guy,stop,,1,122432,1,1,,tool_error,1788204217313,1.0.0
ses_0e1e81e35ffel1lspHS13WpqMY,,researcher,researcher,stop,,3,155788,1,1,,silent_failure,1788204217335,1.0.0
ses_0e1e846e6ffewmZgBfmRmL5sJX,,roc_racoon,roc_racoon,stop,,2,137220,1,1,,silent_failure,1788204217353,1.0.0
ses_0e2aeb920ffemElTBjpJ5HHOYS,,roc_racoon,roc_racoon,stop,,2,147395,1,1,,silent_failure,1788204217369,1.0.0
ses_0e323661bffe0WCQkAweg5FcJU,,john_carmack,john_carmack,stop,,0,84140,1,1,,,1788204217373,1.0.0
ses_0e323ea6effelpc5Xz1Rktgjnu,,researcher,researcher,stop,,0,78465,1,1,,,1788204217375,1.0.0
ses_0e32b7b6cffe7S4C2WkPAVBqcU,,roc_racoon,roc_racoon,stop,,5,142287,1,1,,silent_failure,1788204217397,1.0.0
ses_0e32d0627ffeqTZYxdD50fo00Z,,john_carmack,john_carmack,stop,,0,124044,1,1,,,1788204217407,1.0.0
ses_0e32d796affe4kdmMNgo6y5GCv,,roc_racoon,roc_racoon,stop,,0,75979,1,1,,,1788204217409,1.0.0
ses_0e32e0b1cffe9JWpHeibmgKZQ6,,john_carmack,john_carmack,stop,,11,156521,1,1,,tool_error,1788204217705,1.0.0
ses_0e36a6668ffegOTnPP7o3bH1BD,,john_carmack,john_carmack,stop,,4,131120,1,1,,silent_failure,1788204217725,1.0.0
ses_0e36ef76bffee49V0q8UQUHFHb,,roc_racoon,roc_racoon,stop,,1,143771,1,1,,silent_failure,1788204217737,1.0.0
ses_0e37d6ab6ffeseNy5RR3ywESvn,,explore,explore,stop,,0,47186,1,1,,,1788204217740,1.0.0
ses_0e37d70a8ffe6k5Ne0ywbxiOzN,,explore,explore,stop,,0,102256,1,1,,,1788204217752,1.0.0
ses_0e37d753bffe7Wcca87DJMYt07,,explore,explore,stop,,0,48003,1,1,,,1788204217755,1.0.0
ses_0e37d7803ffeerLZkt1Ojh9rSe,,explore,explore,stop,,0,121075,1,1,,tool_error,1788204217768,1.0.0
ses_0e37d8ecdffeQMAVFTQ9uCtM0E,,explore,explore,stop,,0,124170,1,1,,tool_error,1788204217785,1.0.0
ses_0e380d217ffenxStbSTTUw3BqU,,explore,explore,stop,,0,49749,1,1,,,1788204217788,1.0.0
ses_0e380d942ffebHTtNGyqMIdHpT,,explore,explore,stop,,0,52893,1,1,,,1788204217791,1.0.0
ses_0e380e131ffelvxstyuDc2vOEk,,explore,explore,stop,,0,83929,1,1,,,1788204217801,1.0.0
ses_0e380e7bfffeAx0HWsvedUaTrR,,explore,explore,stop,,0,47164,1,1,,,1788204217804,1.0.0
ses_0e380ecb5ffeJr71NvmZeBZ6kN,,explore,explore,stop,,0,75336,1,1,,,1788204217812,1.0.0
ses_0e38134adffepMaYgNGoiNGOYc,,roc_racoon,roc_racoon,stop,,0,122151,1,1,,,1788204217821,1.0.0
ses_0e382c737ffeKWmEW8UPsRmIDd,,john_carmack,john_carmack,stop,,1,101337,1,1,,silent_failure,1788204217831,1.0.0
ses_0e38f390cffeVQCrcPK3ybA1Rd,,verity,verity,stop,,1,141751,1,1,,silent_failure,1788204217845,1.0.0
ses_0e3a6e37effedxXDViLPWj5yyp,,pillar,pillar,stop,,0,53797,1,1,,,1788204217847,1.0.0
ses_0e3a99d35ffeNwamzZcR0nFIVo,,pillar,pillar,stop,,1,80548,1,1,,silent_failure,1788204217851,1.0.0
ses_0e3ac2072ffejSx1KArKFx58Tz,,pillar,pillar,stop,,1,72929,1,1,,silent_failure,1788204217855,1.0.0
ses_0e3ac2d66ffesP5mYYLiAktoFy,,pillar,pillar,stop,,0,77129,1,1,,,1788204217858,1.0.0
ses_0e3ada260ffehIz7k8sbTAfE3e,,pillar,pillar,stop,,0,58675,1,1,,,1788204217860,1.0.0
ses_0e3aebbdbffe7SSwksVTYoZQMu,,pillar,pillar,stop,,0,70190,1,1,,,1788204217864,1.0.0
ses_0e3aec87fffe8Vo1U6NEsMlseB,,pillar,pillar,stop,,0,57332,1,1,,,1788204217865,1.0.0
ses_0e3af62d7ffexOoWW4VPAB8BjU,,lilith,lilith,stop,,0,63910,1,1,,,1788204217869,1.0.0
ses_0e3af79bbffeTVS587twJmUGyg,,maat,maat,stop,,0,55928,1,1,,,1788204217870,1.0.0
ses_0e3d241a7ffewVuh0ilzrQ5eGf,,john_carmack,john_carmack,stop,,0,53795,1,1,,,1788204217871,1.0.0
ses_0e3fa7616ffe02EOJMhqgq3oGD,,verity,verity,stop,,0,79061,1,1,,tool_error,1788204217880,1.0.0
ses_0e42a2532ffecj7mP7z1lN7oGn,,john_carmack,john_carmack,stop,,0,78323,1,1,,,1788204217899,1.0.0
ses_0e431be6effeDW3ujxfHarDe5Y,,researcher,researcher,stop,,0,63433,1,1,,,1788204217908,1.0.0
ses_0e431dc09ffeggQcDlg6Z0oODr,,roc_racoon,roc_racoon,stop,,0,104882,1,1,,tool_error,1788204217922,1.0.0
ses_0e4874e65ffeYRie6NwFinTURH,,verity,verity,stop,,0,110685,1,1,,tool_error,1788204217942,1.0.0
ses_0e4ad1e35ffevRoMuRDdQFCgdq,,researcher,researcher,stop,,0,76356,1,1,,,1788204217947,1.0.0
ses_0e4dd96b0ffewZtQK4RY2wvhFc,,jem,jem,stop,,1,101412,1,1,,tool_error,1788204217964,1.0.0
ses_0e4ddb131ffemf9PTeRpGAiJxc,,researcher,researcher,stop,,0,152882,1,1,,,1788204217982,1.0.0
ses_0e4ddd018ffeFTiqjLAYDLyTQE,,maat,maat,stop,,0,112999,1,1,,tool_error,1788204217997,1.0.0
ses_0e4ddf12cffeNTC09zawQCh4Gv,,lilith,lilith,stop,,3,84398,1,1,,tool_error,1788204218004,1.0.0
ses_0e4de1434ffetlSFhXVT63V2oI,,john_carmack,john_carmack,stop,,0,71092,1,1,,,1788204218009,1.0.0
ses_0e52f33aeffehCaXNh9pElRwlP,,verity,verity,stop,,0,54728,1,1,,,1788204218011,1.0.0
ses_0e551842dffe2qQaXZ5lF1BcPI,,lilith,lilith,stop,,0,74830,1,1,,,1788204218019,1.0.0
ses_0e551a491ffeKpt1qWsCkfNTkh,,maat,maat,stop,,1,88757,1,1,,silent_failure,1788204218028,1.0.0
ses_0e551bfc5ffeAyypm2wq8msukY,,john_carmack,john_carmack,stop,,0,57289,1,1,,,1788204218029,1.0.0
ses_0ea996142ffewQ5GeCOZwC5P4V,,verity,verity,stop,,0,72804,1,1,,,1788204218032,1.0.0
ses_0eaa75b04ffe014ZkfTw6uTHHH,,researcher,researcher,stop,,0,70443,1,1,,,1788204218036,1.0.0
ses_0eac9a86cffedIEeoCTgWJhZps,,kali,kali,stop,,7,134314,1,1,,tool_error,1788204218420,1.0.0
ses_0eaf08011ffejATm7bboI9JiKK,,verity,verity,stop,,0,129147,1,1,,,1788204218441,1.0.0
ses_0eb37b584ffeq68AcHZfL0qtMy,,pillar,pillar,stop,,0,69646,1,1,,tool_error,1788204218450,1.0.0
ses_0eb389f26ffeEtI1Ne0opyy780,,maat,maat,stop,,0,62624,1,1,,tool_error,1788204218455,1.0.0
ses_0eb3d5990ffefbPvNNETV28aIv,,researcher,researcher,stop,,0,85780,1,1,,,1788204218462,1.0.0
ses_0eb45166cffe7ZLnIcJe2V87VE,,researcher,researcher,,,0,,1,1,,unknown_finish_reason,1788204218469,1.0.0
ses_0eb4aaecfffew1De25NkJ2Bpdl,,roc_racoon,roc_racoon,stop,,0,110754,1,1,,,1788204218479,1.0.0
ses_0eb4c4c1bffefFwcmZkcdgff72,,roc_racoon,roc_racoon,error,,0,52072,1,1,,unknown,1788204218481,1.0.0
ses_0eb4c6fb5ffeUGUjTpJwXdEl2r,,jem,jem,stop,,0,66242,1,1,,,1788204218484,1.0.0
ses_0eb5171dcffetBoCC6ZqOlm4gv,,,,,,17,,1,1,,tool_error,1788204218732,1.0.0
ses_0eb588032ffen3EgPFi3Mded2s,,roc_racoon,roc_racoon,,,0,,1,1,,unknown_finish_reason,1788204218744,1.0.0
ses_0eb58af62ffeLwBZPr49KiAwhp,,jem,jem,stop,,0,66639,1,1,,,1788204218749,1.0.0
ses_0eb5d4ec7ffe1VFkJp5DJ91lnB,,researcher,researcher,stop,,0,60333,1,1,,,1788204218752,1.0.0
ses_0eb5fa733ffe65dFdqSJ0numhZ,,researcher,researcher,stop,,0,67444,1,1,,,1788204218756,1.0.0
ses_0eb607e9affeMGPE4ew8S7oRgh,,researcher,researcher,unknown,,0,53337,1,1,,unknown_finish_reason,1788204218757,1.0.0
ses_0eb651a06ffeYGW4v8ybzjT1Sq,,researcher,researcher,,,0,,1,1,,unknown_finish_reason,1788204218759,1.0.0
ses_0eb6eb483ffelGY1MvKPhfqA5K,,roc_racoon,roc_racoon,stop,,0,92625,1,1,,,1788204218771,1.0.0
ses_0eb6ed1ebffennMm6imoCGrH3e,,lilith,lilith,stop,,0,61640,1,1,,,1788204218774,1.0.0
ses_0eb6ef558ffeISdKO0p01FvskG,,maat,maat,stop,,1,107855,1,1,,silent_failure,1788204218787,1.0.0
ses_0eb77f406ffe30XsSTJFn9kuKa,,kali,kali,stop,,1,163950,1,1,,silent_failure,1788204218811,1.0.0
ses_0ebb2d67bffegKrAePslet6v6s,,verity,verity,,,0,,1,1,,unknown_finish_reason,1788204218814,1.0.0
ses_0ebbca80affeay9VMhAye54nz7,,pillar,pillar,stop,,3,81339,1,1,,tool_error,1788204218821,1.0.0
ses_0ebbcbcd8ffeEoezHOe5w4zjsI,,pillar,pillar,stop,,0,53506,1,1,,,1788204218822,1.0.0
ses_0ebbcd33cffezsboFFEUdXa3Ow,,pillar,pillar,stop,,1,72651,1,1,,silent_failure,1788204218828,1.0.0
ses_0ebbce739ffeeyR9bkb9CNsCJF,,pillar,pillar,stop,,0,52526,1,1,,,1788204218829,1.0.0
ses_0ebbf4f41ffeLHjdt71KDFRGRN,,pillar,pillar,stop,,2,97093,1,1,,silent_failure,1788204218839,1.0.0
ses_0ebc0600fffe2CVbSYo16tsVlw,,pillar,pillar,stop,,0,70869,1,1,,,1788204218843,1.0.0
ses_0ebc164e0ffejMB24ThT2gUFFa,,pillar,pillar,stop,,2,101967,1,1,,tool_error,1788204218854,1.0.0
ses_0ebc194e0ffedTBaHBSZHTa2ap,,pillar,pillar,error,,0,54760,1,1,,unknown,1788204218855,1.0.0
ses_0ebc33727ffeJnUkLS4VR9O5IC,,pillar,pillar,stop,,0,80066,1,1,,,1788204218862,1.0.0
ses_0ebc35a16ffel5X7J5mLRVvLaV,,pillar,pillar,stop,,0,69358,1,1,,,1788204218866,1.0.0
ses_0ebc4c41affeiUltdlxhDP5w6n,,pillar,pillar,error,,0,54159,1,1,,unknown,1788204218868,1.0.0
ses_0ebc4d277ffeqZ1BS5AGmOVaDF,,pillar,pillar,stop,,1,61814,1,1,,silent_failure,1788204218870,1.0.0
ses_0ebc531b4ffe43nWpF37C0xmKP,,lilith,lilith,stop,,0,64609,1,1,,,1788204218874,1.0.0
ses_0ebc55a80ffewpIKewkoV4tAoJ,,maat,maat,stop,,0,59555,1,1,,,1788204218876,1.0.0
ses_0ebe087bdffelYKwDTh83c6t3U,,jem,jem,stop,,1,132102,1,1,,tool_error,1788204218913,1.0.0
ses_0ebe37cbfffeLwFoW9gP668T5n,,john_carmack,john_carmack,stop,,1,161978,1,1,,silent_failure,1788204218939,1.0.0
ses_0ebe3f2abffeKcbvHQyh66kpD8,,roc_racoon,roc_racoon,stop,,0,93289,1,1,,,1788204218949,1.0.0
ses_0ebe53137ffe5VmJm18f0i4GNR,,researcher,researcher,stop,,2,110412,1,1,,silent_failure,1788204218981,1.0.0
ses_0ebf472a9ffeVt0RqfrVc6QygS,,roc_racoon,roc_racoon,stop,,0,131306,1,1,,,1788204219009,1.0.0
ses_0ebf4e925ffeLe6ngt9F0kdmSN,,verity,verity,stop,,2,117664,1,1,,tool_error,1788204219043,1.0.0
ses_0ec0c1166ffeK0A0T7Ifd0dT6u,,researcher,researcher,stop,,2,154618,1,1,,tool_error,1788204219069,1.0.0
ses_0ec14e7bfffeduCugpV0czc2uo,,verity,verity,stop,,2,105680,1,1,,silent_failure,1788204219084,1.0.0
ses_0ec199165ffeR0TZp6Dyl9j4uR,,verity,verity,stop,,4,152851,1,1,,silent_failure,1788204219115,1.0.0
ses_0ec19efbaffensD9SHn8XPW6Mg,,jem,jem,stop,,3,115548,1,1,,tool_error,1788204219149,1.0.0
ses_0ec1a4637ffelc0k4v2j8jz7Zt,,roc_racoon,roc_racoon,stop,,0,130757,1,1,,tool_error,1788204219182,1.0.0
ses_0ec2b6b10ffeJQ0ZOYeqDVexVH,,lilith,lilith,stop,,1,104335,1,1,,silent_failure,1788204219196,1.0.0
ses_0ec324415ffeyacE3x8QpL8Bnf,,roc_racoon,roc_racoon,stop,,0,114945,1,1,,,1788204219215,1.0.0
ses_0ec32711effe47oqrJdZdRzgF8,,researcher,researcher,stop,,0,140671,1,1,,,1788204219233,1.0.0
ses_0ec3af25cffe72aMfuElAuWYXi,,kali,kali,stop,,2,91553,1,1,,tool_error,1788204219294,1.0.0
ses_0ec4ade62ffehXadTWhbnwW227,,maat,maat,stop,,5,123651,1,1,,silent_failure,1788204219314,1.0.0
ses_0ee021637ffeyBha6FrL5XtlMH,,doom_guy,doom_guy,stop,,1,114704,1,1,,tool_error,1788204219333,1.0.0
ses_0ee9a46dfffe9uFe6ZH55zghMn,,researcher,researcher,stop,,1,85044,1,1,,tool_error,1788204219372,1.0.0
ses_0ee9f6a10ffe0030PDuggf4KeR,,roc_racoon,roc_racoon,stop,,3,100957,1,1,,silent_failure,1788204219400,1.0.0
ses_0eed0e946ffegUvuyOOttkjlgs,,roc_racoon,roc_racoon,stop,,0,106222,1,1,,tool_error,1788204219417,1.0.0
ses_0eed4eeeaffeZEH7uFjXi50WSJ,,general,general,stop,,0,104333,1,1,,,1788204219426,1.0.0
ses_0eed622e9ffeUKNVQ7W5pAAS5R,,general,general,stop,,0,111629,1,1,,,1788204219439,1.0.0
ses_0eed73281ffeyB7PDEvycteq20,,general,general,stop,,0,81388,1,1,,tool_error,1788204219445,1.0.0
ses_0eed75582ffebWEUPTp8mld14n,,jem,jem,stop,,0,66896,1,1,,,1788204219448,1.0.0
ses_0eed9af9dffeRlOxTI7pRyR8Sc,,researcher,researcher,stop,,0,122729,1,1,,,1788204219460,1.0.0
ses_0eedb72dcffe0MbMH1w7XujiLX,,pillar,pillar,stop,,0,71196,1,1,,,1788204219465,1.0.0
ses_0eedd8075ffexpmlvM67sRl1r4,,pillar,pillar,stop,,4,76053,1,1,,tool_error,1788204219473,1.0.0
ses_0eee00f13ffe8fqRIB1OzvLMNc,,pillar,pillar,stop,,2,86708,1,1,,tool_error,1788204219483,1.0.0
ses_0eee212d3ffeJ79jo2UUtJ7dkU,,pillar,pillar,stop,,3,82987,1,1,,silent_failure,1788204219493,1.0.0
ses_0eee55da9ffes0jnB489PavPx4,,pillar,pillar,stop,,0,88950,1,1,,,1788204219502,1.0.0
ses_0eee78074ffeUoi9yJwkW7Joul,,pillar,pillar,stop,,3,94768,1,1,,tool_error,1788204219514,1.0.0
ses_0eee97f3effemrfGFHpicMIAC4,,pillar,pillar,stop,,0,89036,1,1,,tool_error,1788204219525,1.0.0
ses_0eee9bd82ffeM7mfYdwlretsCM,,lilith,lilith,stop,,0,67840,1,1,,,1788204219528,1.0.0
ses_0eeeadbdeffee1QKKft8Srnfw7,,pillar,pillar,stop,,0,58499,1,1,,,1788204219530,1.0.0
ses_0eeebba34ffe0WMXtoopvbiqUs,,pillar,pillar,stop,,1,76634,1,1,,silent_failure,1788204219537,1.0.0
ses_0eef3d1b2ffex1KXaRkDm1XJz7,,pillar,pillar,stop,,3,79900,1,1,,silent_failure,1788204219546,1.0.0
ses_0eef3ea80ffeUA6pDhJcVtFfx1,,maat,maat,stop,,0,63175,1,1,,,1788204219548,1.0.0
ses_0eef53b43ffeXmLejr8BnkBWcf,,pillar,pillar,,,0,,1,1,,tool_error,1788204219550,1.0.0
ses_0eef5834cffeFdeHMMp0GqroTk,,maat,maat,,,0,,1,1,,tool_error,1788204219551,1.0.0
ses_0eefe3675ffe9lXTDPpN911FVm,,lilith,lilith,stop,,3,106120,1,1,,tool_error,1788204219568,1.0.0
ses_0ef0b491dffey3qHe1gc3xhw9U,,maat,maat,stop,,0,77104,1,1,,,1788204219577,1.0.0
ses_0ef1187d5fferkK1uUtrMj5nZx,,verity,verity,stop,,0,89431,1,1,,tool_error,1788204219587,1.0.0
ses_0f07fc7e9ffer18F5CpyPbNAVA,,researcher,researcher,stop,,0,61999,1,1,,,1788204219590,1.0.0
ses_0f085f38bffe1P4DoA8S81qb9C,,researcher,researcher,stop,,0,74845,1,1,,,1788204219595,1.0.0
ses_0f19edde5ffe7bcHUn1zQ5yRY2,,makali,makali,stop,,0,70442,1,1,,,1788204219602,1.0.0
ses_0f19f091bffeyQM66FyJHkNDXj,,verity,verity,,,0,,1,1,,unknown_finish_reason,1788204219620,1.0.0
ses_0f1c51e34ffepeyjsf1TKKcK0I,,roc_racoon,roc_racoon,stop,,1,149735,1,1,,silent_failure,1788204219642,1.0.0
ses_0f1caa0adffehLpLD3TSSSNtsW,,verity,verity,stop,,0,112844,1,1,,,1788204219657,1.0.0
ses_0f1cace22ffel9aSYAxnlgJkYl,,researcher,researcher,stop,,1,138751,1,1,,silent_failure,1788204219675,1.0.0
ses_0f1caf6b5ffeF1m6p69LzOj5wT,,roc_racoon,roc_racoon,stop,,1,138504,1,1,,tool_error,1788204219696,1.0.0
ses_0f1e08ec7ffeWL0WPiA5Ywx1Gc,,verity,verity,,,2,,1,1,,tool_error,1788204219734,1.0.0
ses_0f1f3b036ffeYVig5b38jxkSBb,,jem,jem,stop,,0,88142,1,1,,tool_error,1788204219743,1.0.0
ses_0f2087ba1ffeHY0SKc2tdo25S2,,jem,jem,,,1,,1,1,,tool_error,1788204219776,1.0.0
ses_0f208b8d4ffepECnxUrXa7f8DS,,researcher,researcher,,,0,,1,1,,tool_error,1788204219789,1.0.0
ses_0f20ee1a7ffemhilxgR8f6ec7f,,verity,verity,stop,,0,78592,1,1,,,1788204219795,1.0.0
ses_0f219cf3effe1FIHf2OzpObUBe,,verity,verity,,,1,,1,1,,tool_error,1788204219822,1.0.0
ses_0f21ee637ffece7zYpatmwCwKq,,verity,verity,,,0,,1,1,,unknown_finish_reason,1788204219828,1.0.0
ses_0f2317d10ffeoYi25Suk5mS5oe,,researcher,researcher,,,1,,1,1,,silent_failure,1788204219851,1.0.0
ses_0f2329b67ffeDvkDt6H7Kyznyw,,verity,verity,,,0,,1,1,,tool_error,1788204219852,1.0.0
ses_0f235aa35ffeU4UVLrUt8JhH0T,,kali,kali,stop,,17,104379,1,1,,tool_error,1788204220103,1.0.0
ses_0f389b427ffehadGSuq1tNH2F3,,verity,verity,unknown,,1,150513,1,1,,tool_error,1788204220131,1.0.0
ses_0f38e9c1fffeknpisx4r4yehUM,,pillar,pillar,,,0,,1,1,,unknown_finish_reason,1788204220135,1.0.0
ses_0f38f7238ffeWcNe8bi6iIU0ci,,pillar,pillar,,,0,,1,1,,tool_error,1788204220144,1.0.0
ses_0f390bc67ffe1Ax68Y6BGv6XDl,,pillar,pillar,stop,,0,112300,1,1,,,1788204220156,1.0.0
ses_0f3910c58ffeiELEZ947UGlJw0,,pillar,pillar,stop,,0,98124,1,1,,tool_error,1788204220165,1.0.0
ses_0f39303c8ffe1XCGMgLwoX2Vfd,,pillar,pillar,stop,,0,115888,1,1,,,1788204220178,1.0.0
ses_0f3932068ffebqLx2y76jyC2W6,,pillar,pillar,stop,,0,113337,1,1,,,1788204220189,1.0.0
ses_0f39376d7ffeMgNIPUOKJHzJ4C,,lilith,lilith,,,0,,1,1,,tool_error,1788204220195,1.0.0
ses_0f3939465ffekD7qz6efuGNpey,,maat,maat,,,0,,1,1,,tool_error,1788204220200,1.0.0
ses_0f3976791ffeSbisR7KVKEnrKM,,lilith,lilith,stop,,0,141066,1,1,,,1788204220217,1.0.0
ses_0f39786d8ffe0sFN1jP3JWe19p,,maat,maat,stop,,0,135831,1,1,,,1788204220232,1.0.0
ses_0f3a2405bffe9f3e0KuqpEkj8C,,pillar,pillar,stop,,0,54686,1,1,,,1788204220234,1.0.0
ses_0f3a2e518ffebOYAwv7JXNjS6T,,pillar,pillar,,,1,,1,1,,silent_failure,1788204220239,1.0.0
ses_0f3a3c05cffe7nfNaxhxtYTtzF,,pillar,pillar,stop,,0,54114,1,1,,,1788204220240,1.0.0
ses_0f3a5fdf2ffeAFoLFHYyEyWVn7,,pillar,pillar,stop,,0,61795,1,1,,,1788204220243,1.0.0
ses_0f3a622c3ffeQ98qQOfMKOP0Xs,,pillar,pillar,stop,,0,84608,1,1,,tool_error,1788204220248,1.0.0
ses_0f3a6a12cffeGareqYpKfQZxNq,,lilith,lilith,,,0,,1,1,,tool_error,1788204220250,1.0.0
ses_0f3a6cabdffek10Ws8TesdWYJh,,maat,maat,stop,,0,65456,1,1,,,1788204220253,1.0.0
ses_0f3acfeedffeoC0Wr4bsAZV9pY,,roc_racoon,roc_racoon,stop,,2,126996,1,1,,silent_failure,1788204220270,1.0.0
ses_0f3b3debdffeCg8hs5877AHvVQ,,researcher,researcher,stop,,1,141725,1,1,,tool_error,1788204220288,1.0.0
ses_0f3ba43adffe1xrXaK4qX8WJO9,,maat,maat,stop,,1,117488,1,1,,silent_failure,1788204220306,1.0.0
ses_0f3c7a966ffeTbGt1t4X09uBAR,,roc_racoon,roc_racoon,stop,,5,144806,1,1,,tool_error,1788204220328,1.0.0
ses_0f3cc2e39ffeH6aHDlt85gNilt,,researcher,researcher,stop,,0,94647,1,1,,,1788204220348,1.0.0
ses_0f3d8283effeUlu7oOfwM2Y3fF,,explore,explore,stop,,1,98598,1,1,,silent_failure,1788204220365,1.0.0
ses_0f3d8372fffehOCPKClG4NahG9,,explore,explore,stop,,6,144754,1,1,,silent_failure,1788204220393,1.0.0
ses_0f3d84be4ffeBV1P2rruU7R3X4,,explore,explore,stop,,1,148032,1,1,,silent_failure,1788204220421,1.0.0
ses_0f3d85a01ffeWFGBGx17uA0tTD,,explore,explore,stop,,3,147314,1,1,,silent_failure,1788204220447,1.0.0
ses_0f3d8e006ffeQGyUZYjy50ngfR,,roc_racoon,roc_racoon,stop,,1,96462,1,1,,silent_failure,1788204220456,1.0.0
ses_0f3d905fdffeyyDwI3PysnVMfi,,researcher,researcher,stop,,6,94077,1,1,,tool_error,1788204220489,1.0.0
ses_0f3e6f3b6ffedDJGPXbyY8a1BD,,pillar,pillar,stop,,0,100733,1,1,,,1788204220502,1.0.0
ses_0f3ea4baeffetp6P8B9s8Tn8Au,,explore,explore,stop,,0,125513,1,1,,tool_error,1788204220526,1.0.0
ses_0f3ea59b7ffelXQFrroP3gsi9X,,explore,explore,stop,,7,150248,1,1,,silent_failure,1788204220552,1.0.0
ses_0f3ea76ddffey6Syf6JHCEJcR9,,pillar,pillar,stop,,4,98541,1,1,,tool_error,1788204220565,1.0.0
ses_0f3ea8614fferAG9lI53pko8aw,,pillar,pillar,stop,,1,90021,1,1,,silent_failure,1788204220573,1.0.0
ses_0f3ea95b0ffekSf0Ki13ZyaUH6,,pillar,pillar,stop,,0,81761,1,1,,,1788204220579,1.0.0
ses_0f3ee2a79ffeXRFsUkNgSMOwmM,,pillar,pillar,stop,,0,123416,1,1,,,1788204220595,1.0.0
ses_0f3eefa65ffeoSlvHRzz3mxooc,,pillar,pillar,stop,,0,106784,1,1,,,1788204220610,1.0.0
ses_0f3f1d73effeT0Kk3zeMUHi7uS,,pillar,pillar,stop,,5,136556,1,1,,tool_error,1788204220632,1.0.0
ses_0f3f2475effe4tiMDR0NrddoHW,,pillar,pillar,stop,,2,103507,1,1,,silent_failure,1788204220649,1.0.0
ses_0f3f4d2ddffew9mjelKFgMeHB8,,pillar,pillar,stop,,1,106865,1,1,,tool_error,1788204220663,1.0.0
ses_0f3f4f2e9ffejmA31RU3xwxAhz,,pillar,pillar,stop,,0,106893,1,1,,tool_error,1788204220675,1.0.0
ses_0f3f56aa4ffeB3tr74K3RC4KCq,,lilith,lilith,stop,,0,98439,1,1,,tool_error,1788204220687,1.0.0
ses_0f3f581d5ffe085OI29FMzE0jg,,maat,maat,stop,,0,87063,1,1,,,1788204220695,1.0.0
ses_0fa5480e9ffe5RC2CVSp2TxCZd,,researcher,researcher,stop,,0,79714,1,1,,,1788204220700,1.0.0
ses_0fa54c9c4ffehpiuEdwiQdmrfO,,plan,plan,stop,,0,55185,1,1,,,1788204220703,1.0.0
ses_0fa98fae3ffeiDxxBBfGb4591K,,researcher,researcher,stop,,0,47015,1,1,,,1788204220705,1.0.0
ses_0fa9a30eaffeDOO4V2gI7mGO3L,,jem,jem,stop,,0,48015,1,1,,,1788204220707,1.0.0
ses_0fb0ce7dfffex82pFv9PFw2fZW,,kali,kali,stop,,0,87779,1,1,,,1788204220717,1.0.0
ses_0fb0e1f36ffemp0DhqL9tl11rE,,verity,verity,stop,,0,57848,1,1,,,1788204220719,1.0.0
ses_0fb819b27ffe7s2MmrFObWFokb,,pillar,pillar,stop,,0,57622,1,1,,,1788204220721,1.0.0
ses_0fb81acceffejs4UWrP341FIBW,,pillar,pillar,stop,,0,58222,1,1,,,1788204220724,1.0.0
ses_0fb81bcd0ffeib2PQzEyxKnMYm,,pillar,pillar,stop,,0,56036,1,1,,,1788204220726,1.0.0
ses_0fb81cecdffeUxuCc5nVPLuTfM,,pillar,pillar,stop,,1,73578,1,1,,silent_failure,1788204220733,1.0.0
ses_0fb8587feffevSBeAnqKUt7IoG,,pillar,pillar,stop,,0,106032,1,1,,,1788204220748,1.0.0
ses_0fb893d90ffeG8vaLh4H4unL4q,,pillar,pillar,stop,,3,132873,1,1,,silent_failure,1788204220763,1.0.0
ses_0fb89e3f7ffelEj7rllSAGCiTQ,,pillar,pillar,stop,,0,54047,1,1,,,1788204220765,1.0.0
ses_0fb8a9198ffeJ0IEIBUBtPqenj,,pillar,pillar,stop,,0,54101,1,1,,,1788204220767,1.0.0
ses_0fb8b7cc9ffeHL4nw4rOCpZqsR,,pillar,pillar,stop,,0,53964,1,1,,,1788204220768,1.0.0
ses_0fb91216bffeUfquMuY90Yh5bN,,pillar,pillar,stop,,1,87267,1,1,,silent_failure,1788204220777,1.0.0
ses_0fb9c77fcffekHZvlEvn2SVooi,,pillar,pillar,stop,,3,96036,1,1,,tool_error,1788204220786,1.0.0
ses_0fba0f97effeYgDmON85QfCFBZ,,pillar,pillar,stop,,2,95860,1,1,,silent_failure,1788204220795,1.0.0
ses_0fba27992ffeZtFPg9HWt7wVsq,,pillar,pillar,stop,,0,54242,1,1,,,1788204220797,1.0.0
ses_0fba4098dffeFWuG4ABhZISmfB,,pillar,pillar,stop,,0,53798,1,1,,,1788204220798,1.0.0
ses_0fbad36feffeXuB64ZtWwe9k1R,,pillar,pillar,stop,,0,55507,1,1,,,1788204220800,1.0.0
ses_0fbb1708dffeGZKD0FJCbbTCnB,,pillar,pillar,stop,,0,55232,1,1,,,1788204220801,1.0.0
ses_0fbb3a815ffe4TQ0MARu74P5Tr,,pillar,pillar,stop,,0,53524,1,1,,,1788204220803,1.0.0
ses_0fbb94143ffeYNKV1W1NmtiMN0,,pillar,pillar,stop,,1,96713,1,1,,silent_failure,1788204220814,1.0.0
ses_0fbbbce13ffeQ0pniPBexm4vlX,,pillar,pillar,stop,,1,114359,1,1,,silent_failure,1788204220828,1.0.0
ses_0fbbd26bbffe9bFF6Nwm6QRDnW,,pillar,pillar,stop,,1,83423,1,1,,tool_error,1788204220835,1.0.0
ses_0fbbfc548ffeU7cFwuZEvhOe8h,,lilith,lilith,stop,,0,62639,1,1,,,1788204220838,1.0.0
ses_0fbbfe79dffeiLTl1eYko3a7DM,,maat,maat,stop,,0,61351,1,1,,,1788204220842,1.0.0
ses_0fbc40d7effegciJs4T0dUW2o8,,kali,kali,stop,,8,213902,1,1,,tool_error,1788204220895,1.0.0
ses_0fbf7e7dbffeJVHgEsAePHL2PY,,researcher,researcher,unknown,,0,72609,1,1,,tool_error,1788204220903,1.0.0
ses_0fbf8157dffe3eBzrYw6vAsG8D,,lilith,lilith,,,3,,1,1,,silent_failure,1788204220922,1.0.0
ses_0fbf84314ffeL9ogyECAW3PzRU,,maat,maat,,,1,,1,1,,tool_error,1788204220931,1.0.0
ses_0fc2c96a2ffe4SCPnZQtn7fQg8,,roc_racoon,roc_racoon,stop,,1,87992,1,1,,silent_failure,1788204220943,1.0.0
ses_0fc2cc0ecffe4XBthAFEd9g3l5,,jem,jem,stop,,0,110469,1,1,,tool_error,1788204220958,1.0.0
ses_0fc2ce432ffeMnbfd7twLhvte2,,researcher,researcher,stop,,0,76731,1,1,,,1788204220964,1.0.0
ses_0fc356199ffela6gp7LekdevPu,,researcher,researcher,stop,,3,147135,1,1,,silent_failure,1788204220984,1.0.0
ses_0fc359375ffeC4FBvi0B8yaIEF,,roc_racoon,roc_racoon,stop,,2,102851,1,1,,tool_error,1788204220997,1.0.0
ses_0fc774af6ffeM2skhQYDOl6hYq,,pillar,pillar,stop,,3,92483,1,1,,silent_failure,1788204221013,1.0.0
ses_0fc775ee6ffe8iq79Rt2A3LPFB,,pillar,pillar,stop,,5,108826,1,1,,silent_failure,1788204221027,1.0.0
ses_0fc77763fffeNpHLhglTayHEvS,,pillar,pillar,stop,,2,89349,1,1,,silent_failure,1788204221036,1.0.0
ses_0fc778cfeffeYzldyVjJnQ6aM5,,pillar,pillar,stop,,0,68198,1,1,,,1788204221040,1.0.0
ses_0fc7b876affefbGWzMMwOgkKKW,,lilith,lilith,stop,,5,112686,1,1,,silent_failure,1788204221058,1.0.0
ses_0fc7d78bcffehA4OZjE6jUbLD2,,pillar,pillar,stop,,0,81056,1,1,,,1788204221066,1.0.0
ses_0fc7e55abffe0eArBDuDIKq7fw,,pillar,pillar,stop,,0,59169,1,1,,,1788204221069,1.0.0
ses_0fc850e23ffeNrJCWcKDZ3doiu,,pillar,pillar,stop,,3,141557,1,1,,silent_failure,1788204221090,1.0.0
ses_0fc879826ffeEok1iFErGi4KPk,,maat,maat,stop,,1,93157,1,1,,silent_failure,1788204221101,1.0.0
ses_0fc9e9f3affeEZNA4PQd6C6CJk,,researcher,researcher,stop,,1,113424,1,1,,silent_failure,1788204221112,1.0.0
ses_0ffaab0d5ffeNYm8pBSfCk0NvK,,pillar,pillar,,,1,,1,1,,tool_error,1788204221115,1.0.0
ses_0ffac97e4ffenBlXOeLPPsoA7Q,,pillar,pillar,stop,,1,70007,1,1,,tool_error,1788204221125,1.0.0
ses_0ffae8561ffensHDBnAWNA2zIo,,maat,maat,,,2,,1,1,,tool_error,1788204221135,1.0.0
ses_0ffc15060ffeB5vnCtfUhmNi9y,,verity,verity,stop,,0,79619,1,1,,,1788204221141,1.0.0
ses_0ffc68657ffeoAjwhxOgkwmYPA,,kali,kali,,,0,,1,1,,unknown_finish_reason,1788204221155,1.0.0
ses_0ffc7344bffeC1wWSid0wXxvqR,,kali,kali,,,0,,1,1,,tool_error,1788204221165,1.0.0
ses_0ffc75debffe2MoOrKL2IqoAXI,,verity,verity,,,0,,1,1,,tool_error,1788204221166,1.0.0
ses_0ffcac5c7ffeLBkSz5FjnBlwc9,,kali,kali,stop,,0,99807,1,1,,,1788204221181,1.0.0
ses_0ffcb5cf0ffeM1qmBQJmjTom2K,,verity,verity,stop,,0,125204,1,1,,,1788204221201,1.0.0
ses_0ffcc13e5ffeHsk7aBCxBwPmQS,,verity,verity,stop,,0,78912,1,1,,tool_error,1788204221210,1.0.0
ses_100845dacffeo1JY8A5lzX41ao,,kali,kali,stop,,0,79754,1,1,,,1788204221216,1.0.0
ses_1008b0b40ffei8C4IZs7wMoUB4,,verity,verity,,,0,,1,1,,unknown_finish_reason,1788204221224,1.0.0
ses_100b25c07ffeDd1YpeJQ7Vap6p,,pillar,pillar,,,0,,1,1,,unknown_finish_reason,1788204221236,1.0.0
ses_100b6da84ffeM9NdjZriveCtit,,pillar,pillar,stop,,1,128103,1,1,,tool_error,1788204221254,1.0.0
ses_100bbc219ffewh9TIIqKjpTnVO,,pillar,pillar,stop,,4,123359,1,1,,silent_failure,1788204221273,1.0.0
ses_100bc4349ffejAezaGZAqEzgL2,,lilith,lilith,stop,,0,116776,1,1,,,1788204221287,1.0.0
ses_100bc5fa3ffeUbnK97MLQj3gb2,,maat,maat,,,0,,1,1,,tool_error,1788204221295,1.0.0
ses_100c3d72dffeSMERJSnvpwKOzB,,pillar,pillar,stop,,0,93704,1,1,,,1788204221305,1.0.0
ses_100c3e7ffffefWIJwpPERyRQOs,,pillar,pillar,stop,,2,109114,1,1,,silent_failure,1788204221318,1.0.0
ses_100c3f8dfffeAlvt0Bal0Zy824,,pillar,pillar,stop,,0,109403,1,1,,,1788204221331,1.0.0
ses_100c409afffe5L2pfD5ca6LsiY,,pillar,pillar,stop,,1,103336,1,1,,tool_error,1788204221341,1.0.0
ses_100c85ddbffevVpLE6VocfkqGa,,pillar,pillar,stop,,1,130460,1,1,,silent_failure,1788204221362,1.0.0
ses_100c8e45fffeMFfVLI7aB6zs1d,,pillar,pillar,stop,,2,121367,1,1,,silent_failure,1788204221377,1.0.0
ses_100cb5649ffe65XAwAEZLbO9JJ,,pillar,pillar,stop,,0,91148,1,1,,tool_error,1788204221389,1.0.0
ses_100cc3856ffel57Jw76QR24imc,,pillar,pillar,stop,,4,124246,1,1,,silent_failure,1788204221411,1.0.0
ses_100cef7ccffeN0pknYb0DdD24k,,pillar,pillar,stop,,3,131011,1,1,,silent_failure,1788204221432,1.0.0
ses_100cf286effeBO78n3xocr70m9,,pillar,pillar,stop,,2,136108,1,1,,tool_error,1788204221451,1.0.0
ses_100d00c7dffelP8rZOjHgBJeSD,,lilith,lilith,stop,,0,119831,1,1,,tool_error,1788204221465,1.0.0
ses_100d0334effeFTUfrI3K6736Kn,,maat,maat,stop,,1,120184,1,1,,silent_failure,1788204221480,1.0.0
ses_100dc622dffeLUDxMJoeO2BivM,,verity,verity,stop,,0,131957,1,1,,,1788204221498,1.0.0
ses_1026d88d6ffe0EJStOeA2XAezP,,pillar,pillar,stop,,3,78514,1,1,,silent_failure,1788204221506,1.0.0
ses_10272bd1affe7xyJIOa14qhvf6,,pillar,pillar,stop,,1,90934,1,1,,silent_failure,1788204221514,1.0.0
ses_10273a5b1ffeUhqnxnLRofziCJ,,pillar,pillar,,,0,,1,1,,unknown_finish_reason,1788204221515,1.0.0
ses_1029030b9ffeuO5ZY7DvMN4JKU,,pillar,pillar,unknown,,3,,1,1,,silent_failure,1788204221527,1.0.0
ses_102912921ffeWNqgUA65oCv4LT,,pillar,pillar,,,0,,1,1,,unknown_finish_reason,1788204221528,1.0.0
ses_1029ee179ffeN5nhU6pJ8vN92i,,pillar,pillar,stop,,1,92300,1,1,,silent_failure,1788204221538,1.0.0
ses_102d506cfffeOizgj6waE59RiH,,pillar,pillar,unknown,,5,,1,1,,tool_error,1788204221563,1.0.0
ses_102d8ac7cffeQvRGJipuQAGMW4,,pillar,pillar,stop,,5,112893,1,1,,silent_failure,1788204221579,1.0.0
ses_102daf4edffehvj4LvNzYgGu3B,,pillar,pillar,stop,,5,119612,1,1,,silent_failure,1788204221598,1.0.0
ses_102dbf869ffe7Nlx2eBFdqkSyv,,lilith,lilith,stop,,6,149172,1,1,,tool_error,1788204221622,1.0.0
ses_102df31a0ffeziTOBdjwoENwsk,,pillar,pillar,stop,,0,104932,1,1,,,1788204221636,1.0.0
ses_102e5523dffektyX4qEw37esZ1,,pillar,pillar,stop,,3,125019,1,1,,tool_error,1788204221655,1.0.0
ses_102e8c6b0ffeLTsLzOrFuDxLGw,,pillar,pillar,stop,,2,113658,1,1,,silent_failure,1788204221671,1.0.0
ses_102e9d3dfffeUssqC0IbdY9l4Y,,maat,maat,stop,,1,113530,1,1,,silent_failure,1788204221686,1.0.0
ses_10320a2f7ffeqthmfuTRrMWHpQ,,maat,maat,stop,,0,50099,1,1,,,1788204221687,1.0.0
ses_10320a962ffeZZysy9116QnS10,,kali,kali,stop,,0,50195,1,1,,,1788204221688,1.0.0
ses_103215b0bffeMCYxrtqj9pJcFj,,maat,maat,unknown,,0,50278,1,1,,unknown_finish_reason,1788204221690,1.0.0
ses_103216000ffeTrdLQ1Fyt6gOVp,,kali,kali,unknown,,0,50534,1,1,,unknown_finish_reason,1788204221691,1.0.0
ses_103216686ffe4v1etR8wmZeSCO,,doom_guy,doom_guy,stop,,0,49992,1,1,,,1788204221692,1.0.0
ses_103216a62ffePkWdv433ZcpUly,,john_carmack,john_carmack,stop,,0,50781,1,1,,,1788204221693,1.0.0
ses_103217062ffemPJEZo72RvV6LW,,roc_racoon,roc_racoon,stop,,0,50804,1,1,,,1788204221694,1.0.0
ses_103217656ffeWXNaOP0t3s2lyY,,lilith,lilith,stop,,0,50607,1,1,,,1788204221695,1.0.0
ses_10321a7e7ffe6YbkLLUn418NrS,,plan,plan,stop,,0,56057,1,1,,,1788204221696,1.0.0
ses_10323f83dffeR7wHWLf6PWA6Wa,,plan,plan,,,0,,1,1,,unknown_finish_reason,1788204221697,1.0.0
ses_1032707a7ffeHmy40QaYMYx8nm,,plan,plan,,,0,,1,1,,unknown_finish_reason,1788204221698,1.0.0
ses_103286a2effePrcyk6NOMAaL73,,plan,plan,,,0,,1,1,,unknown_finish_reason,1788204221699,1.0.0
ses_1032cb292ffe986srw2SL9WQLU,,jem,jem,stop,,0,86919,1,1,,,1788204221706,1.0.0
ses_1032fa127ffem6rM8pYmQFlJqR,,researcher,researcher,stop,,0,133661,1,1,,,1788204221719,1.0.0
ses_103e2a180ffeBzVq0SaoPGJeyI,,researcher,researcher,stop,,0,129474,1,1,,,1788204221734,1.0.0
ses_103e7305bffeRxHVBcbCZOhgpS,,researcher,researcher,stop,,0,82295,1,1,,tool_error,1788204221742,1.0.0
ses_104016739ffe61q8Y3PzULUS3k,,verity,verity,stop,,0,69172,1,1,,,1788204221746,1.0.0
ses_104023e6affe1GK9TEudP0xEVI,,kali,kali,stop,,0,162197,1,1,,tool_error,1788204221772,1.0.0
ses_1042d48dbffeoqEJwJWNKEk1EM,,john_carmack,john_carmack,stop,,0,52120,1,1,,,1788204221774,1.0.0
ses_1042d64ddffe3XTQnUAOn57La0,,maat,maat,stop,,0,51755,1,1,,,1788204221775,1.0.0
ses_1042d7b44ffeubeQzURb23brHY,,lilith,lilith,stop,,0,51520,1,1,,,1788204221777,1.0.0
ses_1042d9813ffeINsDTUKY7j4gi1,,researcher,researcher,stop,,0,77519,1,1,,tool_error,1788204221781,1.0.0
ses_1042db4cdffejz7w4jV4dx7Q1K,,roc_racoon,roc_racoon,stop,,0,88321,1,1,,tool_error,1788204221787,1.0.0
ses_104406278ffesWgwFPYjd639QV,,researcher,researcher,stop,,0,57731,1,1,,,1788204221790,1.0.0
ses_10440790effe40499MC3mOumGy,,maat,maat,stop,,0,51751,1,1,,,1788204221791,1.0.0
ses_104408e78ffeSWFfobxiVPVirZ,,lilith,lilith,stop,,0,51825,1,1,,,1788204221792,1.0.0
ses_1047c6ebfffet52MZHPhrbXYz1,,verity,verity,stop,,2,190155,1,1,,tool_error,1788204221807,1.0.0
ses_10489a458ffeTTLuUBKcO3tFnO,,lilith,lilith,stop,,0,51213,1,1,,,1788204221809,1.0.0
ses_10489c112ffeps6DmZsJu7l2yL,,researcher,researcher,stop,,0,81259,1,1,,,1788204221813,1.0.0
ses_10489dac1ffeJW7Sn7jIm3Lt3J,,john_carmack,john_carmack,stop,,0,52172,1,1,,,1788204221814,1.0.0
ses_10497950cffeXIpYTDCbz5FAS6,,researcher,researcher,stop,,0,75910,1,1,,,1788204221819,1.0.0
ses_10497ac3cffeaM3N4Ly75EJv4j,,roc_racoon,roc_racoon,stop,,0,59104,1,1,,,1788204221821,1.0.0
ses_10579b3e4ffegiokILlVgZNsWL,,pillar,pillar,stop,,2,118069,1,1,,silent_failure,1788204221834,1.0.0
ses_10579cf62ffew61PscvkkP1sdS,,pillar,pillar,stop,,3,129532,1,1,,tool_error,1788204221845,1.0.0
ses_10579e58cffeJmgmvZAsYbkYb4,,pillar,pillar,stop,,1,109219,1,1,,silent_failure,1788204221854,1.0.0
ses_1057a2364ffe0cCqirzxJ84aSc,,researcher,researcher,stop,,0,117265,1,1,,,1788204221864,1.0.0
ses_1057a47e8ffeUhWCFWyDXe0ciV,,pillar,pillar,stop,,0,87847,1,1,,,1788204221869,1.0.0
ses_105902aebffeJrXa82im6kewu9,,verity,verity,stop,,1,78000,1,1,,silent_failure,1788204221875,1.0.0
ses_105903e27ffeYauuphARKgvIFQ,,roc_racoon,roc_racoon,stop,,0,98423,1,1,,,1788204221882,1.0.0
ses_105a2b3d9ffeeejvpY1VKXes39,,kali,kali,stop,,1,96251,1,1,,tool_error,1788204221886,1.0.0
ses_105a381deffeAidEtRP02llc9F,,researcher,researcher,stop,,0,54407,1,1,,,1788204221888,1.0.0
ses_105a39f19ffeexvUxJTcUfHsEE,,explore,explore,stop,,0,69794,1,1,,,1788204221891,1.0.0
ses_105a4e5deffeb6XOTnrOlmwYtP,,jem,jem,stop,,0,81018,1,1,,,1788204221894,1.0.0
ses_105a89c3effe377DCn3TdqC3Ib,,researcher,researcher,stop,,0,99063,1,1,,tool_error,1788204221900,1.0.0
ses_105ac91c9ffer86gH3lx1c0Joa,,jem,jem,stop,,0,81670,1,1,,,1788204221903,1.0.0
ses_105b0282affesDGDe47pmNiFAK,,researcher,researcher,stop,,0,92042,1,1,,,1788204221907,1.0.0
ses_105b300ddffeTMsAWXroc2k7n7,,jem,jem,stop,,0,82576,1,1,,,1788204221910,1.0.0
ses_105b5c014ffedjjdD3oWlMHV4Z,,researcher,researcher,stop,,0,84328,1,1,,,1788204221913,1.0.0
ses_105ca8864ffeajb0IbpqYABeKb,,explore,explore,stop,,0,61952,1,1,,,1788204221916,1.0.0
ses_105cf36c9ffe6EsyQvfeTKW0wA,,researcher,researcher,stop,,0,84377,1,1,,,1788204221921,1.0.0
ses_105cfd1ffffenmEu2G2dT3w3rv,,jem,jem,stop,,0,80187,1,1,,,1788204221925,1.0.0
ses_105cff465ffe0V1S2NA1wXYRwH,,researcher,researcher,stop,,0,118749,1,1,,,1788204221932,1.0.0
ses_105d02200ffeAKgFss8oOn1Fzp,,jem,jem,stop,,0,184240,1,1,,tool_error,1788204221944,1.0.0
ses_105d128cdffe7grVjXuPM1C2lS,,roc_racoon,roc_racoon,stop,,0,98562,1,1,,,1788204221950,1.0.0
ses_105d140b1ffes3hgDJC9Dw4RQN,,researcher,researcher,stop,,0,77226,1,1,,,1788204221952,1.0.0
ses_105d157f9ffe9VrDDqfNkN6OxF,,john_carmack,john_carmack,stop,,0,68899,1,1,,,1788204221954,1.0.0
ses_105d17266ffer1qJxy3ureJATk,,kali,kali,stop,,0,75056,1,1,,,1788204221955,1.0.0
ses_105e6aee1ffeLNb1icughRRYIu,,explore,explore,stop,,1,91985,1,1,,silent_failure,1788204221962,1.0.0
ses_105e6b919ffeAeYZn2hreg4Etm,,explore,explore,stop,,0,43694,1,1,,,1788204221964,1.0.0
ses_105fc2567ffetGw9CvUa5xKNBK,,verity,verity,stop,,2,116537,1,1,,tool_error,1788204221974,1.0.0
ses_106007fa3ffeDEtcQuOSK4Jh5Z,,researcher,researcher,stop,,0,139831,1,1,,,1788204221983,1.0.0
ses_10607ddb2ffeRxTWZsEFIvR1cO,,explore,explore,stop,,1,99035,1,1,,silent_failure,1788204221995,1.0.0
ses_1060804e6ffeJk35nuPin2sBZE,,build,build,,,2,,1,1,,tool_error,1788204222061,1.0.0
ses_107ea1cabffeqgbZfy08zho7f5,,pillar,pillar,stop,,1,106659,1,1,,silent_failure,1788204222069,1.0.0
ses_107ea2967ffeSi7EQELZLNU0A4,,pillar,pillar,stop,,0,97596,1,1,,,1788204222075,1.0.0
ses_107ea369affeOp1ELouesWveh0,,pillar,pillar,stop,,0,96460,1,1,,,1788204222079,1.0.0
ses_107ea4433ffeaTesI4HcNNnWWA,,pillar,pillar,stop,,0,102729,1,1,,,1788204222085,1.0.0
ses_107ef1361ffe4Co8P60kmJVUPJ,,pillar,pillar,stop,,1,131434,1,1,,tool_error,1788204222096,1.0.0
ses_107f22623ffenjMf3PD3mKoHPC,,explore,explore,stop,,0,49571,1,1,,,1788204222099,1.0.0
ses_107f23c8fffeW1IpAwoJcVAzEH,,pillar,pillar,stop,,2,149571,1,1,,tool_error,1788204222109,1.0.0
ses_107f4dbd0ffeuydVSAWE52fNSJ,,pillar,pillar,stop,,0,130048,1,1,,,1788204222120,1.0.0
ses_107f5a41dffeo56Rxn1emoSawz,,lilith,lilith,stop,,1,130759,1,1,,silent_failure,1788204222127,1.0.0
ses_107faee5cffeB5aiwxK7dKc5cT,,pillar,pillar,stop,,2,124150,1,1,,tool_error,1788204222139,1.0.0
ses_107ff1e2dffeMerKFNF0PiBn4d,,pillar,pillar,stop,,3,116664,1,1,,silent_failure,1788204222149,1.0.0
ses_10805098cffeiFWLmpNV7CjvMr,,pillar,pillar,stop,,0,96098,1,1,,,1788204222156,1.0.0
ses_10805be46ffeElHk0FNPjj4IPR,,maat,maat,stop,,0,100069,1,1,,,1788204222161,1.0.0
ses_108890764ffeHS2EFFIncWJa2S,,researcher,researcher,stop,,0,84255,1,1,,,1788204222164,1.0.0
ses_108adfd09ffe43czheSgnFmlHr,,verity,verity,stop,,0,99092,1,1,,,1788204222171,1.0.0
ses_108b2169effefmGy2YviQP0CAR,,researcher,researcher,stop,,2,125266,1,1,,silent_failure,1788204222179,1.0.0
ses_108e27981ffesPY77EWydLCfo2,,verity,verity,stop,,0,90535,1,1,,tool_error,1788204222185,1.0.0
ses_108ecdcd2ffe8z37Mv3nk0TegB,,verity,verity,unknown,,0,78496,1,1,,tool_error,1788204222189,1.0.0
ses_10903595dffek4Jq5AUlfk2xSD,,general,general,stop,,0,72058,1,1,,tool_error,1788204222190,1.0.0
ses_1090997c4ffeNfpNYCehmkQ8cF,,researcher,researcher,stop,,0,74319,1,1,,,1788204222193,1.0.0
ses_10909b63bffevxAy9aSYZXZItT,,researcher,researcher,stop,,0,109872,1,1,,,1788204222197,1.0.0
ses_10909d690ffehVqgWn9UbYbanu,,researcher,researcher,stop,,0,81857,1,1,,,1788204222201,1.0.0
ses_10909f88affedF5tqzPRcOGbMw,,researcher,researcher,stop,,2,112794,1,1,,silent_failure,1788204222205,1.0.0
ses_10912ff32ffezJNZ4ixxDluecQ,,jem,jem,stop,,0,114112,1,1,,tool_error,1788204222211,1.0.0
ses_1091759bdffecBu1uy2ZBqrCBO,,researcher,researcher,,,0,,1,1,,unknown_finish_reason,1788204222212,1.0.0
ses_1091784e2ffecWUQzkk0jC3T4P,,researcher,researcher,,,0,,1,1,,unknown_finish_reason,1788204222213,1.0.0
ses_10917af5dffe0CXyGiaRdrZo4h,,researcher,researcher,,,0,,1,1,,unknown_finish_reason,1788204222213,1.0.0
ses_10918a4f5ffe5qSkCqd1BHhxxG,,jem,jem,,,0,,1,1,,tool_error,1788204222217,1.0.0
ses_109244021ffendDsiByQgTs4ge,,verity,verity,stop,,0,74537,1,1,,,1788204222220,1.0.0
ses_10934209affeORYdG5HEzZqhdT,,roc_racoon,roc_racoon,stop,,0,151115,1,1,,,1788204222231,1.0.0
ses_10946876bffe65iwhruUb00Mmw,,roc_racoon,roc_racoon,stop,,0,140275,1,1,,,1788204222240,1.0.0
ses_1097f6e4effeD3XlMK8EMad1CA,,pillar,pillar,,,1,,1,1,,tool_error,1788204222249,1.0.0
ses_1099c8466ffes5Uit9BXzC0f9j,,pillar,pillar,stop,,1,135407,1,1,,silent_failure,1788204222260,1.0.0
ses_1099ec333ffemgWKqsOb6aCUls,,lilith,lilith,stop,,1,153063,1,1,,tool_error,1788204222270,1.0.0
ses_1099edc62ffeN5hTkWJXwopMKS,,maat,maat,,,0,,1,1,,tool_error,1788204222272,1.0.0
ses_109a982c4ffeFFdLJRPGRCJjxA,,verity,verity,stop,,0,123377,1,1,,,1788204222279,1.0.0
ses_109bef861ffeuByj418nbxZBcq,,verity,verity,,,3,,1,1,,tool_error,1788204222294,1.0.0
ses_109dd23feffew3DSA9zGPupdw0,,researcher,researcher,stop,,0,113796,1,1,,,1788204222302,1.0.0
ses_109e4ec76ffeP7fmJaz9T6g8XQ,,researcher,researcher,stop,,0,69303,1,1,,,1788204222304,1.0.0
ses_109e8d298ffelP5cAMNenUOUJS,,researcher,researcher,stop,,0,89061,1,1,,,1788204222308,1.0.0
ses_109ef767cffeKRpJCILCFJLKS0,,roc_racoon,roc_racoon,stop,,1,143592,1,1,,tool_error,1788204222320,1.0.0
ses_109f01047ffe172xHugIH7fewi,,kali,kali,,,10,,1,1,,tool_error,1788204222617,1.0.0
ses_109fe500effehb4V2LuqfkuIug,,build,build,,,0,,1,1,,unknown_finish_reason,1788204222619,1.0.0
ses_10a19b598ffeZ4e8pUZg5a1GZx,,doom_guy,doom_guy,stop,,0,81768,1,1,,,1788204222625,1.0.0
ses_10a19bfdeffesh2Id1xTOG6LYq,,roc_racoon,roc_racoon,,,0,,1,1,,unknown_finish_reason,1788204222642,1.0.0
ses_10a19cbb6ffeXNJDcE7l4woi2V,,roc_racoon,roc_racoon,,,0,,1,1,,unknown_finish_reason,1788204222655,1.0.0
ses_10a19d746ffey7gwPvMDPeagPT,,roc_racoon,roc_racoon,,,0,,1,1,,tool_error,1788204222668,1.0.0
ses_10a19e194ffeZ455Ob7bq5Tw8v,,explore,explore,stop,,3,92672,1,1,,silent_failure,1788204222678,1.0.0
ses_10a19e344ffe7htJ66jiNqvftX,,roc_racoon,roc_racoon,,,0,,1,1,,tool_error,1788204222689,1.0.0
ses_10a19ed11ffeCWuNpMY8bR19ux,,roc_racoon,roc_racoon,,,0,,1,1,,unknown_finish_reason,1788204222702,1.0.0
ses_10a19f6a5ffesLiS6qYcSobYcZ,,jem,jem,stop,,2,139152,1,1,,tool_error,1788204222712,1.0.0
ses_10a1a0f78ffeeYlPRojSYwVJOV,,john_carmack,john_carmack,,,2,,1,1,,silent_failure,1788204222717,1.0.0
ses_10a1a2b6cffeLs334PEembSlkh,,doom_guy,doom_guy,,,0,,1,1,,unknown_finish_reason,1788204222718,1.0.0
ses_10a1a40a7ffeka5hu5RPIeXHl0,,roc_racoon,roc_racoon,,,0,,1,1,,tool_error,1788204222720,1.0.0
ses_10a255957ffeOcQSIiQrtVsePi,,verity,verity,stop,,0,81418,1,1,,,1788204222723,1.0.0
ses_10a261554ffek4OC96fKjooOMH,,verity,verity,stop,,0,74326,1,1,,,1788204222725,1.0.0
ses_10a348243ffe8P63EKTtnnBuMa,,verity,verity,stop,,0,79900,1,1,,,1788204222728,1.0.0
ses_10a354f58ffevFvCiQ74KaiWa1,,verity,verity,stop,,0,71595,1,1,,,1788204222729,1.0.0
ses_10a39570cffey7Est9oBRAfjc7,,pillar,pillar,stop,,0,90007,1,1,,,1788204222735,1.0.0
ses_10a396450ffes8r8RMzHCfVtkv,,pillar,pillar,stop,,0,94641,1,1,,,1788204222742,1.0.0
ses_10a39728cffexZei39DLTxFxqB,,pillar,pillar,stop,,1,118624,1,1,,silent_failure,1788204222751,1.0.0
ses_10a3983bfffeURGckJrVBRRLxN,,pillar,pillar,stop,,1,104923,1,1,,tool_error,1788204222757,1.0.0
ses_10a46573cffeJoQk5PhPDszFOD,,verity,verity,stop,,0,72421,1,1,,,1788204222759,1.0.0
ses_10a47b7d5ffeAtKNziIAkmvx5o,,verity,verity,stop,,0,76909,1,1,,,1788204222760,1.0.0
ses_10a4921b9fferSccX9aVx7aGcP,,roc_racoon,roc_racoon,stop,,2,121413,1,1,,tool_error,1788204222767,1.0.0
ses_10a4939d4ffeKZ22E10LgHrkQt,,verity,verity,stop,,0,75435,1,1,,,1788204222769,1.0.0
ses_10a495831ffeP53KN0aVDXC11J,,john_carmack,john_carmack,stop,,1,95228,1,1,,silent_failure,1788204222772,1.0.0
ses_10a497ac6ffei1G8GAlnfGctSg,,researcher,researcher,stop,,0,98128,1,1,,,1788204222776,1.0.0
ses_10a4b756fffeLxRAlMm59m20pQ,,pillar,pillar,stop,,0,102753,1,1,,,1788204222783,1.0.0
ses_10a5a7bc5ffekp0EcEzPmBBlS5,,pillar,pillar,stop,,5,149513,1,1,,silent_failure,1788204222797,1.0.0
ses_10a5ed5b1ffewP2nsN2zsvolzG,,explore,explore,stop,,1,71415,1,1,,silent_failure,1788204222807,1.0.0
ses_10a6069d7ffeYVZGnpWt2RS3DW,,pillar,pillar,stop,,0,85909,1,1,,,1788204222811,1.0.0
ses_10a617dc7ffeQh2f2zTsDTp1Uh,,john_carmack,john_carmack,stop,,0,68951,1,1,,,1788204222813,1.0.0
ses_10a618a7fffeSYlLRB24ETvhG9,,roc_racoon,roc_racoon,stop,,1,96852,1,1,,silent_failure,1788204222818,1.0.0
ses_10a61966effeVPiVx6RNaslgwz,,researcher,researcher,stop,,0,140286,1,1,,tool_error,1788204222827,1.0.0
ses_10a62451fffe03DhHmSLJ08MFT,,pillar,pillar,stop,,0,106773,1,1,,tool_error,1788204222834,1.0.0
ses_10a62cfcaffelVT7fYqM4qG355,,jem,jem,stop,,0,77366,1,1,,,1788204222838,1.0.0
ses_10a630166ffe1MHvwQRmVoPx7C,,pillar,pillar,stop,,3,138898,1,1,,silent_failure,1788204222850,1.0.0
ses_10a63e14fffe8T3TKFsdBU6eZT,,pillar,pillar,stop,,0,86210,1,1,,tool_error,1788204222854,1.0.0
ses_10a64bd76ffeIXVEsnB93uRpk5,,lilith,lilith,stop,,0,114440,1,1,,tool_error,1788204222862,1.0.0
ses_10a64e055ffe48pxtxbzR71fdR,,maat,maat,stop,,0,121518,1,1,,,1788204222873,1.0.0
ses_10a64fe7affef8yFMWPysaxqS0,,roc_racoon,roc_racoon,stop,,0,125537,1,1,,,1788204222884,1.0.0
ses_10a98eb27ffe0jnlw91csWfp0N,,kali,kali,stop,,0,156772,1,1,,tool_error,1788204222896,1.0.0
ses_10a993acaffepgMLNvK84oaT76,,jem,jem,stop,,0,140628,1,1,,tool_error,1788204222906,1.0.0
ses_10a996ec3ffeuOw0zs7a03z201,,researcher,researcher,stop,,0,142864,1,1,,tool_error,1788204222915,1.0.0
ses_10aa2db64ffeo1jxOnbhAtLJfR,,jem,jem,stop,,0,104673,1,1,,,1788204222929,1.0.0
ses_10aa323a8ffexFcSQt4tW846ev,,researcher,researcher,stop,,0,110352,1,1,,,1788204222942,1.0.0
ses_10ab88fafffeXtTLiFL74Ormio,,jem,jem,stop,,6,136750,1,1,,tool_error,1788204222967,1.0.0
ses_10ab8de57fferXy0j0xH7LD3k6,,researcher,researcher,stop,,2,123458,1,1,,tool_error,1788204222975,1.0.0
ses_10abe50b5ffepYy6YrrnF5j5AS,,roc_racoon,roc_racoon,stop,,0,156367,1,1,,tool_error,1788204222987,1.0.0
ses_10ac18b0dffeyO0tjPxFwM4wt6,,explore,explore,stop,,2,83662,1,1,,silent_failure,1788204222994,1.0.0
ses_10c041871ffemRgD2dYneKc8Wf,,explore,explore,stop,,0,56592,1,1,,tool_error,1788204222997,1.0.0
ses_10c1af62bffeaqAy7DeERkryOO,,explore,explore,stop,,0,46980,1,1,,,1788204222999,1.0.0
ses_10c1b89bfffe4TyBDB45sY8bOE,,researcher,researcher,stop,,0,71440,1,1,,,1788204223001,1.0.0
ses_10c1c4896ffeoD6IMWq766Dc9Z,,john_carmack,john_carmack,stop,,1,73229,1,1,,silent_failure,1788204223002,1.0.0
ses_10c1c51c7ffe00WBtWrCsPYum3,,jem,jem,,,1,,1,1,,silent_failure,1788204223006,1.0.0
ses_10c226dd4ffed9Gkk230k0i8hy,,pillar,pillar,,,0,,1,1,,unknown_finish_reason,1788204223007,1.0.0
ses_10c27482dffeUjrSNCGyyfXeFW,,explore,explore,unknown,,0,39817,1,1,,unknown_finish_reason,1788204223008,1.0.0
ses_10c2846abffeXEozkfbaUDe86l,,verity,verity,stop,,0,76042,1,1,,,1788204223010,1.0.0
ses_10c2b257effeNPkF0k4vzUvhBW,,researcher,researcher,stop,,0,74154,1,1,,,1788204223012,1.0.0
ses_10c316751ffewsVihZTAPICHec,,verity,verity,stop,,0,124766,1,1,,,1788204223019,1.0.0
ses_10c33bec9ffepJ8fSVLlbZ3xNJ,,pillar,pillar,stop,,0,68362,1,1,,,1788204223021,1.0.0
ses_10c34b268ffe4HB3wgNB0d9PAe,,pillar,pillar,stop,,0,68338,1,1,,,1788204223022,1.0.0
ses_10c35aecdffe6BQvlAHjr8v0pY,,pillar,pillar,stop,,0,69567,1,1,,,1788204223023,1.0.0
ses_10c362400ffeVC9QMUDedKmksI,,pillar,pillar,stop,,0,68560,1,1,,,1788204223024,1.0.0
ses_10c36cd29ffeZhDse3FM5nfsB1,,lilith,lilith,stop,,0,70456,1,1,,,1788204223025,1.0.0
ses_10c39c418ffe2Evbz5fxjTMbw1,,roc_racoon,roc_racoon,stop,,1,129129,1,1,,silent_failure,1788204223032,1.0.0
ses_10c39e819ffeQi6SlDnJ3SIt1U,,researcher,researcher,stop,,1,82648,1,1,,silent_failure,1788204223035,1.0.0
ses_10c3a06e4ffesPPT05k8ZUMQKk,,john_carmack,john_carmack,,,0,,1,1,,unknown_finish_reason,1788204223041,1.0.0
ses_10c3a2c15ffeA3n4huupTMEWm0,,jem,jem,,,0,,1,1,,tool_error,1788204223046,1.0.0
ses_10c3e0060ffeyslzwacW4SZtza,,pillar,pillar,,,1,,1,1,,silent_failure,1788204223049,1.0.0
ses_10c3e186affeN4m0VgVhUn7tYv,,john_carmack,john_carmack,,,0,,1,1,,unknown_finish_reason,1788204223052,1.0.0
ses_10c3e300fffe4zHoghY2dQjmUw,,roc_racoon,roc_racoon,,,0,,1,1,,unknown_finish_reason,1788204223052,1.0.0
ses_10c3e4678ffeHhwCUaYiHuOEUN,,researcher,researcher,,,0,,1,1,,tool_error,1788204223053,1.0.0
ses_10c3e5b50ffeg91f8mdW7QQXtV,,john_carmack,john_carmack,,,0,,1,1,,tool_error,1788204223054,1.0.0
ses_10c3e7273ffegpF0CDJ0HIN9cJ,,jem,jem,,,0,,1,1,,unknown_finish_reason,1788204223060,1.0.0
ses_10c406123ffex4PXmfbpKbGvP3,,pillar,pillar,stop,,1,148459,1,1,,tool_error,1788204223071,1.0.0
ses_10c420c17ffepeNL8uyxO4FLac,,pillar,pillar,stop,,1,106255,1,1,,silent_failure,1788204223078,1.0.0
ses_10c431fadffeXkr9a9RL7bRLNL,,lilith,lilith,,,3,,1,1,,tool_error,1788204223091,1.0.0
ses_10c46e0bbffeveRtsGHLgc0Xix,,pillar,pillar,stop,,0,118107,1,1,,,1788204223098,1.0.0
ses_10c4927f8ffecgBsL57nG83hc9,,pillar,pillar,stop,,0,114441,1,1,,,1788204223105,1.0.0
ses_10c4b96d1ffePaFMvBHr7mqNUx,,pillar,pillar,stop,,0,130567,1,1,,,1788204223112,1.0.0
ses_10c4c71a3ffeDsCJUu0zHGXPix,,maat,maat,stop,,0,117551,1,1,,,1788204223127,1.0.0
ses_10c538525ffeJksgq9Y9XCnPUV,,pillar,pillar,stop,,0,138252,1,1,,tool_error,1788204223135,1.0.0
ses_10c55cb5cffeqVcSEE7QHL0cpi,,pillar,pillar,stop,,0,118419,1,1,,,1788204223145,1.0.0
ses_10c57abb2ffejVvGypN4MO66z9,,pillar,pillar,stop,,0,115023,1,1,,,1788204223153,1.0.0
ses_10c614b42ffeLDkYjXO4ZRzy4r,,pillar,pillar,stop,,0,100417,1,1,,,1788204223160,1.0.0
ses_10c655dafffeYX8g5ywO86SXTN,,pillar,pillar,stop,,0,131300,1,1,,tool_error,1788204223170,1.0.0
ses_10c6788a2ffe8IRUEvmIqDlxR7,,pillar,pillar,stop,,3,121295,1,1,,tool_error,1788204223178,1.0.0
ses_10c6a16a2ffeC0nn9a11zKzba6,,pillar,pillar,stop,,3,120973,1,1,,tool_error,1788204223186,1.0.0
ses_10c6a9b98ffebB5Mymh6EUuomJ,,lilith,lilith,stop,,0,113369,1,1,,,1788204223196,1.0.0
ses_10c6aa860ffeYqZ4CjtduHV42B,,explore,explore,stop,,2,97500,1,1,,tool_error,1788204223206,1.0.0
ses_10c6ab5fbffe4UJcTNfbkbmQYI,,explore,explore,stop,,3,79659,1,1,,silent_failure,1788204223211,1.0.0
ses_10c752ca5ffeP5E7f0WU4bGoPJ,,pillar,pillar,stop,,0,90027,1,1,,,1788204223217,1.0.0
ses_10c78d359ffeQYDQmG6yhSTUhZ,,explore,explore,stop,,3,116447,1,1,,tool_error,1788204223227,1.0.0
ses_10c790b65ffepzG4By9DEKAqDm,,pillar,pillar,stop,,1,91180,1,1,,silent_failure,1788204223230,1.0.0
ses_10c7c384cffeHK51fzGbVNyhjI,,explore,explore,stop,,5,110629,1,1,,tool_error,1788204223241,1.0.0
ses_10c7c775bffek82lhGjiQhvnJW,,pillar,pillar,stop,,0,99558,1,1,,,1788204223246,1.0.0
ses_10c7ce25bffeEnF9M6oRJPtCzo,,maat,maat,stop,,0,94287,1,1,,,1788204223249,1.0.0
ses_10c812488ffehqgZDFmsNyjCG5,,researcher,researcher,stop,,1,125260,1,1,,silent_failure,1788204223258,1.0.0
ses_10c8a2ad9ffe0LaLFl9y6rbNA5,,kali,kali,,,2,,1,1,,tool_error,1788204223299,1.0.0
ses_10cb14438ffeC6dw5535NAdwTg,,kali,kali,,,0,,1,1,,tool_error,1788204223323,1.0.0
ses_10d300138ffeXI5TA6UilZvBQ5,,maat,maat,stop,,6,140687,1,1,,silent_failure,1788204223347,1.0.0
ses_10f57d1c9ffexPdAqs3HEBQKHb,,kali,kali,stop,,5,183080,1,1,,silent_failure,1788204223363,1.0.0
ses_10f795b78ffehVeiHJljOq7m7t,,verity,verity,stop,,2,163222,1,1,,tool_error,1788204223382,1.0.0
ses_10f8d4ccbffeODDCxjrAWwsvoM,,roc_racoon,roc_racoon,stop,,0,118603,1,1,,,1788204223388,1.0.0
ses_10fc7b569ffeZT2FgyKjvrNZ29,,verity,verity,,,2,,1,1,,tool_error,1788204223402,1.0.0
ses_10fd315acffeDg72nD0A4QZsjG,,verity,verity,,,2,,1,1,,silent_failure,1788204223411,1.0.0
ses_10fe04b44ffeDhDb3ajTWJfF2c,,verity,verity,stop,,0,98037,1,1,,,1788204223415,1.0.0
ses_1102efb56ffe0GRIdD3gkSwACU,,verity,verity,stop,,0,84166,1,1,,,1788204223417,1.0.0
ses_110360286ffeZvMDan7345TWnQ,,verity,verity,error,,0,83313,1,1,,unknown,1788204223418,1.0.0
ses_11036f7b2ffe2de2OD6pIHEoN3,,researcher,researcher,unknown,,0,83894,1,1,,unknown_finish_reason,1788204223420,1.0.0
ses_1103ab155ffetXLXluQ3bwfXYX,,researcher,researcher,error,,0,84229,1,1,,unknown,1788204223421,1.0.0
ses_1103ab183ffeL2ho53giAPQiCT,,verity,verity,stop,,0,98246,1,1,,tool_error,1788204223424,1.0.0
ses_1103d213bffe0pUUBsPd3HmX23,,researcher,researcher,length,,0,77626,1,1,,token_limit,1788204223425,1.0.0
ses_1103de8e9ffeMhsO9iJkVW1ZRy,,kali,kali,,,20,,1,1,,tool_error,1788204223559,1.0.0
ses_1104bc3c5ffeHc8sR38YJ6ioRZ,,verity,verity,,,0,,1,1,,unknown_finish_reason,1788204223563,1.0.0
ses_1104eb51fffek2UX47J0ruOsnQ,,maat,maat,stop,,0,84821,1,1,,,1788204223565,1.0.0
ses_1104edcb0ffetfnqFsKHGv7CLS,,researcher,researcher,stop,,2,129205,1,1,,silent_failure,1788204223586,1.0.0
ses_1104ee02affe0U5b2cD1IuubR8,,lilith,lilith,stop,,0,85147,1,1,,,1788204223587,1.0.0
ses_11052a1c6ffevS0WEzslqX712p,,maat,maat,,,0,,1,1,,unknown_finish_reason,1788204223588,1.0.0
ses_11052c822ffem0I2RUwcYuvunx,,lilith,lilith,,,0,,1,1,,unknown_finish_reason,1788204223590,1.0.0
ses_110542874ffehXXbLRI2YNx7Sl,,researcher,researcher,,,1,,1,1,,silent_failure,1788204223600,1.0.0
ses_110604440ffe5mGD8NFiIJVBD3,,jem,jem,stop,,10,163125,1,1,,silent_failure,1788204223615,1.0.0
ses_110607428ffeNKer1PR8kAUpJj,,researcher,researcher,stop,,13,144356,1,1,,tool_error,1788204223637,1.0.0
ses_110629c8effeMoFQH49ZnEwtOP,,kali,kali,stop,,3,65463,1,1,,tool_error,1788204223665,1.0.0
ses_1106b34e9ffeu5yYUAqVIdM5gM,,researcher,researcher,stop,,9,113652,1,1,,tool_error,1788204223677,1.0.0
ses_11077d6a1ffebFhgvLqHO5QSMU,,roc_racoon,roc_racoon,stop,,11,122053,1,1,,tool_error,1788204223704,1.0.0
ses_111d8cf99ffeNTEg1ANTXzbRKV,,lilith,lilith,stop,,5,147044,1,1,,tool_error,1788204223713,1.0.0
ses_111ef3050ffeCUIF9CEnQMvpBP,,pillar,pillar,stop,,0,124246,1,1,,tool_error,1788204223727,1.0.0
ses_111ef3b78ffewfaLCwZaDlw18G,,pillar,pillar,stop,,3,137773,1,1,,tool_error,1788204223739,1.0.0
ses_111ef4919ffes3DCOh7nhVFFoR,,pillar,pillar,stop,,0,134317,1,1,,,1788204223748,1.0.0
ses_111ef538cffeoGc3M4gzBu7fLk,,pillar,pillar,stop,,0,120519,1,1,,,1788204223756,1.0.0
ses_111f53191ffegtMfNjJnHRmzw3,,pillar,pillar,stop,,1,135341,1,1,,tool_error,1788204223768,1.0.0
ses_111f678ddffe36elqrbOlmDSjX,,pillar,pillar,stop,,2,144286,1,1,,silent_failure,1788204223780,1.0.0
ses_111fa3b5cffeJrFK0zfs7qEWY7,,pillar,pillar,stop,,6,146366,1,1,,silent_failure,1788204223793,1.0.0
ses_111faaa62ffeUBEc0pttH0TtCx,,pillar,pillar,stop,,2,138069,1,1,,silent_failure,1788204223803,1.0.0
ses_111fd2ba3ffejOsPtzjEKW001E,,pillar,pillar,stop,,0,155797,1,1,,,1788204223817,1.0.0
ses_111fe1e55ffeBd6o7dG436OdyZ,,pillar,pillar,stop,,0,157594,1,1,,,1788204223829,1.0.0
ses_111ff955dffeOXJvCsTHQJC7w6,,lilith,lilith,stop,,1,111817,1,1,,silent_failure,1788204223835,1.0.0
ses_111ffa48fffe7LUVt1aA72NO2J,,maat,maat,stop,,0,109676,1,1,,,1788204223842,1.0.0
ses_112074ee3ffe1GycCTRhU2QT64,,verity,verity,stop,,0,143566,1,1,,,1788204223852,1.0.0
ses_1121dc5dcffeNaUeWwEGxtGrcP,,john_carmack,john_carmack,stop,,0,95368,1,1,,,1788204223855,1.0.0
ses_1121dd8edffeLWjKMzrLJUv0B5,,kali,kali,stop,,0,89632,1,1,,,1788204223858,1.0.0
ses_112fd13ecffeqAEFXgm2B91xdu,,roc_racoon,roc_racoon,stop,,0,121807,1,1,,,1788204223866,1.0.0
ses_113003c45ffeFhchaTrnYO4cwB,,verity,verity,stop,,0,118036,1,1,,,1788204223872,1.0.0
ses_113046be6ffeRdPRgJ4JVPTdEz,,lilith,lilith,stop,,0,110316,1,1,,,1788204223879,1.0.0
ses_113048700ffejm17xXd3u5WmfN,,maat,maat,stop,,0,118963,1,1,,,1788204223886,1.0.0
ses_1130594fdffetWCcKOMdApEk8x,,makali,makali,stop,,0,98011,1,1,,tool_error,1788204223889,1.0.0
ses_113097699ffeai4FMd8lr4ci9m,,pillar,pillar,stop,,0,90836,1,1,,,1788204223893,1.0.0
ses_1130b5efdffeTzbs3tFZj80x6z,,pillar,pillar,stop,,0,85850,1,1,,,1788204223897,1.0.0
ses_1131f5592ffe3pk6etew8H0r2n,,pillar,pillar,stop,,0,94001,1,1,,,1788204223901,1.0.0
ses_11323489affeI6r6X9gXep5B19,,explore,explore,stop,,0,94101,1,1,,tool_error,1788204223906,1.0.0
ses_113236904ffeekPTB6Xqg2SmpZ,,pillar,pillar,stop,,0,117997,1,1,,,1788204223914,1.0.0
ses_113282e3bffeSKftKEAGTdpXh1,,pillar,pillar,stop,,0,102826,1,1,,,1788204223920,1.0.0
ses_1132c44fcffepwOUdrtVQ2F8op,,pillar,pillar,stop,,0,96739,1,1,,,1788204223925,1.0.0
ses_1132e5bd2ffeT87sx3TH7MmHaq,,pillar,pillar,stop,,0,88364,1,1,,,1788204223928,1.0.0
ses_1132fdcf8ffe1ejLDNhD3Ve3LS,,lilith,lilith,stop,,0,122288,1,1,,,1788204223936,1.0.0
ses_113325a7fffePFAUQt35gufGkL,,pillar,pillar,stop,,0,116495,1,1,,,1788204223941,1.0.0
ses_11334a77effenmLxv1DhiDyTad,,pillar,pillar,stop,,0,102823,1,1,,tool_error,1788204223946,1.0.0
ses_113382e3affeqIwQjJbIs7OIol,,pillar,pillar,stop,,0,114351,1,1,,,1788204223954,1.0.0
ses_113393d6affeOw4nj1iK1RJS5j,,maat,maat,stop,,1,120719,1,1,,tool_error,1788204223962,1.0.0
ses_113c5a373ffeGUuBlU09yi0d21,,pillar,pillar,stop,,0,89770,1,1,,tool_error,1788204223966,1.0.0
ses_113c5be3effemOAU8RITVpRR4d,,pillar,pillar,stop,,3,99954,1,1,,silent_failure,1788204223972,1.0.0
ses_113c5d978ffe9bVbWW3XK3wH84,,pillar,pillar,stop,,1,103477,1,1,,tool_error,1788204223977,1.0.0
ses_113c60a38ffedu5aD74LuU7dqa,,pillar,pillar,stop,,1,105477,1,1,,silent_failure,1788204223982,1.0.0
ses_113cb4237ffeZ4hyQKuDDAg3JA,,verity,verity,stop,,0,96225,1,1,,,1788204223989,1.0.0
ses_113d0d746ffecy4ZAMoiA6xvB7,,lilith,lilith,stop,,0,106419,1,1,,,1788204223997,1.0.0
ses_113d518dcfferK0n3UKva657jT,,maat,maat,stop,,2,100774,1,1,,tool_error,1788204224005,1.0.0
ses_113d927abffeNRpgpOuOlmctOF,,john_carmack,john_carmack,stop,,4,113851,1,1,,tool_error,1788204224019,1.0.0
ses_114134b1dfferqusoK9jdP9Q2e,,maat,maat,,,1,,1,1,,tool_error,1788204224026,1.0.0
ses_114145b7bffea6AD7Yy56lMalm,,lilith,lilith,,,1,,1,1,,tool_error,1788204224030,1.0.0
ses_11415db12ffeTG2Lsxm63MF3Cd,,john_carmack,john_carmack,,,0,,1,1,,tool_error,1788204224032,1.0.0
ses_11433dc3cffe8ZARdryHfG79z9,,verity,verity,stop,,3,144366,1,1,,silent_failure,1788204224044,1.0.0
ses_114344472ffeYSP4eem9pmEeLb,,verity,verity,stop,,0,87565,1,1,,,1788204224046,1.0.0
ses_114348010ffejy2m5O62u9tTpR,,verity,verity,stop,,2,118054,1,1,,silent_failure,1788204224053,1.0.0
ses_11434b839ffeNYsSlAGpWewtWl,,verity,verity,stop,,2,118785,1,1,,silent_failure,1788204224068,1.0.0
ses_11434e191ffegvcucu1IRMIe75,,verity,verity,stop,,4,137778,1,1,,silent_failure,1788204224077,1.0.0
ses_114385a35ffeax8p763qC5yZZy,,verity,verity,stop,,3,163395,1,1,,tool_error,1788204224089,1.0.0
ses_1144beb1dffeUjWwim7T5Ly2MR,,researcher,researcher,stop,,4,134377,1,1,,tool_error,1788204224098,1.0.0
ses_1144c764dffeMQrMV3FxHiDNBs,,jem,jem,stop,,1,104289,1,1,,silent_failure,1788204224101,1.0.0
ses_1145228b9ffe2DReVU5vtz3LKy,,jem,jem,stop,,2,160963,1,1,,tool_error,1788204224110,1.0.0
ses_1145773f2ffemPEHedOnw0Dt1X,,researcher,researcher,stop,,2,124152,1,1,,silent_failure,1788204224124,1.0.0
ses_11457f4ccffepYQvIL8vGnHMU0,,researcher,researcher,stop,,0,88658,1,1,,,1788204224126,1.0.0
ses_114702219ffeq0hJh5rHMkLt4n,,roc_racoon,roc_racoon,stop,,2,31270,1,1,,tool_error,1788204224182,1.0.0
ses_114d4c521ffeX98KJhMycgm8Z2,,kali,kali,,,5,,1,1,,tool_error,1788204224313,1.0.0
ses_1156d2e53ffePmytLkz579fMwG,,researcher,researcher,stop,,0,168231,1,1,,tool_error,1788204224326,1.0.0
ses_116329cd1ffeyOU9FFJKXgrP55,,researcher,researcher,stop,,1,102880,1,1,,tool_error,1788204224330,1.0.0
ses_116355ab7ffeCalFoURru17un8,,kali,kali,stop,,4,145323,1,1,,tool_error,1788204224380,1.0.0
ses_11675a22affeuBFhz8tjs66Eto,,kali,kali,stop,,1,91216,1,1,,silent_failure,1788204224385,1.0.0
ses_11679f4c4ffeS9zBXHxDrszhKE,,lilith,lilith,stop,,0,91750,1,1,,,1788204224391,1.0.0
ses_116862b55ffe1hF1PS3obTNlsJ,,researcher,researcher,,,0,,1,1,,unknown_finish_reason,1788204224393,1.0.0
ses_116926cfaffemig1teaadBYq2K,,researcher,researcher,,,0,,1,1,,unknown_finish_reason,1788204224395,1.0.0
ses_11697a460ffev06YJIorUBiK9i,,maat,maat,,,1,,1,1,,tool_error,1788204224400,1.0.0
ses_116aec803ffedG2TDBo49M50ws,,kali,kali,stop,,1,85532,1,1,,silent_failure,1788204224405,1.0.0
ses_116b0c8c5ffeOqDvuFJd5gJ3Z1,,john_carmack,john_carmack,stop,,2,120212,1,1,,silent_failure,1788204224412,1.0.0
ses_11709ed0affeNMmUPJ2frDS3lU,,verity,verity,,,0,,1,1,,tool_error,1788204224427,1.0.0
ses_11719e1c1ffeon4v0nNsWA2fFX,,verity,verity,,,0,,1,1,,unknown_finish_reason,1788204224437,1.0.0
ses_1172ba221ffej8fsF4Nbf7tpmM,,researcher,researcher,,,0,,1,1,,unknown_finish_reason,1788204224448,1.0.0
ses_117394c29ffeWIwJiGpH2BVG8c,,researcher,researcher,,,0,,1,1,,unknown_finish_reason,1788204224449,1.0.0
ses_117448890ffeT9yHRDv3IeZh46,,jem,jem,,,0,,1,1,,tool_error,1788204224461,1.0.0
ses_11744a5beffeadIrFpEQB9nu3I,,kali,kali,,,0,,1,1,,tool_error,1788204224466,1.0.0
ses_11745c888ffeXvRG3yUW7RbNEG,,researcher,researcher,,,0,,1,1,,tool_error,1788204224468,1.0.0
ses_117464627ffe7QE5Gjz714NQT0,,john_carmack,john_carmack,,,2,,1,1,,tool_error,1788204224473,1.0.0
ses_1174759b4ffeWOlW6DoUGEUqfL,,verity,verity,,,3,,1,1,,tool_error,1788204224484,1.0.0
ses_1174b3731ffeWJZATlDZ8XmQlv,,kali,kali,,,0,,1,1,,unknown_finish_reason,1788204224487,1.0.0
ses_1174b6681ffe054nNUmVcb20MR,,researcher,researcher,,,0,,1,1,,unknown_finish_reason,1788204224492,1.0.0
ses_1174b894effePrmzuZN7wl3epF,,john_carmack,john_carmack,,,4,,1,1,,silent_failure,1788204224500,1.0.0
ses_1174bb47fffeNSLsKPfjfq9MiR,,verity,verity,,,3,,1,1,,tool_error,1788204224504,1.0.0
ses_1175fbcc3ffea6cpL6vPh71eH6,,jem,jem,stop,,3,134842,1,1,,silent_failure,1788204224526,1.0.0
ses_1175fed2cffefvNI3J7PVHzxTO,,researcher,researcher,stop,,3,125010,1,1,,silent_failure,1788204224534,1.0.0
ses_117722838ffeFXKl3ieNY4hh6k,,verity,verity,stop,,3,153052,1,1,,tool_error,1788204224550,1.0.0
ses_117895addffe8qSHGkZbegQxjX,,researcher,researcher,stop,,0,165408,1,1,,tool_error,1788204224562,1.0.0
ses_1178dee1affeNkm2w61LomF2OM,,lilith,lilith,stop,,0,101552,1,1,,tool_error,1788204224569,1.0.0
ses_1178e1eacffeFvWdJw13o5SgIN,,john_carmack,john_carmack,stop,,0,89485,1,1,,,1788204224573,1.0.0
ses_1178e3b1affenAOIyL0raBzpPa,,roc_racoon,roc_racoon,stop,,0,140283,1,1,,,1788204224583,1.0.0
ses_117ac9143ffeeMX4KmU1v3vgLb,,verity,verity,stop,,2,126310,1,1,,tool_error,1788204224604,1.0.0
ses_117b2ec89ffe0cJIdSn1S1MlE1,,pillar,pillar,stop,,0,102213,1,1,,,1788204224612,1.0.0
ses_117b305e2ffexTKPg4ETwK5NUN,,pillar,pillar,stop,,0,111104,1,1,,,1788204224620,1.0.0
ses_117b31967ffeNiwyjebWyf3B06,,pillar,pillar,stop,,0,115184,1,1,,,1788204224627,1.0.0
ses_117b32d60ffebKLVsvzAibXQoY,,pillar,pillar,stop,,0,127889,1,1,,,1788204224635,1.0.0
ses_117b849fcffe1Z5mGeW0jEIOeu,,pillar,pillar,stop,,1,122073,1,1,,silent_failure,1788204224643,1.0.0
ses_117b96ae8ffezaz2UGmwcmyfrB,,pillar,pillar,stop,,0,105886,1,1,,,1788204224650,1.0.0
ses_117bbdf00ffeUBmnyTLd0VQBV6,,pillar,pillar,stop,,0,135366,1,1,,,1788204224659,1.0.0
ses_117bbf4aaffe1swRdw0htM7Ydf,,pillar,pillar,stop,,0,111358,1,1,,,1788204224664,1.0.0
ses_117be7972fferJqAaqnW2pbyl1,,pillar,pillar,stop,,0,108397,1,1,,tool_error,1788204224670,1.0.0
ses_117bec6a3ffeD2uJNBlyzZ9HQN,,pillar,pillar,stop,,0,122693,1,1,,,1788204224678,1.0.0
ses_117bf883effeZIf6sTdU3ifeSx,,lilith,lilith,stop,,0,120548,1,1,,,1788204224685,1.0.0
ses_117bfa56effeNsmks7N1bnDJHa,,maat,maat,stop,,0,131476,1,1,,,1788204224692,1.0.0
ses_117c530adffeEXMXN7ndjdwi9c,,verity,verity,stop,,0,109236,1,1,,tool_error,1788204224701,1.0.0
ses_117ceb993ffeDz8qEFiSiVdXeX,,verity,verity,stop,,0,141108,1,1,,tool_error,1788204224709,1.0.0
ses_117d43107ffeFb6ZMfLN2ToGnQ,,kali,kali,stop,,0,93600,1,1,,tool_error,1788204224717,1.0.0
ses_117d45ca0ffeVbfsWMPdjWNjZE,,john_carmack,john_carmack,stop,,0,111085,1,1,,,1788204224722,1.0.0
ses_117dd8042ffe4DAXKbo9BJYDgp,,roc_racoon,roc_racoon,stop,,0,139839,1,1,,tool_error,1788204224734,1.0.0
ses_117e0fa5bffeaH3Tkg5w4GstTx,,jem,jem,stop,,0,114968,1,1,,tool_error,1788204224742,1.0.0
ses_117e111a1ffe36wH2oToqgxPE6,,lilith,lilith,stop,,0,112979,1,1,,tool_error,1788204224749,1.0.0
ses_117e129c3ffe2UOcIv0S987jRf,,maat,maat,stop,,0,103330,1,1,,,1788204224753,1.0.0
ses_117e143d6ffedlvH29bHHnZbOP,,researcher,researcher,stop,,0,120970,1,1,,tool_error,1788204224759,1.0.0
ses_117e166ceffeBljmOjWt17YY83,,john_carmack,john_carmack,stop,,0,96555,1,1,,,1788204224763,1.0.0
ses_11803bd1dffe1ephLPWK2AMTzK,,verity,verity,stop,,0,165288,1,1,,,1788204224773,1.0.0
ses_11814723dffenml4Shjp3PxCak,,verity,verity,,,0,,1,1,,tool_error,1788204224795,1.0.0
ses_11833a47affeFGjpRa4SdPSTwb,,roc_racoon,roc_racoon,stop,,0,131272,1,1,,,1788204224813,1.0.0
ses_11833defcffeoOSo8C4E9x0zOY,,lilith,lilith,stop,,0,116077,1,1,,,1788204224824,1.0.0
ses_11834104bffedWOL747d1VQQ7f,,researcher,researcher,stop,,0,163653,1,1,,tool_error,1788204224839,1.0.0
ses_11855edb3ffegx1J1ZLvRcwsxt,,maat,maat,stop,,1,145302,1,1,,tool_error,1788204224857,1.0.0
ses_118565911ffeyUbPKxi0QX6Uym,,roc_racoon,roc_racoon,,,1,,1,1,,silent_failure,1788204224865,1.0.0
ses_118566c17ffe7we3EFSGo0GG46,,lilith,lilith,,,0,,1,1,,unknown_finish_reason,1788204224872,1.0.0
ses_1185671c4ffeDAxDY7keKc7rNX,,researcher,researcher,,,0,,1,1,,tool_error,1788204224876,1.0.0
ses_11ecb6a29ffe7wOE4wpunHPPxG,,maat,maat,stop,,1,165737,1,1,,silent_failure,1788204224893,1.0.0
ses_11ed0af5dffe86ta89bq8lU80Y,,doom_guy,doom_guy,stop,,3,148967,1,1,,tool_error,1788204224904,1.0.0
ses_11ed0da05ffez95OimmwfqVxTO,,roc_racoon,roc_racoon,stop,,1,158368,1,1,,tool_error,1788204224913,1.0.0
ses_11ed0f7e5ffemeY3zJoTRIoExG,,john_carmack,john_carmack,stop,,0,93595,1,1,,,1788204224915,1.0.0
ses_11f25d5ceffem48ik0Pgh6o537,,researcher,researcher,stop,,0,161996,1,1,,,1788204224925,1.0.0
ses_11f30103affe2c4N8DcWVRabkz,,researcher,researcher,stop,,1,125373,1,1,,silent_failure,1788204224932,1.0.0
ses_12176c48affeaTCF5W3boSvsID,,researcher,researcher,stop,,1,127359,1,1,,silent_failure,1788204224945,1.0.0
ses_12176fccbffeC8Lv8DJ7jShJ7M,,verity,verity,stop,,2,128331,1,1,,silent_failure,1788204224962,1.0.0
ses_1217ee45dffexZ2yLVBJpbefa7,,john_carmack,john_carmack,stop,,2,106524,1,1,,silent_failure,1788204224972,1.0.0
ses_1217f115fffeCzfeq0zsRU85h5,,maat,maat,stop,,1,114334,1,1,,tool_error,1788204224982,1.0.0
ses_1217f3455ffe8WvdO5hcme12bl,,lilith,lilith,stop,,2,106820,1,1,,tool_error,1788204224990,1.0.0
ses_121904b8fffeEob3pY68DpFYZo,,roc_racoon,roc_racoon,stop,,2,109127,1,1,,silent_failure,1788204225005,1.0.0
ses_1228af43fffewApC43AO2oYU50,,doom_guy,doom_guy,stop,,0,93419,1,1,,,1788204225011,1.0.0
ses_1228b10a5ffenirb5Z76nsiNNX,,maat,maat,stop,,4,129477,1,1,,silent_failure,1788204225023,1.0.0
ses_1228b1f27ffesAi30FEhyCTgUR,,verity,verity,stop,,2,125233,1,1,,silent_failure,1788204225032,1.0.0
ses_122906074ffeG7ot5rAyM20M17,,kali,kali,stop,,13,121270,1,1,,tool_error,1788204225244,1.0.0
ses_122bbe84dffefELX7sIlmseFHe,,maat,maat,stop,,0,78513,1,1,,,1788204225252,1.0.0
ses_122bc048cffeiYkcG1pEs7e5cH,,doom_guy,doom_guy,stop,,0,93548,1,1,,,1788204225259,1.0.0
ses_122bc2497ffelzBlnd2VSaMZiX,,verity,verity,stop,,4,116855,1,1,,tool_error,1788204225271,1.0.0
ses_123040bd4ffeIygH0ZUSpSSpZE,,lilith,lilith,stop,,0,71829,1,1,,,1788204225273,1.0.0
ses_1230bce36ffeQnbyEIxHd4l6Sb,,maat,maat,stop,,0,118801,1,1,,,1788204225283,1.0.0
ses_1233cb878ffeOJpjyV8KTsNiRT,,researcher,researcher,stop,,1,167441,1,1,,silent_failure,1788204225296,1.0.0
ses_1240f7a96ffe2HP02l6K4fJR3z,,john_carmack,john_carmack,stop,,0,104698,1,1,,,1788204225303,1.0.0
ses_124186487ffeKMDPSqW6Z5VqIo,,verity,verity,stop,,2,147853,1,1,,tool_error,1788204225329,1.0.0
ses_124320649ffeyu7zJmeolLohly,,kali,kali,stop,,0,134930,1,1,,,1788204225339,1.0.0
ses_1243513a9ffeP9ITGGdNpWhuq2,,verity,verity,stop,,3,127816,1,1,,tool_error,1788204225352,1.0.0
ses_12438afa3ffeprdyvEoAoK9Omw,,john_carmack,john_carmack,stop,,6,108412,1,1,,silent_failure,1788204225360,1.0.0
ses_1243f49e9ffex4Yjpgu1iAWUXA,,lilith,lilith,stop,,5,150676,1,1,,tool_error,1788204225373,1.0.0
ses_1244312c9ffeTW4pPS4mFVWMcd,,maat,maat,stop,,5,145657,1,1,,silent_failure,1788204225384,1.0.0
ses_12447ae12ffetBvpxDSDSENqN1,,researcher,researcher,stop,,4,156461,1,1,,silent_failure,1788204225399,1.0.0
ses_1248b9b44ffeIO3izsYK6GL3cW,,kali,kali,stop,,0,108475,1,1,,,1788204225406,1.0.0
ses_1248bc41dffegP455MOTaXxcSe,,verity,verity,stop,,0,113806,1,1,,,1788204225414,1.0.0
ses_1248e313cffeBK6MUeZ7kTfuED,,researcher,researcher,stop,,0,127372,1,1,,,1788204225423,1.0.0
ses_124a46643ffeV51TDtop3yzlgP,,researcher,researcher,stop,,0,79295,1,1,,,1788204225425,1.0.0
ses_124a497dfffelVwmo1YodFjlvX,,maat,maat,stop,,0,84487,1,1,,,1788204225427,1.0.0
ses_124a4ba5bffefeyuBGwDIf3qfp,,lilith,lilith,stop,,0,74086,1,1,,,1788204225429,1.0.0
ses_124a4e2cfffeAsjJdHkwGZ5wh5,,john_carmack,john_carmack,stop,,0,101619,1,1,,,1788204225435,1.0.0
ses_124b2a296ffepTDEj78VM5qrmd,,roc_racoon,roc_racoon,stop,,0,144467,1,1,,tool_error,1788204225507,1.0.0
ses_124ce600affe5aW3FlwJij5sSf,,maat,maat,stop,,0,69270,1,1,,,1788204225512,1.0.0
ses_128ad4f92ffe0WPgYA73YcdvIG,,lilith,lilith,stop,,0,91538,1,1,,tool_error,1788204225521,1.0.0
ses_128bbff99ffe09KO3R6dL1zU8b,,kali,kali,stop,,0,125843,1,1,,tool_error,1788204225532,1.0.0
ses_128c29236ffeZEA0iCZ9yGap7n,,john_carmack,john_carmack,stop,,1,137433,1,1,,silent_failure,1788204225546,1.0.0
ses_128c2b268ffeDptaAEkiM50WHJ,,verity,verity,stop,,1,148082,1,1,,tool_error,1788204225560,1.0.0
ses_128c2d711ffeUh8JHluqTFMlet,,roc_racoon,roc_racoon,stop,,0,112861,1,1,,tool_error,1788204225577,1.0.0
ses_128c2f7f5ffebgmR0xLGCTaSaY,,lilith,lilith,stop,,2,144161,1,1,,silent_failure,1788204225586,1.0.0
ses_128c3145bffeeQG8yje1c6MlZD,,maat,maat,stop,,0,128481,1,1,,tool_error,1788204225594,1.0.0
ses_128ce8dd2ffeM3AGMLezTGMjdp,,general,general,stop,,0,65827,1,1,,,1788204225595,1.0.0
ses_128ceb225ffeSn1ZzUQmcH7N95,,kali,kali,stop,,1,118888,1,1,,silent_failure,1788204225609,1.0.0
ses_128ddc262ffev4XJB12pHfRIkQ,,kali,kali,stop,,0,140031,1,1,,tool_error,1788204225638,1.0.0
ses_128e54bc8ffeGupoACRYwQVLU2,,maat,maat,stop,,1,105455,1,1,,tool_error,1788204225656,1.0.0
ses_128e57c85ffeL5M8Ee43ENwOfn,,pillar,pillar,stop,,1,107317,1,1,,silent_failure,1788204225664,1.0.0
ses_128e59882ffeunRWq2P4WZMghX,,verity,verity,stop,,0,130295,1,1,,,1788204225674,1.0.0
ses_1290b7f1bffepsml0FHheuHG4A,,explore,explore,stop,,0,55464,1,1,,,1788204225681,1.0.0
ses_1290b8860ffeobue1bs0huaPbi,,explore,explore,stop,,1,104912,1,1,,silent_failure,1788204225689,1.0.0
ses_1290b93feffe2myM9AbCJGhv5b,,explore,explore,stop,,2,67091,1,1,,tool_error,1788204225696,1.0.0
ses_1290c736dffeTtHov4S0FsE2PR,,verity,verity,stop,,1,125763,1,1,,silent_failure,1788204225709,1.0.0
ses_1290c7b75ffei0sD0beOxPU7Ga,,explore,explore,stop,,2,53175,1,1,,silent_failure,1788204225711,1.0.0
ses_1290ca502ffeY7c9hTfbz353zs,,maat,maat,stop,,1,84531,1,1,,silent_failure,1788204225715,1.0.0
ses_1290cc62cffeXnqOtAVTGiXqg1,,lilith,lilith,stop,,5,100533,1,1,,silent_failure,1788204225722,1.0.0
ses_129568ae8ffeQvxQrs0w43OUU1,,maat,maat,stop,,2,112813,1,1,,tool_error,1788204225732,1.0.0
ses_12956adbeffeOEsRKlOOa7qvbP,,lilith,lilith,stop,,4,105998,1,1,,silent_failure,1788204225742,1.0.0
ses_12956cb46ffeBOTVi3wz16Wjgq,,john_carmack,john_carmack,stop,,4,109061,1,1,,silent_failure,1788204225749,1.0.0
ses_129b3360bffeVdVClgFWkhgpFv,,researcher,researcher,stop,,0,83192,1,1,,,1788204225753,1.0.0
ses_129fa8175ffeJ1iZYZM9M8iJ96,,makali,makali,stop,,5,113332,1,1,,silent_failure,1788204225762,1.0.0
ses_12cfdd11cffeUM23T3HTRvf9gI,,makali,makali,error,,0,66952,1,1,,unknown,1788204225764,1.0.0
ses_12cff2cfdffeuN2Mazb3hXA3Mk,,quality,quality,stop,,0,88492,1,1,,,1788204225769,1.0.0
ses_12cff43e6ffe7qjO0ob6HEdVvB,,scribe,scribe,stop,,0,74349,1,1,,,1788204225772,1.0.0
ses_12d0c36d8ffehkvZ4x497wpIf5,,scribe,scribe,stop,,1,94827,1,1,,silent_failure,1788204225776,1.0.0
ses_12d0dadc8ffesUYleEAo2Sy44F,,scribe,scribe,,,0,,1,1,,unknown_finish_reason,1788204225777,1.0.0
ses_12d0fce99ffe7XCesTLkH1luCg,,scribe,scribe,,,0,,1,1,,tool_error,1788204225782,1.0.0
ses_12d11de52ffehjZJZA7ne07qEF,,scribe,scribe,,,0,,1,1,,tool_error,1788204225783,1.0.0
ses_12d1c1a0fffeCgb5uZSD2zESP9,,scribe,scribe,,,0,,1,1,,unknown_finish_reason,1788204225786,1.0.0
ses_12d44308effevO7iqkLpzkFE7x,,scribe,scribe,stop,,0,133946,1,1,,tool_error,1788204225796,1.0.0
ses_12d5596c2ffeYFanrzHjrkxrPP,,researcher,researcher,,,0,,1,1,,unknown_finish_reason,1788204225797,1.0.0
ses_12d63e35effeN6KcMCgxErIqQv,,researcher,researcher,,,0,,1,1,,tool_error,1788204225804,1.0.0
ses_12d8c9a2fffepWnP2G5eZzLffc,,quality,quality,error,,0,64863,1,1,,unknown,1788204225805,1.0.0
ses_12d8ca564ffeNWnrmDzbHaG4gr,,john_carmack,john_carmack,unknown,,0,65728,1,1,,unknown_finish_reason,1788204225806,1.0.0
ses_12d8cafa6ffeJTpnBKIsGs9fq1,,doom_guy,doom_guy,error,,0,65054,1,1,,unknown,1788204225807,1.0.0
ses_12d8d73c4ffeojN5ITccFH2wrO,,scribe,scribe,stop,,0,87325,1,1,,,1788204225811,1.0.0
ses_12d8d8bccffetZMN0ZjmHTAQ7f,,quality,quality,stop,,0,73220,1,1,,,1788204225813,1.0.0
ses_12d8da1e8ffe83kISyai1ygJRe,,john_carmack,john_carmack,stop,,0,84951,1,1,,,1788204225816,1.0.0
ses_12d8dbc16ffeIZ3nhKsqrWI5Vi,,doom_guy,doom_guy,stop,,0,90582,1,1,,,1788204225821,1.0.0
ses_12d8f56dbffeYMniNKrHs5FCGT,,researcher,researcher,stop,,0,131942,1,1,,,1788204225830,1.0.0
ses_12d9312efffeBGlKIMcHUsLGRq,,scribe,scribe,stop,,0,102791,1,1,,,1788204225838,1.0.0
ses_12da00ab9ffeUUodcOpg9GYfnt,,roc_racoon,roc_racoon,stop,,1,120905,1,1,,silent_failure,1788204225846,1.0.0
ses_12db57724ffev71283LFHz3ejh,,researcher,researcher,stop,,0,138659,1,1,,,1788204225855,1.0.0
ses_12dc56a0bffeZW5Eml4PAu9h5E,,researcher,researcher,stop,,0,118468,1,1,,,1788204225866,1.0.0
ses_12dc7b058ffeceUJkLxM7kDdXG,,maat,maat,stop,,3,139388,1,1,,silent_failure,1788204225876,1.0.0
ses_12dc7d17bffeF0HhZ8eJ8atZhq,,scribe,scribe,stop,,0,149297,1,1,,tool_error,1788204225886,1.0.0
ses_12dca654dffeqUHgG7sU62aqSU,,researcher,researcher,stop,,3,149500,1,1,,silent_failure,1788204225899,1.0.0
ses_12dcc9c5dffeD7kRpu3u8SP01f,,lilith,lilith,stop,,4,147241,1,1,,tool_error,1788204225912,1.0.0
ses_12dccba93ffejT5s8kE9YjzIuP,,quality,quality,stop,,3,119502,1,1,,silent_failure,1788204225919,1.0.0
ses_12dcddb4cffeFPwi7nKNAEWSF4,,researcher,researcher,,,0,,1,1,,unknown_finish_reason,1788204225920,1.0.0
ses_12dde3fbbffeV9ChfA1PnueiXP,,roc_racoon,roc_racoon,stop,,0,140492,1,1,,tool_error,1788204225933,1.0.0
ses_12de0f019ffeHNENUbZ41ZTzPq,,roc_racoon,roc_racoon,stop,,0,113361,1,1,,tool_error,1788204225941,1.0.0
ses_12dfe0037ffeMqadEzL59efGQh,,researcher,researcher,stop,,0,75073,1,1,,,1788204225944,1.0.0
ses_12e122325ffeUj7KkRFxAMEylp,,jem,jem,stop,,0,140017,1,1,,,1788204225956,1.0.0
ses_12e123640fferncJ5YV1rt4bnL,,researcher,researcher,stop,,0,152815,1,1,,,1788204225966,1.0.0
ses_12e129ab5ffeoeWZRQgYNp8sTy,,roc_racoon,roc_racoon,stop,,0,149623,1,1,,tool_error,1788204225985,1.0.0
ses_12e158cacffeD3q8chHNgjRwet,,researcher,researcher,stop,,2,125583,1,1,,tool_error,1788204225992,1.0.0
ses_1307a4e1fffeVDDTQ6ke3mOFRq,,researcher,researcher,stop,,0,128142,1,1,,,1788204226001,1.0.0
ses_1307a7921ffeHH9ry4Y6HakK6d,,scribe,scribe,stop,,2,139480,1,1,,silent_failure,1788204226023,1.0.0
ses_1307abe61ffevuSKozhT8QUib6,,scribe,scribe,stop,,0,71210,1,1,,,1788204226025,1.0.0
ses_1307afd25ffem0yXCCf5nXy3wn,,scribe,scribe,stop,,0,70116,1,1,,,1788204226027,1.0.0
ses_1307b27fcffec99Kv00Gmi40hJ,,researcher,researcher,stop,,0,99007,1,1,,,1788204226031,1.0.0
ses_130823240ffe4hTnbNpz3BiRtV,,build,build,tool-calls,,0,66616,1,1,,tool_error,1788204226032,1.0.0
ses_131e46f3effehZSheHSVfyttVK,,scribe,scribe,stop,,0,167846,1,1,,tool_error,1788204226056,1.0.0
ses_131e4be47ffet3CR36yOgUrNyU,,quality,quality,stop,,0,128680,1,1,,tool_error,1788204226066,1.0.0
ses_131eadfefffe1Q4Xq6uasAQ0pH,,jem_synthesis,jem_synthesis,stop,,0,80414,1,1,,,1788204226069,1.0.0
ses_131ed1df1ffeFnqrgOdQQVDpPU,,jem_discovery,jem_discovery,stop,,7,142347,1,1,,silent_failure,1788204226085,1.0.0
ses_131ed50afffeSlmVZbkSfWcUVc,,jem_discovery,jem_discovery,stop,,8,148591,1,1,,silent_failure,1788204226097,1.0.0
ses_131ef3490ffejxe8RQ3nqMB5CZ,,jem_discovery,jem_discovery,stop,,7,139744,1,1,,tool_error,1788204226110,1.0.0
ses_131efbdc0ffePA1V5Fqm7GvGgW,,jem,jem,stop,,4,142871,1,1,,silent_failure,1788204226123,1.0.0
ses_131efef0effeezzsC3mawuN4vE,,researcher,researcher,stop,,0,151563,1,1,,,1788204226135,1.0.0
ses_131f01585ffe1vvYOnViWzvG8R,,scribe,scribe,stop,,0,102592,1,1,,,1788204226140,1.0.0
ses_131f77e2affeu2TZb9KMosOOnY,,john_carmack,john_carmack,stop,,6,147249,1,1,,silent_failure,1788204226153,1.0.0
ses_132c375fcffeXFVWuttXXvYFbY,,roc_racoon,roc_racoon,stop,,0,143816,1,1,,,1788204226164,1.0.0
ses_132c42930ffe1rWW1RkqYh0Mjs,,roc_racoon,roc_racoon,stop,,0,70264,1,1,,,1788204226166,1.0.0
ses_132d0c380ffekcaHzjUJdLI4W9,,roc_racoon,roc_racoon,,,0,,1,1,,unknown_finish_reason,1788204226170,1.0.0
ses_132d15b22ffes34n88Tocy8h6p,,roc_racoon,roc_racoon,,,0,,1,1,,unknown_finish_reason,1788204226171,1.0.0
ses_132d932e1ffeHqTWFIMObj9dih,,roc_racoon,roc_racoon,,,0,,1,1,,unknown_finish_reason,1788204226174,1.0.0
ses_132d9ea9effePhoRi26lzamPKH,,roc_racoon,roc_racoon,,,0,,1,1,,tool_error,1788204226175,1.0.0
ses_132da6f04ffe2nOI6gmqjdHDf1,,roc_racoon,roc_racoon,,,0,,1,1,,tool_error,1788204226176,1.0.0
ses_132e1383effePSeZaOtfnYv5OJ,,scribe,scribe,stop,,0,75655,1,1,,,1788204226178,1.0.0
ses_132e2cfe0ffezjDU0bOdA3MzTO,,roc_racoon,roc_racoon,stop,,1,88177,1,1,,silent_failure,1788204226182,1.0.0
ses_132e4343fffevpD3yLdVLzUApm,,john_carmack,john_carmack,stop,,0,71209,1,1,,,1788204226184,1.0.0
ses_132e5db75ffeHYO0xX3rHVKWlu,,lilith,lilith,stop,,0,74378,1,1,,,1788204226186,1.0.0
ses_132e80377ffeQLONps2AldQ3rU,,maat,maat,stop,,0,79486,1,1,,,1788204226189,1.0.0
ses_132e95441ffeFCQnY9bMtDictd,,quality,quality,stop,,0,82102,1,1,,,1788204226193,1.0.0
ses_13315a761ffeG4wnHyMmBpftKM,,kali,kali,stop,,0,71943,1,1,,tool_error,1788204226195,1.0.0
ses_1331a7357ffeh1Yr1isr76DvZi,,kali,kali,,,0,,1,1,,unknown_finish_reason,1788204226197,1.0.0
ses_1331ad5aaffenTXgrPbd5UQ1Di,,kali,kali,stop,,0,62352,1,1,,,1788204226198,1.0.0
ses_1331bb356ffemu1MUsKNeb3uNI,,kali,kali,error,,0,63685,1,1,,unknown,1788204226199,1.0.0
ses_13320aaf1ffehwOBa6162nDsGJ,,scribe,scribe,stop,,0,132795,1,1,,tool_error,1788204226208,1.0.0
ses_133217554ffeMAKaLb1t9Fn09T,,scribe,scribe,stop,,0,73274,1,1,,,1788204226211,1.0.0
ses_1332196edffecHqaCgl2Cq552N,,kali,kali,error,,0,63583,1,1,,unknown,1788204226212,1.0.0
ses_13326f625ffe3YTVz7j3VhExFE,,scribe,scribe,,,0,,1,1,,unknown_finish_reason,1788204226213,1.0.0
ses_133279222ffe7XRzNdZHs5somR,,scribe,scribe,,,0,,1,1,,tool_error,1788204226214,1.0.0
ses_1332856eaffeIMIFB3iBFwbzcT,,scribe,scribe,,,0,,1,1,,tool_error,1788204226216,1.0.0
ses_13328fae9ffetrjhPHlh9ZOh5U,,scribe,scribe,,,0,,1,1,,tool_error,1788204226217,1.0.0
ses_13329a958ffeK4nYgoGNMqO74C,,scribe,scribe,,,0,,1,1,,tool_error,1788204226218,1.0.0
ses_1332a4d58ffenDjoiBaZTK0IB5,,scribe,scribe,,,0,,1,1,,tool_error,1788204226220,1.0.0
ses_1332add21ffeUcc6Cwz0izTTg3,,scribe,scribe,,,0,,1,1,,tool_error,1788204226221,1.0.0
ses_1332b66f1ffexfwtXcZo6E6yBk,,scribe,scribe,,,0,,1,1,,tool_error,1788204226222,1.0.0
ses_1332bf08dffeEP1SbSk01NqnAF,,scribe,scribe,,,0,,1,1,,tool_error,1788204226223,1.0.0
ses_1332cc226ffe4thiodx1LQ97jG,,scribe,scribe,,,0,,1,1,,tool_error,1788204226225,1.0.0
ses_1332cdfc1ffefZ2BWBeGFS29zW,,kali,kali,error,,0,63657,1,1,,unknown,1788204226226,1.0.0
ses_1332cfd58ffeS21xc2bua5plIk,,quality,quality,stop,,0,76821,1,1,,,1788204226229,1.0.0
ses_1333bc08fffeRZfw99yatH9P2F,,kali,kali,stop,,0,82567,1,1,,,1788204226236,1.0.0
ses_1333bd4e3ffeRoHILCm45fN21n,,lilith,lilith,stop,,0,81482,1,1,,,1788204226240,1.0.0
ses_1333beaf3ffeOqAqaabmDqvuDs,,maat,maat,stop,,0,84079,1,1,,,1788204226244,1.0.0
ses_13340654cffee5lxgyuYIfzuD0,,makali,makali,stop,,0,119177,1,1,,,1788204226251,1.0.0
ses_1335334cfffeTLY6YzDGZbgplL,,makali,makali,,,0,,1,1,,unknown_finish_reason,1788204226253,1.0.0
ses_13363c635ffemRbuly7cF40FPw,,lilith,lilith,length,,1,163925,1,1,,tool_error,1788204226265,1.0.0
ses_13364729bffe1g1VyDlv9njIUA,,lilith,lilith,stop,,0,69204,1,1,,,1788204226267,1.0.0
ses_133681643ffeq3T7UAPi0KnYdY,,maat,maat,stop,,1,97254,1,1,,silent_failure,1788204226272,1.0.0
ses_13368a314ffeZZkDsh1mFOJ17B,,maat,maat,stop,,0,66082,1,1,,,1788204226274,1.0.0
ses_1336be72fffemkskPbuG1IjYZ4,,john_carmack,john_carmack,stop,,0,110799,1,1,,,1788204226281,1.0.0
ses_1336ceb32ffetjREYPbVz6FLWh,,john_carmack,john_carmack,stop,,0,75233,1,1,,,1788204226284,1.0.0
ses_133715560ffeyCL2GM42OsWse4,,doom_guy,doom_guy,stop,,1,90503,1,1,,silent_failure,1788204226288,1.0.0
ses_133721bcfffeOT9XM6xzbgGcwo,,doom_guy,doom_guy,stop,,0,66300,1,1,,,1788204226290,1.0.0
ses_13372b969ffeMw31Pcp4pJvnY1,,doom_guy,doom_guy,stop,,0,65862,1,1,,,1788204226291,1.0.0
ses_13376023affew3ag7QA3UZgbzz,,jem,jem,stop,,0,71900,1,1,,,1788204226294,1.0.0
ses_13376bd6bffe4NyAZkX3xksDvl,,jem,jem,stop,,0,67309,1,1,,,1788204226295,1.0.0
ses_1337aae35ffewkxuuhdr5JXWKF,,researcher,researcher,stop,,0,104654,1,1,,,1788204226303,1.0.0
ses_1337b5c94ffeDy1u9BK33xzZrc,,researcher,researcher,stop,,0,67708,1,1,,,1788204226304,1.0.0
ses_1338065d3ffezLRrJAFXzNWS7V,,roc_racoon,roc_racoon,stop,,4,174653,1,1,,tool_error,1788204226317,1.0.0
ses_13380e508ffe49fnYXBuUryeci,,roc_racoon,roc_racoon,stop,,0,70328,1,1,,,1788204226319,1.0.0
ses_1338c8cc7ffeNlNR1rYz7DGKMy,,makali,makali,,,0,,1,1,,unknown_finish_reason,1788204226321,1.0.0
ses_1338ca717ffe6EhROJwAUgcw95,,lilith,lilith,,,0,,1,1,,unknown_finish_reason,1788204226322,1.0.0
ses_1338cbfddffeK64J5W9YwKoDyu,,maat,maat,,,0,,1,1,,unknown_finish_reason,1788204226324,1.0.0
ses_1338cd7ddffeIKZL1xqegI5eGb,,john_carmack,john_carmack,,,0,,1,1,,unknown_finish_reason,1788204226325,1.0.0
ses_1338cefe2ffead6bccW6pkN5bB,,doom_guy,doom_guy,,,0,,1,1,,unknown_finish_reason,1788204226327,1.0.0
ses_1338d0a49ffegyZM3qt0p5kfA1,,jem,jem,,,0,,1,1,,unknown_finish_reason,1788204226329,1.0.0
ses_1338d2249ffeBn6hfY3jk89mDC,,researcher,researcher,,,0,,1,1,,unknown_finish_reason,1788204226331,1.0.0
ses_1338d3cb0ffeEIutDRQrB4Bjia,,roc_racoon,roc_racoon,,,0,,1,1,,unknown_finish_reason,1788204226334,1.0.0
ses_133b2d632ffej9tGCWBJfw8i8K,,maat,maat,stop,,3,111098,1,1,,silent_failure,1788204226342,1.0.0
ses_133b3022bffeI7Lb6upc0SVoRU,,lilith,lilith,stop,,3,122509,1,1,,tool_error,1788204226350,1.0.0
ses_133b332fcffeByKlaw3B2mUJIY,,jem,jem,stop,,0,119630,1,1,,tool_error,1788204226359,1.0.0
ses_133b35afdffeH6S07apZZFEbyu,,roc_racoon,roc_racoon,stop,,1,134769,1,1,,silent_failure,1788204226368,1.0.0
ses_133d22e77ffeRIuX4lIb3vAOyZ,,john_carmack,john_carmack,stop,,1,94045,1,1,,silent_failure,1788204226373,1.0.0
ses_133dcc49bffe8h7cwRKBglr71W,,kali,kali,stop,,1,107222,1,1,,silent_failure,1788204226382,1.0.0
ses_133e2c175ffezCKNWVAKRcRaFe,,john_carmack,john_carmack,,,1,,1,1,,tool_error,1788204226388,1.0.0
ses_133e9d082ffe4Ai5tCuUQY3Bsu,,john_carmack,john_carmack,,,1,,1,1,,tool_error,1788204226395,1.0.0
ses_133fe2221ffeL90JZrWupCsGG4,,maat,maat,stop,,1,130949,1,1,,tool_error,1788204226410,1.0.0
ses_13403e07effe82kNVrrzAU1xek,,maat,maat,,,1,,1,1,,silent_failure,1788204226417,1.0.0
ses_1340667c2ffegi8IsSTIipREI2,,lilith,lilith,stop,,2,101483,1,1,,silent_failure,1788204226426,1.0.0
ses_13407c825ffef6sqHY8f2bZf5w,,quality,quality,stop,,1,105697,1,1,,silent_failure,1788204226434,1.0.0
ses_135e86616ffeb97KwSOVXWf6XV,,kali,kali,stop,,4,156986,1,1,,silent_failure,1788204226451,1.0.0
ses_135e891e4ffeMHSOSyQIxcG9Et,,researcher,researcher,stop,,3,134457,1,1,,silent_failure,1788204226464,1.0.0
ses_135e8b79cffeLTt3ADF9sk8qr5,,roc_racoon,roc_racoon,stop,,0,151174,1,1,,,1788204226479,1.0.0
ses_135f8e5f9ffeLhoPIeKkRTh9vo,,explore,explore,stop,,1,97080,1,1,,tool_error,1788204226493,1.0.0
ses_135f8f474ffee0MGU8qrbrsPeU,,explore,explore,stop,,4,128112,1,1,,tool_error,1788204226506,1.0.0
ses_135f9013cffeG8EYOeeiKRNdc0,,roc_racoon,roc_racoon,stop,,0,110327,1,1,,tool_error,1788204226513,1.0.0
ses_1366e1b7bffeEwJS6x4qqD8sl2,,roc_racoon,roc_racoon,stop,,0,131659,1,1,,tool_error,1788204226541,1.0.0
ses_1367f5afeffem4GL7fbG1b6Up6,,lilith,lilith,stop,,0,63221,1,1,,,1788204226542,1.0.0
ses_1367f8fd0ffeHAYszS9o4cB17A,,roc_racoon,roc_racoon,stop,,0,63599,1,1,,,1788204226543,1.0.0
ses_1367fbdcdffeDLbj6aLl6NDC7j,,john_carmack,john_carmack,stop,,0,63544,1,1,,,1788204226544,1.0.0
ses_13689b892ffeR7MF5uqLRWFFPZ,,makali,makali,stop,,0,64603,1,1,,,1788204226546,1.0.0
ses_13689d5e9ffe2w3vs7Zs98Dv3h,,lilith,lilith,stop,,0,68624,1,1,,,1788204226549,1.0.0
ses_13689de75ffe92qzpJDTCCIfBQ,,maat,maat,stop,,5,107875,1,1,,silent_failure,1788204226560,1.0.0
ses_1368a067effefGu6FY7ohyRSb2,,quality,quality,stop,,0,65259,1,1,,,1788204226562,1.0.0
ses_1368a29aaffe9ZjPJ1Htyqpeu9,,researcher,researcher,stop,,0,83572,1,1,,,1788204226566,1.0.0
ses_13698164fffelhxqHjAwj9oNcH,,explore,explore,stop,,0,65498,1,1,,,1788204226573,1.0.0
ses_1369834a5ffeANce8StQXpWAfm,,lilith,lilith,stop,,0,68785,1,1,,,1788204226575,1.0.0
ses_1369860afffeNb095dpnsObK1S,,roc_racoon,roc_racoon,stop,,1,130030,1,1,,silent_failure,1788204226584,1.0.0
ses_136988b15ffeLEMKCOT7A1fKQ3,,john_carmack,john_carmack,stop,,0,63748,1,1,,,1788204226586,1.0.0
ses_136b66374ffeVC4sM6zXVxuCod,,lilith,lilith,stop,,0,123276,1,1,,,1788204226600,1.0.0
ses_136b690feffe22QCOIIMEzv4Bf,,maat,maat,stop,,0,147256,1,1,,,1788204226612,1.0.0
ses_136b6b9daffe1uiJYZ2U9BrjKC,,jem,jem,stop,,0,86397,1,1,,,1788204226621,1.0.0
ses_136c64cd7ffesNvH3JUDfK0Kjc,,roc_racoon,roc_racoon,stop,,0,112667,1,1,,,1788204226631,1.0.0
ses_136c8ead3ffeq6ooIgnTvourat,,john_carmack,john_carmack,stop,,0,154436,1,1,,,1788204226645,1.0.0
ses_138dafda0fferqLNFXi7CytD7K,,researcher,researcher,,,0,,1,1,,tool_error,1788204226648,1.0.0
ses_139143073ffeMkB6GYzbbYJekd,,kali,kali,,,0,,1,1,,unknown_finish_reason,1788204226672,1.0.0
ses_1391446adffe6gGtEJ903XTO98,,doom_guy,doom_guy,stop,,0,129739,1,1,,,1788204226685,1.0.0
ses_139146331ffepEgqoQRNM19Ut8,,quality,quality,stop,,0,104722,1,1,,,1788204226696,1.0.0
ses_139147fbbffeO79TSSuwlRN8Sg,,scribe,scribe,,,0,,1,1,,tool_error,1788204226713,1.0.0
ses_13914987fffefxMHbE23FzKxyT,,roc_racoon,roc_racoon,stop,,1,138563,1,1,,tool_error,1788204226724,1.0.0
ses_1391d1c26ffedHG7B7tItH5wwR,,scribe,scribe,stop,,1,154344,1,1,,tool_error,1788204226742,1.0.0
ses_1391d32c6ffeZ1u5IEi7PzRgvJ,,quality,quality,stop,,0,131890,1,1,,,1788204226756,1.0.0
ses_1391d4813ffeVCtfRzBV8TLr11,,roc_racoon,roc_racoon,stop,,0,107389,1,1,,,1788204226772,1.0.0
ses_1392b27bcffeVdLvsM5v6vfo7f,,pillar,pillar,,,0,,1,1,,unknown_finish_reason,1788204226782,1.0.0
ses_1393e2892ffemA7BEisy65Egfb,,explore,explore,stop,,0,54252,1,1,,,1788204226785,1.0.0
ses_1393e2d4dffevw04ItiR1ExX5s,,explore,explore,stop,,0,41626,1,1,,,1788204226787,1.0.0
ses_1393e32f6ffeBUlPv7uK977Pxu,,explore,explore,stop,,0,46352,1,1,,,1788204226789,1.0.0
ses_1393e4fc3ffe3tnUw4H8S727Eu,,kali,kali,stop,,0,73485,1,1,,,1788204226792,1.0.0
ses_1394aa2edffeHhG35PZn7jE570,,kali,kali,stop,,0,63974,1,1,,,1788204226794,1.0.0
ses_1394aa562ffe5eB96QJrw5CFFT,,explore,explore,stop,,0,91169,1,1,,,1788204226803,1.0.0
ses_1394acfd7ffeLMRyK315VdXrAa,,john_carmack,john_carmack,stop,,0,70473,1,1,,,1788204226806,1.0.0
ses_13957caa1ffeY8P6Cqy4Dy025g,,makali,makali,stop,,0,80849,1,1,,,1788204226813,1.0.0
ses_13957f5eeffeYZSwetFcL26W3T,,john_carmack,john_carmack,stop,,0,82491,1,1,,,1788204226818,1.0.0
ses_139581b04ffeIHFFWVmsD0zJld,,doom_guy,doom_guy,stop,,0,79102,1,1,,,1788204226822,1.0.0
ses_1396825f0ffeInvjF90t5ALpqY,,makali,makali,stop,,0,84769,1,1,,,1788204226829,1.0.0
ses_139685387ffe0ocJpUZ7wX9SVH,,doom_guy,doom_guy,stop,,0,105658,1,1,,,1788204226838,1.0.0
ses_139687c59ffed7CrPZNl5ro7Lz,,john_carmack,john_carmack,stop,,0,91394,1,1,,tool_error,1788204226843,1.0.0
ses_1398d1747ffenUY1P9NcTV7TOL,,explore,explore,stop,,0,95453,1,1,,,1788204226854,1.0.0
ses_1398d20e2ffefBAPnGqi8UaHz3,,explore,explore,stop,,1,85619,1,1,,silent_failure,1788204226861,1.0.0
ses_1398d280effeTBIbji8a5o5vSI,,explore,explore,stop,,0,60159,1,1,,,1788204226865,1.0.0
ses_13d433ce1ffeOgLtaDvqmjZaTq,,general,general,,,0,,1,1,,unknown_finish_reason,1788204226867,1.0.0
ses_13d583580ffe2OxYbca3WjFKfC,,explore,explore,stop,,0,84917,1,1,,tool_error,1788204226875,1.0.0
ses_13d6f16ccffeJCR6XcYM5IBI5q,,roc_racoon,roc_racoon,stop,,8,56925,1,1,,tool_error,1788204226969,1.0.0
ses_13dd309e1ffeBmNV2XknOtBhdl,,lilith,lilith,stop,,0,95807,1,1,,,1788204226975,1.0.0
ses_13dd32c4bffebG9w25p0ERq7qB,,maat,maat,stop,,0,97555,1,1,,,1788204226981,1.0.0
ses_13dfa9b5effecZVF6Dq4dAUTAg,,scribe,scribe,stop,,0,69199,1,1,,,1788204226983,1.0.0
ses_13dfba75effece1RYNpSo2qHxE,,jem_synthesis,jem_synthesis,stop,,0,64957,1,1,,,1788204226985,1.0.0
ses_13dfcc42bffecFmFCyKkWmQ8hF,,jem_synthesis,jem_synthesis,stop,,0,66412,1,1,,,1788204226987,1.0.0
ses_13e0512ffffePqjBiGqhMOi20r,,jem_discovery,jem_discovery,stop,,1,95395,1,1,,silent_failure,1788204226993,1.0.0
ses_13e3364d8ffeCJBf33m6nPmGPj,,researcher,researcher,stop,,0,140854,1,1,,,1788204227003,1.0.0
ses_13e336e67ffeXPzPF6hTew5tJD,,researcher,researcher,stop,,0,96353,1,1,,,1788204227008,1.0.0
ses_13e3b0ba5ffeFA2LaccA1Oj1c4,,scribe,scribe,stop,,0,67054,1,1,,tool_error,1788204227011,1.0.0
ses_13e3ebba0ffetw50EByORz83uD,,jem_verification,jem_verification,stop,,0,106506,1,1,,tool_error,1788204227017,1.0.0
ses_13e40f6d1ffeG52vSjYPf5cEcB,,jem_synthesis,jem_synthesis,stop,,1,97275,1,1,,silent_failure,1788204227021,1.0.0
ses_13e43ba00ffeIn41iDKXd33pnQ,,jem_discovery,jem_discovery,stop,,0,112567,1,1,,,1788204227029,1.0.0
ses_13e4599f9ffeCVpDTC0aydPre8,,roc_racoon,roc_racoon,stop,,0,95607,1,1,,,1788204227035,1.0.0
ses_13e45aab1ffeWZTQB0fPnprb17,,jem,jem,stop,,0,75759,1,1,,,1788204227038,1.0.0
ses_13e45bc5fffejPAUkDSC5bXGme,,researcher,researcher,stop,,0,65702,1,1,,,1788204227039,1.0.0
ses_13e5c9e26ffeoHrs23b7uBaQdY,,researcher,researcher,stop,,0,127495,1,1,,,1788204227047,1.0.0
ses_13e9cd6cdffeia4uIxXKt1vgE8,,roc_racoon,roc_racoon,stop,,0,64544,1,1,,,1788204227049,1.0.0
ses_13e9ddd2cffetz2yjHmyX4ijim,,john_carmack,john_carmack,stop,,0,64032,1,1,,,1788204227050,1.0.0
ses_13ea389e9ffe8Hdqz4jGo1zU6x,,jem_verification,jem_verification,stop,,0,86344,1,1,,,1788204227053,1.0.0
ses_13ea4e11cffe7qemQFC9i1Qdp2,,jem_synthesis,jem_synthesis,stop,,0,63666,1,1,,,1788204227055,1.0.0
ses_13ea779e6ffeN0uxhRjqL8dwF5,,jem_discovery,jem_discovery,stop,,0,89519,1,1,,,1788204227060,1.0.0
ses_13ea906abffei4kKtjRegX2e54,,jem,jem,stop,,0,102101,1,1,,,1788204227066,1.0.0
ses_13eaad81bffei1eQOwgOSPcLnz,,researcher,researcher,stop,,1,95823,1,1,,silent_failure,1788204227072,1.0.0
ses_13ec702b6ffeGghGjg2Wf7xh8u,,john_carmack,john_carmack,stop,,2,114431,1,1,,tool_error,1788204227188,1.0.0
ses_141f43538ffeGKa5lsHd71RlPh,,general,general,stop,,1,73725,1,1,,silent_failure,1788204227195,1.0.0
ses_141f44602ffeP7qCfx5mTPyZkR,,general,general,stop,,0,55754,1,1,,,1788204227197,1.0.0
ses_141f45cbeffeIn4yOJThV87DxU,,general,general,stop,,2,63286,1,1,,silent_failure,1788204227201,1.0.0
ses_141f4786bffepYAbBdM4jGHxaP,,general,general,stop,,4,199660,1,1,,tool_error,1788204227226,1.0.0
ses_141f84396ffebsox0Z0yTyLvZj,,general,general,stop,,0,60080,1,1,,,1788204227230,1.0.0
ses_141fc42acffeEOKk0Fqri90Kmz,,general,general,stop,,0,69249,1,1,,,1788204227236,1.0.0
ses_141fdf413ffeRIONN5xtzfU5kf,,general,general,,,0,,1,1,,unknown_finish_reason,1788204227237,1.0.0
ses_141fe0388ffezK0hqasVGcDXX6,,general,general,,,0,,1,1,,tool_error,1788204227239,1.0.0
ses_14209b2ceffeyroSgkmAGmypN6,,general,general,stop,,0,78147,1,1,,,1788204227245,1.0.0
ses_14209c79affe5iZbHahZXh3I6e,,general,general,stop,,2,94515,1,1,,silent_failure,1788204227251,1.0.0
ses_14209da00ffe6ok5zotFXpA9nD,,general,general,stop,,0,124721,1,1,,,1788204227261,1.0.0
ses_14210f446ffeIYZprOrX01MVP8,,general,general,stop,,0,80188,1,1,,,1788204227266,1.0.0
ses_1421101e0ffeHmD6mDO1U69AzR,,researcher,researcher,stop,,0,86683,1,1,,tool_error,1788204227273,1.0.0
ses_14211137cffeGuuOJ3CVDwFV64,,scribe,scribe,stop,,0,72346,1,1,,,1788204227277,1.0.0
ses_14211250cffe4N8ONBQMaKm5tb,,quality,quality,stop,,0,65826,1,1,,tool_error,1788204227281,1.0.0
ses_14214fa8cffeO8LKReTuJmhRhl,,general,general,stop,,0,95710,1,1,,,1788204227289,1.0.0
ses_142163f48ffe5t2YLgDi5wlZ4z,,general,general,stop,,0,69878,1,1,,,1788204227294,1.0.0
ses_1421bddfcffelQlaeBzDO28ygP,,scribe,scribe,stop,,0,85610,1,1,,,1788204227305,1.0.0
ses_142233e05ffeEpZocGTkSrP7L5,,jem_discovery,jem_discovery,stop,,0,64340,1,1,,,1788204227308,1.0.0
ses_142243140ffen9j3yXCSSKZmNO,,researcher,researcher,stop,,0,72841,1,1,,,1788204227313,1.0.0
ses_142263873ffe8nrIce5glWjzNY,,general,general,stop,,0,64486,1,1,,,1788204227316,1.0.0
ses_1422eae78ffe1Z5g3lNw7iNLNi,,researcher,researcher,unknown,,0,48857,1,1,,unknown_finish_reason,1788204227317,1.0.0
ses_1433819f0ffeLxLIrT2ZGB2qxG,,buildmaster,buildmaster,stop,,0,76734,1,1,,,1788204227323,1.0.0
ses_14349d8ceffemF6YfD45gkwi6O,,john_carmack,john_carmack,stop,,0,88966,1,1,,,1788204227331,1.0.0
ses_14373d012fferYKPqXahq2ISgY,,researcher,researcher,stop,,0,80775,1,1,,,1788204227336,1.0.0
ses_143829570ffevjBn6bD714zgzv,,general,general,stop,,1,135298,1,1,,tool_error,1788204227349,1.0.0
ses_14382a241ffekTLd0HedtOhyuh,,general,general,stop,,0,66262,1,1,,tool_error,1788204227352,1.0.0
ses_1438afa9ffferegujJ02VK0Djl,,general,general,stop,,0,65900,1,1,,,1788204227356,1.0.0
ses_1438b090fffeVxMDMnea5kfCcj,,general,general,stop,,0,72445,1,1,,tool_error,1788204227362,1.0.0
ses_1438f0c9cffeTV5dHuhbiosRho,,buildmaster,buildmaster,stop,,1,107594,1,1,,tool_error,1788204227370,1.0.0
ses_14395a59affeiQV2dW21zucOhg,,makali,makali,stop,,31,124562,1,1,,tool_error,1788204228122,1.0.0
ses_143a93e8dffe8QUJqDbP4JuIfS,,explore,explore,stop,,0,114256,1,1,,,1788204228139,1.0.0
ses_143d80e9bffe5Q1YuSJec96jAE,,makali,makali,,,0,,1,1,,unknown_finish_reason,1788204228140,1.0.0
ses_143d9110cffeuMewXXGYIeULYO,,general,general,,,0,,1,1,,unknown_finish_reason,1788204228141,1.0.0
ses_143d91dd7ffeyJOnYDgODjoRdj,,general,general,,,0,,1,1,,unknown_finish_reason,1788204228142,1.0.0
ses_143daa6a8ffet6DLggHsS0nr57,,general,general,,,0,,1,1,,unknown_finish_reason,1788204228143,1.0.0
ses_143dab54effeBdlilqwVzQ0mVe,,general,general,,,0,,1,1,,unknown_finish_reason,1788204228144,1.0.0
ses_143dac062ffeFvtitXcOVYSbiF,,general,general,,,0,,1,1,,unknown_finish_reason,1788204228145,1.0.0
ses_143fcb453ffeZqNjUQE649HBk1,,general,general,stop,,0,69206,1,1,,,1788204228151,1.0.0
ses_14404ae9dffeIFTtPIuYV0zQrv,,researcher,researcher,stop,,0,96163,1,1,,tool_error,1788204228158,1.0.0
ses_14405dc99ffeNlNc0VMqL5uHf8,,verifier,verifier,stop,,0,81439,1,1,,tool_error,1788204228165,1.0.0
ses_14405fdd3ffestvfMG26CjLeHF,,scribe,scribe,stop,,0,71509,1,1,,,1788204228169,1.0.0
ses_14413bd31ffeosKDBLFCEaj9Xj,,kali,kali,stop,,0,62351,1,1,,,1788204228172,1.0.0
ses_144285aeeffeznLaSd8wVtqjm6,,buildmaster,buildmaster,,,2,,1,1,,tool_error,1788204228182,1.0.0
ses_1442ab622ffeK1sJRN3CVb866c,,researcher,researcher,stop,,2,94539,1,1,,tool_error,1788204228188,1.0.0
ses_1442b0976ffe7PqSE5Swcmwtga,,researcher,researcher,,,1,,1,1,,silent_failure,1788204228194,1.0.0
ses_1442b29bfffeb0S9T7mX7Nkeik,,buildmaster,buildmaster,stop,,0,58876,1,1,,,1788204228196,1.0.0
ses_144392a0dffeilu5h5IWvUCPxM,,researcher,researcher,error,,0,57042,1,1,,unknown,1788204228197,1.0.0
ses_1443ceb9dffet7IReKZBwKlxgp,,researcher,researcher,stop,,0,79034,1,1,,tool_error,1788204228200,1.0.0
ses_144518e34ffeOR0Uqpy9yKWk13,,scribe,scribe,stop,,1,87236,1,1,,tool_error,1788204228206,1.0.0
ses_1445521c6ffeaFOZbI5A2sQiEL,,general,general,stop,,0,56573,1,1,,,1788204228207,1.0.0
ses_14456177affeBLXHERfduHJv3Y,,buildmaster,buildmaster,stop,,0,62062,1,1,,,1788204228210,1.0.0
ses_144576917ffeNwB74PEteYQgWo,,scribe,scribe,stop,,0,57473,1,1,,,1788204228211,1.0.0
ses_14457e7ecffeCENUdZl6FvOmzx,,scribe,scribe,stop,,0,58498,1,1,,,1788204228213,1.0.0
ses_14458c254ffeKy60iVzkA4n757,,scribe,scribe,stop,,0,58745,1,1,,,1788204228215,1.0.0
ses_14459891effesb8JMZQwmY1RvJ,,scribe,scribe,stop,,0,59732,1,1,,,1788204228217,1.0.0
ses_1445a42e9ffe2nsSyP42p92LbU,,scribe,scribe,stop,,0,59739,1,1,,,1788204228219,1.0.0
ses_1445ab61fffeIrCH8F9d4awF3T,,scribe,scribe,stop,,0,58301,1,1,,,1788204228221,1.0.0
ses_1445ab642ffeTQZ2p214ouXfCG,,verifier,verifier,stop,,0,58687,1,1,,,1788204228222,1.0.0
ses_1445ad279ffePhd3pacXBigbsN,,verifier,verifier,stop,,0,55907,1,1,,,1788204228224,1.0.0
ses_1445ae991ffeuDw9ozSN762d3H,,researcher,researcher,stop,,0,73080,1,1,,,1788204228228,1.0.0
ses_1445bcb29ffensBp5gE95gtvcF,,scribe,scribe,stop,,0,68129,1,1,,,1788204228231,1.0.0
ses_1445bcb52ffeYSMcgwlyjhSRwl,,verifier,verifier,stop,,0,56607,1,1,,,1788204228233,1.0.0
ses_1445bcb81ffetFZXPh7lzQZ7Pl,,researcher,researcher,stop,,0,65121,1,1,,,1788204228235,1.0.0
ses_1445c7ad6ffe8b145DOUdPx0K8,,kali,kali,stop,,0,64943,1,1,,,1788204228239,1.0.0
ses_14465e2eeffeBu9qn9AQZzdEFB,,scribe,scribe,stop,,0,59450,1,1,,,1788204228241,1.0.0
ses_1446600ecffexvFHK99qILP2ue,,doom_guy,doom_guy,,,0,,1,1,,unknown_finish_reason,1788204228242,1.0.0
ses_14469ecafffeGTWL6x9wwPBq2W,,doom_guy,doom_guy,stop,,0,56853,1,1,,,1788204228243,1.0.0
ses_14469ece0ffeZC9Y0zh5kroWWo,,researcher,researcher,stop,,0,89590,1,1,,,1788204228249,1.0.0
ses_14474256dffe1yPrbxMUeW7hww,,buildmaster,buildmaster,stop,,2,85532,1,1,,silent_failure,1788204228252,1.0.0
ses_1447a6295ffeL12SYqr6edG73G,,scribe,scribe,stop,,0,90576,1,1,,tool_error,1788204228257,1.0.0
ses_1447f2b6affexYq5pLNtmlp76c,,researcher,researcher,stop,,0,59064,1,1,,,1788204228259,1.0.0
ses_144856771ffeh5hitRpyuoDBzP,,general,general,stop,,1,89131,1,1,,silent_failure,1788204228266,1.0.0
ses_144a7c9a1ffeWNis05A76g32LI,,general,general,stop,,0,57095,1,1,,,1788204228268,1.0.0
ses_144a7d5a0ffemnxBfaJ5hcAzEW,,general,general,stop,,1,100377,1,1,,silent_failure,1788204228275,1.0.0
ses_144a7e339ffeo5Py5XHxsUVQHC,,general,general,stop,,1,122890,1,1,,silent_failure,1788204228284,1.0.0
ses_144ab7d60ffe2GEBwBC4cyvpIY,,general,general,,,0,,1,1,,unknown_finish_reason,1788204228287,1.0.0
ses_144b6f446ffefZ7WaRWSwIOngQ,,general,general,,,0,,1,1,,tool_error,1788204228291,1.0.0
ses_144bcb725ffeSuXzRdrj5nTsxB,,general,general,stop,,0,70318,1,1,,,1788204228294,1.0.0
ses_144c2393bffexsC394FOf4ijJE,,general,general,stop,,10,196088,1,1,,tool_error,1788204228312,1.0.0
ses_144c3c667ffeeU8fxmiqYmLhT0,,general,general,stop,,3,84810,1,1,,silent_failure,1788204228318,1.0.0
ses_144c66997ffeXWOqvkyGWU25jc,,general,general,,,7,,1,1,,tool_error,1788204228324,1.0.0
ses_144d1dc86ffe9QCZiyLbic8GKn,,roc_racoon,roc_racoon,stop,,2,67974,1,1,,silent_failure,1788204228328,1.0.0
ses_144d1e4eeffeceesqpWQVws0Pz,,researcher,researcher,stop,,0,73110,1,1,,,1788204228332,1.0.0
ses_144d1f12fffe4CJblIUZoGZg0T,,explore,explore,stop,,0,46323,1,1,,,1788204228333,1.0.0
ses_144d3291dffeAv1xuF5qNdRQbj,,roc_racoon,roc_racoon,,,3,,1,1,,tool_error,1788204228413,1.0.0
ses_144d369b4ffegPQkNQF9WUIQVU,,general,general,stop,,0,89347,1,1,,,1788204228418,1.0.0
ses_144dd9e09ffeiWuy0KeFdHDegI,,quality,quality,stop,,0,90388,1,1,,,1788204228426,1.0.0
ses_144dfe24fffem8WAo5yB7NL1Fu,,lilith,lilith,stop,,0,70428,1,1,,,1788204228430,1.0.0
ses_144e714d6ffeB9biA61ssgMqCo,,kali,kali,stop,,3,164897,1,1,,tool_error,1788204228449,1.0.0
ses_144eb6a13ffeCgolXb8CfLEeAi,,maat,maat,stop,,0,179985,1,1,,tool_error,1788204228470,1.0.0
ses_144ec316effehqkDRtSgvxnTfO,,lilith,lilith,stop,,0,51245,1,1,,,1788204228472,1.0.0
ses_144edefbbffe1O5o1ytolRq6LH,,verifier,verifier,stop,,0,91914,1,1,,,1788204228481,1.0.0
ses_144edfb8effeLZSVR52Aex33Q4,,general,general,stop,,0,97412,1,1,,,1788204228486,1.0.0
ses_144fcfad2ffekd0DUyLMvF19Yk,,jem_discovery,jem_discovery,stop,,0,66875,1,1,,,1788204228488,1.0.0
ses_145004afdffe4FckSivsnrmrH9,,jem_discovery,jem_discovery,stop,,0,90535,1,1,,,1788204228497,1.0.0
ses_145005d6cffegFmLVzQbGsdCeZ,,jem_synthesis,jem_synthesis,stop,,0,71939,1,1,,,1788204228502,1.0.0
ses_14500756affe6mgHSzGpH2Gb3U,,jem_discovery,jem_discovery,stop,,2,92690,1,1,,silent_failure,1788204228509,1.0.0
ses_1450adf5cffeAUOe1px3WjvQOF,,jem_verification,jem_verification,stop,,1,90744,1,1,,silent_failure,1788204228516,1.0.0
ses_1450c4b0dffeJNw231IqZUvXvW,,general,general,stop,,0,70644,1,1,,,1788204228520,1.0.0
ses_1450eea40ffeeX8F94yKiweoN1,,jem_synthesis,jem_synthesis,stop,,0,88229,1,1,,,1788204228527,1.0.0
ses_14511970bffe9N93Gb1MKbicni,,jem_discovery,jem_discovery,stop,,0,89969,1,1,,,1788204228533,1.0.0
ses_14511a444ffe9JEle8JFdDqK3b,,jem_discovery,jem_discovery,stop,,0,92633,1,1,,,1788204228540,1.0.0
ses_14511b3d6ffeNqT6hW26DyAnbe,,jem_discovery,jem_discovery,stop,,0,81053,1,1,,,1788204228543,1.0.0
ses_14511c1d1ffete6RpV1UYfbllq,,jem_discovery,jem_discovery,stop,,0,67847,1,1,,,1788204228546,1.0.0
ses_145128d73ffeLdbispdROThivX,,quality,quality,stop,,1,99632,1,1,,silent_failure,1788204228554,1.0.0
ses_14514b778ffeGhXtiV7zJ0xiza,,scribe,scribe,stop,,0,56501,1,1,,,1788204228556,1.0.0
ses_145180aa3ffe6yaB5RS6knYgEJ,,verifier,verifier,stop,,0,63045,1,1,,,1788204228560,1.0.0
ses_1451cddc7ffe1W94GGiCo1HxUH,,general,general,stop,,2,101828,1,1,,silent_failure,1788204228567,1.0.0
ses_1452083c7ffe9ENhPN7mSxScXJ,,general,general,stop,,1,88331,1,1,,silent_failure,1788204228573,1.0.0
ses_145219b64ffedfV9i6ytg773iN,,general,general,stop,,0,55710,1,1,,,1788204228574,1.0.0
ses_14528c1f1ffe5F6sHN3SSwWQN8,,general,general,stop,,0,55669,1,1,,tool_error,1788204228577,1.0.0
ses_145324fa6ffedxmCIs8qQ6hAQo,,researcher,researcher,stop,,0,59912,1,1,,,1788204228580,1.0.0
ses_14532b34bffeIUrD2is66ISEeO,,researcher,researcher,stop,,0,56843,1,1,,,1788204228582,1.0.0
ses_14560d5efffeFhzXDOpw62DK5W,,explore,explore,stop,,0,58283,1,1,,,1788204228586,1.0.0
ses_14560de53ffeEN2E12w4rRJbnn,,explore,explore,stop,,0,57118,1,1,,,1788204228589,1.0.0
ses_145888996ffebYMd0an6kwmxyB,,explore,explore,stop,,0,48951,1,1,,,1788204228594,1.0.0
ses_145ee4376ffeXuMGpj1TgrB05j,,maat,maat,stop,,1,147678,1,1,,tool_error,1788204228646,1.0.0
ses_1460bdba5ffeqbXzLaGNCzaH1E,,maat,maat,stop,,1,132131,1,1,,tool_error,1788204228677,1.0.0
ses_1460c7254ffeSAjxP47tiBqcZe,,lilith,lilith,stop,,4,142657,1,1,,tool_error,1788204228735,1.0.0
ses_146176392ffea3FYwaf0V4zO7H,,explore,explore,stop,,8,149245,1,1,,silent_failure,1788204228748,1.0.0
ses_14628f6b7ffeEPUmic5yFvs5X7,,explore,explore,stop,,2,80482,1,1,,silent_failure,1788204228759,1.0.0
ses_1462b3b1dffezVj8fXxZBQomyZ,,researcher,researcher,stop,,0,132475,1,1,,,1788204228769,1.0.0
ses_14642c38affelW5n0YYaSGT7N0,,sentinel,sentinel,stop,,1,148630,1,1,,silent_failure,1788204228788,1.0.0
ses_14642e995ffeHgKBReVN6TYzGs,,explore,explore,stop,,2,78100,1,1,,silent_failure,1788204228796,1.0.0
ses_1464316c9ffeNtvszSEUI831K9,,researcher,researcher,stop,,1,103927,1,1,,silent_failure,1788204228814,1.0.0
ses_1465106b8ffew57deMx0ct16Bi,,makali,makali,stop,,25,122858,1,1,,tool_error,1788204228978,1.0.0
ses_14855ee0bffer6351v8iP6G2oG,,researcher,researcher,stop,,0,91064,1,1,,,1788204228985,1.0.0
ses_14926070affegSaPkqrbsRvDwN,,researcher,researcher,stop,,0,61717,1,1,,,1788204228988,1.0.0
ses_14928d0d4ffesaH7qnhwBcV40r,,doom_guy,doom_guy,stop,,0,60025,1,1,,,1788204228993,1.0.0
ses_1492f09c7ffeTgB71z6Kg73Yrn,,roc_racoon,roc_racoon,stop,,1,113054,1,1,,silent_failure,1788204229000,1.0.0
ses_14931d086ffeNDX0qUSoZpb5RX,,doom_guy,doom_guy,stop,,0,59813,1,1,,,1788204229003,1.0.0
ses_14937f7baffev3w2wn4dJ79q86,,researcher,researcher,stop,,0,137134,1,1,,,1788204229012,1.0.0
ses_1493ba1feffe7y28hQGz3UW7mB,,general,general,stop,,0,99097,1,1,,,1788204229019,1.0.0
ses_149424c59ffeWMVTVZoszen4kE,,researcher,researcher,stop,,0,73070,1,1,,,1788204229024,1.0.0
ses_149440198ffeGkCcABcWmohzP5,,researcher,researcher,unknown,,0,56859,1,1,,unknown_finish_reason,1788204229026,1.0.0
ses_1494b20c5ffeRpmR9Ooxr06qTQ,,verifier,verifier,stop,,4,127105,1,1,,silent_failure,1788204229035,1.0.0
ses_1494e2523ffe98mqhdSnzqr1vV,,researcher,researcher,stop,,1,90383,1,1,,silent_failure,1788204229041,1.0.0
ses_14950f5d8ffePCOt90e5SrL2Gn,,researcher,researcher,stop,,0,61853,1,1,,,1788204229043,1.0.0
ses_149537e51ffeicAtH80fzgAMbr,,verifier,verifier,stop,,0,103292,1,1,,,1788204229049,1.0.0
ses_149567855ffe6NgdPbXpjZAb7Q,,researcher,researcher,stop,,0,63580,1,1,,,1788204229051,1.0.0
ses_1495c65f8ffeDUMeesUxrdMiEE,,researcher,researcher,stop,,0,58960,1,1,,,1788204229053,1.0.0
ses_1495e2152ffeB50UclDs13kfSb,,verifier,verifier,stop,,0,130262,1,1,,,1788204229062,1.0.0
ses_14962de48ffeNx1uUacq5B5VGP,,researcher,researcher,stop,,0,150366,1,1,,,1788204229076,1.0.0
ses_14969c58affeW2ApGzyjFwU3gA,,researcher,researcher,stop,,0,72454,1,1,,,1788204229080,1.0.0
ses_1496d857effekRpzEWFqYUgaDN,,researcher,researcher,stop,,0,68343,1,1,,,1788204229084,1.0.0
ses_1497731b5ffeW7o5IW2Audw1ZY,,researcher,researcher,stop,,0,85729,1,1,,,1788204229090,1.0.0
ses_149775779ffeMfeI5cGtIGKPJV,,researcher,researcher,stop,,0,215185,1,1,,,1788204229113,1.0.0
ses_14979396dffe9LY1XT1bX6jLCA,,researcher,researcher,stop,,0,85177,1,1,,,1788204229119,1.0.0
ses_1497b7c96ffezNf9ddoLqzkRKj,,general,general,stop,,0,86000,1,1,,,1788204229124,1.0.0
ses_1497e7c16ffeYhHBcsn4oDW5lv,,researcher,researcher,stop,,0,93009,1,1,,,1788204229130,1.0.0
ses_14981bafeffezdZBtMNbEUddnX,,researcher,researcher,stop,,0,95199,1,1,,,1788204229136,1.0.0
ses_149854dd2ffelAM5I4gQ1C4iMv,,researcher,researcher,stop,,0,109558,1,1,,,1788204229142,1.0.0
ses_14987882cffeoEUKvADiqVoQR4,,sentinel,sentinel,stop,,0,100895,1,1,,tool_error,1788204229149,1.0.0
ses_1498b6761ffem5UgXIRzOXPYAS,,researcher,researcher,stop,,1,114723,1,1,,silent_failure,1788204229156,1.0.0
ses_1498ea36affebMhJzCo8U3Xeeg,,general,general,stop,,0,71777,1,1,,,1788204229160,1.0.0
ses_1499153d5ffenfefJbw03YcYUs,,researcher,researcher,unknown,,0,92725,1,1,,unknown_finish_reason,1788204229166,1.0.0
ses_149990affffe8Hp8z4g3j7Vuhz,,researcher,researcher,unknown,,1,89629,1,1,,tool_error,1788204229173,1.0.0
ses_149991bc3ffeROjZuQ8KSh2S3M,,researcher,researcher,unknown,,2,117432,1,1,,silent_failure,1788204229183,1.0.0
ses_149992f1cffeaw2Lvnm2st9Uxs,,researcher,researcher,stop,,0,71141,1,1,,,1788204229186,1.0.0
ses_149992f58ffe26X35rL6XpixQE,,researcher,researcher,stop,,0,67183,1,1,,,1788204229189,1.0.0
ses_149992f8bffesGmIs2KjflB0zS,,researcher,researcher,stop,,0,116015,1,1,,,1788204229197,1.0.0
ses_149992fd3ffebPyqaNNWEkj5sj,,researcher,researcher,stop,,0,78174,1,1,,,1788204229201,1.0.0
ses_149a68c41ffeS7AH7CqvdOeKqo,,jem,jem,stop,,2,76667,1,1,,tool_error,1788204229303,1.0.0
ses_149d4753bffem4fCWRLYJ8sKtz,,general,general,stop,,0,67808,1,1,,,1788204229305,1.0.0
ses_149d5a6e4ffeYyDEJU6V5r6CmD,,general,general,stop,,0,68608,1,1,,,1788204229306,1.0.0
ses_149dde52bffeQq5RIL7VBjapZ8,,general,general,stop,,0,72246,1,1,,tool_error,1788204229309,1.0.0
ses_14a382d05ffeGFwSpaSsEwEAra,,lilith,lilith,stop,,0,118519,1,1,,,1788204229324,1.0.0
ses_14ac3cee1ffeW3e5dIdylQuODK,,general,general,stop,,0,82542,1,1,,,1788204229328,1.0.0
ses_14ad2e7b7ffe4X73ZjqfdzabYM,,general,general,stop,,0,81771,1,1,,,1788204229333,1.0.0
ses_14ae1ff76ffeIZPwlSVSmg3V2s,,kali,kali,unknown,,2,125558,1,1,,tool_error,1788204229358,1.0.0
ses_14ae8b62bffe9OLAD3Q1EYbEIv,,roc_racoon,roc_racoon,stop,,11,105104,1,1,,tool_error,1788204229406,1.0.0
ses_14aea56a8ffeF2RDJkmMu6sdWr,,kali,kali,,,10,,1,1,,tool_error,1788204229530,1.0.0
ses_14aeb91c9ffeibU1V9tpmMBcP3,,maat,maat,stop,,5,126614,1,1,,tool_error,1788204229574,1.0.0
ses_14b71debfffejG027bWalr73VK,,general,general,,,0,,1,1,,tool_error,1788204229582,1.0.0
ses_14b790d54ffe4IJJTMZo0Ya9Uu,,watchtower,watchtower,stop,,1,132618,1,1,,silent_failure,1788204229604,1.0.0
ses_14b792554ffeZy3ute0nd0CZeV,,context,context,stop,,2,141788,1,1,,tool_error,1788204229626,1.0.0
ses_14b7940b8ffeg7uNAQnH6FIP4V,,datastore,datastore,stop,,2,135616,1,1,,tool_error,1788204229640,1.0.0
ses_14b81330dffeoBTAah7Es6yFPH,,link,link,stop,,0,120020,1,1,,tool_error,1788204229654,1.0.0
ses_14b8160b3ffe7gwnLojbjmj9Pj,,sentinel,sentinel,stop,,1,135958,1,1,,tool_error,1788204229666,1.0.0
ses_14bb9ce96ffesMVNFAlSZHDtfi,,general,general,stop,,3,148532,1,1,,tool_error,1788204229684,1.0.0
ses_14c0a3d7cffevrXXTR7v9KTblj,,researcher,researcher,stop,,0,84817,1,1,,tool_error,1788204229690,1.0.0
ses_14cf96745ffeXV1MXg5Y5RWzb3,,maat,maat,stop,,0,91182,1,1,,,1788204229700,1.0.0
ses_14d417facffeYAude313KBtrZy,,roc_racoon,roc_racoon,stop,,1,18160,1,1,,tool_error,1788204229757,1.0.0
ses_14d6e0c17ffeq1CeBtDxfCLKj7,,kali,kali,stop,,2,125971,1,1,,tool_error,1788204229977,1.0.0
ses_14d9b17d3ffelbs4SJK2spLLXr,,roc_racoon,roc_racoon,stop,,4,122875,1,1,,tool_error,1788204230040,1.0.0
ses_150fa9953ffesl56lpZWy03Gww,,lilith,lilith,stop,,7,121946,1,1,,tool_error,1788204230110,1.0.0
ses_15100bc36ffeyij9IU4fxH0PRN,,researcher,researcher,stop,,0,126564,1,1,,,1788204230124,1.0.0
ses_15101782fffeAD5Oo8qkAiQQjj,,maat,maat,stop,,1,126377,1,1,,silent_failure,1788204230139,1.0.0
ses_1529ac2beffeMsW4YghRcdZltT,,roc_racoon,roc_racoon,stop,,6,136881,1,1,,tool_error,1788204230188,1.0.0
ses_152e556e7ffeYf0Reg9FzStbIr,,sysadmin,sysadmin,stop,,0,67371,1,1,,,1788204230190,1.0.0
ses_152ebda22ffejC8MhXMRAtJHFG,,verifier,verifier,stop,,0,78799,1,1,,,1788204230192,1.0.0
ses_1530cd4a0ffeCdDdcjPNetmWJv,,buildmaster,buildmaster,stop,,0,208712,1,1,,,1788204230211,1.0.0
ses_1530ced8bffec2N6KSbmEtfV1d,,researcher,researcher,stop,,0,130792,1,1,,,1788204230218,1.0.0
ses_153200cb5ffegxC1d9myzXFjzR,,researcher,researcher,stop,,0,184405,1,1,,,1788204230233,1.0.0
ses_15335ebedffev69bIhr6dglpLz,,general,general,stop,,0,77582,1,1,,,1788204230237,1.0.0
ses_1541a1e9bffeZ1RpUPUSu6jVDJ,,general,general,stop,,0,79338,1,1,,,1788204230240,1.0.0
ses_15421a15fffeYgXTSVAV97BATd,,maat,maat,stop,,0,116166,1,1,,tool_error,1788204230254,1.0.0
ses_15451c605ffeAWMp7FyCJUHwTF,,lilith,lilith,stop,,5,147033,1,1,,silent_failure,1788204230262,1.0.0
ses_154830badffeglsb1FXmgwDV9x,,researcher,researcher,stop,,1,80147,1,1,,tool_error,1788204230291,1.0.0
ses_1550f15d7ffefFNWJ6kQRVuerI,,verifier,verifier,stop,,0,142493,1,1,,,1788204230303,1.0.0
ses_15514cf37ffe9bn0GFuw8EmstF,,doom_guy,doom_guy,stop,,0,66534,1,1,,,1788204230305,1.0.0
ses_1551684c1ffeEji7buOH77k541,,quality,quality,stop,,0,98210,1,1,,,1788204230312,1.0.0
ses_15526fd21ffeboqX1UjBfIulOk,,quality,quality,stop,,0,67698,1,1,,,1788204230314,1.0.0
ses_155509485ffeCbkePDnDI34LIb,,doom_guy,doom_guy,stop,,1,133341,1,1,,tool_error,1788204230326,1.0.0
ses_15566b14fffe6rNgXeANpcvMdU,,lilith,lilith,stop,,0,133642,1,1,,tool_error,1788204230342,1.0.0
ses_155a0ac91ffeGGiln1A6yRZhLM,,explore,explore,stop,,4,106045,1,1,,silent_failure,1788204230357,1.0.0
ses_155a0bf2fffeN2TtWMNL9taENg,,explore,explore,stop,,7,110624,1,1,,silent_failure,1788204230373,1.0.0
ses_155a0ca32ffeRLq3HaNttxAm94,,explore,explore,stop,,4,104729,1,1,,silent_failure,1788204230383,1.0.0
ses_155a0d693ffej6hqy9ghWQ1LY6,,explore,explore,stop,,5,117793,1,1,,tool_error,1788204230394,1.0.0
ses_155a0e3c8ffeEXrnHTfIsEGth4,,explore,explore,stop,,3,128619,1,1,,silent_failure,1788204230407,1.0.0
ses_156243094ffeo2GZfrDhu4On6G,,explore,explore,stop,,3,92067,1,1,,silent_failure,1788204230418,1.0.0
ses_156304bd1ffevwdrUDdvAGrJnT,,explore,explore,stop,,3,66536,1,1,,silent_failure,1788204230424,1.0.0
ses_1563053caffeLYq3RarDu4nvPc,,explore,explore,stop,,0,66412,1,1,,,1788204230429,1.0.0
ses_15630558affeNkuBlJR0v2RN7N,,explore,explore,stop,,2,88105,1,1,,tool_error,1788204230437,1.0.0
ses_156b5d8e9ffe3QBWwU2NhPB7w0,,roc_racoon,roc_racoon,stop,,5,132419,1,1,,tool_error,1788204230545,1.0.0
ses_156b6b246ffeZ1LaDZNMN7khSd,,roc_racoon,roc_racoon,stop,,3,208681,1,1,,tool_error,1788204230591,1.0.0
ses_156d8cb23ffeaTUfRYWli4Sgax,,general,general,stop,,0,138568,1,1,,tool_error,1788204230624,1.0.0
ses_156f870b0ffexvLCHy7QfatWTx,,general,general,stop,,3,147388,1,1,,silent_failure,1788204230639,1.0.0
ses_156f88252ffeTkBcBMolEkArrf,,general,general,stop,,0,105291,1,1,,,1788204230644,1.0.0
ses_156f89655ffe9cgLES9WcnrRGN,,general,general,stop,,0,107101,1,1,,,1788204230650,1.0.0
ses_156f8a986ffe94x1hp7lK0SDja,,general,general,stop,,0,117979,1,1,,,1788204230657,1.0.0
ses_156f8bb1bffewzpJ7JqZp78K8O,,general,general,stop,,3,110211,1,1,,silent_failure,1788204230662,1.0.0
ses_157fd715fffe1mj6co8hcytbqE,,kali,kali,stop,,11,162809,1,1,,tool_error,1788204230847,1.0.0
ses_15be05b14ffeAgyyEXOKhTTfCy,,general,general,stop,,0,133124,1,1,,,1788204230855,1.0.0
ses_15bef6d2affeIrCIt70tJnygED,,general,general,stop,,0,178081,1,1,,tool_error,1788204230866,1.0.0
ses_15bf07cd6ffeJaY1NNoKwmv5sB,,general,general,stop,,0,84022,1,1,,,1788204230869,1.0.0
ses_15c0e03b1ffeVRaoefP8VHM5HN,,general,general,stop,,0,83646,1,1,,,1788204230873,1.0.0
ses_15c111daaffefm9Sv9Ad6iaHqM,,general,general,stop,,0,91948,1,1,,,1788204230877,1.0.0
ses_15c1540cbffeg4UTCR31zdNxNs,,general,general,stop,,0,73087,1,1,,,1788204230879,1.0.0
ses_15c191df5ffexaLEtSyn0Vj3ef,,general,general,stop,,0,96480,1,1,,tool_error,1788204230884,1.0.0
ses_15c5547ddffeuc31NGS4I20NmT,,general,general,stop,,0,201692,1,1,,tool_error,1788204230891,1.0.0
ses_15c7ca19affe47LdilOAhToO7d,,general,general,,,0,,1,1,,unknown_finish_reason,1788204230897,1.0.0
ses_15c805723ffeWHGczew4HTxeP5,,general,general,stop,,0,87480,1,1,,,1788204230901,1.0.0
ses_15c873238ffeifOfLBdW9ljsId,,general,general,stop,,0,126413,1,1,,,1788204230908,1.0.0
ses_15cbc929fffeO2q9ZrWS2u7PLd,,general,general,stop,,0,122979,1,1,,,1788204230916,1.0.0
ses_15cbe24a3ffe0GPcWXM5H4d7oS,,general,general,stop,,0,123454,1,1,,,1788204230924,1.0.0
ses_15cc05ca5ffe6HesEfEd3qzLwu,,general,general,stop,,0,84160,1,1,,,1788204230927,1.0.0
ses_15cc1a90dffeDZiLelsHOB7Zyg,,general,general,stop,,0,143145,1,1,,tool_error,1788204230936,1.0.0
ses_15cd503a7ffe2n8aPZQ5ILZo4C,,general,general,stop,,0,165975,1,1,,,1788204230948,1.0.0
ses_15cd7004effeNor7epfF1U4e7c,,general,general,stop,,0,145109,1,1,,,1788204230957,1.0.0
ses_15cd95609ffeuL5rhYfhFZn9XJ,,explore,explore,stop,,0,136760,1,1,,tool_error,1788204230967,1.0.0
ses_15d180da5ffeBgvbCpMolOSLSd,,kali,kali,stop,,4,155418,1,1,,tool_error,1788204231058,1.0.0
ses_15d7566fbffeaCj0H53fjTiZyE,,explore,explore,stop,,0,76093,1,1,,,1788204231074,1.0.0
ses_15da622c9ffeiBmdsFDJ0gYEOp,,general,general,,,0,,1,1,,unknown_finish_reason,1788204231075,1.0.0
ses_15da62aa6ffeQ96cTLQg6s1stp,,general,general,,,0,,1,1,,unknown_finish_reason,1788204231076,1.0.0
ses_15dc20e2affeNub3q3Ha8WpCvE,,general,general,,,3,,1,1,,tool_error,1788204231086,1.0.0
ses_15dc2395bffe97ZePjQdloUm8i,,general,general,stop,,0,86209,1,1,,tool_error,1788204231090,1.0.0
ses_15dc25d55ffenR7gasrZfNFdL9,,general,general,,,0,,1,1,,unknown_finish_reason,1788204231096,1.0.0
ses_15dc2846bffedOfEUHjxexrh31,,general,general,stop,,0,65596,1,1,,,1788204231097,1.0.0
ses_15dca43fcfferQaoHKb6p1hR0h,,general,general,stop,,0,76833,1,1,,tool_error,1788204231101,1.0.0
ses_15dca7f0bffe2xRC4utkA3qJv9,,general,general,stop,,0,89111,1,1,,,1788204231104,1.0.0
ses_15dceefbfffepgB7fOGnv0Rq02,,general,general,stop,,0,99057,1,1,,,1788204231109,1.0.0
ses_15dcf315cffeWKAKLVz1iPEC8f,,general,general,stop,,0,107768,1,1,,,1788204231114,1.0.0
ses_15dcf6fb8ffehpM8xEWddKsK0U,,general,general,stop,,0,71621,1,1,,,1788204231117,1.0.0
ses_161dc187cffe4RKqLn7gO9PWea,,general,general,,,0,,1,1,,unknown_finish_reason,1788204231130,1.0.0
ses_161dc8616ffe3C0J1WYRnew2UE,,general,general,,,0,,1,1,,unknown_finish_reason,1788204231137,1.0.0
ses_161fddda2ffe2ivKRVIrhAsBQd,,general,general,stop,,1,101477,1,1,,silent_failure,1788204231145,1.0.0
ses_161fe40e8ffezsSBuh4BigilG0,,general,general,stop,,3,123231,1,1,,silent_failure,1788204231152,1.0.0
ses_161fea77fffe3jlYn3Z41mBgbX,,general,general,stop,,0,88827,1,1,,,1788204231156,1.0.0
ses_16202a7eaffeVcUCwOIa7zpzaX,,general,general,stop,,0,67240,1,1,,,1788204231159,1.0.0
ses_16202cdfaffe0l56NyLv0rh1A5,,general,general,stop,,0,116714,1,1,,,1788204231162,1.0.0
ses_16202f503ffeUdvNpmR8MvMz0Q,,general,general,stop,,1,74351,1,1,,silent_failure,1788204231164,1.0.0
ses_16203225effeF549T8mOseUd4e,,general,general,stop,,1,72593,1,1,,silent_failure,1788204231167,1.0.0
ses_1620873bcffeyCgv6WZy4hCL2k,,general,general,stop,,5,114530,1,1,,silent_failure,1788204231174,1.0.0
ses_16208b3dcffeLkSby4nr9mYBHf,,general,general,stop,,2,98494,1,1,,silent_failure,1788204231178,1.0.0
ses_16216de3dffen0zyk8N6vELKdL,,explore,explore,stop,,9,165471,1,1,,silent_failure,1788204231194,1.0.0
ses_1621733caffeGx41zwW8DWtrQj,,explore,explore,stop,,5,148704,1,1,,tool_error,1788204231205,1.0.0
ses_1623c0990ffeoiuE90WwS69C8K,,verifier,verifier,stop,,0,115904,1,1,,,1788204231209,1.0.0
ses_16242e782ffegM4mBC098e2zVK,,explore,explore,stop,,6,124004,1,1,,tool_error,1788204231218,1.0.0
ses_16243b1bbffeQTgir9CylJjafa,,kali,kali,stop,,5,119844,1,1,,tool_error,1788204231282,1.0.0
ses_162ea0d6fffebTYrAU7Ca2kbhJ,,general,general,stop,,0,114543,1,1,,,1788204231298,1.0.0
ses_162ea2ec8ffedBku5IfWTF4oiE,,general,general,stop,,1,137312,1,1,,silent_failure,1788204231307,1.0.0
ses_162ea4956ffeBjE8VYxdVKVLLQ,,general,general,stop,,0,157464,1,1,,,1788204231316,1.0.0
ses_162ea66fcffevZ1HV4SaShJWLn,,general,general,stop,,0,146179,1,1,,,1788204231324,1.0.0
ses_162ea7a2fffeqhxxWEZFTraERj,,general,general,stop,,0,119995,1,1,,,1788204231330,1.0.0
ses_162f99f64ffeFFmuK4WftH7kYh,,lilith,lilith,,,0,,1,1,,tool_error,1788204231371,1.0.0
ses_1631e79f9ffeuxFIhfS9loUjxA,,explore,explore,stop,,2,84796,1,1,,silent_failure,1788204231379,1.0.0
ses_163db3660ffeuRyYI0D34oNvK8,,buildmaster,buildmaster,stop,,0,66260,1,1,,,1788204231381,1.0.0
ses_163e77a5fffePN1hIlavM1C4To,,general,general,error,,0,67262,1,1,,unknown,1788204231382,1.0.0
ses_163f0bcf3ffeNcA7l0fmseCnBM,,general,general,stop,,0,81356,1,1,,,1788204231386,1.0.0
ses_163f2d010ffeMeSbNVk64NpBcD,,general,general,error,,0,67125,1,1,,unknown,1788204231388,1.0.0
ses_163fc34efffeX1a7pVYP2vdatw,,general,general,stop,,1,115303,1,1,,silent_failure,1788204231393,1.0.0
ses_1640102ebffeyDCqvRdVEXInEB,,general,general,stop,,2,120333,1,1,,silent_failure,1788204231403,1.0.0
ses_164036410fferH0BD6h3OcgOrO,,general,general,stop,,0,93417,1,1,,,1788204231406,1.0.0
ses_164137369ffefdP8ic4PvMtpu3,,sysadmin,sysadmin,stop,,0,51456,1,1,,,1788204231407,1.0.0
ses_164202bbbffeUQrkgT1m2CKeWP,,datastore,datastore,stop,,1,61607,1,1,,silent_failure,1788204231408,1.0.0
ses_164250f5bffeooweF3X23Sib5E,,context,context,stop,,0,75723,1,1,,,1788204231413,1.0.0
ses_1642ac5a2ffe4XXiOWnPv8ljcT,,buildmaster,buildmaster,stop,,3,103341,1,1,,silent_failure,1788204231420,1.0.0
ses_164495469ffeOwSIhqjYR7SjVp,,explore,explore,stop,,0,98229,1,1,,,1788204231428,1.0.0
ses_16451b33affeUc3xwbC5Newina,,explore,explore,stop,,0,85957,1,1,,,1788204231437,1.0.0
ses_1645699a4ffeU7nh5nifhcyk73,,explore,explore,stop,,0,105639,1,1,,,1788204231444,1.0.0
ses_1645b540bffeUH8mvV9fkGrXQc,,explore,explore,stop,,0,100148,1,1,,,1788204231451,1.0.0
ses_164617ad2ffexFiAkAc3kzTBL5,,explore,explore,stop,,2,108767,1,1,,silent_failure,1788204231458,1.0.0
ses_1648df95effeEB1RsITk7CPUvv,,explore,explore,,,0,,1,1,,unknown_finish_reason,1788204231462,1.0.0
ses_1648df981ffeMwjvP5Xx6Dl4cK,,explore,explore,,,0,,1,1,,unknown_finish_reason,1788204231464,1.0.0
ses_1648df9a7ffeGJ7tHijOHzsevu,,explore,explore,,,0,,1,1,,unknown_finish_reason,1788204231467,1.0.0
ses_1648df9cfffeBnLdbvYIgnJ7P2,,explore,explore,,,0,,1,1,,unknown_finish_reason,1788204231468,1.0.0
ses_1648df9f3ffeRZt5b2cycL5EnA,,explore,explore,,,12,,1,1,,silent_failure,1788204231479,1.0.0
ses_164996a4fffefXzBPhRSkfviF8,,explore,explore,,,0,,1,1,,unknown_finish_reason,1788204231487,1.0.0
ses_164997262ffe8aimFUG84Mt4G2,,explore,explore,stop,,0,51210,1,1,,,1788204231491,1.0.0
ses_164997ba9ffeQh5vOLSHn3eLyo,,explore,explore,,,0,,1,1,,unknown_finish_reason,1788204231496,1.0.0
ses_164998700ffeub8LsnXpffznfr,,explore,explore,,,0,,1,1,,unknown_finish_reason,1788204231503,1.0.0
ses_1649990d1ffezQfUWrarAUZsgE,,explore,explore,,,0,,1,1,,unknown_finish_reason,1788204231510,1.0.0
ses_1649996caffe2NyMPyhSkQ0eBO,,explore,explore,,,2,,1,1,,silent_failure,1788204231513,1.0.0
ses_164c418dcffepLxaQHKNDlY5jf,,general,general,stop,,1,88007,1,1,,tool_error,1788204231518,1.0.0
ses_164c42f47ffePah2l2Xs4qNwwk,,general,general,stop,,1,111869,1,1,,tool_error,1788204231529,1.0.0
ses_164c4442bffezI7WYTuj47veyu,,general,general,stop,,0,77212,1,1,,,1788204231532,1.0.0
ses_164c45b79ffeVNQ2d2ZvQgw62h,,general,general,stop,,1,79848,1,1,,tool_error,1788204231535,1.0.0
ses_164c82f13ffeE89aYdO1zs2zas,,general,general,stop,,3,112623,1,1,,tool_error,1788204231544,1.0.0
ses_164c83d77ffe0ne6h6av8r9mwS,,general,general,stop,,1,97150,1,1,,silent_failure,1788204231549,1.0.0
ses_164ef2ab9ffeO4xWhqhqWH4Li5,,general,general,stop,,3,164305,1,1,,silent_failure,1788204231575,1.0.0
ses_164efb8bdffeiYsAxujEgn64we,,general,general,stop,,3,96575,1,1,,silent_failure,1788204231596,1.0.0
ses_164f05d52ffe0vsb9MZDU2oyxl,,general,general,stop,,3,150054,1,1,,silent_failure,1788204231628,1.0.0
ses_164f0dcbdffe9zKkGbEBv5y9sG,,general,general,stop,,2,93173,1,1,,silent_failure,1788204231648,1.0.0
ses_164f17124ffeGrLzbMUj31ex58,,general,general,stop,,1,131809,1,1,,silent_failure,1788204231664,1.0.0
ses_164f1db27ffegcxOy5LCJGEGte,,general,general,stop,,2,164017,1,1,,tool_error,1788204231684,1.0.0
ses_164fb8462ffegehUpu2B9K0RMe,,general,general,stop,,3,100046,1,1,,silent_failure,1788204231695,1.0.0
ses_164fbc132ffeBPOGNq5kL4U7V2,,general,general,stop,,3,112650,1,1,,tool_error,1788204231704,1.0.0
ses_164fbe85affeCsZJKB2zjbE24k,,general,general,stop,,3,120084,1,1,,tool_error,1788204231711,1.0.0
ses_164fc12cdffek3DiKYDyaMQ3dN,,general,general,stop,,0,87419,1,1,,tool_error,1788204231715,1.0.0
ses_164fc3a70ffeZTW41WZC6WugwQ,,general,general,stop,,1,79493,1,1,,silent_failure,1788204231720,1.0.0
ses_165085daaffeqJGymva3EkWITK,,general,general,stop,,2,84247,1,1,,tool_error,1788204231728,1.0.0
ses_1650874d6ffeQo2eAJONCutp9B,,general,general,stop,,0,71418,1,1,,,1788204231733,1.0.0
ses_165088f1cffeyQCUVjZYEDABUU,,general,general,stop,,1,103595,1,1,,silent_failure,1788204231741,1.0.0
ses_16508a66bffe2ZQh45jB3CNEv3,,general,general,stop,,2,119402,1,1,,silent_failure,1788204231747,1.0.0
ses_16508bb42ffeIv3gRGoj2uON14,,general,general,stop,,1,128481,1,1,,silent_failure,1788204231755,1.0.0
ses_1650bada5ffe4BPX3zfMu8Zwzw,,general,general,stop,,0,51806,1,1,,,1788204231756,1.0.0
ses_1650e4872ffes5iO9Ww0gJR7HB,,general,general,stop,,0,83991,1,1,,,1788204231760,1.0.0
ses_165127dc9ffeu705tu8dyaVBef,,general,general,stop,,0,75005,1,1,,,1788204231762,1.0.0
ses_165152b43ffee1gKD7woXaO0Ql,,general,general,stop,,0,113052,1,1,,,1788204231769,1.0.0
ses_165214158ffek0UvKeLboj5WbX,,general,general,stop,,0,65437,1,1,,,1788204231771,1.0.0
ses_16523c2f0fferebdttH65K3M64,,general,general,stop,,0,119659,1,1,,,1788204231778,1.0.0
ses_165250e2affewYbBdFYgkCArvi,,general,general,stop,,0,69592,1,1,,,1788204231779,1.0.0
ses_16526e848ffeDtjrGlzYgjwMs3,,general,general,stop,,0,108666,1,1,,,1788204231785,1.0.0
ses_16533de04ffe9lJcyB6pHZ3Xt5,,general,general,stop,,0,224588,1,1,,,1788204231806,1.0.0
ses_1653d12a8ffek0QbLQIHY5Ak75,,build,build,,,0,,1,1,,unknown_finish_reason,1788204231808,1.0.0
ses_165516939ffeGKS50NImiSyIQM,,researcher,researcher,stop,,0,98329,1,1,,,1788204231813,1.0.0
ses_165517aceffeEljUwiLoBkB0zH,,general,general,stop,,0,121634,1,1,,,1788204231820,1.0.0
ses_165518cccffe9UlYFq7yi6TaEl,,explore,explore,stop,,0,47474,1,1,,,1788204231821,1.0.0
ses_165673a27ffe8ADiEB6yIR5t35,,kali,kali,,,7,,1,1,,tool_error,1788204231856,1.0.0
ses_1658054b6ffeG4cHdx6aB8sMjS,,explore,explore,stop,,0,140389,1,1,,,1788204231878,1.0.0
ses_165808ddfffeW1uBkQ0katHe4M,,explore,explore,,,0,,1,1,,tool_error,1788204231896,1.0.0
ses_16580c647ffepAmO7jX8MucZgs,,explore,explore,stop,,0,120288,1,1,,,1788204231911,1.0.0
ses_16580f2b2ffeV1rPxoWX0lKZkp,,explore,explore,stop,,1,66737,1,1,,silent_failure,1788204231925,1.0.0
ses_16597d2c1ffehHfZYVbOPQ7uKu,,explore,explore,stop,,0,48562,1,1,,,1788204231929,1.0.0
ses_16597dcc3ffeKpcEY503ncLRnN,,explore,explore,stop,,0,70037,1,1,,,1788204231934,1.0.0
ses_16597ef89ffeLNgw1G67oOlOR5,,explore,explore,stop,,0,49509,1,1,,,1788204231935,1.0.0
ses_165a4bc93ffe3Cxd3AzXNJ0BNy,,plan,plan,stop,,9,109316,1,1,,tool_error,1788204232033,1.0.0
ses_1664a3476ffezcZZ30h5TLAZVD,,lilith,lilith,stop,,0,65627,1,1,,,1788204232035,1.0.0
ses_1664a4c71ffeUSszNNlI5MTAiN,,maat,maat,stop,,0,65617,1,1,,,1788204232036,1.0.0
ses_1666163a3ffexUGzUWSH1x0Uwn,,roc_racoon,roc_racoon,stop,,0,150324,1,1,,,1788204232048,1.0.0
ses_166658c0dffexU19lFNZLDzhMr,,general,general,stop,,0,85441,1,1,,,1788204232052,1.0.0
ses_166665dc9ffeMe5PEkrlr6IKzh,,researcher,researcher,stop,,0,74020,1,1,,,1788204232055,1.0.0
ses_16672b6e4ffe2pCcsy22U3XrGh,,general,general,stop,,2,78885,1,1,,silent_failure,1788204232059,1.0.0
ses_16672cb69ffeXDkrg1LbCfkWXK,,general,general,stop,,1,96923,1,1,,silent_failure,1788204232062,1.0.0
ses_16676aaa8ffeymFyvdNMM1QMtQ,,general,general,stop,,1,70797,1,1,,silent_failure,1788204232064,1.0.0
ses_16676b709ffe40HRfgRDxIX47n,,general,general,stop,,0,75258,1,1,,,1788204232067,1.0.0
ses_16676c50bffew1Ucu31iiSvKgl,,scribe,scribe,stop,,0,85965,1,1,,tool_error,1788204232069,1.0.0
ses_16676d309ffeDAboXuXV6yXTUP,,general,general,stop,,0,64707,1,1,,,1788204232070,1.0.0
ses_16676e241ffez5GYCG3kHD5l7n,,quality,quality,stop,,0,87947,1,1,,,1788204232074,1.0.0
ses_166812851ffegIFBMHPALMu0UJ,,pillar,pillar,stop,,0,71184,1,1,,,1788204232075,1.0.0
ses_1668197deffeAOsEhdxntRIhnd,,pillar,pillar,stop,,0,68783,1,1,,,1788204232076,1.0.0
ses_166840cbaffeQaM2cJLDY04rwZ,,general,general,stop,,0,65772,1,1,,,1788204232077,1.0.0
ses_16686470affeeByfEnbdp9E1sk,,quality,quality,stop,,0,82257,1,1,,,1788204232080,1.0.0
ses_1668693f6ffe6e236XJqd8OCd7,,quality,quality,stop,,0,66429,1,1,,,1788204232080,1.0.0
ses_1669335dcffeU6tJVbk73m0qX7,,researcher,researcher,stop,,0,70301,1,1,,,1788204232082,1.0.0
ses_16693d2caffewxKf7D9FdYVymQ,,pillar,pillar,stop,,0,73243,1,1,,,1788204232084,1.0.0
ses_1669d0601ffert5PiKRScjalRz,,general,general,,,0,,1,1,,unknown_finish_reason,1788204232087,1.0.0
ses_166a19bf6ffeq1Vj8PTrAIXpc6,,pillar,pillar,,,0,,1,1,,unknown_finish_reason,1788204232088,1.0.0
ses_166a1a4afffe47HrKzcCRn0VQO,,pillar,pillar,,,0,,1,1,,unknown_finish_reason,1788204232089,1.0.0
ses_166a1cf83ffe0yxQgmTfANDqLa,,pillar,pillar,,,0,,1,1,,unknown_finish_reason,1788204232090,1.0.0
ses_166a21404ffebVmAxoH8GFhSv4,,pillar,pillar,,,0,,1,1,,unknown_finish_reason,1788204232091,1.0.0
ses_166a21efaffei2278uNy3F0xSX,,pillar,pillar,,,0,,1,1,,unknown_finish_reason,1788204232092,1.0.0
ses_166a248d0ffelOt95WhORoaZ9b,,pillar,pillar,,,0,,1,1,,unknown_finish_reason,1788204232093,1.0.0
ses_166a2c26bffeZ8xe4DeIQCTKcT,,pillar,pillar,,,0,,1,1,,tool_error,1788204232094,1.0.0
ses_166a2cd36ffeDm1teEYx0PYJ3m,,pillar,pillar,,,0,,1,1,,tool_error,1788204232095,1.0.0
ses_166a34002ffexzE1uPFzP86rDe,,pillar,pillar,,,0,,1,1,,tool_error,1788204232096,1.0.0
ses_166a352cdffeZuNM247cu25OG6,,pillar,pillar,,,0,,1,1,,tool_error,1788204232097,1.0.0
ses_166a35c65ffeUjeGo5BglC2pqy,,pillar,pillar,,,0,,1,1,,tool_error,1788204232098,1.0.0
ses_166a3dab6ffelDqbPJ3eKOX3HI,,pillar,pillar,,,0,,1,1,,tool_error,1788204232099,1.0.0
ses_166a3daccffe8QjBDcd7mKAxYk,,pillar,pillar,,,0,,1,1,,tool_error,1788204232100,1.0.0
ses_166a3db36ffe95Wgk2bK037cxO,,pillar,pillar,,,0,,1,1,,tool_error,1788204232101,1.0.0
ses_166a43819ffexNk1iY6VCeIslF,,pillar,pillar,,,0,,1,1,,tool_error,1788204232102,1.0.0
ses_166a45175ffeEvVpeMOvfqNnwQ,,pillar,pillar,,,0,,1,1,,tool_error,1788204232104,1.0.0
ses_166a468d1ffesT97dwOQmHmuIE,,pillar,pillar,,,0,,1,1,,tool_error,1788204232105,1.0.0
ses_166b4140effenE7a8F5dHVppDs,,jem_synthesis,jem_synthesis,stop,,0,72510,1,1,,,1788204232108,1.0.0
ses_166b516c6ffeL41AcQw7kWKwED,,general,general,stop,,0,95408,1,1,,,1788204232112,1.0.0
ses_166b69538ffei5UqTzYVyG4m4N,,general,general,stop,,0,63071,1,1,,,1788204232113,1.0.0
ses_166bace56ffeaKitaGr2pVFgdO,,jem_discovery,jem_discovery,stop,,1,136894,1,1,,tool_error,1788204232121,1.0.0
ses_166c363c0ffe9OzKldLo8djDJu,,jem_verification,jem_verification,stop,,0,76236,1,1,,tool_error,1788204232124,1.0.0
ses_166c58c36ffeDBk8FdqoGRblfw,,jem_synthesis,jem_synthesis,stop,,0,72213,1,1,,,1788204232125,1.0.0
ses_166c840a1ffeNvtt9F6sZ9RrGG,,jem_discovery,jem_discovery,stop,,0,124208,1,1,,,1788204232132,1.0.0
ses_166e4829affe9upi5qGnvIyitY,,researcher,researcher,stop,,1,126299,1,1,,tool_error,1788204232158,1.0.0
ses_166e9f3ebffe1lWVHhPuRzjQ7Q,,lilith,lilith,,,0,,1,1,,tool_error,1788204232168,1.0.0
ses_16740883bffez29Ql0aYXT1xPH,,kali,kali,stop,,0,173981,1,1,,tool_error,1788204232218,1.0.0
ses_167627b86ffeoWC6sHErSqPl4f,,scribe,scribe,stop,,0,67274,1,1,,,1788204232220,1.0.0
ses_1676d0f8fffesKZAWSGDBJaYbl,,general,general,stop,,0,78108,1,1,,,1788204232224,1.0.0
ses_1676d2500ffeMKycSiFBz71wmB,,general,general,stop,,0,63986,1,1,,,1788204232225,1.0.0
ses_1676d3cceffewOkWq6Gf4Dywh4,,general,general,stop,,0,64485,1,1,,,1788204232226,1.0.0
ses_167700a63ffeQdlgtIInif6LXl,,jem_verification,jem_verification,stop,,0,103316,1,1,,,1788204232233,1.0.0
ses_167701ec2ffekb2MQz5VMd2b5k,,jem_synthesis,jem_synthesis,stop,,0,65687,1,1,,,1788204232234,1.0.0
ses_167703b39ffeK901b1qDiXAdu6,,jem_discovery,jem_discovery,stop,,0,90381,1,1,,,1788204232239,1.0.0
ses_16782bccdffeCxX9z3uLk3I4F1,,general,general,stop,,1,201981,1,1,,silent_failure,1788204232252,1.0.0
ses_16787d600ffeEKo2S7m5oewEjY,,jem_discovery,jem_discovery,stop,,0,101563,1,1,,,1788204232260,1.0.0
ses_1678bb85bffeyT3k5rJ1gjoFWJ,,jem_discovery,jem_discovery,,,0,,1,1,,unknown_finish_reason,1788204232261,1.0.0
ses_1679140c4ffeaFwUXX8pQhPzuD,,general,general,stop,,0,97271,1,1,,,1788204232269,1.0.0
ses_16791592affezB5Ui2T4e60BbB,,explore,explore,stop,,0,69722,1,1,,,1788204232274,1.0.0
ses_1679cc58cffew4Z5fKmPOZ4uCi,,general,general,stop,,0,70546,1,1,,,1788204232276,1.0.0
ses_1679cd909ffes08rdCGm9PmJn1,,general,general,stop,,1,113177,1,1,,silent_failure,1788204232284,1.0.0
ses_1679ef848ffeEWqM9Wkt4lPHwE,,explore,explore,stop,,0,54489,1,1,,,1788204232288,1.0.0
ses_167a15607ffeobaq3rEjVDDYz4,,kali,kali,stop,,0,45185,1,1,,,1788204232302,1.0.0
ses_167b4b882ffeigrhxlzP8q7NQR,,general,general,,,0,,1,1,,unknown_finish_reason,1788204232303,1.0.0
ses_167b4daa9ffetORwcvN9vzXd6f,,general,general,,,0,,1,1,,tool_error,1788204232304,1.0.0
ses_167b92984ffeSdd1NDmCjBxV2U,,quality,quality,stop,,0,121746,1,1,,,1788204232309,1.0.0
ses_167b93ca0ffer9Ju7oM34nmwSd,,quality,quality,stop,,0,64137,1,1,,,1788204232311,1.0.0
ses_167c0514bfferPc4AmVJsUzPHg,,general,general,stop,,1,118343,1,1,,silent_failure,1788204232315,1.0.0
ses_168003fd7ffek7WHXrDvPlLIQC,,pillar,pillar,stop,,0,65810,1,1,,,1788204232317,1.0.0
ses_16800470fffeb38xCYqWWjAx3m,,pillar,pillar,stop,,1,101899,1,1,,silent_failure,1788204232323,1.0.0
ses_1680050a6ffe6eflYnptKz8Xab,,pillar,pillar,stop,,2,119196,1,1,,silent_failure,1788204232332,1.0.0
ses_1680058e2ffeUpGatd5UQbLZOO,,pillar,pillar,stop,,2,91743,1,1,,silent_failure,1788204232337,1.0.0
ses_168006264ffe9Y4lCOU3BdbGCJ,,pillar,pillar,stop,,1,112696,1,1,,silent_failure,1788204232342,1.0.0
ses_168006bd3ffelbc5NkGqVFPQ6b,,pillar,pillar,stop,,1,99960,1,1,,silent_failure,1788204232347,1.0.0
ses_16800761cffei6n04ViLcxuqQX,,pillar,pillar,stop,,0,94221,1,1,,,1788204232350,1.0.0
ses_168007fcdffeI0p8gFsVE4Gypd,,pillar,pillar,stop,,0,88388,1,1,,,1788204232354,1.0.0
ses_168040506ffeGKL6yrzj4W4ZaY,,general,general,,,0,,1,1,,unknown_finish_reason,1788204232355,1.0.0
ses_1680415e9ffeEXPzy0Vk7ml6TF,,general,general,,,0,,1,1,,unknown_finish_reason,1788204232356,1.0.0
ses_1681689b8ffe9UebOmnA20uj1R,,quality,quality,stop,,0,89889,1,1,,,1788204232361,1.0.0
ses_16816d5dcffecv7ogi1NDL5LsW,,doom_guy,doom_guy,stop,,1,139113,1,1,,silent_failure,1788204232369,1.0.0
ses_168172614ffekDW18Y09qu045v,,pillar,pillar,stop,,0,106680,1,1,,,1788204232374,1.0.0
ses_168176755ffezxGM5rAX3qeUJy,,pillar,pillar,stop,,0,99997,1,1,,,1788204232378,1.0.0
ses_168179c91ffeMPvTZx8JRljhJx,,pillar,pillar,stop,,0,116849,1,1,,,1788204232383,1.0.0
ses_16828413effeGgfAQwwyQvuk6I,,kali,kali,stop,,4,134219,1,1,,tool_error,1788204232428,1.0.0
ses_1682af0beffe0jdA6o7kSLu9E1,,general,general,stop,,0,101026,1,1,,,1788204232432,1.0.0
ses_1682f6304ffexzFm8aPWZmhTs5,,general,general,stop,,0,124777,1,1,,,1788204232443,1.0.0
ses_1682f6eefffev4iScIfYKCVPv4,,general,general,stop,,0,73175,1,1,,,1788204232457,1.0.0
ses_1682f7a72ffeKS6uI7izEl3Wip,,explore,explore,stop,,3,149356,1,1,,silent_failure,1788204232468,1.0.0
ses_1682f84a6ffeQqBqurP0Op9YhF,,explore,explore,stop,,1,66116,1,1,,silent_failure,1788204232478,1.0.0
ses_16859ba41ffeEM4gm21kw4gP8z,,kali,kali,,,1,,1,1,,silent_failure,1788204232485,1.0.0
ses_16859cd86ffeJ6PgjaMFcvr22v,,quality,quality,error,,0,63862,1,1,,unknown,1788204232486,1.0.0
ses_16859e0a8ffecZev3oSwdcCVSG,,researcher,researcher,stop,,0,78673,1,1,,,1788204232487,1.0.0
ses_1686bdf6effeLKyR0sNLCkcbB8,,quality,quality,error,,0,63810,1,1,,unknown,1788204232488,1.0.0
ses_16872ca3affeE9iqkW5NVGwNZv,,scribe,scribe,stop,,0,105748,1,1,,,1788204232495,1.0.0
ses_16872d540ffeiue5x11v8G8M1p,,quality,quality,error,,0,63563,1,1,,unknown,1788204232496,1.0.0
ses_16872e7ebffeKFNh8L37Yr91V1,,researcher,researcher,stop,,0,66012,1,1,,,1788204232498,1.0.0
ses_16872f9fdffeXEGweLni5Kd58P,,lilith,lilith,stop,,0,93345,1,1,,,1788204232500,1.0.0
ses_168730e4fffeLccvcACYhiVuo4,,maat,maat,stop,,0,94699,1,1,,,1788204232504,1.0.0
ses_16962af70ffeCxBbFVtRLG3BRT,,jem_verification,jem_verification,stop,,0,119156,1,1,,tool_error,1788204232526,1.0.0
ses_169716124ffebE7bNX55BeLxmA,,jem_synthesis,jem_synthesis,stop,,0,87084,1,1,,,1788204232529,1.0.0
ses_1697ab737ffeMUCqKBDjyctVgF,,jem_discovery,jem_discovery,stop,,0,130785,1,1,,,1788204232536,1.0.0
ses_1698a2ddaffeyKdbRkRIJVfX4L,,build,build,,,0,,1,1,,unknown_finish_reason,1788204232537,1.0.0
ses_169c9aa4dffes0292QdhnvviaC,,doom_guy,doom_guy,stop,,0,152599,1,1,,,1788204232556,1.0.0
ses_169d0d4ddffeGfqiM9HBoGfxT3,,researcher,researcher,stop,,0,120962,1,1,,tool_error,1788204232596,1.0.0
ses_169ee1968ffeYcUQBMCZEhnSfr,,pillar,pillar,stop,,1,150444,1,1,,silent_failure,1788204232614,1.0.0
ses_169ee347fffel1Wz8k2fgBKjSC,,pillar,pillar,stop,,0,146074,1,1,,tool_error,1788204232629,1.0.0
ses_169ee51b6ffezsckbogUl43a5o,,pillar,pillar,stop,,0,108495,1,1,,,1788204232636,1.0.0
ses_169ee5fd9ffeDpWyCWuReAntzz,,explore,explore,stop,,0,56476,1,1,,,1788204232640,1.0.0
ses_169ee6abeffetBzsR33eP4FFms,,pillar,pillar,stop,,1,126276,1,1,,silent_failure,1788204232645,1.0.0
ses_169ee7ef7ffer0u7x4vhFy4YYY,,pillar,pillar,stop,,0,125501,1,1,,,1788204232651,1.0.0
ses_169fcfccbffeDlyig2NIjY0Jv8,,pillar,pillar,stop,,0,90925,1,1,,,1788204232657,1.0.0
ses_16a05c15cffeqxCWMevTtFhozr,,pillar,pillar,stop,,0,89314,1,1,,,1788204232663,1.0.0
ses_16a060d3cffe4V3JxVcvijmrm7,,pillar,pillar,stop,,0,100050,1,1,,,1788204232670,1.0.0
ses_16a062cf5ffe3Uv9LhJoHrfEmo,,pillar,pillar,stop,,0,84642,1,1,,,1788204232674,1.0.0
ses_16a256dd0ffe1MQ37at1t1wz1Z,,lilith,lilith,stop,,0,38423,1,1,,tool_error,1788204232720,1.0.0
ses_16a2817b7ffeBp9cZG9kbI0K56,,pillar,pillar,,,0,,1,1,,tool_error,1788204232724,1.0.0
ses_16a283de4ffeG58XpPiHN9IlHh,,pillar,pillar,,,0,,1,1,,unknown_finish_reason,1788204232728,1.0.0
ses_16a72b2edffebnI7fE8tbq9UfC,,pillar,pillar,stop,,2,103064,1,1,,silent_failure,1788204232736,1.0.0
ses_16a72d9d2ffegHUPJSJ50JqhQu,,pillar,pillar,stop,,1,118841,1,1,,silent_failure,1788204232744,1.0.0
ses_16a72f1daffe4T69r4SoPGKcXb,,pillar,pillar,stop,,1,128222,1,1,,silent_failure,1788204232750,1.0.0
ses_16a79d38cffeqgAPe9Jrf65Ddr,,pillar,pillar,,,0,,1,1,,unknown_finish_reason,1788204232756,1.0.0
ses_16a79d3bdffeU0Xujng6DMQGON,,pillar,pillar,,,0,,1,1,,unknown_finish_reason,1788204232759,1.0.0
ses_16ac71632ffezxZ28TVVVTetIP,,general,general,stop,,0,121596,1,1,,tool_error,1788204232765,1.0.0
ses_16b141ea5ffenZQd0xndY0FvQi,,kali,kali,stop,,5,129481,1,1,,tool_error,1788204232856,1.0.0
ses_172308260ffexwPFLWpfc0TZzm,,pillar,pillar,stop,,0,105006,1,1,,,1788204232867,1.0.0
ses_1723d19efffeKhFw0wX1XxPu1Z,,pillar,pillar,stop,,2,101022,1,1,,tool_error,1788204232873,1.0.0
ses_17245da6cffe7ZCWQt2LGr8v5f,,pillar,pillar,stop,,0,90781,1,1,,tool_error,1788204232881,1.0.0
ses_17245ec3fffeLZpJNJC7OK7SRo,,pillar,pillar,stop,,2,102594,1,1,,silent_failure,1788204232889,1.0.0
ses_17245fe69ffebNZ8HJ2ru0qAPp,,pillar,pillar,stop,,1,88348,1,1,,tool_error,1788204232893,1.0.0
ses_1724610d3ffeZ2eQmQwTCEjsPF,,pillar,pillar,stop,,4,174233,1,1,,silent_failure,1788204232910,1.0.0
ses_1724a732cffe49xXeR10NHSOEO,,scribe,scribe,stop,,0,82374,1,1,,tool_error,1788204232914,1.0.0
ses_1724be6bbffeT7wfOzQz9G6PSp,,kali,kali,stop,,0,76679,1,1,,,1788204232917,1.0.0
ses_173c27a3affenvMaYmggpVSfl5,,pillar,pillar,stop,,0,56880,1,1,,,1788204232918,1.0.0
ses_173c2819cffeH93AQThgobyclK,,pillar,pillar,stop,,0,57981,1,1,,,1788204232919,1.0.0
ses_173c285f2ffeLhRY49YdEhfZhj,,pillar,pillar,stop,,0,56622,1,1,,,1788204232921,1.0.0
ses_173c28de9fferXX6JG0ZwMHqht,,pillar,pillar,stop,,0,57540,1,1,,,1788204232922,1.0.0
ses_173c291fbffeMH63Zj0i35uWrc,,pillar,pillar,stop,,0,58398,1,1,,,1788204232924,1.0.0
ses_173c299ecffeOGxtcT0XXroSUO,,pillar,pillar,stop,,0,57512,1,1,,,1788204232925,1.0.0
ses_173c29ea9ffemWGn3ku7abTW9S,,pillar,pillar,stop,,0,56725,1,1,,,1788204232926,1.0.0
ses_173c2a5f4ffej37iiyV5G0EdGU,,pillar,pillar,stop,,0,57454,1,1,,,1788204232926,1.0.0
ses_173c2aa5effe3IfBg3htKp9l5z,,pillar,pillar,stop,,0,56794,1,1,,,1788204232927,1.0.0
ses_173c2b45affefGenMImgmNqZB2,,pillar,pillar,stop,,0,57482,1,1,,,1788204232928,1.0.0
ses_173c2e9f0ffeoXhKs4Xi33ckJw,,maat,maat,stop,,0,63109,1,1,,,1788204232929,1.0.0
ses_173c2fb26fferoHXPkgQeZaUKQ,,lilith,lilith,stop,,0,60370,1,1,,,1788204232930,1.0.0
ses_173c39feeffer68tzyZouy6PTc,,kali,kali,stop,,0,65621,1,1,,,1788204232931,1.0.0
ses_173c961f3ffeOPZ68YfaKXFfUu,,kali,kali,,,0,,1,1,,unknown_finish_reason,1788204232934,1.0.0
ses_173cd15f5ffe9mlhClPk7D9UIQ,,general,general,,,0,,1,1,,tool_error,1788204232936,1.0.0
ses_173d1df24ffe11AkRCYAUuXQcL,,general,general,,,0,,1,1,,tool_error,1788204232938,1.0.0
ses_173d4aea9ffeGvzXIbTAjDeVW0,,general,general,,,0,,1,1,,tool_error,1788204232939,1.0.0
ses_173da61e2ffeMhOhOoLVHhjj0X,,general,general,,,0,,1,1,,tool_error,1788204232941,1.0.0
ses_173e1ad13ffeuoZoqgYrc7XzkB,,general,general,,,0,,1,1,,unknown_finish_reason,1788204232942,1.0.0
ses_173f473c5ffebdtH7usrZ2XKWd,,jem_verification,jem_verification,stop,,0,77206,1,1,,,1788204232945,1.0.0
ses_173f6384dffeI005nql2OeagjN,,jem_synthesis,jem_synthesis,stop,,0,82057,1,1,,,1788204232949,1.0.0
ses_173f69884ffefvqtGtUt22cS1c,,general,general,stop,,0,82429,1,1,,,1788204232952,1.0.0
ses_173f6bfbaffeVTN6scBJ337Wlf,,general,general,stop,,0,94777,1,1,,,1788204232956,1.0.0
ses_173f6e500ffeN4Xoc9USF2YqWf,,general,general,stop,,0,85703,1,1,,,1788204232959,1.0.0
ses_173f8ad59ffe28YIeFVcqAvlnh,,jem_discovery,jem_discovery,stop,,0,73345,1,1,,,1788204232962,1.0.0
ses_173fba9ffffeCf5wbpO5ui7L58,,roc_racoon,roc_racoon,stop,,0,75673,1,1,,,1788204232967,1.0.0
ses_1740263d9ffeXthVNnA0MfCp42,,quality,quality,,,0,,1,1,,unknown_finish_reason,1788204232969,1.0.0
ses_1740265a1ffeSqYeV6F7oj9OgK,,roc_racoon,roc_racoon,,,0,,1,1,,unknown_finish_reason,1788204232970,1.0.0
ses_1741fa9a6ffeEn0ftZszrM7m1U,,general,general,stop,,0,89272,1,1,,,1788204232974,1.0.0
ses_1742a9ed8ffe4p6QUxP1fBO645,,general,general,,,2,,1,1,,tool_error,1788204232983,1.0.0
ses_17433eb02ffe0CIekLjOe8KK0S,,explore,explore,,,0,,1,1,,tool_error,1788204232988,1.0.0
ses_174547019ffeAgEbLN6Z86qJ9F,,pillar,pillar,stop,,2,163116,1,1,,silent_failure,1788204232997,1.0.0
ses_1745d44dcffessh9tW0yC0gwT5,,pillar,pillar,stop,,0,99874,1,1,,,1788204233009,1.0.0
ses_1745d6262ffe2Cg4pgdlyab7V2,,pillar,pillar,stop,,0,84499,1,1,,,1788204233013,1.0.0
ses_1745d79e1ffepoLFCzKcubGJr0,,pillar,pillar,stop,,0,128943,1,1,,tool_error,1788204233024,1.0.0
ses_1745d9386ffeuNJQ72FGZm3fAm,,pillar,pillar,stop,,0,112552,1,1,,tool_error,1788204233031,1.0.0
ses_1745e4565ffeRE4syKylbolVeU,,general,general,stop,,0,61096,1,1,,,1788204233033,1.0.0
ses_1745e606cffeiy79yuCeekkfKY,,context,context,stop,,0,93180,1,1,,tool_error,1788204233037,1.0.0
ses_1745e7860ffeYR7xui8J6ap8TI,,link,link,stop,,0,123666,1,1,,,1788204233046,1.0.0
ses_1745e8eb8ffe7SkLBZS89GXNSk,,maat,maat,stop,,0,122154,1,1,,tool_error,1788204233056,1.0.0
ses_17463ca5bffeORh1XGCXGjLMaQ,,lilith,lilith,stop,,0,119649,1,1,,,1788204233067,1.0.0
ses_1748fd797ffe1rJT1WBtmaOKhN,,roc_racoon,roc_racoon,stop,,9,142088,1,1,,tool_error,1788204233260,1.0.0
ses_174e4347fffeowhBD0wkMFoFj4,,explore,explore,stop,,0,100188,1,1,,,1788204233267,1.0.0
ses_174ee9f69ffe9mBNpcMRoXGIJU,,explore,explore,stop,,2,117377,1,1,,tool_error,1788204233277,1.0.0
ses_1751e53d1ffeCNjwOdJf3oFka4,,general,general,stop,,6,120768,1,1,,tool_error,1788204233297,1.0.0
ses_17524a780ffe7fAZem7QJMn9pC,,general,general,stop,,2,89189,1,1,,tool_error,1788204233308,1.0.0
ses_1752a9987ffeLWk26ng7Bb54Qy,,general,general,unknown,,2,,1,1,,tool_error,1788204233317,1.0.0
ses_17533e334ffeYcD2it8BuOQMmh,,general,general,stop,,0,121209,1,1,,,1788204233329,1.0.0
ses_1753e5b5dffedHbDPe0wc6isX3,,general,general,unknown,,5,,1,1,,tool_error,1788204233340,1.0.0
ses_175520607ffe7bKnUlgKmAOOU9,,explore,explore,stop,,4,73871,1,1,,tool_error,1788204233353,1.0.0
ses_17567ec91ffeSJwthoemgIFA5o,,explore,explore,stop,,4,123661,1,1,,tool_error,1788204233364,1.0.0
ses_175815d13ffePZylhWE1mzG26s,,explore,explore,stop,,3,76708,1,1,,tool_error,1788204233379,1.0.0
ses_1758a8a99ffeSn7kAZs5d6mSaR,,explore,explore,stop,,1,102820,1,1,,tool_error,1788204233388,1.0.0
ses_17720f257ffe8yGgSyrl1AEQZS,,general,general,stop,,0,52549,1,1,,,1788204233390,1.0.0
ses_17729685cffeN3b4q327OMxoCh,,general,general,stop,,0,113743,1,1,,,1788204233396,1.0.0
ses_1773f23b7ffenMOK7qzAEUwf4C,,general,general,stop,,0,51484,1,1,,,1788204233397,1.0.0
ses_177452d3fffeY0RsGkLQvM8nsd,,general,general,stop,,0,52334,1,1,,,1788204233398,1.0.0
ses_1775248dbffed6qqClG5CjhK1X,,general,general,stop,,0,69548,1,1,,,1788204233402,1.0.0
ses_177554e84ffeqXOh3NlUmtSs43,,general,general,unknown,,0,,1,1,,tool_error,1788204233405,1.0.0
ses_1779d44d2ffeNOSuR49VkaB1VL,,researcher,researcher,stop,,3,143652,1,1,,tool_error,1788204233413,1.0.0
ses_17a66359effe8GwE2Mm6KzWAhM,,general,general,stop,,0,36991,1,1,,,1788204233416,1.0.0
ses_17a67be63ffeH45HL3BM0cd1Rx,,general,general,stop,,0,40089,1,1,,,1788204233418,1.0.0
ses_17b80d9a4ffe6nuB0Y7RhEXvjK,,explore,explore,stop,,0,59614,1,1,,tool_error,1788204233422,1.0.0
ses_17bab4be3ffeU7JgJhd988Reib,,explore,explore,stop,,1,33687,1,1,,tool_error,1788204233425,1.0.0
ses_17bd0fbfbffeTmC0A5KL4udFmp,,general,general,stop,,0,42612,1,1,,tool_error,1788204233429,1.0.0
ses_17bd10b42ffeDDMcUuTY04BGes,,general,general,stop,,0,29539,1,1,,,1788204233430,1.0.0
ses_17bd10e75ffek9orW2qsPcE1Ag,,general,general,stop,,0,34785,1,1,,tool_error,1788204233431,1.0.0
ses_17bd11724ffef2zym1MzotpdFc,,general,general,stop,,0,39848,1,1,,tool_error,1788204233432,1.0.0
ses_17ccdfe81ffeKT1oEX4DMHwIug,,general,general,stop,,0,105881,1,1,,,1788204233437,1.0.0
ses_17cdb5ba2ffehbCO7skQmpmP4o,,explore,explore,stop,,0,115779,1,1,,,1788204233449,1.0.0
ses_17cdb813effeWaq7KT3bLrrOco,,explore,explore,stop,,0,139272,1,1,,,1788204233461,1.0.0
ses_17ce7c1b3ffeb7jeNqfc6XABT3,,explore,explore,stop,,0,122988,1,1,,,1788204233475,1.0.0
ses_17ce7d8ecffejVEErSvT30RKJX,,explore,explore,stop,,0,93885,1,1,,,1788204233484,1.0.0
ses_17ce7f94effevkZxPdo23OPxl4,,explore,explore,,,0,,1,1,,unknown_finish_reason,1788204233493,1.0.0
ses_17ce819beffevy5Hw1EA3oRwRl,,explore,explore,stop,,0,111337,1,1,,tool_error,1788204233501,1.0.0
ses_17ce8c1ddffeGXIcYjuWfRF7HV,,kali,kali,stop,,18,140295,1,1,,tool_error,1788204233663,1.0.0
ses_17f7df943ffeAUyCup6k94hxHL,,buildmaster,buildmaster,length,,2,63257,1,1,,tool_error,1788204233668,1.0.0
ses_18020f9e9ffelxHF1R17gtBVWa,,buildmaster,buildmaster,,,0,,1,1,,tool_error,1788204233670,1.0.0
ses_1803aae29ffeum00qtbCKs0YJ6,,general,general,stop,,0,45353,1,1,,tool_error,1788204233672,1.0.0
ses_18052c13dffeeDx4kGbNxkZ4I4,,general,general,unknown,,0,97205,1,1,,tool_error,1788204233680,1.0.0
ses_1807b0e79ffeRDl6tu1tzfbXzs,,general,general,,,0,,1,1,,tool_error,1788204233684,1.0.0
ses_1807e5e7bffeklFILf73GtCxaA,,general,general,stop,,3,85891,1,1,,tool_error,1788204233688,1.0.0
ses_18083365cffe5zbKyoz6g3KWrJ,,explore,explore,stop,,0,77629,1,1,,tool_error,1788204233694,1.0.0
ses_180bb9bdeffeAf0CXF6SVFmiOx,,general,general,stop,,0,53278,1,1,,tool_error,1788204233700,1.0.0
ses_180bba774ffepiDBv355eNUJ53,,general,general,stop,,2,53894,1,1,,tool_error,1788204233704,1.0.0
ses_180bbb720ffeWe00ksGNmMOJPw,,general,general,stop,,3,82402,1,1,,tool_error,1788204233708,1.0.0
ses_180bbc7a3ffedXN0jeETYOm7yw,,general,general,stop,,0,60150,1,1,,,1788204233711,1.0.0
ses_180bbd8f2ffeO4AlrPQ9qQoNAn,,general,general,,,1,,1,1,,silent_failure,1788204233715,1.0.0
ses_180c3a508ffeP92tJ8KPszvhh7,,general,general,,,0,,1,1,,tool_error,1788204233722,1.0.0
ses_180c6b0f6ffeu4PFL7OPSb6U2k,,general,general,stop,,1,40763,1,1,,silent_failure,1788204233725,1.0.0
ses_180c6c159ffett9qKIl4PwKiKd,,general,general,stop,,1,54223,1,1,,silent_failure,1788204233727,1.0.0
ses_180c6d1bdffeTJaaOLvDbf05nZ,,general,general,stop,,0,51879,1,1,,tool_error,1788204233729,1.0.0
ses_180c6e0e7ffeqlNMN0OrXLlwlk,,general,general,stop,,1,61765,1,1,,silent_failure,1788204233732,1.0.0
ses_180c6f3adffenQZN6xHySA6qw9,,general,general,,,0,,1,1,,tool_error,1788204233733,1.0.0
ses_181a92db4ffeAuNsmeqQWavGWD,,explore,explore,,,0,,1,1,,tool_error,1788204233747,1.0.0
ses_181a9475effeLfT6L4Qc53iji5,,explore,explore,,,1,,1,1,,tool_error,1788204233760,1.0.0
ses_181a951f1ffe7Zgt7aPD5UdSdh,,explore,explore,stop,,0,110190,1,1,,,1788204233767,1.0.0
ses_181e16db2ffeZN3rgjNNzMYJ6N,,explore,explore,stop,,3,63283,1,1,,tool_error,1788204233788,1.0.0
ses_181e181c6ffeVgsykYvLSn08dc,,explore,explore,stop,,4,152682,1,1,,silent_failure,1788204233799,1.0.0
ses_181e2fe67ffePTErhZ9UyFHPRC,,explore,explore,stop,,0,93376,1,1,,,1788204233807,1.0.0
ses_181f3b85affeos7ilTA161uyyx,,explore,explore,,,0,,1,1,,unknown_finish_reason,1788204233809,1.0.0
ses_181f3c6d1ffe6e16XL07Z07tgW,,explore,explore,,,0,,1,1,,unknown_finish_reason,1788204233811,1.0.0
ses_181f3d52fffefhIFVsMAJV75pX,,explore,explore,,,0,,1,1,,unknown_finish_reason,1788204233812,1.0.0
ses_181feae3cffetOpVqCNX7vMSQ7,,explore,explore,stop,,0,115822,1,1,,,1788204233824,1.0.0
ses_181febc82ffexREUdamEBpTfIU,,explore,explore,stop,,0,125035,1,1,,,1788204233830,1.0.0
ses_181fec967ffeLMDbCuAY1rhZZ9,,explore,explore,,,0,,1,1,,tool_error,1788204233833,1.0.0
ses_181fed561ffecUhx7nDE3bHrPC,,explore,explore,tool-calls,,0,26690,1,1,,tool_error,1788204233836,1.0.0
ses_181fedf42ffeg7gX2xwWssJMZM,,explore,explore,tool-calls,,0,19387,1,1,,tool_error,1788204233838,1.0.0
ses_18222af60ffewo0hVVIQ63cwYE,,explore,explore,stop,,0,70665,1,1,,tool_error,1788204233845,1.0.0
ses_18224b444ffexLYeML4CJQdTQ2,,explore,explore,stop,,0,60529,1,1,,tool_error,1788204233852,1.0.0
ses_18224c0a9ffeXnbwsNvUNl6Nok,,explore,explore,stop,,0,43478,1,1,,tool_error,1788204233857,1.0.0
ses_18224ccfbffeLdjijVARkgQK6E,,explore,explore,stop,,0,53095,1,1,,tool_error,1788204233861,1.0.0
ses_18224e295ffeRibWO7p5DPh72S,,explore,explore,stop,,0,51541,1,1,,tool_error,1788204233864,1.0.0
ses_184597550ffeDzpFDhBoxCjIC8,,explore,explore,stop,,0,70118,1,1,,tool_error,1788204233872,1.0.0
ses_184c19636ffeSb32V44FRg17Kz,,verifier,verifier,stop,,2,128351,1,1,,silent_failure,1788204233886,1.0.0
ses_184c1a65effedyEkTPQRIaT7Dz,,link,link,stop,,1,121196,1,1,,silent_failure,1788204233903,1.0.0
ses_184c1df26ffey0Qgj3n1weE3DA,,watchtower,watchtower,stop,,2,110899,1,1,,tool_error,1788204233911,1.0.0
ses_184c1f548ffe5r8zD9Nds6fIiQ,,context,context,stop,,0,95941,1,1,,tool_error,1788204233920,1.0.0
ses_184c210ffffejgqZbBjEci6QTe,,modelgate,modelgate,stop,,1,111315,1,1,,silent_failure,1788204233928,1.0.0
ses_184c7b349ffe6Gn42lBVj9lIZC,,sentinel,sentinel,stop,,0,115017,1,1,,,1788204233943,1.0.0
ses_184c7cc22ffeWJkTLFJaUrIaEu,,bridge,bridge,stop,,0,94746,1,1,,tool_error,1788204233951,1.0.0
ses_184c7e079ffeLIWYor22EpYrET,,buildmaster,buildmaster,stop,,0,88799,1,1,,tool_error,1788204233959,1.0.0
ses_184c7f9baffe6IAu9JQtnnAf9T,,datastore,datastore,stop,,0,121873,1,1,,tool_error,1788204233968,1.0.0
ses_184c80fabffeVw4YJMrljX81Io,,node,node,stop,,0,127232,1,1,,,1788204233982,1.0.0
ses_184ddea6effeX7aH1Skvb1RH6y,,explore,explore,,,0,,1,1,,unknown_finish_reason,1788204233984,1.0.0
ses_184ddf391ffelxLjwcxCH5saQl,,explore,explore,,,0,,1,1,,unknown_finish_reason,1788204233986,1.0.0
ses_185056f4effeQU63V59hXkUiys,,explore,explore,stop,,0,106073,1,1,,,1788204234004,1.0.0
ses_185105c18ffe9UU55V3DnxzJWf,,general,general,stop,,0,70796,1,1,,,1788204234011,1.0.0
ses_185984e4fffeRluUwKQNbAICnT,,general,general,stop,,0,101597,1,1,,,1788204234018,1.0.0
ses_185985d1fffe4fed2GU73rvsY0,,explore,explore,stop,,0,106944,1,1,,tool_error,1788204234029,1.0.0
ses_185b61036ffeD5EqSatA9F7U4Z,,explore,explore,stop,,0,63687,1,1,,,1788204234037,1.0.0
ses_189c212aaffezdCW1y9pTkXzgV,,explore,explore,stop,,0,72924,1,1,,tool_error,1788204234046,1.0.0
ses_189c21aafffeKn4CD7y4WTQGy2,,general,general,stop,,0,112379,1,1,,,1788204234054,1.0.0
ses_189c222edffejlJpwoGqrUk8Iv,,explore,explore,stop,,0,90550,1,1,,,1788204234061,1.0.0
ses_189c243dbffeTWPG0m1i24fsu8,,kali,kali,stop,,38,94190,1,1,,tool_error,1788204234319,1.0.0
ses_18e1d5b94ffeMvaW8hAK4EEeme,,build,build,,,0,,1,1,,unknown_finish_reason,1788204234320,1.0.0
ses_18e2fe960ffei0K0JxHjK96Gxp,,build,build,,,0,,1,1,,unknown_finish_reason,1788204234321,1.0.0
ses_18ec8036cffelLZL74adLtBwM0,,,,,,0,,1,1,,unknown_finish_reason,1788204234322,1.0.0
ses_18f38f352ffen3U2PDLkHGgEb0,,build,build,,,0,,1,1,,tool_error,1788204234332,1.0.0
ses_19434cd10ffet1c2vxcElZhCy5,,plan,plan,,,0,,1,1,,unknown_finish_reason,1788204234333,1.0.0
ses_1950370f2ffeqHau5p2RxP60jn,,general,general,stop,,0,66739,1,1,,,1788204234337,1.0.0
ses_1950382a3ffeg2NromX7tmCUrF,,general,general,stop,,0,75730,1,1,,,1788204234341,1.0.0
ses_1950395c4ffeGFigG5VJzW7bFm,,general,general,stop,,0,90247,1,1,,,1788204234345,1.0.0
ses_1950a4916ffeKRGV53hzVyU9dN,,general,general,stop,,1,73314,1,1,,silent_failure,1788204234349,1.0.0
ses_1950d5f66ffeMRxwBRsUneotCJ,,general,general,stop,,0,77622,1,1,,,1788204234354,1.0.0
ses_1950d7093ffebQJB5VtwVcCkb2,,general,general,stop,,0,56772,1,1,,,1788204234357,1.0.0
ses_1950f99caffeaz85tIDKJMOexG,,general,general,,,0,,1,1,,unknown_finish_reason,1788204234359,1.0.0
ses_1950fab00ffeOYKjs6NkS9oFqB,,general,general,,,0,,1,1,,unknown_finish_reason,1788204234360,1.0.0
ses_1950fb9afffemae3T1b21jxBfV,,general,general,tool-calls,,0,59958,1,1,,,1788204234362,1.0.0
ses_1950fc6c4ffe7sBgBASOjCg2ei,,general,general,,,0,,1,1,,unknown_finish_reason,1788204234364,1.0.0
ses_195194705ffewVph8AbaLnci9u,,general,general,stop,,0,59751,1,1,,,1788204234368,1.0.0
ses_195195c2bffevISRdJPRy3Mi9D,,general,general,stop,,1,125354,1,1,,tool_error,1788204234375,1.0.0
ses_195197096ffesqLXk8N6DF8Dq9,,general,general,stop,,1,111132,1,1,,tool_error,1788204234381,1.0.0
ses_1951981c1ffej0bmriCY8t7YSA,,general,general,stop,,0,80721,1,1,,tool_error,1788204234386,1.0.0
ses_1951affc4ffekyU6V8lExcu85v,,buildmaster,buildmaster,stop,,5,158253,1,1,,tool_error,1788204234398,1.0.0
ses_20c9c39a0ffeW1H3jBBhAtCzhk,,,,,,0,,1,1,,unknown_finish_reason,1788204234399,1.0.0
