Core	CPU	Avg_MHz	Busy%	Bzy_MHz	TSC_MHz	IPC	IRQ	NMI	SMI	LLCMRPS	LLC%hit	L2MRPS	L2%hit	POLL%	C1ACPI%	C2ACPI%	C3ACPI%	CPU%c1	CPU%c6	CPU%c7	CoreTmp	CoreThr	PkgTmp	GFX%rc6	GFXMHz	GFXAMHz	Totl%C0	Any%C0	GFX%C0	CPUGFX%	Pkg%pc2	Pkg%pc3	Pkg%pc6	Pkg%pc8	Pk%pc10	CPU%LPI	SYS%LPI	PkgWatt	CorWatt	GFXWatt	RAMWatt	PKG_%	RAM_%	UncMHz	SysWatt
-	-	1151	27.95	4118	2918	2.05	31752	2	0	367	18.62	816	46.75	0.06	4.94	9.23	57.90	23.85	21.41	10.45	88	2	88	92.12	300	300	414.69	100.54	7.31	7.30	0.00	0.00	0.00	0.00	0.00	0.00	0.00	48.30	42.00	0.05	0.00	0.00	0.00	2600	7.03
0	0	1681	41.71	4031	2918	2.59	1865	0	0	30	18.58	60	45.29	0.11	6.63	14.75	37.00	45.10	0.56	7.99	88	2	88	92.14	300	300	414.73	100.55	7.31	7.30	0.00	0.00	0.00	0.00	0.00	0.00	0.00	48.31	42.01	0.05	0.00	0.00	0.00	2600
0	1	441	10.51	4193	2918	1.29	1116	0	0	5	39.67	16	56.13	0.08	7.32	10.63	71.62	45.09
4	2	1590	37.16	4279	2918	2.31	2846	1	0	29	19.74	70	50.46	0.05	3.41	4.79	54.63	11.34	1.16	19.17	74	0
4	3	1557	37.35	4170	2918	1.68	1077	0	0	43	9.98	82	37.83	0.10	3.34	0.71	58.56	11.34
8	4	1575	36.66	4298	2918	2.16	1181	0	0	31	21.52	59	42.20	0.10	2.09	4.76	56.48	3.59	0.42	1.05	83	0
8	5	2783	64.18	4337	2918	2.27	1594	1	0	57	16.96	128	44.82	0.11	1.04	0.96	33.71	3.59
12	6	1980	46.62	4247	2918	2.42	1846	0	0	33	22.58	82	51.20	0.06	2.86	8.70	41.80	8.54	1.94	11.93	63	0
12	7	1616	38.90	4155	2918	1.62	1209	0	0	49	12.00	93	37.83	0.09	3.53	1.50	56.04	8.54
16	8	2170	52.13	4163	2918	2.24	7300	0	0	52	13.99	119	48.01	0.11	2.72	4.81	40.30	14.83	1.82	29.84	65	1
16	9	324	7.64	4244	2918	0.78	789	0	0	3	66.47	6	55.99	0.04	3.73	4.87	83.77	14.83
20	10	1312	31.84	4123	2918	2.01	1301	0	0	20	21.90	45	50.01	0.05	4.42	10.65	53.13	27.57	3.15	34.57	73	0
20	11	358	8.57	4178	2918	1.81	552	0	0	4	58.65	11	53.30	0.04	6.71	2.99	81.77	27.57
24	12	307	10.17	3015	2918	0.89	4451	0	0	4	40.70	11	51.50	0.02	13.57	22.26	54.22	49.55	39.96	0.00	66	0
25	13	263	8.64	3042	2918	0.91	2241	0	0	3	42.87	10	64.50	0.01	5.62	19.73	66.15	40.17	50.90	0.00	66	0
26	14	181	6.25	2895	2918	0.84	978	0	0	2	52.02	8	71.02	0.02	7.73	16.59	69.56	44.24	49.28	0.00	66	0
27	15	279	8.91	3132	2918	1.06	1406	0	0	3	46.23	17	78.72	0.03	4.29	19.08	67.82	25.77	64.87	0.00	66	0
Core	CPU	Avg_MHz	Busy%	Bzy_MHz	TSC_MHz	IPC	IRQ	NMI	SMI	LLCMRPS	LLC%hit	L2MRPS	L2%hit	POLL%	C1ACPI%	C2ACPI%	C3ACPI%	CPU%c1	CPU%c6	CPU%c7	CoreTmp	CoreThr	PkgTmp	GFX%rc6	GFXMHz	GFXAMHz	Totl%C0	Any%C0	GFX%C0	CPUGFX%	Pkg%pc2	Pkg%pc3	Pkg%pc6	Pkg%pc8	Pk%pc10	CPU%LPI	SYS%LPI	PkgWatt	CorWatt	GFXWatt	RAMWatt	PKG_%	RAM_%	UncMHz	SysWatt
-	-	1184	28.04	4222	2918	1.44	19141	0	0	620	8.63	974	27.77	0.09	3.18	6.71	62.09	17.15	28.94	9.28	90	0	90	92.03	300	300	435.17	100.62	7.46	7.46	0.00	0.00	0.00	0.00	0.00	0.00	0.00	50.04	42.42	0.05	0.00	0.00	0.00	2700	7.42
0	0	2792	65.59	4256	2918	1.58	2785	0	0	100	7.48	156	26.61	0.20	4.13	9.52	20.76	26.70	0.29	0.31	90	0	90	92.04	300	300	435.18	100.63	7.46	7.46	0.00	0.00	0.00	0.00	0.00	0.00	0.00	50.05	42.42	0.05	0.00	0.00	0.00	2700
0	1	446	10.68	4177	2918	1.19	1202	0	0	12	19.37	21	33.73	0.05	3.99	16.75	68.67	26.70
4	2	535	12.52	4269	2918	1.41	693	0	0	17	10.56	26	27.82	0.09	4.13	7.25	76.13	8.53	0.05	6.10	80	0
4	3	3196	74.20	4308	2918	1.61	1888	0	0	117	6.97	180	25.37	0.17	1.19	0.06	24.47	8.53
8	4	4021	93.49	4301	2918	1.58	2526	0	0	145	7.53	222	25.78	0.25	1.87	1.11	3.41	5.95	0.11	0.17	88	0
8	5	24	0.57	4148	2918	0.32	90	0	0	0	66.74	1	33.97	0.00	0.00	0.88	98.55	5.95
12	6	3100	72.20	4294	2918	1.43	2132	0	0	101	8.02	160	28.54	0.24	3.61	1.50	22.60	5.87	1.08	14.71	80	0
12	7	796	18.57	4284	2918	0.57	688	0	0	9	17.47	16	43.98	0.00	1.12	2.72	77.57	5.87
16	8	1823	43.01	4238	2918	1.38	1395	0	0	58	8.52	91	27.88	0.20	3.56	3.95	49.47	22.89	2.41	29.27	66	0
16	9	141	3.37	4186	2918	1.05	269	0	0	3	18.44	6	33.04	0.03	3.82	1.67	91.18	22.89
20	10	1529	36.18	4225	2918	1.48	1153	0	0	51	8.54	80	28.30	0.17	1.54	4.52	57.75	17.38	1.95	42.24	62	0
20	11	109	2.71	4030	2918	0.68	204	0	0	1	41.64	2	40.26	0.04	3.00	1.18	93.15	17.38
24	12	163	5.94	2737	2918	0.53	2423	0	0	2	50.82	5	52.31	0.01	11.66	20.77	61.86	37.53	55.88	0.00	68	0
25	13	99	3.87	2553	2918	0.42	934	0	0	1	55.56	3	57.85	0.00	2.80	24.34	69.14	37.65	58.17	0.00	68	0
26	14	98	3.20	3069	2918	0.92	321	0	0	1	43.69	3	63.47	0.00	2.05	4.32	90.48	10.89	85.82	0.00	68	0
27	15	73	2.56	2869	2918	0.53	438	0	0	1	44.98	3	59.40	0.00	2.34	6.84	88.33	13.66	83.63	0.00	68	0
Core	CPU	Avg_MHz	Busy%	Bzy_MHz	TSC_MHz	IPC	IRQ	NMI	SMI	LLCMRPS	LLC%hit	L2MRPS	L2%hit	POLL%	C1ACPI%	C2ACPI%	C3ACPI%	CPU%c1	CPU%c6	CPU%c7	CoreTmp	CoreThr	PkgTmp	GFX%rc6	GFXMHz	GFXAMHz	Totl%C0	Any%C0	GFX%C0	CPUGFX%	Pkg%pc2	Pkg%pc3	Pkg%pc6	Pkg%pc8	Pk%pc10	CPU%LPI	SYS%LPI	PkgWatt	CorWatt	GFXWatt	RAMWatt	PKG_%	RAM_%	UncMHz	SysWatt
-	-	1170	27.60	4241	2917	1.47	15061	0	0	626	8.78	976	27.04	0.07	1.88	5.47	65.05	3.00	39.74	13.11	85	1	85	98.83	300	300	441.86	100.53	0.94	0.94	0.00	0.00	0.00	0.00	0.00	0.00	0.00	50.00	42.46	0.01	0.00	0.00	0.00	2600	7.47
0	0	611	17.40	3513	2918	1.03	1068	0	0	16	27.86	24	27.91	0.01	2.77	25.86	54.42	6.17	25.13	45.73	73	0	85	98.97	300	300	442.26	100.62	0.94	0.94	0.00	0.00	0.00	0.00	0.00	0.00	0.00	50.07	42.52	0.01	0.00	0.00	0.00	2600
0	1	155	3.93	3942	2918	0.96	380	0	0	3	32.52	7	52.02	0.01	2.38	5.14	88.61	6.17
4	2	71	1.64	4319	2918	0.60	302	0	0	1	52.79	2	44.79	0.02	2.92	2.85	92.62	1.16	0.00	0.01	83	0
4	3	4269	98.52	4333	2918	1.60	2539	0	0	156	7.12	239	25.49	0.26	1.32	0.01	0.02	1.16
8	4	241	5.54	4346	2918	0.88	295	0	0	5	17.91	9	35.57	0.03	3.16	0.79	90.52	1.09	0.00	0.01	85	1
8	5	4232	97.69	4333	2918	1.58	2540	0	0	152	7.11	234	25.87	0.28	1.21	0.15	0.82	1.09
12	6	2486	57.38	4334	2918	1.45	1588	0	0	83	8.08	131	27.20	0.16	0.95	0.45	41.14	1.57	0.43	1.98	83	0
12	7	1699	39.27	4325	2918	1.51	1053	0	0	59	7.87	88	26.61	0.12	0.39	0.68	59.60	1.57
16	8	1616	37.72	4285	2918	1.44	1193	0	0	52	8.58	83	27.66	0.10	2.14	2.34	57.80	3.98	2.37	54.78	78	0
16	9	66	1.65	3986	2918	0.53	159	0	0	1	60.73	1	44.71	0.01	2.39	0.46	95.54	3.98
20	10	2933	67.91	4319	2918	1.43	1897	0	0	95	7.86	147	26.80	0.20	1.17	1.47	29.38	1.82	1.44	28.56	79	0
20	11	0	0.01	3601	2918	0.30	7	0	0	0	76.11	0	47.15	0.00	0.00	0.00	99.99	1.82
24	12	108	4.25	2540	2918	0.49	787	0	0	2	54.83	4	39.96	0.00	3.50	19.18	73.24	5.88	88.67	0.00	68	0
25	13	84	3.36	2501	2918	0.57	620	0	0	1	54.56	3	46.91	0.00	2.50	16.52	77.76	4.37	91.19	0.00	68	0
26	14	66	2.22	2960	2918	0.79	237	0	0	1	51.00	3	66.30	0.00	1.47	3.88	92.49	2.56	94.98	0.00	70	0
27	15	88	3.08	2855	2918	0.86	396	0	0	1	54.17	3	58.74	0.01	1.84	7.79	87.36	3.56	92.97	0.00	70	0
Core	CPU	Avg_MHz	Busy%	Bzy_MHz	TSC_MHz	IPC	IRQ	NMI	SMI	LLCMRPS	LLC%hit	L2MRPS	L2%hit	POLL%	C1ACPI%	C2ACPI%	C3ACPI%	CPU%c1	CPU%c6	CPU%c7	CoreTmp	CoreThr	PkgTmp	GFX%rc6	GFXMHz	GFXAMHz	Totl%C0	Any%C0	GFX%C0	CPUGFX%	Pkg%pc2	Pkg%pc3	Pkg%pc6	Pkg%pc8	Pk%pc10	CPU%LPI	SYS%LPI	PkgWatt	CorWatt	GFXWatt	RAMWatt	PKG_%	RAM_%	UncMHz	SysWatt
-	-	1168	27.57	4233	2920	1.48	15405	3	0	626	8.91	978	27.07	0.08	1.87	5.63	65.00	3.26	40.76	12.19	93	0	93	98.86	300	300	442.21	100.71	1.22	1.22	0.00	0.00	0.00	0.00	0.00	0.00	0.00	50.15	42.58	0.01	0.00	0.00	0.00	2500	7.54
0	0	980	25.63	3824	2918	1.48	1181	0	0	35	15.03	53	26.30	0.05	2.69	20.75	51.32	7.31	24.86	37.92	93	0	93	98.72	300	300	441.82	100.63	1.22	1.22	0.00	0.00	0.00	0.00	0.00	0.00	0.00	50.07	42.52	0.01	0.00	0.00	0.00	2500
0	1	161	4.36	3680	2918	0.60	695	0	0	2	62.93	5	62.54	0.01	2.82	15.53	77.40	7.31
4	2	3483	80.59	4322	2918	1.54	2240	0	0	122	7.55	189	26.30	0.21	1.49	0.83	17.00	2.56	0.37	7.67	82	0
4	3	428	9.92	4311	2918	1.48	387	0	0	14	8.67	22	26.84	0.06	2.40	1.69	85.99	2.56
8	4	1100	25.38	4334	2918	1.31	811	0	0	32	9.56	55	30.85	0.08	3.04	2.18	69.38	2.00	0.16	1.54	90	0
8	5	3145	72.80	4320	2918	1.58	1938	0	0	113	7.12	170	25.94	0.22	0.95	0.11	26.03	2.00
12	6	891	20.58	4328	2918	1.55	587	0	0	31	8.01	49	26.16	0.08	0.72	0.77	77.90	0.87	0.03	0.00	84	0
12	7	3438	79.52	4324	2918	1.58	2165	1	0	124	8.03	192	26.01	0.23	0.81	0.07	19.48	0.87
16	8	1467	34.47	4255	2918	1.17	1237	1	0	37	10.17	58	28.33	0.09	2.46	5.64	57.45	4.32	5.69	55.06	82	0
16	9	58	1.41	4100	2918	0.69	235	1	0	1	50.77	2	46.64	0.01	2.92	1.73	93.98	4.32
20	10	2806	65.24	4301	2918	1.53	1845	0	0	98	7.79	152	26.20	0.23	1.64	4.17	28.89	3.02	3.28	19.74	71	0
20	11	376	8.74	4304	2918	1.51	285	0	0	13	8.17	19	26.55	0.03	1.01	0.16	90.08	3.02
24	12	87	3.33	2628	2918	0.47	549	0	0	1	55.70	3	39.87	0.02	2.12	9.94	84.72	2.85	93.18	0.00	73	0
25	13	76	2.86	2660	2918	0.52	481	0	0	1	53.32	3	48.40	0.00	1.59	11.21	84.43	3.60	92.92	0.00	73	0
26	14	86	3.02	2858	2918	0.90	350	0	0	1	53.14	3	59.83	0.00	1.68	6.55	88.83	2.11	94.45	0.00	73	0
27	15	89	3.19	2777	2918	0.55	419	0	0	1	54.43	3	51.06	0.00	1.61	8.63	86.66	3.41	92.86	0.00	73	0
Core	CPU	Avg_MHz	Busy%	Bzy_MHz	TSC_MHz	IPC	IRQ	NMI	SMI	LLCMRPS	LLC%hit	L2MRPS	L2%hit	POLL%	C1ACPI%	C2ACPI%	C3ACPI%	CPU%c1	CPU%c6	CPU%c7	CoreTmp	CoreThr	PkgTmp	GFX%rc6	GFXMHz	GFXAMHz	Totl%C0	Any%C0	GFX%C0	CPUGFX%	Pkg%pc2	Pkg%pc3	Pkg%pc6	Pkg%pc8	Pk%pc10	CPU%LPI	SYS%LPI	PkgWatt	CorWatt	GFXWatt	RAMWatt	PKG_%	RAM_%	UncMHz	SysWatt
-	-	1160	27.52	4214	2918	1.49	17302	2	0	629	8.71	956	26.79	0.08	1.71	5.74	65.07	2.02	39.97	13.85	87	63	89	98.97	300	300	442.46	100.61	0.88	0.88	0.00	0.00	0.00	0.00	0.00	0.00	0.00	50.03	42.45	0.01	0.00	0.00	0.00	2700	7.62
0	0	1832	45.00	4072	2918	1.53	1605	1	0	65	10.31	96	26.13	0.12	1.48	16.08	37.71	3.21	18.03	31.10	79	63	89	99.01	300	300	442.55	100.63	0.88	0.88	0.00	0.00	0.00	0.00	0.00	0.00	0.00	50.05	42.47	0.01	0.00	0.00	0.00	2700
0	1	89	2.40	3693	2918	0.64	873	0	0	2	74.14	3	41.00	0.02	2.89	15.79	79.02	3.21
4	2	2428	56.59	4291	2918	1.47	1811	0	0	81	7.79	122	26.28	0.14	1.50	1.04	40.83	2.59	1.94	38.11	85	0
4	3	51	1.31	3870	2918	0.65	321	0	0	1	62.60	1	42.02	0.02	2.51	2.16	94.07	2.59
8	4	103	2.39	4319	2918	0.69	370	0	0	2	27.29	3	40.43	0.02	1.97	2.23	93.43	1.04	0.19	0.10	86	2
8	5	4220	97.97	4308	2918	1.58	2772	0	0	152	7.14	228	25.86	0.28	1.20	0.23	0.47	1.04
12	6	47	1.08	4385	2918	1.36	180	0	0	2	11.76	3	26.54	0.00	0.04	0.25	98.64	0.59	0.00	0.00	87	0
12	7	4246	98.52	4310	2918	1.57	2828	0	0	153	7.88	230	26.01	0.30	0.83	0.01	0.49	0.59
16	8	1708	40.15	4253	2918	1.33	1345	0	0	50	8.57	77	27.31	0.09	1.84	4.90	53.16	2.55	5.03	51.41	84	0
16	9	53	1.48	3594	2918	0.67	270	0	0	1	56.11	1	45.12	0.03	2.48	0.75	95.36	2.55
20	10	1934	45.11	4286	2918	1.51	1455	1	0	66	8.07	101	27.00	0.15	2.24	3.81	48.86	0.90	2.00	17.79	84	0
20	11	1527	35.67	4281	2918	1.50	1123	0	0	52	7.57	79	26.73	0.17	1.23	0.31	62.80	0.90
24	12	98	3.86	2526	2918	0.49	729	0	0	2	54.50	4	41.16	0.00	2.04	13.81	80.45	2.92	91.87	0.00	74	0
25	13	125	4.60	2719	2918	0.63	696	0	0	1	51.61	4	58.68	0.00	1.81	12.68	81.05	2.41	91.80	0.00	74	0
26	14	54	2.20	2432	2918	0.57	446	0	0	1	58.09	2	61.37	0.00	1.32	8.21	88.38	2.55	94.41	0.00	74	0
27	15	43	2.01	2149	2918	0.41	478	0	0	1	63.58	2	50.87	0.00	1.94	9.58	86.59	2.66	94.43	0.00	74	0
Core	CPU	Avg_MHz	Busy%	Bzy_MHz	TSC_MHz	IPC	IRQ	NMI	SMI	LLCMRPS	LLC%hit	L2MRPS	L2%hit	POLL%	C1ACPI%	C2ACPI%	C3ACPI%	CPU%c1	CPU%c6	CPU%c7	CoreTmp	CoreThr	PkgTmp	GFX%rc6	GFXMHz	GFXAMHz	Totl%C0	Any%C0	GFX%C0	CPUGFX%	Pkg%pc2	Pkg%pc3	Pkg%pc6	Pkg%pc8	Pk%pc10	CPU%LPI	SYS%LPI	PkgWatt	CorWatt	GFXWatt	RAMWatt	PKG_%	RAM_%	UncMHz	SysWatt
-	-	1162	28.07	4143	2915	1.50	24842	1	0	631	9.12	968	27.34	0.08	2.30	7.36	62.31	3.79	38.09	12.70	92	191	93	98.78	300	300	451.27	100.51	0.97	0.97	0.00	0.00	0.00	0.00	0.00	0.00	0.00	49.99	42.37	0.01	0.00	0.00	0.00	2500	7.67
0	0	3071	73.21	4195	2918	1.60	2649	0	0	112	7.86	168	26.31	0.20	2.65	4.44	19.72	5.18	3.81	7.82	81	191	93	98.98	300	300	451.74	100.62	0.97	0.97	0.00	0.00	0.00	0.00	0.00	0.00	0.00	50.10	42.45	0.01	0.00	0.00	0.00	2500
0	1	494	11.83	4172	2918	1.40	1843	0	0	17	17.53	25	27.29	0.04	4.54	24.48	59.27	5.18
4	2	2706	64.00	4229	2918	1.54	2457	0	0	94	7.83	144	26.43	0.18	2.12	4.60	29.33	4.11	4.74	25.86	87	0
4	3	57	1.70	3348	2918	0.68	674	0	0	1	61.64	2	40.98	0.00	2.71	2.33	93.39	4.11
8	4	388	9.01	4303	2918	1.35	923	0	0	12	12.03	20	28.96	0.06	2.58	2.29	86.16	1.61	0.00	0.61	92	68
8	5	3870	90.85	4259	2918	1.59	3059	1	0	140	7.18	210	26.10	0.26	1.17	0.13	7.73	1.61
12	6	1187	27.86	4261	2918	1.40	1355	0	0	36	8.93	58	28.59	0.07	1.54	3.11	67.48	1.13	0.14	0.02	89	0
12	7	3122	73.25	4261	2918	1.58	2617	0	0	113	7.80	170	26.30	0.21	0.71	1.06	24.86	1.13
16	8	1250	30.37	4117	2918	1.33	1712	0	0	37	10.97	58	28.43	0.06	2.45	10.38	56.97	4.88	9.79	51.26	86	17
16	9	131	3.76	3477	2918	1.25	950	0	0	3	71.73	6	56.57	0.01	1.93	1.75	92.73	4.87
20	10	1758	42.17	4170	2918	1.37	1880	0	0	54	9.09	84	28.11	0.09	2.20	8.20	47.57	3.20	7.26	41.41	87	0
20	11	216	5.54	3906	2918	1.43	657	0	0	7	10.53	11	26.23	0.05	0.84	0.56	93.20	3.20
24	12	115	4.73	2428	2918	0.63	1105	0	0	2	48.19	4	42.95	0.00	3.54	14.75	77.23	5.21	87.70	0.00	75	0
25	13	116	4.81	2414	2918	0.44	1167	0	0	2	51.67	4	45.48	0.00	3.56	17.73	74.16	6.34	86.39	0.00	75	0
26	14	78	3.32	2366	2918	0.66	857	0	0	1	53.10	3	63.60	0.00	1.98	9.13	85.77	3.75	90.89	0.00	75	0
27	15	57	2.88	1977	2918	0.59	937	0	0	1	63.58	3	54.47	0.00	2.27	12.89	82.19	5.02	89.80	0.00	75	0
Core	CPU	Avg_MHz	Busy%	Bzy_MHz	TSC_MHz	IPC	IRQ	NMI	SMI	LLCMRPS	LLC%hit	L2MRPS	L2%hit	POLL%	C1ACPI%	C2ACPI%	C3ACPI%	CPU%c1	CPU%c6	CPU%c7	CoreTmp	CoreThr	PkgTmp	GFX%rc6	GFXMHz	GFXAMHz	Totl%C0	Any%C0	GFX%C0	CPUGFX%	Pkg%pc2	Pkg%pc3	Pkg%pc6	Pkg%pc8	Pk%pc10	CPU%LPI	SYS%LPI	PkgWatt	CorWatt	GFXWatt	RAMWatt	PKG_%	RAM_%	UncMHz	SysWatt
-	-	1135	28.12	4032	2922	1.54	28158	0	0	637	8.72	957	26.90	0.08	2.12	8.54	61.44	3.80	40.17	9.91	94	289	94	99.30	300	300	459.41	100.74	0.83	0.83	0.00	0.00	0.00	0.00	0.00	0.00	0.00	48.72	41.01	0.01	0.00	0.00	0.00	3600	7.31
0	0	1381	36.26	3809	2918	1.22	2568	0	0	38	14.96	58	28.85	0.05	5.05	31.78	27.37	8.54	33.03	19.44	80	40	94	99.07	300	300	458.88	100.63	0.83	0.83	0.00	0.00	0.00	0.00	0.00	0.00	0.00	48.60	40.92	0.01	0.00	0.00	0.00	3600
0	1	92	3.42	2689	2918	0.65	1475	0	0	2	72.94	3	38.77	0.05	4.10	18.85	73.94	8.54
4	2	3816	91.46	4172	2918	1.62	3328	0	0	141	7.04	209	26.13	0.24	1.43	1.17	5.84	1.36	1.12	5.58	85	0
4	3	60	1.53	3909	2918	0.65	850	0	0	1	58.22	2	42.58	0.02	2.88	2.54	93.12	1.36
8	4	15	0.36	4177	2918	0.45	960	0	0	0	70.12	1	23.79	0.00	0.39	1.21	98.09	0.84	0.00	0.01	94	221
8	5	4128	98.86	4176	2918	1.63	3642	0	0	153	7.00	227	25.99	0.30	0.95	0.01	0.02	0.84
12	6	807	19.41	4161	2918	1.54	1204	0	0	29	7.72	43	26.19	0.06	0.50	0.54	79.57	1.29	0.03	1.91	87	0
12	7	3241	77.61	4176	2918	1.63	2956	0	0	121	7.70	179	26.10	0.21	0.58	0.11	21.58	1.29
16	8	3816	91.54	4169	2918	1.61	3468	0	0	140	7.08	208	26.11	0.30	1.25	1.09	6.01	2.34	1.37	4.12	93	289
16	9	59	1.53	3854	2918	0.63	914	0	0	1	60.34	2	41.98	0.03	2.47	2.01	94.07	2.35
20	10	316	9.29	3400	2918	0.67	1277	0	0	5	30.37	8	38.10	0.01	2.69	13.60	74.79	6.69	12.41	68.11	75	0
20	11	46	2.28	2029	2918	0.72	778	0	0	1	74.51	2	33.64	0.03	1.13	1.54	95.34	6.69
24	12	100	4.75	2111	2918	0.46	1409	0	0	2	55.62	4	42.73	0.02	3.62	23.65	68.32	7.18	84.96	0.00	81	0
25	13	85	4.15	2045	2918	0.48	1301	0	0	1	61.72	4	49.82	0.01	3.34	19.22	73.59	5.10	87.69	0.00	81	0
26	14	67	3.06	2187	2918	0.62	927	0	0	1	49.36	3	66.48	0.00	1.56	6.23	89.37	3.26	91.31	0.00	81	0
27	15	94	4.08	2315	2918	1.11	1101	0	0	1	53.22	4	64.96	0.00	1.98	12.99	81.21	3.18	90.17	0.00	81	0
Core	CPU	Avg_MHz	Busy%	Bzy_MHz	TSC_MHz	IPC	IRQ	NMI	SMI	LLCMRPS	LLC%hit	L2MRPS	L2%hit	POLL%	C1ACPI%	C2ACPI%	C3ACPI%	CPU%c1	CPU%c6	CPU%c7	CoreTmp	CoreThr	PkgTmp	GFX%rc6	GFXMHz	GFXAMHz	Totl%C0	Any%C0	GFX%C0	CPUGFX%	Pkg%pc2	Pkg%pc3	Pkg%pc6	Pkg%pc8	Pk%pc10	CPU%LPI	SYS%LPI	PkgWatt	CorWatt	GFXWatt	RAMWatt	PKG_%	RAM_%	UncMHz	SysWatt
-	-	1160	27.87	4163	2918	1.49	20705	3	0	632	8.59	953	26.74	0.08	1.76	6.87	63.57	3.36	40.54	10.86	93	105	93	99.00	300	300	451.11	100.63	0.92	0.91	0.00	0.00	0.00	0.00	0.00	0.00	0.00	50.87	43.18	0.01	0.00	0.00	0.00	2600	7.86
0	0	589	17.43	3382	2918	1.11	1712	0	0	16	25.87	25	31.25	0.02	2.71	36.34	44.03	9.00	35.54	31.73	81	27	93	99.01	300	300	451.11	100.63	0.92	0.91	0.00	0.00	0.00	0.00	0.00	0.00	0.00	50.87	43.18	0.01	0.00	0.00	0.00	2600
0	1	192	5.56	3452	2918	1.37	837	0	0	6	22.04	10	28.59	0.02	2.80	10.93	80.88	9.00
4	2	3621	84.49	4285	2918	1.56	2696	1	0	129	7.20	192	25.94	0.25	1.36	2.36	11.72	1.49	2.30	11.09	88	0
4	3	56	1.47	3826	2918	0.61	473	0	0	1	57.68	1	42.19	0.00	1.82	2.37	94.40	1.49
8	4	1054	24.79	4250	2918	1.46	1087	0	0	35	7.34	52	26.40	0.06	0.41	0.64	74.13	0.89	0.02	0.00	93	105
8	5	3223	75.19	4287	2918	1.58	2381	0	0	116	7.06	173	25.79	0.24	0.95	0.50	23.25	0.89
12	6	2603	61.05	4264	2918	1.59	1992	1	0	95	7.71	142	25.89	0.16	0.52	0.07	38.27	0.55	0.01	0.00	92	7
12	7	1658	38.50	4307	2918	1.58	1323	1	0	60	7.76	90	25.77	0.11	0.37	0.18	60.90	0.55
16	8	1529	36.95	4138	2918	1.26	1548	0	0	42	9.20	64	28.34	0.07	1.61	4.72	56.79	3.24	5.54	53.21	76	59
16	9	55	1.64	3349	2918	0.69	470	0	0	1	56.17	2	44.23	0.01	2.18	2.13	94.15	3.24
20	10	3590	83.71	4288	2918	1.53	2596	0	0	126	7.26	188	25.97	0.27	1.02	1.41	13.78	1.58	1.40	12.54	91	0
20	11	61	1.60	3792	2918	0.62	473	0	0	1	53.15	1	43.00	0.03	2.18	1.49	94.80	1.58
24	12	80	3.57	2242	2918	0.43	911	0	0	1	62.12	3	43.66	0.00	3.14	16.17	77.32	6.79	87.95	0.00	77	0
25	13	69	2.94	2345	2918	0.51	796	0	0	1	53.77	3	54.34	0.01	2.75	12.56	81.92	5.56	90.15	0.00	77	0
26	14	110	3.98	2755	2918	0.57	694	0	0	1	46.77	4	64.12	0.00	1.99	7.71	86.46	3.14	91.63	0.00	77	0
27	15	74	3.06	2407	2918	1.01	716	0	0	1	59.13	3	64.77	0.00	2.37	10.33	84.40	4.79	90.80	0.00	77	0
Core	CPU	Avg_MHz	Busy%	Bzy_MHz	TSC_MHz	IPC	IRQ	NMI	SMI	LLCMRPS	LLC%hit	L2MRPS	L2%hit	POLL%	C1ACPI%	C2ACPI%	C3ACPI%	CPU%c1	CPU%c6	CPU%c7	CoreTmp	CoreThr	PkgTmp	GFX%rc6	GFXMHz	GFXAMHz	Totl%C0	Any%C0	GFX%C0	CPUGFX%	Pkg%pc2	Pkg%pc3	Pkg%pc6	Pkg%pc8	Pk%pc10	CPU%LPI	SYS%LPI	PkgWatt	CorWatt	GFXWatt	RAMWatt	PKG_%	RAM_%	UncMHz	SysWatt
-	-	1143	28.68	3987	2918	1.52	24022	0	0	631	9.05	972	27.26	0.08	2.13	7.51	61.78	3.82	39.47	10.64	96	167	96	98.98	300	300	458.58	100.62	0.94	0.94	0.00	0.00	0.00	0.00	0.00	0.00	0.00	47.32	39.59	0.01	0.00	0.00	0.00	3400	7.09
0	0	856	23.94	3576	2918	1.43	1796	0	0	29	17.08	45	30.53	0.07	3.60	25.11	47.86	8.43	25.91	34.18	81	42	96	98.99	300	300	458.63	100.63	0.94	0.94	0.00	0.00	0.00	0.00	0.00	0.00	0.00	47.33	39.60	0.01	0.00	0.00	0.00	3400
0	1	236	6.86	3444	2918	1.26	1139	0	0	6	25.75	10	30.82	0.03	3.00	14.14	76.25	8.43
4	2	3508	85.11	4122	2918	1.61	2859	0	0	129	7.27	195	26.04	0.23	1.46	1.95	11.41	1.89	2.19	10.05	77	0
4	3	114	2.99	3815	2918	0.76	695	0	0	1	51.98	3	46.96	0.00	3.05	1.82	92.22	1.89
8	4	503	12.02	4187	2918	1.38	987	0	0	16	8.93	25	27.19	0.04	1.01	2.86	84.14	1.27	0.39	1.63	96	127
8	5	3550	86.56	4101	2918	1.63	2999	0	0	132	7.24	200	26.46	0.25	1.57	0.18	11.57	1.27
12	6	885	21.21	4173	2918	1.50	1067	0	0	30	9.13	46	27.43	0.05	0.32	0.62	77.84	0.54	0.00	0.00	86	0
12	7	3336	81.19	4109	2918	1.62	2800	0	0	124	7.95	190	26.53	0.22	0.90	1.71	16.08	0.54
16	8	2398	59.15	4053	2918	1.50	2294	0	0	81	7.97	123	26.83	0.17	1.81	4.31	34.71	4.03	4.72	23.78	95	167
16	9	374	9.34	4006	2918	1.50	858	0	0	12	11.09	18	28.89	0.03	1.59	2.67	86.47	4.03
20	10	2014	49.58	4061	2918	1.41	1963	0	0	64	8.44	101	26.73	0.12	2.02	8.09	40.43	4.36	7.62	36.80	87	0
20	11	107	3.24	3289	2918	0.79	674	0	0	1	55.97	3	45.96	0.01	3.18	1.40	92.33	4.36
24	12	135	5.60	2411	2918	0.58	1150	0	0	2	53.60	4	42.29	0.00	3.58	18.46	72.60	5.78	86.34	0.00	82	0
25	13	131	5.37	2433	2918	0.93	1049	0	0	2	54.03	5	54.18	0.00	2.91	16.68	75.28	5.79	86.63	0.00	82	0
26	14	60	3.01	1983	2918	0.42	937	0	0	1	61.41	3	49.89	0.02	2.26	14.63	80.32	5.14	89.86	0.00	82	0
27	15	91	3.77	2403	2918	0.71	755	0	0	1	50.86	3	56.82	0.01	1.79	5.58	89.04	3.42	91.06	0.00	82	0
Core	CPU	Avg_MHz	Busy%	Bzy_MHz	TSC_MHz	IPC	IRQ	NMI	SMI	LLCMRPS	LLC%hit	L2MRPS	L2%hit	POLL%	C1ACPI%	C2ACPI%	C3ACPI%	CPU%c1	CPU%c6	CPU%c7	CoreTmp	CoreThr	PkgTmp	GFX%rc6	GFXMHz	GFXAMHz	Totl%C0	Any%C0	GFX%C0	CPUGFX%	Pkg%pc2	Pkg%pc3	Pkg%pc6	Pkg%pc8	Pk%pc10	CPU%LPI	SYS%LPI	PkgWatt	CorWatt	GFXWatt	RAMWatt	PKG_%	RAM_%	UncMHz	SysWatt
-	-	1077	28.05	3842	2917	1.61	27316	1	0	633	8.79	956	26.79	0.08	2.00	7.80	62.26	3.01	40.50	10.80	96	293	96	98.90	300	300	454.74	100.61	0.92	0.92	0.00	0.00	0.00	0.00	0.00	0.00	0.00	44.35	36.66	0.01	0.00	0.00	0.00	3300	6.42
0	0	1547	42.57	3633	2918	1.66	2426	0	0	60	10.87	90	27.08	0.10	3.05	18.84	35.93	4.48	22.17	27.48	96	58	96	98.95	300	300	454.81	100.62	0.92	0.92	0.00	0.00	0.00	0.00	0.00	0.00	0.00	44.38	36.68	0.01	0.00	0.00	0.00	3300
0	1	88	3.27	2690	2918	0.61	1439	0	0	2	74.94	3	33.12	0.02	4.46	17.73	74.81	4.48
4	2	817	21.89	3732	2918	0.92	1764	0	0	16	17.82	25	33.09	0.02	3.76	17.25	57.41	5.84	16.86	53.32	74	0
4	3	58	2.49	2320	2918	0.70	814	0	0	1	62.28	2	40.66	0.01	2.57	1.91	93.28	5.84
8	4	71	1.79	3957	2918	0.49	1148	0	0	1	58.01	2	39.25	0.01	2.72	4.95	90.60	0.97	0.02	0.00	94	218
8	5	3926	98.71	3977	2918	1.71	3688	1	0	153	7.15	228	26.04	0.28	1.10	0.05	0.00	0.97
12	6	237	5.53	4273	2918	1.27	796	0	0	7	10.25	11	27.06	0.02	0.21	1.14	93.14	0.60	0.01	0.01	83	0
12	7	3760	94.87	3963	2918	1.72	3355	0	0	148	7.75	221	26.13	0.28	0.69	0.03	4.26	0.60
16	8	87	2.20	3965	2918	0.41	805	0	0	1	36.82	1	35.89	0.01	0.26	1.29	96.31	0.89	0.54	3.49	95	293
16	9	3720	94.03	3956	2918	1.71	3394	0	0	145	7.06	216	25.92	0.31	0.85	0.03	4.95	0.89
20	10	667	16.88	3950	2918	1.42	1297	0	0	22	10.05	33	26.29	0.04	1.51	7.91	73.84	3.40	6.87	23.70	75	0
20	11	1957	49.22	3977	2918	1.68	2047	0	0	75	7.30	112	25.92	0.17	0.93	0.25	49.63	3.39
24	12	78	3.87	2004	2918	0.68	1108	0	0	1	56.68	3	45.18	0.00	2.63	13.90	79.88	4.23	89.23	0.00	80	0
25	13	88	4.12	2139	2918	0.80	1073	0	0	1	57.01	3	59.85	0.03	2.32	11.80	82.02	3.39	89.94	0.00	80	0
26	14	90	4.22	2121	2918	0.55	1086	0	0	1	57.15	3	61.32	0.01	2.51	14.00	79.53	4.37	88.86	0.00	80	0
27	15	58	3.22	1803	2918	0.51	1076	0	0	1	58.92	3	54.15	0.01	2.38	13.72	80.94	3.84	90.40	0.00	80	0
Core	CPU	Avg_MHz	Busy%	Bzy_MHz	TSC_MHz	IPC	IRQ	NMI	SMI	LLCMRPS	LLC%hit	L2MRPS	L2%hit	POLL%	C1ACPI%	C2ACPI%	C3ACPI%	CPU%c1	CPU%c6	CPU%c7	CoreTmp	CoreThr	PkgTmp	GFX%rc6	GFXMHz	GFXAMHz	Totl%C0	Any%C0	GFX%C0	CPUGFX%	Pkg%pc2	Pkg%pc3	Pkg%pc6	Pkg%pc8	Pk%pc10	CPU%LPI	SYS%LPI	PkgWatt	CorWatt	GFXWatt	RAMWatt	PKG_%	RAM_%	UncMHz	SysWatt
-	-	1024	26.82	3821	2916	1.33	23543	0	0	494	10.19	752	27.24	0.07	1.98	7.65	63.62	4.30	32.92	19.26	82	218	82	98.96	300	300	435.29	100.65	0.89	0.89	0.00	0.00	0.00	0.00	0.00	0.00	0.00	38.83	31.98	0.01	0.00	0.00	0.00	4000	5.22
0	0	773	22.81	3390	2918	1.31	1746	0	0	25	18.78	37	26.84	0.06	2.86	23.06	51.73	12.58	24.12	36.48	73	30	82	99.01	300	300	435.22	100.63	0.89	0.89	0.00	0.00	0.00	0.00	0.00	0.00	0.00	38.85	32.00	0.01	0.00	0.00	0.00	4000
0	1	84	3.25	2598	2918	0.57	1157	0	0	2	73.87	3	37.51	0.04	4.54	15.93	76.54	12.58
4	2	1256	32.03	3920	2918	1.39	1702	0	0	39	11.16	60	28.11	0.08	2.62	9.48	56.05	4.74	8.99	52.60	69	0
4	3	54	1.93	2795	2918	0.72	648	0	0	1	64.65	2	41.47	0.03	2.24	2.16	93.84	4.74
8	4	156	3.59	4339	2918	0.87	949	0	0	4	42.54	6	30.99	0.03	2.60	3.74	90.14	1.57	0.85	20.09	80	178
8	5	2990	74.85	3995	2918	1.69	2757	0	0	116	7.11	173	26.01	0.21	0.94	0.06	24.04	1.57
12	6	2721	67.10	4055	2918	1.69	2372	0	0	103	10.21	155	26.12	0.19	1.31	1.28	30.23	1.39	1.88	19.08	70	5
12	7	417	10.87	3839	2918	1.67	873	0	0	16	9.66	25	26.23	0.05	1.47	2.57	85.12	1.39
16	8	1699	42.27	4019	2918	1.60	1834	0	0	62	8.08	94	27.08	0.12	1.02	1.49	55.21	2.76	0.93	26.90	79	218
16	9	1106	28.27	3911	2918	1.66	1418	0	0	43	7.41	64	25.99	0.08	0.74	1.99	69.00	2.76
20	10	2003	50.21	3990	2918	1.62	2066	0	0	74	8.00	111	26.33	0.14	1.84	6.80	41.21	2.85	5.95	37.47	71	0
20	11	131	3.49	3758	2918	1.42	604	0	0	5	11.16	7	26.00	0.01	0.33	0.87	95.40	2.85
24	12	787	23.25	3384	2918	0.19	1493	0	0	2	61.44	6	57.84	0.00	2.74	19.16	55.04	4.31	70.21	0.00	82	0
25	13	734	21.53	3409	2918	0.12	1322	0	0	1	51.28	3	54.24	0.01	1.97	11.95	64.71	2.78	73.75	0.00	82	0
26	14	755	22.25	3396	2918	0.14	1257	0	0	1	50.27	4	65.41	0.00	2.64	9.92	65.35	5.99	69.85	0.00	82	0
27	15	728	21.34	3411	2918	0.12	1345	0	0	1	51.51	3	54.76	0.01	1.84	11.96	65.02	3.95	72.67	0.00	82	0
Core	CPU	Avg_MHz	Busy%	Bzy_MHz	TSC_MHz	IPC	IRQ	NMI	SMI	LLCMRPS	LLC%hit	L2MRPS	L2%hit	POLL%	C1ACPI%	C2ACPI%	C3ACPI%	CPU%c1	CPU%c6	CPU%c7	CoreTmp	CoreThr	PkgTmp	GFX%rc6	GFXMHz	GFXAMHz	Totl%C0	Any%C0	GFX%C0	CPUGFX%	Pkg%pc2	Pkg%pc3	Pkg%pc6	Pkg%pc8	Pk%pc10	CPU%LPI	SYS%LPI	PkgWatt	CorWatt	GFXWatt	RAMWatt	PKG_%	RAM_%	UncMHz	SysWatt
-	-	961	26.81	3585	2918	0.12	12229	0	0	30	57.89	52	34.89	0.01	0.95	5.67	66.58	10.24	5.40	43.49	80	0	80	99.15	300	300	434.06	100.62	0.80	0.80	0.00	0.00	0.00	0.00	0.00	0.00	0.00	18.77	14.93	0.01	0.00	0.00	0.00	4000	0.72
0	0	147	6.66	2201	2918	0.48	1174	0	0	3	85.82	5	33.76	0.03	2.17	39.98	51.60	44.26	23.50	23.81	69	0	80	99.19	300	300	434.11	100.63	0.80	0.80	0.00	0.00	0.00	0.00	0.00	0.00	0.00	18.78	14.94	0.01	0.00	0.00	0.00	4000
0	1	45	1.69	2675	2918	0.71	429	0	0	1	71.69	2	44.04	0.04	2.07	11.92	84.43	44.26
4	2	74	3.14	2365	2918	0.43	945	0	0	3	80.35	4	31.35	0.01	2.93	19.55	74.60	23.37	13.54	58.95	66	0
4	3	32	0.88	3608	2918	0.90	111	0	0	1	81.47	2	37.13	0.01	1.45	0.10	97.59	23.37
8	4	441	9.89	4458	2918	1.07	605	0	0	13	41.82	21	27.33	0.03	1.68	6.80	81.73	7.05	5.33	77.54	70	0
8	5	0	0.01	1922	2918	0.47	1	0	0	0	75.94	0	54.64	0.00	0.00	0.00	99.99	7.05
12	6	91	2.56	3558	2918	1.36	328	0	0	2	71.08	5	43.87	0.01	1.50	4.51	91.54	2.96	4.30	89.85	68	0
12	7	29	0.79	3613	2918	0.81	80	0	0	1	76.99	1	39.61	0.00	0.87	0.23	98.14	2.96
16	8	88	2.19	4002	2918	0.83	170	0	0	2	70.11	4	59.83	0.00	0.84	2.13	94.89	1.28	2.59	93.81	73	0
16	9	2	0.10	1666	2918	0.53	25	0	0	0	92.02	0	28.48	0.00	0.02	0.53	99.36	1.28
20	10	32	1.03	3104	2918	0.92	163	0	0	1	75.59	2	48.86	0.00	1.02	3.24	94.77	3.01	4.76	90.98	68	0
20	11	27	0.81	3308	2918	0.78	113	0	0	1	82.25	1	35.53	0.00	0.59	1.72	96.92	3.01
24	12	3592	99.77	3600	2918	0.07	2020	0	0	1	16.25	1	30.14	0.00	0.00	0.00	0.00	0.00	0.00	0.00	79	0
25	13	3592	99.77	3600	2918	0.07	2022	0	0	0	11.35	1	25.49	0.00	0.00	0.00	0.00	0.00	0.00	0.00	80	0
26	14	3592	99.77	3600	2918	0.07	2022	0	0	0	11.29	1	26.09	0.00	0.00	0.00	0.00	0.00	0.00	0.00	80	0
27	15	3592	99.77	3600	2918	0.07	2021	0	0	0	11.31	1	26.14	0.00	0.00	0.00	0.00	0.00	0.00	0.00	79	0
Core	CPU	Avg_MHz	Busy%	Bzy_MHz	TSC_MHz	IPC	IRQ	NMI	SMI	LLCMRPS	LLC%hit	L2MRPS	L2%hit	POLL%	C1ACPI%	C2ACPI%	C3ACPI%	CPU%c1	CPU%c6	CPU%c7	CoreTmp	CoreThr	PkgTmp	GFX%rc6	GFXMHz	GFXAMHz	Totl%C0	Any%C0	GFX%C0	CPUGFX%	Pkg%pc2	Pkg%pc3	Pkg%pc6	Pkg%pc8	Pk%pc10	CPU%LPI	SYS%LPI	PkgWatt	CorWatt	GFXWatt	RAMWatt	PKG_%	RAM_%	UncMHz	SysWatt
-	-	960	26.83	3578	2918	0.12	12160	1	0	33	61.08	55	32.82	0.01	1.07	5.65	66.48	2.72	7.97	46.80	78	0	78	99.00	300	300	435.75	100.64	0.86	0.86	0.00	0.00	0.00	0.00	0.00	0.00	0.00	18.07	14.30	0.01	0.00	0.00	0.00	4000	0.69
0	0	80	5.87	1367	2918	0.57	1257	0	0	5	91.30	7	20.36	0.01	2.22	43.93	48.54	4.81	45.80	40.93	68	0	78	99.00	300	300	435.74	100.63	0.86	0.86	0.00	0.00	0.00	0.00	0.00	0.00	0.00	18.07	14.30	0.01	0.00	0.00	0.00	4000
0	1	29	1.27	2294	2918	0.40	295	0	0	1	73.76	2	33.81	0.02	0.36	9.45	89.03	4.81
4	2	74	2.95	2523	2918	0.53	650	0	0	3	84.75	4	28.94	0.04	3.07	13.19	81.00	5.42	12.78	77.88	65	0
4	3	35	1.03	3384	2918	0.83	162	0	0	1	82.10	2	35.48	0.00	1.56	1.12	96.34	5.42
8	4	457	10.02	4559	2918	1.05	548	0	0	13	40.03	21	27.34	0.00	1.81	4.35	83.89	3.57	4.01	82.32	68	0
8	5	0	0.02	2108	2918	0.41	5	0	0	0	73.45	0	45.03	0.00	0.01	0.02	99.94	3.57
12	6	95	2.96	3222	2918	1.30	431	0	0	3	76.21	5	42.42	0.03	2.28	8.17	86.73	3.13	8.41	84.96	67	0
12	7	34	0.91	3682	2918	0.89	110	0	0	1	75.81	1	39.43	0.01	1.16	1.02	96.93	3.13
16	8	115	2.93	3910	2918	0.78	295	0	0	2	73.83	6	55.99	0.00	1.77	3.32	92.06	2.85	3.24	90.74	71	0
16	9	2	0.06	2588	2918	0.53	7	0	0	0	83.29	0	35.66	0.00	0.01	0.00	99.93	2.85
20	10	41	1.35	3020	2918	0.90	226	0	0	1	77.13	2	46.49	0.00	1.56	5.56	91.62	2.00	5.44	91.16	67	0
20	11	30	0.83	3614	2918	0.83	93	0	0	1	77.65	1	39.38	0.01	1.26	0.21	97.72	2.00
24	12	3591	99.77	3600	2918	0.07	2019	0	0	1	14.87	1	29.82	0.00	0.00	0.00	0.00	0.00	0.00	0.00	78	0
25	13	3591	99.77	3600	2918	0.07	2019	0	0	0	10.29	1	25.31	0.00	0.00	0.00	0.00	0.00	0.00	0.00	78	0
26	14	3591	99.77	3600	2918	0.07	2021	0	0	0	9.74	1	26.01	0.00	0.00	0.00	0.00	0.00	0.00	0.00	78	0
27	15	3591	99.77	3600	2918	0.07	2022	1	0	0	11.78	1	26.15	0.00	0.00	0.00	0.00	0.00	0.00	0.00	78	0
Core	CPU	Avg_MHz	Busy%	Bzy_MHz	TSC_MHz	IPC	IRQ	NMI	SMI	LLCMRPS	LLC%hit	L2MRPS	L2%hit	POLL%	C1ACPI%	C2ACPI%	C3ACPI%	CPU%c1	CPU%c6	CPU%c7	CoreTmp	CoreThr	PkgTmp	GFX%rc6	GFXMHz	GFXAMHz	Totl%C0	Any%C0	GFX%C0	CPUGFX%	Pkg%pc2	Pkg%pc3	Pkg%pc6	Pkg%pc8	Pk%pc10	CPU%LPI	SYS%LPI	PkgWatt	CorWatt	GFXWatt	RAMWatt	PKG_%	RAM_%	UncMHz	SysWatt
-	-	978	27.27	3589	2918	0.14	12847	3	0	39	58.03	67	34.24	0.01	0.90	6.41	65.46	3.26	8.20	45.45	77	0	75	99.05	300	300	442.68	100.63	0.86	0.86	0.00	0.00	0.00	0.00	0.00	0.00	0.00	18.89	15.01	0.01	0.00	0.00	0.00	4000	0.83
0	0	201	8.40	2396	2918	0.45	1389	0	0	5	87.74	8	27.64	0.02	2.91	44.18	45.04	11.26	41.92	35.35	68	0	75	99.05	300	300	442.69	100.63	0.86	0.86	0.00	0.00	0.00	0.00	0.00	0.00	0.00	18.89	15.01	0.01	0.00	0.00	0.00	4000
0	1	58	2.13	2702	2918	0.37	411	0	0	1	78.19	2	34.27	0.03	1.20	10.71	86.10	11.26
4	2	71	2.43	2920	2918	0.86	467	0	0	2	79.77	3	38.53	0.01	1.74	8.65	87.32	3.84	11.02	81.62	64	0
4	3	39	1.27	3078	2918	0.78	239	0	0	1	83.37	2	34.15	0.02	1.20	4.34	93.28	3.84
8	4	470	10.54	4461	2918	1.05	669	0	0	14	39.93	22	28.53	0.01	1.10	7.44	81.02	1.45	7.69	79.96	67	0
8	5	1	0.08	1200	2918	0.48	57	0	0	0	90.88	0	34.78	0.00	0.03	1.22	98.68	1.45
12	6	165	4.17	3952	2918	1.53	385	0	0	4	65.45	9	48.47	0.00	1.52	7.60	86.82	2.78	6.84	85.73	65	0
12	7	25	0.69	3559	2918	0.84	85	0	0	1	75.58	1	36.72	0.01	0.39	0.91	98.03	2.78
16	8	145	3.73	3900	2918	0.77	313	0	0	3	68.42	7	53.90	0.01	0.86	5.38	90.14	3.39	8.43	83.27	71	0
16	9	34	1.23	2768	2918	0.69	269	0	0	1	82.46	2	29.94	0.00	1.15	4.61	93.08	3.39
20	10	39	1.33	2948	2918	0.74	259	0	0	1	77.44	2	32.70	0.00	0.96	5.72	92.08	3.36	6.14	88.56	65	0
20	11	40	1.16	3472	2918	0.88	172	0	0	1	78.74	2	37.89	0.01	1.39	1.74	95.76	3.36
24	12	3591	99.77	3600	2918	0.07	2025	1	0	1	12.58	2	25.62	0.00	0.00	0.00	0.00	0.00	0.00	0.00	77	0
25	13	3591	99.77	3600	2918	0.07	2025	1	0	1	6.62	2	18.78	0.00	0.00	0.00	0.00	0.00	0.00	0.00	77	0
26	14	3591	99.77	3600	2918	0.07	2027	1	0	1	6.55	2	19.51	0.00	0.00	0.00	0.00	0.00	0.00	0.00	76	0
27	15	3591	99.77	3600	2918	0.07	2055	0	0	1	9.88	2	22.57	0.00	0.00	0.00	0.00	0.00	0.00	0.00	77	0
Core	CPU	Avg_MHz	Busy%	Bzy_MHz	TSC_MHz	IPC	IRQ	NMI	SMI	LLCMRPS	LLC%hit	L2MRPS	L2%hit	POLL%	C1ACPI%	C2ACPI%	C3ACPI%	CPU%c1	CPU%c6	CPU%c7	CoreTmp	CoreThr	PkgTmp	GFX%rc6	GFXMHz	GFXAMHz	Totl%C0	Any%C0	GFX%C0	CPUGFX%	Pkg%pc2	Pkg%pc3	Pkg%pc6	Pkg%pc8	Pk%pc10	CPU%LPI	SYS%LPI	PkgWatt	CorWatt	GFXWatt	RAMWatt	PKG_%	RAM_%	UncMHz	SysWatt
-	-	1089	29.85	3648	2918	0.37	15996	1	0	71	49.95	163	45.38	0.03	1.47	6.64	62.08	4.34	8.46	40.60	96	36	96	99.05	300	300	479.35	100.59	0.82	0.82	0.00	0.00	0.00	0.00	0.00	0.00	0.00	24.16	19.89	0.01	0.00	0.00	0.00	3200	1.90
0	0	131	6.66	1968	2918	0.76	1378	0	0	6	83.03	8	28.22	0.03	4.08	41.62	48.18	11.00	44.11	35.27	75	0	96	99.10	300	300	479.54	100.63	0.82	0.82	0.00	0.00	0.00	0.00	0.00	0.00	0.00	24.17	19.90	0.01	0.00	0.00	0.00	3200
0	1	95	3.26	2908	2918	0.67	759	0	0	2	70.86	4	38.53	0.08	3.23	15.81	77.91	11.00
4	2	388	9.75	3981	2918	1.81	1157	0	0	8	64.45	14	35.75	0.03	4.02	14.35	72.09	8.52	12.99	64.07	64	0
4	3	227	5.19	4375	2918	1.45	346	0	0	5	79.25	8	28.94	0.09	2.11	1.29	91.47	8.52
8	4	1299	28.15	4614	2918	1.83	1324	1	0	23	32.30	53	42.89	0.01	1.48	4.10	66.29	1.85	4.00	65.71	96	36
8	5	132	3.28	4030	2918	1.59	218	0	0	2	34.48	8	63.32	0.03	0.58	0.19	95.95	1.85
12	6	240	5.58	4296	2918	1.89	459	0	0	7	50.30	15	41.87	0.01	1.58	2.72	90.20	3.50	4.56	85.50	70	0
12	7	33	1.07	3082	2918	0.75	228	0	0	1	79.52	2	35.30	0.02	1.00	2.56	95.44	3.50
16	8	104	2.86	3626	2918	0.83	361	0	0	2	68.26	6	55.67	0.05	1.32	4.76	91.18	4.54	13.21	74.78	92	0
16	9	153	4.64	3301	2918	2.35	602	0	0	5	45.51	15	54.43	0.04	1.15	12.08	82.27	4.54
20	10	282	7.08	3992	2918	2.45	515	0	0	7	40.49	25	60.53	0.05	1.31	4.16	87.54	5.32	5.71	80.69	78	0
20	11	27	0.94	2894	2918	0.82	307	0	0	1	83.93	1	33.77	0.03	1.68	2.58	94.87	5.32
24	12	3577	99.77	3586	2918	0.07	2085	0	0	1	16.80	1	31.36	0.00	0.00	0.00	0.00	0.00	0.00	0.00	80	0
25	13	3577	99.77	3585	2918	0.07	2085	0	0	0	11.35	1	26.77	0.00	0.00	0.00	0.00	0.00	0.00	0.00	78	0
26	14	3577	99.77	3585	2918	0.07	2084	0	0	1	10.33	1	26.64	0.00	0.00	0.00	0.00	0.00	0.00	0.00	80	0
27	15	3577	99.77	3585	2918	0.07	2088	0	0	0	13.11	1	27.57	0.00	0.00	0.00	0.00	0.00	0.00	0.00	80	0
Core	CPU	Avg_MHz	Busy%	Bzy_MHz	TSC_MHz	IPC	IRQ	NMI	SMI	LLCMRPS	LLC%hit	L2MRPS	L2%hit	POLL%	C1ACPI%	C2ACPI%	C3ACPI%	CPU%c1	CPU%c6	CPU%c7	CoreTmp	CoreThr	PkgTmp	GFX%rc6	GFXMHz	GFXAMHz	Totl%C0	Any%C0	GFX%C0	CPUGFX%	Pkg%pc2	Pkg%pc3	Pkg%pc6	Pkg%pc8	Pk%pc10	CPU%LPI	SYS%LPI	PkgWatt	CorWatt	GFXWatt	RAMWatt	PKG_%	RAM_%	UncMHz	SysWatt
-	-	1851	52.45	3528	2919	1.29	33314	2	0	472	13.38	924	40.04	0.06	2.50	7.96	37.10	3.23	6.67	9.18	94	199	94	99.10	300	300	822.08	100.67	0.89	0.89	0.00	0.00	0.00	0.00	0.00	0.00	0.00	50.67	43.91	0.01	0.00	0.00	0.00	2100	8.00
0	0	880	25.63	3435	2918	1.83	2419	0	0	17	35.70	34	45.49	0.03	5.16	40.28	29.38	9.26	38.51	24.01	79	15	94	99.05	300	300	821.78	100.64	0.89	0.89	0.00	0.00	0.00	0.00	0.00	0.00	0.00	50.64	43.88	0.01	0.00	0.00	0.00	2100
0	1	205	6.49	3153	2918	1.51	1309	0	0	4	50.56	10	54.48	0.01	4.16	13.26	76.32	9.26
4	2	673	18.66	3608	2918	1.42	1735	0	0	14	21.33	25	36.66	0.03	4.33	19.96	57.37	8.90	23.74	45.77	73	0
4	3	132	4.68	2809	2918	0.99	1163	0	0	2	62.96	5	52.39	0.04	3.51	18.01	74.09	8.90
8	4	1106	28.40	3894	2918	2.30	1926	0	0	26	16.13	72	50.67	0.04	4.91	12.37	54.32	1.50	0.26	0.06	94	199
8	5	3219	81.63	3944	2918	2.20	2923	0	0	92	10.10	163	35.58	0.14	1.94	0.45	15.87	1.50
12	6	3818	96.75	3946	2918	2.37	3179	0	0	113	11.12	218	38.51	0.23	1.21	0.49	1.40	1.14	0.70	0.73	83	0
12	7	71	1.84	3845	2918	0.58	832	0	0	1	62.78	2	45.83	0.06	3.52	5.63	89.07	1.14
16	8	3083	78.34	3935	2918	2.30	2905	1	0	91	10.56	158	34.23	0.17	2.94	3.68	14.93	1.87	0.23	4.92	92	171
16	9	689	17.28	3989	2918	2.31	1319	0	0	20	15.82	56	52.20	0.04	2.69	5.20	74.86	1.87
20	10	2994	75.72	3954	2918	2.27	2693	1	0	87	11.26	169	39.75	0.16	2.24	3.40	18.60	3.14	3.25	16.27	84	0
20	11	183	4.84	3775	2918	1.00	939	0	0	2	53.54	8	77.75	0.02	3.46	4.53	87.26	3.14
24	12	3140	99.77	3147	2918	0.07	2492	0	0	1	15.78	1	29.76	0.00	0.00	0.00	0.00	0.00	0.00	0.00	83	0
25	13	3140	99.77	3147	2918	0.07	2493	0	0	0	9.59	1	26.47	0.00	0.00	0.00	0.00	0.00	0.00	0.00	83	0
26	14	3140	99.77	3147	2918	0.07	2493	0	0	0	9.04	1	26.24	0.00	0.00	0.00	0.00	0.00	0.00	0.00	83	0
27	15	3140	99.77	3147	2918	0.07	2494	0	0	0	11.74	1	26.61	0.00	0.00	0.00	0.00	0.00	0.00	0.00	83	0
Core	CPU	Avg_MHz	Busy%	Bzy_MHz	TSC_MHz	IPC	IRQ	NMI	SMI	LLCMRPS	LLC%hit	L2MRPS	L2%hit	POLL%	C1ACPI%	C2ACPI%	C3ACPI%	CPU%c1	CPU%c6	CPU%c7	CoreTmp	CoreThr	PkgTmp	GFX%rc6	GFXMHz	GFXAMHz	Totl%C0	Any%C0	GFX%C0	CPUGFX%	Pkg%pc2	Pkg%pc3	Pkg%pc6	Pkg%pc8	Pk%pc10	CPU%LPI	SYS%LPI	PkgWatt	CorWatt	GFXWatt	RAMWatt	PKG_%	RAM_%	UncMHz	SysWatt
-	-	1888	53.28	3544	2918	0.94	32786	1	0	624	8.77	989	28.80	0.08	2.56	7.15	36.98	3.44	4.33	9.82	93	159	93	99.05	300	300	836.71	100.61	0.81	0.81	0.00	0.00	0.00	0.00	0.00	0.00	0.00	50.01	42.38	0.01	0.00	0.00	0.00	2100	7.83
0	0	1787	47.31	3777	2918	1.60	2432	0	0	65	9.67	102	28.85	0.12	3.04	18.58	31.25	5.38	12.69	17.96	82	35	93	99.10	300	300	836.89	100.63	0.81	0.81	0.00	0.00	0.00	0.00	0.00	0.00	0.00	50.04	42.40	0.01	0.00	0.00	0.00	2100
0	1	788	20.75	3798	2918	1.48	1666	0	0	26	12.00	41	30.50	0.07	3.46	13.84	62.06	5.38
4	2	386	11.01	3503	2918	0.50	1758	0	0	5	46.67	8	42.67	0.03	6.24	28.80	54.20	9.24	15.68	23.81	85	0
4	3	1783	45.12	3951	2918	1.59	1904	1	0	64	8.35	101	28.34	0.11	3.30	7.50	44.17	9.24
8	4	201	5.21	3863	2918	0.89	1245	0	0	4	28.65	8	42.05	0.01	4.57	15.52	74.76	1.06	0.00	0.00	93	159
8	5	3887	98.61	3942	2918	1.68	3453	0	0	148	6.90	232	27.82	0.26	1.23	0.03	0.00	1.06
12	6	3825	97.07	3941	2918	1.68	3265	0	0	147	7.23	229	27.62	0.26	1.29	0.40	1.11	1.61	0.19	0.80	89	0
12	7	129	3.34	3863	2918	0.66	725	0	0	1	53.25	3	50.61	0.01	3.75	2.45	90.51	1.61
16	8	2742	70.41	3895	2918	1.63	2788	0	0	102	7.82	160	28.06	0.19	1.90	3.85	23.79	5.84	3.75	19.24	87	158
16	9	116	3.30	3531	2918	0.65	933	0	0	1	55.73	3	47.08	0.02	4.71	5.93	86.17	5.84
20	10	1770	45.31	3907	2918	1.44	1997	0	0	55	9.22	88	29.74	0.11	2.46	10.46	41.90	4.34	10.96	36.38	84	0
20	11	210	5.98	3509	2918	0.74	899	0	0	2	49.90	6	63.76	0.02	5.07	7.16	81.96	4.34
24	12	3146	99.77	3154	2918	0.08	2433	0	0	1	11.12	2	26.44	0.00	0.00	0.00	0.00	0.00	0.00	0.00	82	0
25	13	3146	99.77	3154	2918	0.07	2429	0	0	1	4.78	2	19.40	0.00	0.00	0.00	0.00	0.00	0.00	0.00	82	0
26	14	3146	99.77	3154	2918	0.07	2429	0	0	1	4.12	2	18.56	0.00	0.00	0.00	0.00	0.00	0.00	0.00	82	0
27	15	3146	99.77	3154	2918	0.07	2430	0	0	1	5.57	2	19.20	0.00	0.00	0.00	0.00	0.00	0.00	0.00	82	0
Core	CPU	Avg_MHz	Busy%	Bzy_MHz	TSC_MHz	IPC	IRQ	NMI	SMI	LLCMRPS	LLC%hit	L2MRPS	L2%hit	POLL%	C1ACPI%	C2ACPI%	C3ACPI%	CPU%c1	CPU%c6	CPU%c7	CoreTmp	CoreThr	PkgTmp	GFX%rc6	GFXMHz	GFXAMHz	Totl%C0	Any%C0	GFX%C0	CPUGFX%	Pkg%pc2	Pkg%pc3	Pkg%pc6	Pkg%pc8	Pk%pc10	CPU%LPI	SYS%LPI	PkgWatt	CorWatt	GFXWatt	RAMWatt	PKG_%	RAM_%	UncMHz	SysWatt
-	-	1967	56.06	3510	2918	0.96	47901	6	0	625	11.66	1083	34.13	0.07	3.27	7.29	33.34	3.15	2.78	9.10	92	87	93	99.10	300	300	861.35	100.60	0.77	0.77	0.00	0.00	0.00	0.00	0.00	0.00	0.00	50.03	42.39	0.01	0.00	0.00	0.00	1600	7.86
0	0	1791	47.73	3752	2918	1.62	2464	0	0	67	9.71	107	28.12	0.12	4.82	17.65	29.97	6.12	12.00	15.60	92	45	93	99.16	300	300	861.62	100.64	0.77	0.77	0.00	0.00	0.00	0.00	0.00	0.00	0.00	50.06	42.41	0.01	0.00	0.00	0.00	1600
0	1	879	23.64	3718	2918	1.21	3676	0	0	12	49.79	43	68.86	0.01	3.56	19.03	53.85	6.12
4	2	295	7.82	3766	2918	0.84	2852	0	0	5	38.79	12	45.89	0.03	8.53	24.99	58.74	1.55	0.38	0.48	83	0
4	3	3767	97.15	3878	2918	1.69	5371	0	0	136	7.53	221	29.50	0.21	1.75	0.28	0.69	1.55
8	4	1095	29.19	3753	2918	1.54	5349	0	0	38	13.75	63	31.67	0.09	5.03	12.92	52.90	5.54	1.02	4.42	92	80
8	5	2512	64.25	3909	2918	1.68	2436	1	0	95	7.37	150	28.01	0.17	3.86	3.67	28.17	5.54
12	6	2586	65.94	3922	2918	1.60	2838	1	0	95	8.11	152	28.61	0.15	4.15	3.58	26.30	2.61	1.91	5.08	85	0
12	7	1339	35.35	3788	2918	1.34	2002	0	0	29	23.35	72	54.04	0.02	5.67	7.65	51.33	2.61
16	8	1914	50.10	3820	2918	1.63	3006	0	0	65	9.42	114	34.61	0.12	4.08	6.13	39.73	4.30	6.32	30.83	88	87
16	9	441	12.18	3618	2918	1.48	3944	0	0	8	64.92	20	59.80	0.00	4.28	6.60	77.03	4.30
20	10	1793	47.22	3797	2918	1.44	2028	0	0	58	9.80	97	31.11	0.15	3.23	7.19	42.45	5.10	6.21	34.61	86	0
20	11	627	17.27	3630	2918	1.15	2722	0	0	14	28.86	30	43.94	0.03	3.45	6.92	72.47	5.10
24	12	3111	99.77	3118	2918	0.07	2304	1	0	1	15.57	1	28.90	0.00	0.00	0.00	0.00	0.00	0.00	0.00	82	0
25	13	3111	99.77	3118	2918	0.07	2304	1	0	0	7.78	1	25.19	0.00	0.00	0.00	0.00	0.00	0.00	0.00	82	0
26	14	3111	99.77	3118	2918	0.07	2302	1	0	0	7.36	1	24.61	0.00	0.00	0.00	0.00	0.00	0.00	0.00	83	0
27	15	3111	99.77	3118	2918	0.07	2303	1	0	0	9.83	1	25.44	0.00	0.00	0.00	0.00	0.00	0.00	0.00	83	0
Core	CPU	Avg_MHz	Busy%	Bzy_MHz	TSC_MHz	IPC	IRQ	NMI	SMI	LLCMRPS	LLC%hit	L2MRPS	L2%hit	POLL%	C1ACPI%	C2ACPI%	C3ACPI%	CPU%c1	CPU%c6	CPU%c7	CoreTmp	CoreThr	PkgTmp	GFX%rc6	GFXMHz	GFXAMHz	Totl%C0	Any%C0	GFX%C0	CPUGFX%	Pkg%pc2	Pkg%pc3	Pkg%pc6	Pkg%pc8	Pk%pc10	CPU%LPI	SYS%LPI	PkgWatt	CorWatt	GFXWatt	RAMWatt	PKG_%	RAM_%	UncMHz	SysWatt
-	-	2053	58.73	3494	2920	0.96	56749	1	0	619	12.61	1132	35.98	0.07	4.27	7.35	29.64	4.88	2.97	7.01	96	70	96	99.15	300	300	867.82	100.69	0.88	0.88	0.00	0.00	0.00	0.00	0.00	0.00	0.00	50.00	42.33	0.01	0.00	0.00	0.00	2300	7.87
0	0	1253	34.36	3646	2918	1.33	3878	1	0	32	20.01	62	41.73	0.06	6.07	20.80	38.97	6.50	11.56	13.41	82	32	96	99.05	300	300	867.30	100.63	0.88	0.88	0.00	0.00	0.00	0.00	0.00	0.00	0.00	49.95	42.29	0.01	0.00	0.00	0.00	2300
0	1	1655	44.86	3688	2918	1.41	2763	0	0	22	34.43	83	69.96	0.02	5.81	9.12	40.23	6.50
4	2	2650	67.71	3914	2918	1.53	4552	0	0	93	10.52	154	29.81	0.17	5.24	10.29	16.71	2.76	0.36	1.38	87	0
4	3	1739	46.28	3757	2918	1.44	5262	0	0	42	14.56	91	46.11	0.05	4.67	13.93	35.10	2.76
8	4	2926	75.35	3883	2918	1.60	3651	0	0	106	8.56	174	28.16	0.17	5.04	5.06	14.48	6.46	0.90	2.35	94	70
8	5	900	24.16	3725	2918	1.47	2149	0	0	27	11.14	46	32.39	0.07	7.66	9.53	58.69	6.46
12	6	2414	62.96	3834	2918	1.61	8006	0	0	78	13.34	135	34.05	0.12	4.63	5.63	26.76	5.22	0.23	10.38	89	0
12	7	1387	37.10	3737	2918	1.42	1550	0	0	45	9.89	78	30.63	0.09	5.04	2.64	55.23	5.22
16	8	890	24.89	3578	2918	1.36	2152	0	0	27	13.81	46	31.92	0.07	7.74	19.74	47.83	13.34	15.07	33.47	96	34
16	9	736	20.63	3569	2918	1.65	9034	0	0	13	34.91	35	57.14	0.04	6.81	11.91	60.78	13.34
20	10	2294	59.32	3867	2918	1.51	2984	0	0	75	9.65	125	30.17	0.12	5.51	5.74	29.41	4.72	1.62	9.10	79	4
20	11	1644	43.04	3821	2918	1.46	1648	0	0	55	9.53	95	28.95	0.13	4.05	3.19	49.73	4.72
24	12	3087	99.77	3095	2918	0.08	2268	0	0	1	11.44	2	26.87	0.00	0.00	0.00	0.00	0.00	0.00	0.00	86	0
25	13	3087	99.77	3095	2918	0.07	2260	0	0	1	5.42	2	19.81	0.00	0.00	0.00	0.00	0.00	0.00	0.00	85	0
26	14	3088	99.77	3095	2918	0.07	2331	0	0	1	5.05	2	19.35	0.00	0.00	0.00	0.00	0.00	0.00	0.00	86	0
27	15	3088	99.77	3095	2918	0.07	2261	0	0	1	6.53	2	19.96	0.00	0.00	0.00	0.00	0.00	0.00	0.00	86	0
Core	CPU	Avg_MHz	Busy%	Bzy_MHz	TSC_MHz	IPC	IRQ	NMI	SMI	LLCMRPS	LLC%hit	L2MRPS	L2%hit	POLL%	C1ACPI%	C2ACPI%	C3ACPI%	CPU%c1	CPU%c6	CPU%c7	CoreTmp	CoreThr	PkgTmp	GFX%rc6	GFXMHz	GFXAMHz	Totl%C0	Any%C0	GFX%C0	CPUGFX%	Pkg%pc2	Pkg%pc3	Pkg%pc6	Pkg%pc8	Pk%pc10	CPU%LPI	SYS%LPI	PkgWatt	CorWatt	GFXWatt	RAMWatt	PKG_%	RAM_%	UncMHz	SysWatt
-	-	1814	52.58	3449	2918	0.98	36433	1	0	629	8.90	998	28.94	0.08	2.01	8.42	37.00	3.37	5.96	8.95	96	208	95	98.95	300	300	829.63	100.60	0.90	0.90	0.00	0.00	0.00	0.00	0.00	0.00	0.00	48.18	40.46	0.01	0.00	0.00	0.00	3100	7.36
0	0	1142	32.48	3517	2918	1.47	2496	0	0	39	13.61	62	29.76	0.05	3.31	33.46	31.13	8.76	31.17	22.00	94	37	95	98.99	300	300	829.94	100.63	0.90	0.90	0.00	0.00	0.00	0.00	0.00	0.00	0.00	48.20	40.48	0.01	0.00	0.00	0.00	3100
0	1	224	6.64	3379	2918	0.34	1443	0	0	2	72.55	4	51.33	0.03	3.51	15.99	74.07	8.76
4	2	2229	59.02	3777	2918	1.76	2652	1	0	89	7.45	140	28.48	0.15	2.33	1.87	36.73	1.82	0.35	2.53	85	0
4	3	1635	41.71	3921	2918	1.60	2181	0	0	59	8.13	95	29.75	0.10	2.55	11.15	44.59	1.82
8	4	3744	97.53	3839	2918	1.77	3849	0	0	150	7.16	236	28.10	0.26	1.47	0.11	0.75	1.35	0.07	0.63	96	208
8	5	130	3.49	3736	2918	0.91	1425	0	0	2	56.28	4	57.36	0.01	3.50	14.54	78.54	1.35
12	6	2838	73.55	3859	2918	1.71	3020	0	0	111	8.05	175	28.50	0.21	1.24	2.25	22.90	1.64	1.20	6.18	79	20
12	7	868	22.71	3822	2918	1.64	1434	0	0	33	9.32	53	29.21	0.05	1.75	1.90	73.69	1.64
16	8	2093	56.50	3704	2918	1.72	2536	0	0	82	8.01	128	28.36	0.16	2.34	9.56	31.67	5.60	8.94	22.83	95	193
16	9	297	8.54	3482	2918	1.44	1415	0	0	10	16.11	16	31.73	0.05	3.45	12.47	75.69	5.60
20	10	1168	30.96	3772	2918	1.47	2054	0	0	40	10.62	61	29.01	0.08	3.74	19.57	45.97	7.82	17.89	35.29	77	0
20	11	329	9.10	3612	2918	1.48	1300	0	0	11	15.15	18	30.38	0.06	2.99	11.89	76.22	7.82
24	12	3080	99.77	3088	2918	0.07	2656	0	0	1	14.58	1	29.35	0.00	0.00	0.00	0.00	0.00	0.00	0.00	85	0
25	13	3080	99.77	3087	2918	0.07	2657	0	0	0	8.20	1	26.28	0.00	0.00	0.00	0.00	0.00	0.00	0.00	85	0
26	14	3080	99.77	3087	2918	0.07	2658	0	0	0	7.40	1	25.81	0.00	0.00	0.00	0.00	0.00	0.00	0.00	86	0
27	15	3080	99.77	3087	2918	0.07	2657	0	0	0	10.07	1	26.61	0.00	0.00	0.00	0.00	0.00	0.00	0.00	86	0
Core	CPU	Avg_MHz	Busy%	Bzy_MHz	TSC_MHz	IPC	IRQ	NMI	SMI	LLCMRPS	LLC%hit	L2MRPS	L2%hit	POLL%	C1ACPI%	C2ACPI%	C3ACPI%	CPU%c1	CPU%c6	CPU%c7	CoreTmp	CoreThr	PkgTmp	GFX%rc6	GFXMHz	GFXAMHz	Totl%C0	Any%C0	GFX%C0	CPUGFX%	Pkg%pc2	Pkg%pc3	Pkg%pc6	Pkg%pc8	Pk%pc10	CPU%LPI	SYS%LPI	PkgWatt	CorWatt	GFXWatt	RAMWatt	PKG_%	RAM_%	UncMHz	SysWatt
-	-	1812	52.70	3440	2917	0.98	36757	2	0	628	9.10	1009	29.02	0.08	2.46	8.84	35.99	3.59	6.04	9.24	96	218	94	98.90	300	300	824.22	100.62	0.90	0.90	0.00	0.00	0.00	0.00	0.00	0.00	0.00	47.62	39.90	0.01	0.00	0.00	0.00	2300	7.23
0	0	1424	40.34	3530	2918	1.72	2529	0	0	56	10.64	89	28.49	0.12	3.05	22.25	34.66	9.67	24.23	20.80	82	113	94	98.96	300	300	824.33	100.64	0.90	0.90	0.00	0.00	0.00	0.00	0.00	0.00	0.00	47.65	39.93	0.01	0.00	0.00	0.00	2300
0	1	243	7.17	3386	2918	0.40	1982	0	0	3	69.46	6	49.71	0.04	4.19	29.88	58.99	9.67
4	2	193	5.22	3692	2918	1.08	1494	0	0	4	33.00	9	42.57	0.06	5.43	15.66	73.78	1.51	0.74	1.44	89	0
4	3	3668	95.89	3825	2918	1.76	3425	0	0	147	7.50	233	28.25	0.25	1.30	0.09	2.59	1.51
8	4	1825	48.77	3743	2918	1.81	2432	0	0	75	8.26	122	28.09	0.14	2.79	2.40	46.00	0.97	0.00	0.01	96	218
8	5	2073	53.01	3912	2918	1.71	2705	0	0	80	7.45	127	28.23	0.15	2.98	5.03	38.95	0.97
12	6	430	11.01	3900	2918	1.23	1347	0	0	12	14.40	24	34.05	0.03	4.17	6.19	78.68	2.61	0.26	2.05	94	9
12	7	3627	94.57	3835	2918	1.73	3205	1	0	142	7.21	226	28.46	0.25	1.55	0.23	3.53	2.61
16	8	1371	37.70	3637	2918	1.62	2091	0	0	51	9.52	80	28.71	0.11	3.27	11.12	48.11	7.48	16.48	35.86	91	89
16	9	102	3.73	2742	2918	0.57	1327	0	0	2	62.29	3	40.80	0.03	3.85	17.35	75.34	7.48
20	10	458	12.94	3545	2918	0.84	1511	0	0	9	23.15	16	39.80	0.01	4.00	15.25	68.05	6.50	18.71	32.22	92	0
20	11	1309	33.74	3879	2918	1.47	2066	1	0	44	9.89	71	29.47	0.08	2.84	16.10	47.51	6.50
24	12	3071	99.77	3078	2918	0.07	2660	0	0	1	14.52	1	29.59	0.00	0.00	0.00	0.00	0.00	0.00	0.00	86	0
25	13	3071	99.77	3078	2918	0.07	2660	0	0	0	7.82	1	26.28	0.00	0.00	0.00	0.00	0.00	0.00	0.00	86	0
26	14	3071	99.77	3078	2918	0.07	2662	0	0	0	7.03	1	26.46	0.00	0.00	0.00	0.00	0.00	0.00	0.00	86	0
27	15	3071	99.77	3078	2918	0.07	2661	0	0	0	9.18	1	26.52	0.00	0.00	0.00	0.00	0.00	0.00	0.00	86	0
Core	CPU	Avg_MHz	Busy%	Bzy_MHz	TSC_MHz	IPC	IRQ	NMI	SMI	LLCMRPS	LLC%hit	L2MRPS	L2%hit	POLL%	C1ACPI%	C2ACPI%	C3ACPI%	CPU%c1	CPU%c6	CPU%c7	CoreTmp	CoreThr	PkgTmp	GFX%rc6	GFXMHz	GFXAMHz	Totl%C0	Any%C0	GFX%C0	CPUGFX%	Pkg%pc2	Pkg%pc3	Pkg%pc6	Pkg%pc8	Pk%pc10	CPU%LPI	SYS%LPI	PkgWatt	CorWatt	GFXWatt	RAMWatt	PKG_%	RAM_%	UncMHz	SysWatt
-	-	1845	52.73	3498	2920	0.96	35159	1	0	628	8.89	1009	28.87	0.08	2.23	8.12	36.96	3.47	5.67	9.84	94	212	94	99.10	300	300	823.06	100.67	0.90	0.90	0.00	0.00	0.00	0.00	0.00	0.00	0.00	49.39	41.62	0.01	0.00	0.00	0.00	3300	7.69
0	0	660	20.33	3246	2918	1.57	2048	0	0	24	17.78	40	31.07	0.07	4.16	31.36	44.62	10.09	31.58	28.53	82	34	94	99.01	300	300	822.78	100.63	0.90	0.90	0.00	0.00	0.00	0.00	0.00	0.00	0.00	49.34	41.58	0.01	0.00	0.00	0.00	3300
0	1	352	9.97	3527	2918	0.47	1490	0	0	4	42.40	6	40.50	0.00	3.10	19.85	67.29	10.09
4	2	485	12.72	3815	2918	1.24	1841	0	0	14	16.28	25	33.53	0.05	4.43	24.67	58.30	1.56	4.12	7.20	90	5
4	3	3221	82.01	3927	2918	1.68	3061	0	0	124	7.92	198	28.15	0.22	1.08	1.64	15.18	1.56
8	4	2350	59.43	3955	2918	1.67	2649	0	0	89	7.39	139	28.12	0.16	2.55	5.10	32.91	3.15	1.90	9.26	94	212
8	5	1052	28.18	3734	2918	1.74	1746	0	0	41	7.88	65	28.43	0.08	2.97	2.06	66.82	3.15
12	6	551	14.00	3936	2918	0.89	1337	0	0	11	16.38	22	38.43	0.01	3.28	6.56	76.19	0.94	0.00	0.00	92	47
12	7	3848	98.55	3904	2918	1.69	3329	0	0	148	7.20	237	28.41	0.26	1.29	0.02	0.00	0.94
16	8	1341	36.75	3651	2918	1.65	2006	0	0	51	9.41	82	28.14	0.12	3.63	10.42	49.39	9.67	15.59	35.72	80	90
16	9	105	3.85	2720	2918	0.45	1299	0	0	2	63.34	3	40.41	0.03	4.29	17.80	74.32	9.67
20	10	2973	75.59	3934	2918	1.68	2800	0	0	114	7.25	178	28.00	0.22	1.55	2.61	20.23	2.37	3.52	17.66	91	2
20	11	117	3.32	3524	2918	0.84	1014	0	0	2	59.84	4	53.93	0.00	3.37	7.77	85.66	2.37
24	12	3114	99.77	3121	2918	0.08	2685	0	0	1	16.04	3	38.65	0.00	0.00	0.00	0.00	0.00	0.00	0.00	85	0
25	13	3114	99.77	3121	2918	0.07	2618	0	0	1	4.74	2	20.49	0.00	0.00	0.00	0.00	0.00	0.00	0.00	84	0
26	14	3114	99.77	3121	2918	0.07	2617	0	0	1	5.51	2	20.67	0.00	0.00	0.00	0.00	0.00	0.00	0.00	86	0
27	15	3114	99.77	3121	2918	0.08	2619	1	0	1	6.06	2	20.50	0.00	0.00	0.00	0.00	0.00	0.00	0.00	85	0
Core	CPU	Avg_MHz	Busy%	Bzy_MHz	TSC_MHz	IPC	IRQ	NMI	SMI	LLCMRPS	LLC%hit	L2MRPS	L2%hit	POLL%	C1ACPI%	C2ACPI%	C3ACPI%	CPU%c1	CPU%c6	CPU%c7	CoreTmp	CoreThr	PkgTmp	GFX%rc6	GFXMHz	GFXAMHz	Totl%C0	Any%C0	GFX%C0	CPUGFX%	Pkg%pc2	Pkg%pc3	Pkg%pc6	Pkg%pc8	Pk%pc10	CPU%LPI	SYS%LPI	PkgWatt	CorWatt	GFXWatt	RAMWatt	PKG_%	RAM_%	UncMHz	SysWatt
-	-	1658	52.60	3154	2917	1.00	29423	5	0	594	10.52	1009	27.04	0.06	2.57	6.86	37.95	3.99	5.22	10.02	87	113	88	99.00	300	300	821.71	100.62	0.90	0.90	0.00	0.00	0.00	0.00	0.00	0.00	0.00	38.57	31.00	0.01	0.00	0.00	0.00	1200	4.97
0	0	777	25.01	3105	2918	1.36	1908	0	0	25	20.13	42	31.57	0.02	4.33	33.86	37.25	8.73	32.44	28.32	76	13	88	99.04	300	300	821.80	100.64	0.90	0.90	0.00	0.00	0.00	0.00	0.00	0.00	0.00	38.59	31.01	0.01	0.00	0.00	0.00	1200
0	1	186	5.81	3207	2918	0.50	1060	0	0	2	66.06	4	47.23	0.00	3.18	15.76	75.40	8.73
4	2	242	7.99	3033	2918	0.60	1693	0	0	4	50.85	7	41.44	0.01	6.93	31.42	53.91	8.44	12.60	19.27	82	0
4	3	1888	55.51	3402	2918	1.79	1886	1	0	78	9.64	133	24.99	0.11	2.38	3.48	38.68	8.44
8	4	3193	91.40	3494	2918	1.88	2940	1	0	137	8.34	229	25.88	0.20	2.09	0.15	6.28	2.71	0.23	5.26	78	72
8	5	89	2.54	3479	2918	0.53	675	0	0	1	55.31	2	55.04	0.01	3.91	3.65	89.95	2.71
12	6	1713	49.48	3462	2918	1.82	1890	0	0	71	9.20	119	26.90	0.12	3.01	3.04	44.47	3.16	1.41	7.92	84	0
12	7	1446	41.59	3477	2918	1.79	1466	0	0	59	9.20	99	26.09	0.10	2.89	1.67	53.84	3.16
16	8	1686	48.60	3470	2918	1.68	1845	0	0	64	10.36	110	28.29	0.12	3.41	4.16	43.85	5.44	4.38	30.51	87	113
16	9	688	20.10	3421	2918	1.57	1234	0	0	25	12.43	45	29.31	0.05	2.74	5.82	71.40	5.44
20	10	2378	68.71	3461	2918	1.73	2346	0	0	94	10.20	162	25.97	0.17	2.85	3.21	25.22	3.44	1.12	8.93	83	10
20	11	924	25.76	3588	2918	1.52	1251	0	0	32	9.32	52	29.99	0.08	3.47	3.60	67.18	3.44
24	12	2833	99.77	2839	2918	0.07	2309	1	0	0	17.37	1	26.40	0.00	0.00	0.00	0.00	0.00	0.00	0.00	82	0
25	13	2833	99.77	2839	2918	0.07	2307	1	0	0	7.67	1	23.08	0.00	0.00	0.00	0.00	0.00	0.00	0.00	82	0
26	14	2833	99.77	2839	2918	0.07	2307	1	0	0	9.06	1	22.57	0.00	0.00	0.00	0.00	0.00	0.00	0.00	83	0
27	15	2832	99.77	2839	2918	0.07	2306	0	0	0	11.07	1	23.77	0.00	0.00	0.00	0.00	0.00	0.00	0.00	82	0
Core	CPU	Avg_MHz	Busy%	Bzy_MHz	TSC_MHz	IPC	IRQ	NMI	SMI	LLCMRPS	LLC%hit	L2MRPS	L2%hit	POLL%	C1ACPI%	C2ACPI%	C3ACPI%	CPU%c1	CPU%c6	CPU%c7	CoreTmp	CoreThr	PkgTmp	GFX%rc6	GFXMHz	GFXAMHz	Totl%C0	Any%C0	GFX%C0	CPUGFX%	Pkg%pc2	Pkg%pc3	Pkg%pc6	Pkg%pc8	Pk%pc10	CPU%LPI	SYS%LPI	PkgWatt	CorWatt	GFXWatt	RAMWatt	PKG_%	RAM_%	UncMHz	SysWatt
-	-	1592	52.48	3033	2919	1.01	23978	2	0	575	11.16	999	25.80	0.05	3.10	6.34	38.09	4.35	5.21	10.38	86	0	85	99.00	300	300	815.55	100.59	0.87	0.87	0.00	0.00	0.00	0.00	0.00	0.00	0.00	34.31	26.85	0.01	0.00	0.00	0.00	1200	3.90
0	0	778	25.84	3012	2918	1.33	1703	0	0	25	20.46	42	30.47	0.02	5.30	32.12	37.16	14.22	29.51	27.61	75	0	85	99.01	300	300	815.88	100.63	0.87	0.87	0.00	0.00	0.00	0.00	0.00	0.00	0.00	34.31	26.85	0.01	0.00	0.00	0.00	1200
0	1	91	3.28	2787	2918	0.81	652	0	0	2	67.12	3	45.73	0.00	5.28	10.70	80.88	14.22
4	2	421	12.87	3272	2918	0.57	1187	0	0	6	31.01	11	43.50	0.01	5.34	18.72	63.16	2.02	3.86	7.23	82	0
4	3	2817	84.46	3336	2918	1.84	2301	0	0	119	9.34	205	25.00	0.16	1.88	0.84	12.76	2.02
8	4	2744	82.46	3328	2918	1.89	2245	0	0	119	9.16	205	24.51	0.16	2.37	3.32	11.83	5.14	2.59	9.20	86	0
8	5	69	2.19	3160	2918	0.61	373	0	0	1	58.10	2	44.26	0.01	5.33	3.70	88.83	5.14
12	6	867	25.70	3372	2918	1.53	1044	0	0	30	14.91	56	28.47	0.04	4.91	3.50	65.90	1.67	0.01	0.40	84	0
12	7	2933	87.87	3338	2918	1.79	2202	0	0	120	9.69	207	25.30	0.15	2.08	1.01	8.98	1.67
16	8	2045	61.83	3307	2918	1.82	1664	1	0	85	9.75	146	24.92	0.16	3.84	3.50	30.82	4.86	3.68	25.79	84	0
16	9	173	5.41	3201	2918	1.39	450	0	0	5	19.88	9	30.03	0.01	4.57	4.65	85.43	4.86
20	10	1486	45.21	3287	2918	1.70	1627	1	0	58	11.62	100	25.30	0.11	3.94	11.72	39.24	6.89	12.45	33.51	82	0
20	11	100	3.40	2932	2918	1.03	471	0	0	2	59.05	4	51.43	0.00	4.77	7.56	84.37	6.89
24	12	2736	99.77	2742	2918	0.08	2016	0	0	1	10.64	2	17.16	0.00	0.00	0.00	0.00	0.00	0.00	0.00	80	0
25	13	2736	99.77	2742	2918	0.08	2014	0	0	1	5.02	2	15.67	0.00	0.00	0.00	0.00	0.00	0.00	0.00	81	0
26	14	2736	99.77	2742	2918	0.07	2014	0	0	1	5.08	2	15.26	0.00	0.00	0.00	0.00	0.00	0.00	0.00	80	0
27	15	2736	99.77	2742	2918	0.08	2015	0	0	1	8.00	2	21.03	0.00	0.00	0.00	0.00	0.00	0.00	0.00	80	0
Core	CPU	Avg_MHz	Busy%	Bzy_MHz	TSC_MHz	IPC	IRQ	NMI	SMI	LLCMRPS	LLC%hit	L2MRPS	L2%hit	POLL%	C1ACPI%	C2ACPI%	C3ACPI%	CPU%c1	CPU%c6	CPU%c7	CoreTmp	CoreThr	PkgTmp	GFX%rc6	GFXMHz	GFXAMHz	Totl%C0	Any%C0	GFX%C0	CPUGFX%	Pkg%pc2	Pkg%pc3	Pkg%pc6	Pkg%pc8	Pk%pc10	CPU%LPI	SYS%LPI	PkgWatt	CorWatt	GFXWatt	RAMWatt	PKG_%	RAM_%	UncMHz	SysWatt
-	-	1614	52.54	3073	2917	0.99	23372	0	0	569	12.35	1021	25.87	0.05	2.42	5.73	39.29	3.42	5.69	12.81	92	0	92	99.11	300	300	794.30	100.64	0.80	0.80	0.00	0.00	0.00	0.00	0.00	0.00	0.00	34.34	26.87	0.01	0.00	0.00	0.00	1300	3.92
0	0	297	11.93	2487	2918	1.01	1463	0	0	8	49.75	15	38.39	0.01	5.37	40.32	42.92	9.61	38.54	34.01	81	0	92	99.14	300	300	794.22	100.63	0.80	0.80	0.00	0.00	0.00	0.00	0.00	0.00	0.00	34.35	26.88	0.01	0.00	0.00	0.00	1300
0	1	174	5.96	2924	2918	0.44	638	0	0	2	64.90	4	53.98	0.00	4.01	10.71	79.48	9.61
4	2	331	10.17	3255	2918	0.77	851	0	0	6	28.57	11	35.51	0.00	3.53	13.73	72.67	4.80	4.07	18.97	73	0
4	3	2287	67.81	3373	2918	1.87	1754	0	0	97	9.65	170	24.48	0.12	2.99	0.41	28.76	4.80
8	4	2885	85.51	3373	2918	1.88	2236	0	0	124	9.26	219	24.61	0.18	2.99	0.26	11.18	4.00	0.27	7.99	92	0
8	5	438	13.00	3371	2918	0.62	575	0	0	6	22.49	12	43.29	0.00	3.13	3.93	79.96	4.00
12	6	1338	39.54	3385	2918	1.55	1338	0	0	46	15.24	89	28.12	0.06	3.65	0.88	55.92	1.87	0.00	0.42	74	0
12	7	2898	85.46	3391	2918	1.74	2166	0	0	115	11.31	208	25.44	0.12	2.46	0.10	11.91	1.87
16	8	2085	62.14	3356	2918	1.81	1596	0	0	86	10.93	152	24.84	0.16	1.84	2.35	33.66	2.60	3.21	29.04	91	0
16	9	379	11.40	3323	2918	1.35	597	0	0	12	21.49	23	28.42	0.02	2.87	2.96	82.81	2.60
20	10	1511	45.28	3337	2918	1.78	1613	0	0	62	12.46	110	24.50	0.13	2.88	9.04	42.88	4.51	10.76	37.64	78	0
20	11	105	3.40	3074	2918	0.87	451	0	0	3	42.78	5	34.67	0.00	2.98	6.98	86.73	4.51
24	12	2776	99.77	2783	2918	0.07	2016	0	0	0	17.20	1	23.66	0.00	0.00	0.00	0.00	0.00	0.00	0.00	83	0
25	13	2776	99.77	2783	2918	0.07	2018	0	0	0	7.49	1	20.44	0.00	0.00	0.00	0.00	0.00	0.00	0.00	83	0
26	14	2776	99.77	2783	2918	0.07	2018	0	0	0	8.30	1	20.23	0.00	0.00	0.00	0.00	0.00	0.00	0.00	83	0
27	15	2776	99.77	2783	2918	0.07	2042	0	0	0	11.10	1	21.32	0.00	0.00	0.00	0.00	0.00	0.00	0.00	83	0
Core	CPU	Avg_MHz	Busy%	Bzy_MHz	TSC_MHz	IPC	IRQ	NMI	SMI	LLCMRPS	LLC%hit	L2MRPS	L2%hit	POLL%	C1ACPI%	C2ACPI%	C3ACPI%	CPU%c1	CPU%c6	CPU%c7	CoreTmp	CoreThr	PkgTmp	GFX%rc6	GFXMHz	GFXAMHz	Totl%C0	Any%C0	GFX%C0	CPUGFX%	Pkg%pc2	Pkg%pc3	Pkg%pc6	Pkg%pc8	Pk%pc10	CPU%LPI	SYS%LPI	PkgWatt	CorWatt	GFXWatt	RAMWatt	PKG_%	RAM_%	UncMHz	SysWatt
-	-	1618	53.10	3047	2920	1.00	24701	1	0	575	11.12	989	26.27	0.05	3.39	5.90	37.62	4.41	3.94	10.55	88	1	88	99.00	300	300	826.54	100.63	0.94	0.94	0.00	0.00	0.00	0.00	0.00	0.00	0.00	34.75	27.30	0.01	0.00	0.00	0.00	1000	4.00
0	0	2522	76.18	3310	2918	1.84	2238	0	0	107	9.59	180	24.83	0.12	3.32	8.01	12.58	4.90	7.51	9.21	88	0	88	98.97	300	300	826.58	100.64	0.94	0.94	0.00	0.00	0.00	0.00	0.00	0.00	0.00	34.74	27.29	0.01	0.00	0.00	0.00	1000
0	1	222	6.91	3213	2918	0.70	1441	0	0	4	56.22	7	39.41	0.01	6.67	24.59	61.99	4.90
4	2	2751	82.73	3325	2918	1.84	2217	0	0	115	9.02	195	24.90	0.14	2.47	1.30	13.47	3.18	1.29	12.36	79	0
4	3	148	4.51	3284	2918	0.87	452	0	0	2	52.65	4	54.52	0.00	5.60	3.94	86.01	3.18
8	4	2775	83.14	3337	2918	1.78	2469	0	0	114	9.83	195	25.79	0.18	3.15	1.75	11.91	3.04	0.86	2.83	86	0
8	5	714	21.32	3349	2918	1.30	888	0	0	20	14.45	37	30.93	0.02	4.52	3.39	70.78	3.04
12	6	2823	84.65	3335	2918	1.79	2278	1	0	115	9.49	196	25.60	0.17	2.34	1.53	11.44	3.52	0.91	5.32	80	0
12	7	365	10.73	3404	2918	1.45	528	0	0	12	14.79	21	28.46	0.01	4.90	2.28	82.12	3.52
16	8	1272	38.40	3312	2918	1.66	1363	0	0	48	11.76	83	26.89	0.09	5.19	6.66	49.82	11.98	8.30	37.68	83	1
16	9	236	7.50	3141	2918	1.15	711	0	0	6	27.38	11	32.58	0.01	5.20	10.47	76.94	11.98
20	10	680	21.28	3195	2918	1.58	1190	0	0	24	16.43	42	28.63	0.06	5.96	18.32	54.63	8.66	20.54	38.09	73	0
20	11	415	13.18	3152	2918	0.74	851	0	0	7	28.51	11	37.46	0.00	4.95	12.05	69.94	8.66
24	12	2741	99.77	2747	2918	0.07	2018	0	0	0	16.01	1	22.90	0.00	0.00	0.00	0.00	0.00	0.00	0.00	80	0
25	13	2741	99.77	2747	2918	0.07	2018	0	0	0	7.35	1	20.32	0.00	0.00	0.00	0.00	0.00	0.00	0.00	81	0
26	14	2740	99.77	2747	2918	0.07	2018	0	0	0	7.77	1	19.59	0.00	0.00	0.00	0.00	0.00	0.00	0.00	80	0
27	15	2740	99.77	2747	2918	0.07	2021	0	0	0	11.03	1	21.79	0.00	0.00	0.00	0.00	0.00	0.00	0.00	80	0
Core	CPU	Avg_MHz	Busy%	Bzy_MHz	TSC_MHz	IPC	IRQ	NMI	SMI	LLCMRPS	LLC%hit	L2MRPS	L2%hit	POLL%	C1ACPI%	C2ACPI%	C3ACPI%	CPU%c1	CPU%c6	CPU%c7	CoreTmp	CoreThr	PkgTmp	GFX%rc6	GFXMHz	GFXAMHz	Totl%C0	Any%C0	GFX%C0	CPUGFX%	Pkg%pc2	Pkg%pc3	Pkg%pc6	Pkg%pc8	Pk%pc10	CPU%LPI	SYS%LPI	PkgWatt	CorWatt	GFXWatt	RAMWatt	PKG_%	RAM_%	UncMHz	SysWatt
-	-	802	23.34	3434	2922	0.33	11607	0	0	82	33.65	139	28.52	0.02	1.13	6.41	69.28	4.05	16.79	42.56	72	0	74	99.38	300	300	379.49	83.79	0.74	0.74	3.57	0.05	4.44	0.25	0.00	0.00	0.00	17.29	13.13	0.01	0.00	0.00	0.00	4000	0.88
0	0	315	11.70	2694	2918	1.61	684	0	0	14	30.52	23	24.52	0.05	1.99	15.35	71.35	6.26	16.36	60.92	69	0	74	99.15	300	300	379.14	83.71	0.74	0.74	3.56	0.05	4.44	0.25	0.00	0.00	0.00	17.25	13.10	0.01	0.00	0.00	0.00	4000
0	1	141	3.80	3703	2918	0.31	522	0	0	2	72.28	3	36.85	0.04	2.14	8.48	85.69	6.26
4	2	273	8.39	3252	2918	1.77	369	0	0	11	13.49	18	24.47	0.04	0.30	3.10	88.27	1.56	7.39	81.31	67	0
4	3	30	1.15	2624	2918	0.77	235	0	0	1	86.32	2	28.50	0.01	1.14	6.24	91.55	1.56
8	4	481	13.44	3575	2918	1.53	505	0	0	17	39.02	28	27.95	0.02	1.22	5.00	80.40	3.33	7.02	74.95	72	0
8	5	63	1.87	3346	2918	1.09	275	0	0	2	64.44	3	39.46	0.01	1.73	4.99	91.49	3.33
12	6	464	12.39	3750	2918	1.42	459	0	0	16	18.49	27	27.10	0.01	1.05	3.19	83.42	5.19	5.15	76.24	69	0
12	7	43	1.39	3121	2918	0.74	216	0	0	1	76.51	2	32.85	0.04	1.44	4.79	92.46	5.19
16	8	130	4.19	3110	2918	1.07	634	0	0	3	62.18	7	58.59	0.00	1.73	16.53	77.76	7.77	18.71	63.73	71	0
16	9	214	5.71	3748	2918	0.98	488	0	0	6	37.81	10	29.66	0.00	1.50	9.07	83.82	7.77
20	10	95	4.01	2376	2918	1.25	639	0	0	4	49.10	7	25.42	0.02	1.84	14.97	79.42	8.18	17.69	68.29	70	0
20	11	48	1.80	2681	2918	0.62	359	0	0	2	78.42	3	29.11	0.01	1.83	8.25	88.23	8.18
24	12	2605	75.25	3461	2918	0.11	1558	0	0	1	15.88	2	21.48	0.00	0.13	0.80	23.66	0.13	24.45	0.00	72	0
25	13	2653	76.54	3466	2918	0.11	1583	0	0	1	11.09	2	18.42	0.00	0.03	1.51	21.76	0.03	23.21	0.00	72	0
26	14	2650	76.36	3470	2918	0.11	1546	0	0	1	10.63	2	20.20	0.00	0.00	0.03	23.44	0.00	23.55	0.00	72	0
27	15	2623	75.60	3470	2918	0.11	1535	0	0	1	8.78	2	19.53	0.00	0.00	0.05	24.18	0.00	24.37	0.00	72	0
Core	CPU	Avg_MHz	Busy%	Bzy_MHz	TSC_MHz	IPC	IRQ	NMI	SMI	LLCMRPS	LLC%hit	L2MRPS	L2%hit	POLL%	C1ACPI%	C2ACPI%	C3ACPI%	CPU%c1	CPU%c6	CPU%c7	CoreTmp	CoreThr	PkgTmp	GFX%rc6	GFXMHz	GFXAMHz	Totl%C0	Any%C0	GFX%C0	CPUGFX%	Pkg%pc2	Pkg%pc3	Pkg%pc6	Pkg%pc8	Pk%pc10	CPU%LPI	SYS%LPI	PkgWatt	CorWatt	GFXWatt	RAMWatt	PKG_%	RAM_%	UncMHz	SysWatt
-	-	60	1.87	3184	2918	0.96	3512	0	0	26	52.18	49	37.51	0.02	0.98	3.66	93.57	15.18	41.21	43.27	69	0	75	99.06	300	300	32.06	23.06	0.86	0.33	13.95	0.34	14.56	2.04	0.00	0.00	0.00	7.65	4.00	0.00	0.00	0.00	0.00	4000	0.42
0	0	43	1.69	2530	2918	0.79	180	0	0	1	73.21	2	33.97	0.02	0.71	2.97	94.81	20.77	3.36	72.42	66	0	75	99.08	300	300	32.07	23.06	0.86	0.33	13.95	0.34	14.56	2.04	0.00	0.00	0.00	7.65	4.00	0.00	0.00	0.00	0.00	4000
0	1	53	1.82	2915	2918	0.45	272	0	0	1	55.98	2	34.24	0.03	1.39	3.34	93.52	20.77
4	2	18	0.84	2158	2918	0.23	99	0	0	1	73.85	1	25.96	0.00	0.11	0.76	98.36	6.74	1.51	89.94	66	0
4	3	24	0.78	3094	2918	0.95	99	0	0	1	75.77	1	29.88	0.02	1.03	1.06	97.17	6.74
8	4	357	8.51	4193	2918	1.17	466	0	0	9	40.38	18	39.89	0.02	2.30	4.66	84.69	13.15	4.97	72.03	63	0
8	5	49	1.48	3303	2918	1.41	165	0	0	1	55.56	3	50.81	0.00	0.12	2.38	96.07	13.15
12	6	163	4.29	3814	2918	1.08	327	0	0	5	39.80	8	30.09	0.00	1.35	4.90	89.60	17.82	1.95	75.27	66	0
12	7	33	0.90	3646	2918	0.95	104	0	0	1	67.11	2	36.95	0.04	1.70	0.05	97.38	17.82
16	8	70	2.61	2698	2918	0.68	382	0	0	2	69.14	3	42.58	0.03	1.77	7.94	87.90	20.87	4.92	71.01	69	0
16	9	10	0.49	2054	2918	0.81	83	0	0	0	70.58	1	33.38	0.00	0.26	0.72	98.55	20.87
20	10	44	2.61	1678	2918	0.53	603	0	0	2	59.23	3	36.28	0.02	2.09	12.12	83.49	37.35	6.31	52.08	65	0
20	11	47	1.62	2886	2918	0.67	260	0	0	1	66.61	2	36.06	0.03	1.88	4.03	92.53	37.35
24	12	24	1.33	1795	2918	0.57	214	0	0	1	54.34	1	36.89	0.02	0.39	5.07	93.28	2.97	95.51	0.00	69	0
25	13	2	0.13	1995	2918	0.67	57	0	0	0	65.43	0	58.09	0.00	0.00	2.08	97.80	1.81	98.56	0.00	69	0
26	14	11	0.51	2172	2918	0.75	110	0	0	0	71.92	1	46.07	0.01	0.50	3.35	95.67	4.54	95.21	0.00	69	0
27	15	4	0.32	1343	2918	0.71	91	0	0	0	61.50	0	53.80	0.00	0.07	3.17	96.46	0.08	99.80	0.00	69	0
Core	CPU	Avg_MHz	Busy%	Bzy_MHz	TSC_MHz	IPC	IRQ	NMI	SMI	LLCMRPS	LLC%hit	L2MRPS	L2%hit	POLL%	C1ACPI%	C2ACPI%	C3ACPI%	CPU%c1	CPU%c6	CPU%c7	CoreTmp	CoreThr	PkgTmp	GFX%rc6	GFXMHz	GFXAMHz	Totl%C0	Any%C0	GFX%C0	CPUGFX%	Pkg%pc2	Pkg%pc3	Pkg%pc6	Pkg%pc8	Pk%pc10	CPU%LPI	SYS%LPI	PkgWatt	CorWatt	GFXWatt	RAMWatt	PKG_%	RAM_%	UncMHz	SysWatt
-	-	65	1.96	3287	2918	0.88	3564	0	0	26	56.08	50	37.55	0.01	1.07	3.69	93.37	16.40	40.69	42.43	68	0	69	99.06	300	300	33.65	24.66	0.86	0.35	9.73	0.12	6.27	2.35	0.00	0.00	0.00	8.20	4.28	0.01	0.00	0.00	0.00	4000	0.42
0	0	31	1.34	2292	2918	0.98	102	0	0	1	68.74	2	26.18	0.00	0.47	2.41	95.93	12.49	3.14	81.47	65	0	69	99.06	300	300	33.65	24.66	0.86	0.35	9.73	0.12	6.27	2.35	0.00	0.00	0.00	8.20	4.28	0.01	0.00	0.00	0.00	4000
0	1	29	1.15	2483	2918	0.74	191	0	0	1	74.33	2	30.44	0.02	0.82	2.46	95.63	12.49
4	2	53	1.72	3096	2918	0.32	184	0	0	1	65.21	2	44.62	0.00	0.39	2.25	95.75	10.65	2.04	84.80	62	0
4	3	18	0.60	2982	2918	0.99	82	0	0	1	83.80	1	29.45	0.00	1.20	0.16	98.08	10.65
8	4	134	4.07	3305	2918	0.99	457	0	0	4	52.15	8	33.65	0.02	2.38	8.55	85.24	26.15	3.72	64.60	64	0
8	5	42	1.34	3128	2918	1.58	132	0	0	1	58.74	3	50.26	0.00	0.56	0.81	97.34	26.15
12	6	471	10.69	4410	2918	0.89	564	0	0	9	40.67	18	37.99	0.00	1.95	4.20	83.28	14.82	3.36	70.39	64	0
12	7	43	1.17	3650	2918	0.98	131	0	0	1	63.74	3	36.22	0.03	1.47	1.24	96.16	14.82
16	8	46	1.57	2939	2918	0.68	165	0	0	1	64.65	2	29.84	0.00	0.57	2.42	95.54	6.57	3.28	87.91	64	0
16	9	16	0.73	2226	2918	0.61	125	0	0	1	78.93	1	29.55	0.00	0.64	1.44	97.23	6.57
20	10	53	3.06	1737	2918	0.73	750	0	0	2	66.92	3	34.95	0.01	3.78	18.71	74.85	53.56	7.67	35.13	64	0
20	11	27	0.99	2709	2918	0.89	209	0	0	1	69.85	2	38.90	0.01	1.45	2.21	95.39	53.56
24	12	24	0.95	2491	2918	0.77	111	0	0	0	59.60	1	57.50	0.00	0.72	2.12	96.24	5.33	93.95	0.00	68	0
25	13	14	0.57	2493	2918	0.66	92	0	0	0	52.69	1	49.44	0.00	0.30	1.45	97.70	1.90	97.80	0.00	68	0
26	14	21	0.93	2309	2918	0.96	139	0	0	0	69.70	1	50.69	0.00	0.37	4.06	94.69	4.52	94.54	0.00	68	0
27	15	10	0.54	1880	2918	0.94	130	0	0	0	64.56	1	45.23	0.00	0.06	4.55	94.89	2.17	97.43	0.00	68	0
Core	CPU	Avg_MHz	Busy%	Bzy_MHz	TSC_MHz	IPC	IRQ	NMI	SMI	LLCMRPS	LLC%hit	L2MRPS	L2%hit	POLL%	C1ACPI%	C2ACPI%	C3ACPI%	CPU%c1	CPU%c6	CPU%c7	CoreTmp	CoreThr	PkgTmp	GFX%rc6	GFXMHz	GFXAMHz	Totl%C0	Any%C0	GFX%C0	CPUGFX%	Pkg%pc2	Pkg%pc3	Pkg%pc6	Pkg%pc8	Pk%pc10	CPU%LPI	SYS%LPI	PkgWatt	CorWatt	GFXWatt	RAMWatt	PKG_%	RAM_%	UncMHz	SysWatt
-	-	58	1.84	3125	2919	1.02	3742	0	0	27	55.15	51	36.76	0.02	1.25	3.83	93.19	17.91	41.85	40.68	65	0	66	99.03	300	300	31.64	22.15	0.89	0.40	12.70	0.11	7.49	0.72	0.00	0.00	0.00	8.08	4.14	0.01	0.00	0.00	0.00	4000	0.45
0	0	13	1.09	1232	2918	0.51	152	0	0	1	80.42	1	28.30	0.00	0.62	3.85	94.64	29.73	4.12	63.26	62	0	66	99.01	300	300	31.64	22.15	0.89	0.40	12.70	0.11	7.49	0.72	0.00	0.00	0.00	8.08	4.14	0.01	0.00	0.00	0.00	4000
0	1	41	1.45	2812	2918	0.91	298	0	0	2	74.78	3	32.84	0.06	1.96	4.54	92.14	29.73
4	2	86	3.35	2556	2918	0.67	556	0	0	2	60.67	5	52.86	0.00	2.05	10.37	84.48	38.17	4.82	52.39	61	0
4	3	33	1.04	3145	2918	1.06	155	0	0	1	75.22	2	35.28	0.05	1.88	1.89	95.23	38.17
8	4	322	8.55	3766	2918	1.09	746	0	0	10	41.71	17	30.87	0.00	3.29	13.38	75.09	37.49	8.25	43.97	61	0
8	5	82	2.25	3650	2918	1.25	278	0	0	2	55.63	5	45.16	0.05	2.34	3.34	92.13	37.49
12	6	130	3.37	3852	2918	1.28	235	0	0	3	46.19	7	40.82	0.03	1.11	3.48	92.16	12.35	2.56	80.58	62	0
12	7	44	1.19	3685	2918	0.64	140	0	0	1	72.74	2	35.83	0.05	1.95	0.99	95.92	12.35
16	8	57	1.95	2913	2918	1.13	221	0	0	2	52.94	3	34.16	0.00	0.50	3.42	94.24	8.20	3.36	85.94	65	0
16	9	10	0.55	1789	2918	0.79	94	0	0	0	68.69	1	28.22	0.01	0.30	1.00	98.18	8.20
20	10	34	1.45	2331	2918	0.72	276	0	0	1	79.47	2	34.76	0.03	1.88	4.30	92.51	14.04	3.35	80.66	62	0
20	11	29	1.11	2623	2918	0.82	180	0	0	1	71.84	2	35.82	0.02	1.24	1.81	95.90	14.04
24	12	17	0.97	1727	2918	0.74	154	0	0	1	78.46	1	38.24	0.02	0.75	3.57	94.77	4.83	94.01	0.00	64	0
25	13	15	0.65	2307	2918	0.97	110	0	0	1	58.35	1	28.69	0.00	0.07	2.75	96.56	0.07	99.52	0.00	64	0
26	14	2	0.15	1081	2918	0.71	95	0	0	0	82.25	0	41.52	0.00	0.04	1.63	98.20	1.02	99.23	0.00	64	0
27	15	9	0.38	2286	2918	1.00	52	0	0	0	71.87	0	38.63	0.00	0.00	0.90	98.74	0.68	99.31	0.00	64	0
Core	CPU	Avg_MHz	Busy%	Bzy_MHz	TSC_MHz	IPC	IRQ	NMI	SMI	LLCMRPS	LLC%hit	L2MRPS	L2%hit	POLL%	C1ACPI%	C2ACPI%	C3ACPI%	CPU%c1	CPU%c6	CPU%c7	CoreTmp	CoreThr	PkgTmp	GFX%rc6	GFXMHz	GFXAMHz	Totl%C0	Any%C0	GFX%C0	CPUGFX%	Pkg%pc2	Pkg%pc3	Pkg%pc6	Pkg%pc8	Pk%pc10	CPU%LPI	SYS%LPI	PkgWatt	CorWatt	GFXWatt	RAMWatt	PKG_%	RAM_%	UncMHz	SysWatt
-	-	78	2.36	3310	2918	0.99	5656	0	0	31	57.30	65	44.38	0.03	1.82	6.70	89.24	26.19	39.89	34.25	69	0	69	99.00	300	300	39.84	27.50	0.86	0.46	8.96	0.10	5.37	0.10	0.00	0.00	0.00	9.37	5.31	0.01	0.00	0.00	0.00	4000	0.51
0	0	16	1.37	1187	2918	0.56	330	0	0	1	84.41	1	31.23	0.00	1.30	8.33	89.30	44.27	4.43	48.25	63	0	69	99.03	300	300	39.84	27.50	0.86	0.46	8.96	0.10	5.37	0.10	0.00	0.00	0.00	9.37	5.32	0.01	0.00	0.00	0.00	4000
0	1	45	1.61	2805	2918	0.97	387	0	0	2	72.09	3	36.97	0.09	3.57	4.97	89.93	44.27
4	2	122	3.30	3715	2918	0.95	341	0	0	3	44.67	6	33.11	0.00	0.90	4.32	91.60	17.38	2.65	75.67	61	0
4	3	35	1.06	3351	2918	0.88	200	0	0	1	77.01	2	37.65	0.02	2.05	2.81	94.13	17.38
8	4	178	5.46	3260	2918	1.15	779	0	0	4	61.45	12	59.78	0.02	2.95	17.56	74.40	48.66	7.37	35.99	61	0
8	5	94	2.56	3661	2918	1.10	319	0	0	2	60.93	5	45.18	0.07	2.90	3.77	90.84	48.66
12	6	437	10.76	4066	2918	0.91	794	0	0	9	42.96	18	41.34	0.01	3.38	14.65	71.48	33.61	5.88	48.81	69	0
12	7	44	1.29	3418	2918	0.91	287	0	0	1	70.01	2	39.60	0.07	2.64	6.40	89.73	33.61
16	8	51	1.99	2583	2918	0.92	424	0	0	2	69.33	3	35.48	0.03	1.99	9.57	86.65	27.72	4.07	65.59	65	0
16	9	29	0.96	3053	2918	0.91	166	0	0	1	73.42	2	39.04	0.03	1.79	0.97	96.33	27.72
20	10	49	1.86	2664	2918	0.99	384	0	0	2	61.57	3	30.04	0.04	1.68	5.93	90.70	25.18	3.78	68.22	61	0
20	11	25	0.88	2880	2918	0.85	157	0	0	1	77.34	2	34.26	0.01	1.42	1.30	96.44	25.18
24	12	55	2.09	2635	2918	1.51	368	0	0	1	67.55	3	74.56	0.01	1.69	7.87	88.43	9.27	88.55	0.00	65	0
25	13	52	1.93	2710	2918	1.14	364	0	0	1	50.16	3	40.63	0.00	0.42	8.33	89.40	4.52	93.47	0.00	65	0
26	14	9	0.43	2018	2918	0.72	238	0	0	0	57.46	0	48.02	0.00	0.28	6.73	92.60	6.92	93.06	0.00	65	0
27	15	5	0.19	2445	2918	0.89	118	0	0	0	69.50	0	57.25	0.01	0.17	3.64	96.02	4.78	95.62	0.00	65	0
Core	CPU	Avg_MHz	Busy%	Bzy_MHz	TSC_MHz	IPC	IRQ	NMI	SMI	LLCMRPS	LLC%hit	L2MRPS	L2%hit	POLL%	C1ACPI%	C2ACPI%	C3ACPI%	CPU%c1	CPU%c6	CPU%c7	CoreTmp	CoreThr	PkgTmp	GFX%rc6	GFXMHz	GFXAMHz	Totl%C0	Any%C0	GFX%C0	CPUGFX%	Pkg%pc2	Pkg%pc3	Pkg%pc6	Pkg%pc8	Pk%pc10	CPU%LPI	SYS%LPI	PkgWatt	CorWatt	GFXWatt	RAMWatt	PKG_%	RAM_%	UncMHz	SysWatt
-	-	106	2.94	3600	2919	1.39	5712	0	0	43	52.08	96	45.63	0.03	1.80	5.65	89.74	21.37	40.99	36.55	64	1	65	99.07	300	300	48.74	32.51	0.86	0.44	8.69	0.10	5.34	1.10	0.00	0.00	0.00	10.78	6.69	0.01	0.00	0.00	0.00	4000	0.73
0	0	35	1.77	1954	2918	0.77	289	0	0	1	79.34	2	35.43	0.03	1.14	5.48	91.82	25.57	4.32	67.02	61	0	65	99.05	300	300	48.73	32.51	0.86	0.44	8.69	0.10	5.34	1.10	0.00	0.00	0.00	10.78	6.69	0.01	0.00	0.00	0.00	4000
0	1	46	1.51	3066	2918	0.91	355	0	0	1	70.39	2	38.89	0.04	3.15	3.61	91.80	25.57
4	2	27	1.21	2200	2918	0.27	264	0	0	1	67.82	1	29.33	0.00	1.00	2.97	94.95	17.49	1.97	77.95	60	0
4	3	38	1.22	3163	2918	0.86	194	0	0	1	73.01	2	34.22	0.02	1.44	1.66	95.73	17.49
8	4	481	11.44	4201	2918	1.29	938	0	0	12	42.10	26	40.04	0.02	3.17	10.64	75.00	24.19	6.86	53.94	61	1
8	5	184	4.32	4263	2918	1.88	452	0	0	4	50.21	13	63.03	0.01	2.31	7.02	86.42	24.19
12	6	420	10.41	4032	2918	1.70	790	0	0	10	43.71	25	48.29	0.00	3.36	15.99	70.56	42.93	7.36	38.44	62	0
12	7	52	1.37	3828	2918	0.89	240	0	0	1	69.15	2	41.73	0.10	3.75	1.09	93.84	42.93
16	8	92	3.07	3005	2918	1.11	439	0	0	2	65.40	5	46.59	0.10	2.10	9.15	85.92	26.62	4.67	64.64	63	0
16	9	29	0.99	2905	2918	0.87	221	0	0	1	75.44	2	37.95	0.03	2.16	2.11	94.80	26.62
20	10	122	3.56	3429	2918	1.78	435	0	0	4	58.88	7	39.86	0.03	2.24	7.34	87.07	25.82	5.33	63.50	61	0
20	11	61	1.85	3273	2918	1.12	321	0	0	2	58.67	4	37.87	0.03	1.21	3.54	93.45	25.82
24	12	36	1.73	2073	2918	1.05	342	0	0	1	60.16	2	44.18	0.01	0.63	9.04	88.70	8.56	89.43	0.00	63	0
25	13	31	1.21	2593	2918	0.89	189	0	0	1	56.72	2	47.47	0.03	0.89	3.70	94.25	4.74	94.14	0.00	63	0
26	14	19	0.65	2952	2918	0.97	120	0	0	0	59.00	1	62.19	0.00	0.04	3.14	96.19	0.79	98.84	0.00	64	0
27	15	20	0.72	2755	2918	1.35	123	0	0	0	51.92	1	45.38	0.00	0.22	3.85	95.24	2.56	97.00	0.00	64	0
Core	CPU	Avg_MHz	Busy%	Bzy_MHz	TSC_MHz	IPC	IRQ	NMI	SMI	LLCMRPS	LLC%hit	L2MRPS	L2%hit	POLL%	C1ACPI%	C2ACPI%	C3ACPI%	CPU%c1	CPU%c6	CPU%c7	CoreTmp	CoreThr	PkgTmp	GFX%rc6	GFXMHz	GFXAMHz	Totl%C0	Any%C0	GFX%C0	CPUGFX%	Pkg%pc2	Pkg%pc3	Pkg%pc6	Pkg%pc8	Pk%pc10	CPU%LPI	SYS%LPI	PkgWatt	CorWatt	GFXWatt	RAMWatt	PKG_%	RAM_%	UncMHz	SysWatt
-	-	62	1.98	3131	2917	1.08	3821	0	0	29	54.63	57	37.65	0.01	1.01	4.33	92.73	17.01	42.50	40.57	63	0	65	98.91	300	300	34.02	25.56	0.85	0.45	10.27	0.19	7.39	0.67	0.00	0.00	0.00	8.28	4.37	0.01	0.00	0.00	0.00	4000	0.42
0	0	26	1.41	1828	2918	0.28	165	0	0	1	88.14	1	22.89	0.00	0.88	4.31	93.55	7.75	3.47	86.65	61	0	65	99.07	300	300	34.06	25.59	0.85	0.45	10.28	0.19	7.40	0.67	0.00	0.00	0.00	8.29	4.38	0.01	0.00	0.00	0.00	4000
0	1	5	0.35	1530	2918	0.46	87	0	0	0	82.10	0	27.59	0.00	0.09	1.36	98.24	7.75
4	2	63	2.53	2484	2918	0.54	534	0	0	1	74.26	3	39.51	0.02	1.43	4.32	91.94	23.77	1.50	71.87	58	0
4	3	25	0.71	3470	2918	0.90	64	0	0	1	65.71	1	38.90	0.01	0.71	0.07	98.54	23.77
8	4	204	5.65	3608	2918	1.18	472	0	0	5	56.10	12	50.42	0.02	1.63	8.98	83.95	18.67	5.83	69.08	60	0
8	5	17	0.57	2921	2918	1.07	55	0	0	1	47.73	1	54.34	0.00	0.04	0.34	99.07	18.67
12	6	441	11.12	3963	2918	1.27	810	0	0	13	40.71	25	32.77	0.01	3.21	14.46	71.52	27.28	9.98	50.95	63	0
12	7	42	0.98	4315	2918	1.00	104	0	0	1	52.37	2	37.63	0.01	1.49	0.89	96.67	27.28
16	8	59	2.43	2444	2918	0.99	419	0	0	2	67.89	4	33.44	0.01	2.24	8.56	86.97	24.39	4.13	68.44	61	0
16	9	6	0.39	1613	2918	0.73	51	0	0	0	78.23	1	29.10	0.00	0.05	0.42	99.17	24.39
20	10	39	2.11	1854	2918	0.74	429	0	0	1	71.95	2	36.70	0.03	1.96	10.34	85.86	31.66	6.21	58.77	59	0
20	11	36	1.36	2649	2918	0.82	224	0	0	1	70.74	2	32.76	0.01	1.75	4.19	92.77	31.66
24	12	14	0.91	1495	2918	0.67	158	0	0	0	77.28	1	37.02	0.01	0.55	3.00	95.59	2.07	96.96	0.00	62	0
25	13	8	0.56	1472	2918	0.63	133	0	0	0	65.33	1	38.32	0.00	0.06	4.39	95.04	2.97	96.60	0.00	62	0
26	14	3	0.39	880	2918	0.34	72	0	0	0	85.73	0	36.13	0.00	0.02	2.55	97.07	0.02	99.76	0.00	62	0
27	15	3	0.18	1511	2918	0.89	44	0	0	0	69.52	0	39.07	0.00	0.00	1.13	98.69	0.00	100.29	0.00	62	0
Core	CPU	Avg_MHz	Busy%	Bzy_MHz	TSC_MHz	IPC	IRQ	NMI	SMI	LLCMRPS	LLC%hit	L2MRPS	L2%hit	POLL%	C1ACPI%	C2ACPI%	C3ACPI%	CPU%c1	CPU%c6	CPU%c7	CoreTmp	CoreThr	PkgTmp	GFX%rc6	GFXMHz	GFXAMHz	Totl%C0	Any%C0	GFX%C0	CPUGFX%	Pkg%pc2	Pkg%pc3	Pkg%pc6	Pkg%pc8	Pk%pc10	CPU%LPI	SYS%LPI	PkgWatt	CorWatt	GFXWatt	RAMWatt	PKG_%	RAM_%	UncMHz	SysWatt
-	-	84	2.41	3470	2920	1.07	3919	0	0	33	51.45	65	38.31	0.01	0.92	4.21	92.61	16.33	41.51	41.24	63	0	67	99.21	300	300	40.76	27.16	0.88	0.50	11.41	0.18	7.24	0.97	0.00	0.00	0.00	8.64	4.82	0.01	0.00	0.00	0.00	4000	0.50
0	0	45	1.91	2331	2918	1.03	304	0	0	2	60.38	3	28.60	0.01	1.18	5.99	91.09	14.27	3.06	80.12	59	0	67	99.07	300	300	40.72	27.14	0.88	0.50	11.40	0.18	7.23	0.97	0.00	0.00	0.00	8.63	4.81	0.01	0.00	0.00	0.00	4000
0	1	5	0.27	1783	2918	0.48	54	0	0	0	77.72	0	29.52	0.00	0.01	0.23	99.51	14.28
4	2	56	1.70	3300	2918	0.90	152	0	0	1	66.14	2	38.43	0.00	0.42	1.53	96.43	7.11	1.98	88.31	57	0
4	3	57	1.43	3985	2918	1.35	118	0	0	1	67.58	3	40.79	0.02	1.29	0.58	96.74	7.11
8	4	193	5.74	3365	2918	0.90	697	0	0	4	49.51	9	40.51	0.09	2.44	17.10	75.02	38.35	5.88	48.94	57	0
8	5	39	1.01	3852	2918	0.73	75	0	0	1	40.26	2	47.49	0.00	0.09	0.59	98.33	38.35
12	6	559	12.99	4304	2918	1.13	660	0	0	13	39.58	25	34.74	0.00	2.07	7.08	78.01	8.27	7.13	70.93	63	0
12	7	78	1.74	4469	2918	0.99	109	0	0	2	52.45	4	38.34	0.01	0.68	0.82	96.78	8.27
16	8	82	3.18	2590	2918	1.16	535	0	0	3	64.25	5	36.10	0.03	2.41	11.50	83.18	36.93	5.94	53.35	59	0
16	9	6	0.38	1656	2918	0.76	67	0	0	0	79.84	1	30.72	0.00	0.04	1.04	98.57	36.93
20	10	50	1.88	2678	2918	0.94	283	0	0	1	60.00	4	58.27	0.02	1.33	4.05	92.92	21.34	3.98	70.69	57	0
20	11	73	2.18	3322	2918	1.19	269	0	0	2	65.05	4	34.11	0.02	1.42	4.02	92.45	21.34
24	12	44	2.10	2119	2918	1.08	292	0	0	1	59.82	2	43.90	0.00	0.50	6.63	90.87	3.49	93.95	0.00	61	0
25	13	34	1.17	2944	2918	1.28	122	0	0	1	52.76	1	51.09	0.00	0.61	1.61	96.64	2.89	96.17	0.00	61	0
26	14	15	0.76	2005	2918	0.71	157	0	0	0	72.34	1	47.61	0.00	0.16	4.37	94.77	2.35	96.87	0.00	61	0
27	15	3	0.18	1790	2918	0.83	25	0	0	0	72.17	0	36.55	0.00	0.01	0.14	99.68	0.01	100.35	0.00	61	0
Core	CPU	Avg_MHz	Busy%	Bzy_MHz	TSC_MHz	IPC	IRQ	NMI	SMI	LLCMRPS	LLC%hit	L2MRPS	L2%hit	POLL%	C1ACPI%	C2ACPI%	C3ACPI%	CPU%c1	CPU%c6	CPU%c7	CoreTmp	CoreThr	PkgTmp	GFX%rc6	GFXMHz	GFXAMHz	Totl%C0	Any%C0	GFX%C0	CPUGFX%	Pkg%pc2	Pkg%pc3	Pkg%pc6	Pkg%pc8	Pk%pc10	CPU%LPI	SYS%LPI	PkgWatt	CorWatt	GFXWatt	RAMWatt	PKG_%	RAM_%	UncMHz	SysWatt
-	-	62	1.96	3185	2918	1.09	3859	0	0	30	54.19	56	36.81	0.01	1.11	4.03	92.99	16.72	41.73	41.34	60	0	63	99.11	300	300	34.53	24.43	0.79	0.42	12.10	0.66	8.15	0.25	0.00	0.00	0.00	8.00	4.17	0.00	0.00	0.00	0.00	4000	0.42
0	0	58	2.33	2508	2918	1.09	393	0	0	2	70.81	4	31.11	0.01	1.70	8.32	87.90	30.48	4.64	61.88	59	0	63	99.10	300	300	34.53	24.43	0.79	0.42	12.10	0.66	8.15	0.25	0.00	0.00	0.00	8.00	4.17	0.00	0.00	0.00	0.00	4000
0	1	7	0.39	1845	2918	0.59	89	0	0	0	82.51	1	32.24	0.00	0.33	1.08	98.23	30.48
4	2	28	1.25	2228	2918	0.41	204	0	0	1	77.45	1	31.75	0.00	1.11	2.21	95.57	13.39	1.80	82.68	56	0
4	3	26	0.83	3158	2918	1.02	136	0	0	1	76.35	2	33.14	0.01	1.48	0.82	96.91	13.39
8	4	430	10.69	4020	2918	1.23	743	0	0	11	43.32	21	37.76	0.01	2.58	11.24	75.74	22.65	7.99	57.34	57	0
8	5	43	1.28	3376	2918	1.11	151	0	0	1	45.75	3	37.31	0.00	0.42	1.89	96.43	22.65
12	6	165	4.96	3323	2918	1.15	558	0	0	5	42.02	9	31.99	0.00	2.07	11.46	81.74	29.05	6.34	58.75	59	0
12	7	36	0.96	3732	2918	1.06	157	0	0	1	67.13	2	35.63	0.01	2.53	0.53	96.01	29.05
16	8	44	1.83	2415	2918	0.80	286	0	0	2	72.13	3	35.85	0.04	1.10	4.70	92.52	11.98	3.07	82.32	60	0
16	9	8	0.37	2032	2918	0.51	45	0	0	0	86.06	1	29.66	0.01	0.27	0.21	99.17	11.98
20	10	55	2.00	2736	2918	0.94	304	0	0	1	62.61	4	55.77	0.02	1.83	5.20	91.15	22.37	4.12	70.45	58	0
20	11	37	1.28	2864	2918	0.84	194	0	0	1	68.98	2	34.38	0.01	1.46	2.51	94.81	22.37
24	12	18	1.15	1523	2918	0.71	257	0	0	1	75.59	1	36.94	0.00	0.51	6.09	92.33	4.29	94.24	0.00	60	0
25	13	29	1.15	2552	2918	1.05	140	0	0	1	44.25	1	36.31	0.00	0.12	3.28	95.49	0.59	98.33	0.00	60	0
26	14	10	0.64	1604	2918	0.58	171	0	0	0	71.93	1	43.95	0.00	0.31	4.85	94.25	2.81	96.57	0.00	60	0
27	15	6	0.29	2215	2918	0.96	31	0	0	0	56.03	0	39.58	0.00	0.01	0.14	99.57	0.01	100.17	0.00	60	0
Core	CPU	Avg_MHz	Busy%	Bzy_MHz	TSC_MHz	IPC	IRQ	NMI	SMI	LLCMRPS	LLC%hit	L2MRPS	L2%hit	POLL%	C1ACPI%	C2ACPI%	C3ACPI%	CPU%c1	CPU%c6	CPU%c7	CoreTmp	CoreThr	PkgTmp	GFX%rc6	GFXMHz	GFXAMHz	Totl%C0	Any%C0	GFX%C0	CPUGFX%	Pkg%pc2	Pkg%pc3	Pkg%pc6	Pkg%pc8	Pk%pc10	CPU%LPI	SYS%LPI	PkgWatt	CorWatt	GFXWatt	RAMWatt	PKG_%	RAM_%	UncMHz	SysWatt
-	-	71	2.13	3331	2918	0.97	3428	1	0	29	53.15	55	37.24	0.01	0.77	3.89	93.30	13.21	42.04	43.55	61	0	62	99.05	300	300	37.94	27.37	0.88	0.38	14.43	0.21	10.92	2.65	0.00	0.00	0.00	7.79	4.21	0.01	0.00	0.00	0.00	4000	0.39
0	0	40	1.68	2413	2918	0.85	189	0	0	2	76.73	3	28.71	0.02	1.26	3.18	94.07	18.77	2.29	76.43	57	0	62	99.06	300	300	37.94	27.37	0.88	0.38	14.43	0.21	10.92	2.65	0.00	0.00	0.00	7.79	4.21	0.01	0.00	0.00	0.00	4000
0	1	9	0.46	1917	2918	0.64	99	0	0	0	76.13	1	31.03	0.00	0.05	1.74	97.78	18.77
4	2	34	1.47	2301	2918	0.64	175	0	0	1	73.81	2	31.37	0.00	0.21	3.05	95.38	5.61	3.15	88.94	55	0
4	3	24	0.71	3342	2918	0.97	68	0	0	1	71.62	1	33.56	0.01	0.64	0.42	98.27	5.61
8	4	566	13.24	4273	2918	1.30	743	1	0	14	40.14	28	37.78	0.01	2.16	11.05	73.76	16.46	9.13	60.01	56	0
8	5	26	0.93	2778	2918	1.01	114	0	0	1	50.71	2	46.24	0.00	0.37	1.29	97.44	16.46
12	6	188	5.43	3466	2918	0.31	562	0	0	2	58.64	4	38.16	0.01	2.15	11.62	81.05	30.41	6.71	56.50	57	0
12	7	35	0.96	3632	2918	0.96	99	0	0	1	66.89	2	34.41	0.01	1.53	0.87	96.68	30.41
16	8	76	2.62	2893	2918	0.81	366	0	0	2	57.12	4	42.53	0.02	1.96	6.06	89.52	15.65	3.77	77.35	58	0
16	9	6	0.30	1890	2918	0.44	35	0	0	0	84.90	1	27.58	0.00	0.00	0.14	99.58	15.65
20	10	21	1.31	1566	2918	0.35	206	0	0	1	71.36	1	33.45	0.02	0.45	4.60	93.82	15.97	4.73	76.30	57	0
20	11	38	1.31	2920	2918	0.84	177	0	0	1	69.76	2	28.65	0.03	0.80	3.19	94.77	15.97
24	12	21	1.16	1771	2918	0.83	205	0	0	1	66.82	1	39.11	0.00	0.24	5.46	93.21	1.53	97.12	0.00	61	0
25	13	31	1.23	2500	2918	1.02	163	0	0	1	45.47	2	40.26	0.00	0.20	4.26	94.36	1.86	96.86	0.00	61	0
26	14	8	0.45	1699	2918	0.68	98	0	0	0	63.50	0	46.29	0.00	0.07	2.92	96.58	1.44	98.31	0.00	61	0
27	15	15	0.84	1846	2918	0.77	129	0	0	0	71.58	1	43.92	0.00	0.17	2.43	96.60	0.82	98.36	0.00	61	0
Core	CPU	Avg_MHz	Busy%	Bzy_MHz	TSC_MHz	IPC	IRQ	NMI	SMI	LLCMRPS	LLC%hit	L2MRPS	L2%hit	POLL%	C1ACPI%	C2ACPI%	C3ACPI%	CPU%c1	CPU%c6	CPU%c7	CoreTmp	CoreThr	PkgTmp	GFX%rc6	GFXMHz	GFXAMHz	Totl%C0	Any%C0	GFX%C0	CPUGFX%	Pkg%pc2	Pkg%pc3	Pkg%pc6	Pkg%pc8	Pk%pc10	CPU%LPI	SYS%LPI	PkgWatt	CorWatt	GFXWatt	RAMWatt	PKG_%	RAM_%	UncMHz	SysWatt
-	-	62	1.94	3201	2918	1.06	3426	0	0	28	51.80	53	37.03	0.01	0.95	3.65	93.55	13.87	40.80	44.18	60	0	61	99.05	300	300	34.47	25.31	0.84	0.46	17.97	0.23	11.01	2.57	0.00	0.00	0.00	7.61	3.98	0.01	0.00	0.00	0.00	4000	0.39
0	0	27	1.37	2001	2918	0.78	152	0	0	1	76.61	2	28.96	0.00	0.65	2.48	95.66	12.45	2.22	82.93	57	0	61	99.05	300	300	34.47	25.31	0.84	0.46	17.97	0.23	11.01	2.57	0.00	0.00	0.00	7.61	3.98	0.01	0.00	0.00	0.00	4000
0	1	27	0.87	3047	2918	0.81	145	0	0	1	71.37	1	36.55	0.03	1.11	1.41	96.65	12.45
4	2	41	1.46	2799	2918	0.79	149	0	0	1	71.79	1	43.84	0.01	0.30	2.06	96.28	10.95	1.95	84.65	56	0
4	3	25	0.76	3265	2918	0.98	95	0	0	1	75.98	2	30.08	0.01	1.23	0.57	97.47	10.95
8	4	158	4.71	3355	2918	0.95	514	0	0	4	50.66	8	44.99	0.02	3.28	8.93	83.32	22.99	5.23	65.47	57	0
8	5	42	1.24	3426	2918	0.71	117	0	0	1	49.51	2	45.11	0.00	0.33	1.12	97.33	22.99
12	6	452	11.23	4025	2918	1.33	753	0	0	12	39.18	24	34.76	0.00	2.12	11.59	75.29	16.62	8.95	62.40	57	0
12	7	43	1.01	4299	2918	1.00	89	0	0	1	48.34	2	36.55	0.02	0.58	0.81	97.63	16.62
16	8	75	2.89	2586	2918	0.81	432	0	0	2	63.48	4	37.28	0.05	2.15	9.13	86.05	25.90	5.36	65.22	59	0
16	9	6	0.28	2151	2918	0.42	23	0	0	0	73.83	0	32.63	0.00	0.01	0.00	99.73	25.90
20	10	16	0.97	1630	2918	0.53	152	0	0	1	66.36	1	29.75	0.00	0.22	2.87	96.07	14.80	1.99	81.10	56	0
20	11	22	0.84	2618	2918	0.94	129	0	0	1	76.56	1	30.04	0.02	1.48	1.41	96.32	14.80
24	12	26	1.46	1744	2918	0.64	250	0	0	1	57.96	2	33.98	0.01	0.55	4.17	93.88	5.19	93.22	0.00	60	0
25	13	9	0.70	1293	2918	0.62	189	0	0	0	54.28	1	38.21	0.00	0.29	6.29	92.78	4.88	94.37	0.00	60	0
26	14	5	0.40	1344	2918	0.16	93	0	0	0	77.12	0	31.37	0.01	0.14	2.77	96.71	1.81	98.13	0.00	60	0
27	15	20	0.86	2302	2918	0.80	144	0	0	0	69.59	1	48.39	0.01	0.77	2.80	95.62	2.58	96.59	0.00	60	0
Core	CPU	Avg_MHz	Busy%	Bzy_MHz	TSC_MHz	IPC	IRQ	NMI	SMI	LLCMRPS	LLC%hit	L2MRPS	L2%hit	POLL%	C1ACPI%	C2ACPI%	C3ACPI%	CPU%c1	CPU%c6	CPU%c7	CoreTmp	CoreThr	PkgTmp	GFX%rc6	GFXMHz	GFXAMHz	Totl%C0	Any%C0	GFX%C0	CPUGFX%	Pkg%pc2	Pkg%pc3	Pkg%pc6	Pkg%pc8	Pk%pc10	CPU%LPI	SYS%LPI	PkgWatt	CorWatt	GFXWatt	RAMWatt	PKG_%	RAM_%	UncMHz	SysWatt
-	-	71	2.13	3327	2918	1.01	3665	0	0	28	51.39	55	37.40	0.01	1.17	3.71	93.08	17.77	40.00	41.26	58	0	60	99.20	433	450	38.01	26.71	0.73	0.27	14.54	0.20	11.17	0.38	0.00	0.00	0.00	7.97	4.33	0.01	0.00	0.00	0.00	4000	0.41
0	0	13	0.97	1349	2918	0.55	111	0	0	1	81.39	1	23.08	0.00	0.42	1.72	97.05	22.35	2.23	72.81	56	0	60	99.20	433	450	38.01	26.71	0.73	0.27	14.54	0.20	11.17	0.38	0.00	0.00	0.00	7.97	4.33	0.01	0.00	0.00	0.00	4000
0	1	33	1.19	2806	2918	0.91	217	0	0	1	77.21	2	33.05	0.08	2.37	2.40	94.11	22.35
4	2	31	1.30	2371	2918	0.82	185	0	0	1	62.49	2	29.15	0.00	0.54	2.75	95.53	13.06	2.56	82.06	55	0
4	3	27	0.86	3170	2918	1.02	110	0	0	1	77.43	2	31.56	0.02	1.56	0.87	96.75	13.06
8	4	507	11.97	4231	2918	1.22	722	0	0	13	38.47	25	36.42	0.01	3.07	8.62	76.54	26.38	4.92	55.99	55	0
8	5	13	0.49	2625	2918	1.13	81	0	0	0	57.05	1	55.18	0.00	0.10	0.93	98.49	26.38
12	6	242	6.49	3728	2918	0.70	605	0	0	4	46.78	8	36.51	0.03	1.83	11.67	80.23	20.90	8.08	63.95	58	0
12	7	21	0.57	3723	2918	0.98	71	0	0	1	62.68	1	39.31	0.02	1.66	0.06	97.74	20.90
16	8	96	3.29	2915	2918	1.11	444	0	0	3	64.65	5	45.57	0.01	2.73	8.83	85.36	33.19	3.92	59.06	58	0
16	9	5	0.26	1999	2918	0.45	36	0	0	0	71.55	0	33.49	0.00	0.21	0.17	99.38	33.19
20	10	50	1.79	2807	2918	0.99	230	0	0	2	66.56	3	33.72	0.01	1.34	3.26	93.73	16.55	2.32	78.70	56	0
20	11	16	0.58	2815	2918	0.70	61	0	0	0	74.38	1	33.07	0.02	0.49	0.44	98.51	16.55
24	12	18	1.03	1746	2918	0.71	216	0	0	0	64.20	1	46.52	0.00	0.53	4.92	93.57	4.44	94.33	0.00	58	0
25	13	33	1.99	1672	2918	0.63	355	0	0	1	53.53	2	39.46	0.00	0.97	8.75	88.40	8.32	89.04	0.00	58	0
26	14	11	0.61	1723	2918	0.70	113	0	0	0	60.03	1	45.21	0.00	0.46	2.36	96.60	3.34	96.26	0.00	58	0
27	15	14	0.60	2415	2918	0.94	108	0	0	0	64.87	1	49.08	0.00	0.53	1.62	97.28	3.27	96.38	0.00	58	0
Core	CPU	Avg_MHz	Busy%	Bzy_MHz	TSC_MHz	IPC	IRQ	NMI	SMI	LLCMRPS	LLC%hit	L2MRPS	L2%hit	POLL%	C1ACPI%	C2ACPI%	C3ACPI%	CPU%c1	CPU%c6	CPU%c7	CoreTmp	CoreThr	PkgTmp	GFX%rc6	GFXMHz	GFXAMHz	Totl%C0	Any%C0	GFX%C0	CPUGFX%	Pkg%pc2	Pkg%pc3	Pkg%pc6	Pkg%pc8	Pk%pc10	CPU%LPI	SYS%LPI	PkgWatt	CorWatt	GFXWatt	RAMWatt	PKG_%	RAM_%	UncMHz	SysWatt
-	-	61	1.93	3141	2918	1.13	3812	0	0	28	55.82	54	37.20	0.01	0.94	4.60	92.63	17.40	41.11	41.29	58	0	60	99.06	300	300	34.52	24.53	0.84	0.35	10.07	0.12	5.49	0.39	0.00	0.00	0.00	8.10	4.17	0.00	0.00	0.00	0.00	4000	0.41
0	0	11	0.89	1289	2918	0.53	113	0	0	1	85.95	1	23.15	0.00	0.23	2.31	96.73	19.00	2.82	75.35	56	0	60	99.05	300	300	34.52	24.53	0.84	0.35	10.07	0.12	5.49	0.39	0.00	0.00	0.00	8.10	4.17	0.00	0.00	0.00	0.00	4000
0	1	46	1.52	3031	2918	0.61	213	0	0	1	77.93	2	30.13	0.05	1.51	2.98	94.07	19.00
4	2	41	1.86	2208	2918	0.56	311	0	0	2	74.85	2	27.55	0.01	1.18	5.16	91.94	15.87	3.41	77.98	53	0
4	3	16	0.51	3054	2918	1.07	72	0	0	1	76.82	1	31.72	0.01	0.65	0.22	98.65	15.87
8	4	476	11.32	4205	2918	1.27	730	0	0	12	42.62	24	37.15	0.00	2.61	10.42	75.85	23.15	6.65	58.36	54	0
8	5	13	0.58	2285	2918	0.85	94	0	0	0	59.53	1	65.98	0.00	0.16	1.28	98.00	23.15
12	6	176	5.82	3019	2918	1.35	861	0	0	5	47.14	10	41.28	0.00	4.05	20.13	70.42	53.23	5.85	34.43	55	0
12	7	35	0.94	3695	2918	1.11	138	0	0	1	65.87	2	37.64	0.03	1.67	0.91	96.51	53.23
16	8	43	1.66	2584	2918	0.90	208	0	0	2	75.50	3	30.16	0.03	1.04	4.28	93.16	11.29	3.60	82.64	58	0
16	9	5	0.29	1712	2918	0.44	47	0	0	0	83.71	0	31.75	0.00	0.01	1.19	98.53	11.29
20	10	24	1.03	2281	2918	0.68	143	0	0	1	73.81	2	36.03	0.00	0.37	2.64	96.06	12.03	2.18	84.13	55	0
20	11	25	0.79	3201	2918	0.97	94	0	0	1	75.70	1	33.74	0.02	0.91	0.35	97.98	12.03
24	12	18	1.03	1780	2918	0.77	211	0	0	1	74.92	1	41.16	0.00	0.14	4.94	93.96	0.90	97.82	0.00	58	0
25	13	8	0.73	1119	2918	0.63	186	0	0	0	67.26	1	36.26	0.00	0.28	4.54	94.49	3.53	95.84	0.00	58	0
26	14	20	1.14	1746	2918	0.78	214	0	0	0	65.74	1	42.05	0.00	0.23	6.03	92.67	2.47	96.18	0.00	58	0
27	15	12	0.74	1659	2918	0.78	177	0	0	0	70.15	1	42.19	0.00	0.08	6.24	93.00	2.37	96.79	0.00	58	0
Core	CPU	Avg_MHz	Busy%	Bzy_MHz	TSC_MHz	IPC	IRQ	NMI	SMI	LLCMRPS	LLC%hit	L2MRPS	L2%hit	POLL%	C1ACPI%	C2ACPI%	C3ACPI%	CPU%c1	CPU%c6	CPU%c7	CoreTmp	CoreThr	PkgTmp	GFX%rc6	GFXMHz	GFXAMHz	Totl%C0	Any%C0	GFX%C0	CPUGFX%	Pkg%pc2	Pkg%pc3	Pkg%pc6	Pkg%pc8	Pk%pc10	CPU%LPI	SYS%LPI	PkgWatt	CorWatt	GFXWatt	RAMWatt	PKG_%	RAM_%	UncMHz	SysWatt
-	-	70	2.11	3324	2918	1.00	3499	0	0	28	54.02	53	36.44	0.01	0.70	3.85	93.42	13.89	41.85	43.18	57	0	60	99.06	300	300	38.03	27.16	0.85	0.48	13.40	0.22	9.70	1.91	0.00	0.00	0.00	7.99	4.28	0.00	0.00	0.00	0.00	4000	0.39
0	0	16	1.10	1467	2918	0.65	127	0	0	1	83.06	1	21.15	0.00	0.23	2.85	95.97	12.41	2.89	82.29	55	0	60	99.08	300	300	38.04	27.16	0.85	0.48	13.40	0.22	9.70	1.91	0.00	0.00	0.00	7.99	4.28	0.00	0.00	0.00	0.00	4000
0	1	25	0.81	3068	2918	0.93	111	0	0	1	75.68	1	30.19	0.05	0.28	0.80	98.14	12.41
4	2	58	2.49	2316	2918	0.66	418	0	0	2	69.50	3	25.03	0.02	1.57	7.95	88.21	20.69	4.51	71.94	52	0
4	3	0	0.03	1443	2918	0.45	7	0	0	0	70.20	0	46.50	0.00	0.00	0.00	99.98	20.69
8	4	574	13.39	4288	2918	1.28	744	0	0	14	40.38	28	36.18	0.01	2.85	9.48	74.49	21.71	6.16	57.60	54	0
8	5	35	1.04	3352	2918	0.44	97	0	0	0	55.71	1	64.01	0.00	0.16	0.67	98.16	21.71
12	6	247	7.37	3345	2918	0.64	833	0	0	4	54.69	8	41.98	0.04	2.67	18.11	72.18	33.99	10.61	47.34	56	0
12	7	17	0.47	3644	2918	1.05	47	0	0	0	69.19	1	36.56	0.03	0.40	0.29	98.85	33.99
16	8	34	1.44	2336	2918	0.80	183	0	0	1	79.34	2	28.43	0.02	0.94	3.08	94.66	7.72	2.19	87.95	57	0
16	9	4	0.22	1791	2918	0.45	28	0	0	0	83.07	0	32.36	0.00	0.01	0.00	99.79	7.71
20	10	18	0.82	2251	2918	0.59	126	0	0	1	74.21	1	29.06	0.00	0.36	1.63	97.28	11.97	1.65	84.72	54	0
20	11	27	0.85	3143	2918	0.96	105	0	0	1	76.88	2	30.93	0.01	0.80	0.96	97.43	11.97
24	12	16	0.96	1695	2918	0.68	170	0	0	0	66.68	1	39.22	0.00	0.10	2.53	96.47	0.95	98.14	0.00	57	0
25	13	15	0.94	1564	2918	0.82	199	0	0	0	69.43	1	46.24	0.00	0.50	5.55	93.08	1.95	96.91	0.00	57	0
26	14	20	1.05	1947	2918	0.81	175	0	0	0	64.74	1	47.77	0.00	0.28	4.75	93.99	1.69	96.97	0.00	57	0
27	15	17	0.79	2100	2918	0.85	129	0	0	0	63.63	1	49.17	0.00	0.08	2.96	96.22	0.72	98.44	0.00	57	0
Core	CPU	Avg_MHz	Busy%	Bzy_MHz	TSC_MHz	IPC	IRQ	NMI	SMI	LLCMRPS	LLC%hit	L2MRPS	L2%hit	POLL%	C1ACPI%	C2ACPI%	C3ACPI%	CPU%c1	CPU%c6	CPU%c7	CoreTmp	CoreThr	PkgTmp	GFX%rc6	GFXMHz	GFXAMHz	Totl%C0	Any%C0	GFX%C0	CPUGFX%	Pkg%pc2	Pkg%pc3	Pkg%pc6	Pkg%pc8	Pk%pc10	CPU%LPI	SYS%LPI	PkgWatt	CorWatt	GFXWatt	RAMWatt	PKG_%	RAM_%	UncMHz	SysWatt
-	-	65	2.01	3264	2919	1.11	3648	0	0	29	52.89	57	38.02	0.02	0.94	3.94	93.23	17.28	40.38	41.82	57	0	59	99.08	300	300	35.48	24.86	0.87	0.35	14.05	0.27	9.51	1.68	0.00	0.00	0.00	7.79	4.15	0.01	0.00	0.00	0.00	4000	0.40
0	0	61	2.13	2859	2918	1.11	251	0	0	2	68.78	4	29.93	0.07	1.02	3.68	93.35	24.18	1.83	71.20	55	0	59	99.05	300	300	35.47	24.86	0.87	0.35	14.05	0.27	9.51	1.68	0.00	0.00	0.00	7.79	4.15	0.01	0.00	0.00	0.00	4000
0	1	6	0.34	1627	2918	0.29	74	0	0	0	76.08	0	34.30	0.03	0.07	1.49	98.12	24.18
4	2	71	2.48	2845	2918	0.98	323	0	0	2	61.50	4	30.28	0.01	1.41	5.34	90.93	17.58	3.95	75.42	51	0
4	3	26	0.69	3767	2918	1.01	69	0	0	1	70.91	1	37.30	0.05	0.82	0.18	98.34	17.58
8	4	393	9.74	4035	2918	1.26	715	0	0	10	41.73	20	36.42	0.01	2.97	11.52	76.01	25.07	7.00	57.55	54	0
8	5	12	0.55	2193	2918	0.92	84	0	0	0	53.61	1	60.89	0.00	0.10	1.06	98.31	25.07
12	6	230	6.35	3627	2918	1.32	594	0	0	6	44.06	14	43.75	0.00	2.37	9.83	81.68	25.35	5.10	62.07	54	0
12	7	44	1.05	4147	2918	0.97	107	0	0	1	65.17	2	34.14	0.08	1.04	0.36	97.58	25.35
16	8	42	1.68	2533	2918	0.74	286	0	0	2	69.89	2	32.17	0.03	1.41	4.87	92.19	19.02	2.35	76.53	57	0
16	9	5	0.26	2007	2918	0.47	40	0	0	0	82.22	0	34.05	0.00	0.25	0.31	99.20	19.02
20	10	36	1.34	2668	2918	0.38	188	0	0	1	72.03	1	35.57	0.01	0.80	3.52	94.48	20.10	2.35	75.40	55	0
20	11	27	0.90	3051	2918	0.89	131	0	0	1	79.27	2	34.00	0.04	1.13	1.64	96.38	20.10
24	12	34	1.58	2147	2918	0.63	248	0	0	1	58.30	1	42.85	0.00	0.59	4.83	93.08	5.83	92.57	0.00	57	0
25	13	29	1.34	2145	2918	0.89	251	0	0	1	49.76	2	40.37	0.01	0.62	6.47	91.63	5.18	93.40	0.00	57	0
26	14	12	0.72	1662	2918	0.57	172	0	0	0	64.81	1	51.70	0.00	0.26	5.69	93.38	2.33	96.78	0.00	57	0
27	15	20	0.93	2101	2918	0.65	115	0	0	0	69.45	1	45.10	0.00	0.11	2.19	96.81	0.55	98.51	0.00	57	0
Core	CPU	Avg_MHz	Busy%	Bzy_MHz	TSC_MHz	IPC	IRQ	NMI	SMI	LLCMRPS	LLC%hit	L2MRPS	L2%hit	POLL%	C1ACPI%	C2ACPI%	C3ACPI%	CPU%c1	CPU%c6	CPU%c7	CoreTmp	CoreThr	PkgTmp	GFX%rc6	GFXMHz	GFXAMHz	Totl%C0	Any%C0	GFX%C0	CPUGFX%	Pkg%pc2	Pkg%pc3	Pkg%pc6	Pkg%pc8	Pk%pc10	CPU%LPI	SYS%LPI	PkgWatt	CorWatt	GFXWatt	RAMWatt	PKG_%	RAM_%	UncMHz	SysWatt
-	-	67	2.00	3325	2918	1.01	3453	0	0	27	53.49	53	37.70	0.01	0.96	3.86	93.26	16.77	40.48	41.96	57	0	57	99.11	600	600	35.43	26.05	0.79	0.32	11.15	0.16	8.65	0.76	0.00	0.00	0.00	7.92	4.25	0.00	0.00	0.00	0.00	4000	0.39
0	0	27	1.43	1871	2918	0.84	150	0	0	1	83.08	2	24.56	0.00	0.75	2.51	95.47	14.37	2.55	80.71	55	0	57	99.12	600	600	35.43	26.05	0.79	0.32	11.16	0.16	8.65	0.76	0.00	0.00	0.00	7.92	4.25	0.00	0.00	0.00	0.00	4000
0	1	5	0.26	1830	2918	0.63	76	0	0	0	83.89	0	28.94	0.00	0.33	0.80	98.63	14.37
4	2	43	1.63	2656	2918	0.64	216	0	0	1	66.71	2	43.99	0.00	0.73	2.60	95.18	12.23	1.35	84.30	51	0
4	3	27	0.74	3655	2918	0.94	74	0	0	1	71.31	1	37.13	0.02	1.27	0.08	97.94	12.23
8	4	389	9.70	4014	2918	1.25	702	0	0	10	40.39	20	35.18	0.00	2.77	13.81	74.01	26.76	8.60	50.48	55	0
8	5	174	4.13	4203	2918	1.41	229	0	0	5	38.45	11	37.54	0.01	0.54	1.71	93.65	26.76
12	6	183	5.45	3364	2918	0.33	577	0	0	2	63.10	4	47.70	0.03	1.62	12.22	80.98	35.43	6.62	51.38	53	0
12	7	30	0.82	3658	2918	1.08	100	0	0	1	73.78	2	33.82	0.02	1.84	0.09	97.28	35.43
16	8	55	2.23	2453	2918	1.05	345	0	0	2	66.99	3	37.74	0.03	1.84	6.45	89.66	21.18	4.38	71.85	56	0
16	9	4	0.22	1951	2918	0.48	26	0	0	0	77.86	0	39.58	0.00	0.07	0.20	99.52	21.18
20	10	43	1.51	2871	2918	1.07	187	0	0	1	69.78	2	44.56	0.01	1.05	2.73	94.83	15.50	1.38	80.92	54	0
20	11	28	0.82	3370	2918	0.91	99	0	0	1	76.95	1	33.37	0.04	1.33	0.32	97.56	15.50
24	12	19	1.14	1628	2918	0.67	265	0	0	0	72.51	1	41.05	0.00	0.72	7.19	91.04	12.10	86.73	0.00	57	0
25	13	19	0.84	2260	2918	0.85	145	0	0	0	63.73	1	46.23	0.00	0.41	3.69	95.10	3.44	95.79	0.00	57	0
26	14	11	0.53	2093	2918	0.82	91	0	0	0	64.08	1	49.60	0.00	0.08	2.01	97.41	1.74	97.99	0.00	57	0
27	15	9	0.59	1471	2918	0.44	171	0	0	0	69.69	1	41.66	0.00	0.07	5.34	94.04	0.07	99.39	0.00	57	0
Core	CPU	Avg_MHz	Busy%	Bzy_MHz	TSC_MHz	IPC	IRQ	NMI	SMI	LLCMRPS	LLC%hit	L2MRPS	L2%hit	POLL%	C1ACPI%	C2ACPI%	C3ACPI%	CPU%c1	CPU%c6	CPU%c7	CoreTmp	CoreThr	PkgTmp	GFX%rc6	GFXMHz	GFXAMHz	Totl%C0	Any%C0	GFX%C0	CPUGFX%	Pkg%pc2	Pkg%pc3	Pkg%pc6	Pkg%pc8	Pk%pc10	CPU%LPI	SYS%LPI	PkgWatt	CorWatt	GFXWatt	RAMWatt	PKG_%	RAM_%	UncMHz	SysWatt
-	-	76	2.23	3385	2918	1.20	3714	1	0	34	52.39	68	38.90	0.01	0.95	3.86	93.05	15.37	40.99	42.45	73	0	70	99.22	600	600	38.09	25.08	0.68	0.37	14.82	0.20	10.20	2.28	0.00	0.00	0.00	8.10	4.41	0.01	0.00	0.00	0.00	4000	0.47
0	0	20	1.37	1448	2918	0.63	117	0	0	1	83.22	1	24.14	0.00	0.12	3.28	95.43	17.35	3.11	76.17	67	0	70	99.26	600	600	38.11	25.09	0.68	0.37	14.83	0.20	10.21	2.28	0.00	0.00	0.00	8.11	4.41	0.01	0.00	0.00	0.00	4000
0	1	54	1.48	3661	2918	1.11	187	1	0	2	62.64	3	37.22	0.02	1.48	0.91	96.17	17.35
4	2	60	2.03	2933	2918	0.62	265	0	0	1	62.31	3	53.65	0.00	0.59	4.18	93.32	15.60	3.10	77.85	65	0
4	3	51	1.27	4029	2918	1.37	95	0	0	1	68.19	2	34.83	0.00	0.70	0.72	97.34	15.60
8	4	79	3.29	2387	2918	0.75	583	0	0	3	59.29	4	33.81	0.01	2.38	14.41	80.29	28.82	9.38	48.29	62	0
8	5	461	10.49	4392	2918	1.46	519	0	0	15	37.49	30	35.42	0.00	1.84	2.88	84.84	28.82
12	6	81	2.54	3176	2918	1.05	282	0	0	2	54.89	5	49.88	0.01	1.40	3.82	92.39	11.91	3.00	80.92	69	0
12	7	52	1.30	4041	2918	1.53	72	0	0	2	68.14	3	36.57	0.02	0.56	0.05	98.12	11.91
16	8	131	4.12	3174	2918	0.95	506	0	0	3	63.25	6	38.62	0.06	1.86	10.75	83.50	23.61	5.88	65.92	73	0
16	9	5	0.24	2147	2918	0.48	37	0	0	0	77.74	0	38.61	0.00	0.10	0.58	99.09	23.61
20	10	64	2.11	3012	2918	1.45	278	0	0	1	67.83	3	53.49	0.03	1.65	5.81	90.58	18.70	2.77	75.37	65	0
20	11	57	1.41	4048	2918	1.09	93	0	0	1	58.00	3	38.79	0.03	1.33	0.30	97.00	18.70
24	12	53	2.19	2422	2918	0.86	297	0	0	1	66.19	2	42.87	0.00	0.78	6.63	90.47	9.91	87.70	0.00	66	0
25	13	33	1.20	2776	2918	1.40	206	0	0	1	54.65	1	48.80	0.00	0.38	3.10	95.36	3.04	95.96	0.00	66	0
26	14	3	0.23	1312	2918	0.60	61	0	0	0	67.89	0	45.09	0.00	0.01	1.53	98.24	0.95	99.20	0.00	66	0
27	15	6	0.43	1293	2918	0.56	116	0	0	0	66.88	0	36.67	0.00	0.01	2.85	96.74	0.02	99.77	0.00	66	0
Core	CPU	Avg_MHz	Busy%	Bzy_MHz	TSC_MHz	IPC	IRQ	NMI	SMI	LLCMRPS	LLC%hit	L2MRPS	L2%hit	POLL%	C1ACPI%	C2ACPI%	C3ACPI%	CPU%c1	CPU%c6	CPU%c7	CoreTmp	CoreThr	PkgTmp	GFX%rc6	GFXMHz	GFXAMHz	Totl%C0	Any%C0	GFX%C0	CPUGFX%	Pkg%pc2	Pkg%pc3	Pkg%pc6	Pkg%pc8	Pk%pc10	CPU%LPI	SYS%LPI	PkgWatt	CorWatt	GFXWatt	RAMWatt	PKG_%	RAM_%	UncMHz	SysWatt
-	-	71	2.14	3293	2918	0.98	4396	0	0	29	56.03	55	37.67	0.01	1.21	4.54	92.21	18.40	41.37	39.84	57	0	59	99.16	317	350	38.34	27.15	0.79	0.30	12.51	0.14	6.79	1.33	0.00	0.00	0.00	8.42	4.62	0.01	0.00	0.00	0.00	4000	0.44
0	0	20	1.34	1512	2918	0.96	148	0	0	1	79.20	2	42.53	0.00	0.06	4.01	94.78	18.04	2.45	76.43	53	0	59	99.11	317	350	38.32	27.14	0.79	0.30	12.50	0.14	6.79	1.33	0.00	0.00	0.00	8.42	4.62	0.01	0.00	0.00	0.00	4000
0	1	33	1.04	3169	2918	1.10	239	0	0	1	76.99	2	33.67	0.03	2.02	1.21	95.77	18.05
4	2	73	2.10	3473	2918	0.85	300	0	0	2	57.82	4	55.99	0.00	0.95	2.18	94.88	15.96	1.59	79.19	52	0
4	3	34	0.95	3565	2918	1.09	170	0	0	1	76.51	2	32.58	0.04	1.59	0.67	96.83	15.96
8	4	240	6.69	3585	2918	1.13	651	0	0	7	48.91	12	34.29	0.04	2.57	12.61	78.48	30.63	8.39	47.44	53	0
8	5	310	7.08	4378	2918	1.37	375	0	0	8	39.67	16	34.86	0.00	1.50	4.81	86.66	30.63
12	6	189	5.23	3614	2918	0.40	456	0	0	2	61.45	5	47.31	0.00	1.38	10.47	83.13	21.12	7.13	65.35	54	0
12	7	30	0.86	3501	2918	1.12	165	0	0	1	73.73	2	33.41	0.02	2.17	0.59	96.42	21.12
16	8	57	2.86	2003	2918	0.72	606	0	0	2	65.67	4	30.55	0.02	2.98	13.40	81.04	34.10	5.88	56.70	55	0
16	9	4	0.20	1832	2918	0.50	27	0	0	0	80.13	0	35.92	0.00	0.00	0.17	99.64	34.10
20	10	42	1.60	2637	2918	0.48	288	0	0	1	75.83	2	32.66	0.01	0.98	4.28	93.29	21.96	2.66	73.31	54	0
20	11	30	0.89	3377	2918	0.87	183	0	0	1	76.17	1	36.67	0.02	1.77	0.81	96.57	21.96
24	12	20	1.10	1797	2918	0.70	221	0	0	1	75.37	1	40.75	0.00	0.50	6.19	92.28	4.58	94.00	0.00	57	0
25	13	8	0.41	2023	2918	0.91	164	0	0	0	75.26	0	47.54	0.00	0.59	1.74	97.28	3.44	96.51	0.00	57	0
26	14	26	1.48	1746	2918	0.93	355	0	0	1	70.07	1	45.33	0.00	0.23	8.46	89.93	2.73	95.13	0.00	57	0
27	15	13	0.46	2881	2918	0.94	48	0	0	0	36.56	0	36.05	0.00	0.03	1.11	98.40	0.03	99.98	0.00	57	0
Core	CPU	Avg_MHz	Busy%	Bzy_MHz	TSC_MHz	IPC	IRQ	NMI	SMI	LLCMRPS	LLC%hit	L2MRPS	L2%hit	POLL%	C1ACPI%	C2ACPI%	C3ACPI%	CPU%c1	CPU%c6	CPU%c7	CoreTmp	CoreThr	PkgTmp	GFX%rc6	GFXMHz	GFXAMHz	Totl%C0	Any%C0	GFX%C0	CPUGFX%	Pkg%pc2	Pkg%pc3	Pkg%pc6	Pkg%pc8	Pk%pc10	CPU%LPI	SYS%LPI	PkgWatt	CorWatt	GFXWatt	RAMWatt	PKG_%	RAM_%	UncMHz	SysWatt
-	-	56	1.82	3103	2919	1.01	3309	0	0	27	55.25	50	36.60	0.01	0.96	3.33	94.00	15.88	41.30	42.59	56	0	57	99.07	300	300	32.55	23.28	0.83	0.26	14.51	0.15	8.33	0.92	0.00	0.00	0.00	7.40	3.74	0.01	0.00	0.00	0.00	4000	0.39
0	0	19	1.21	1610	2918	0.98	109	0	0	1	76.83	2	45.08	0.00	0.20	2.56	96.20	20.16	1.96	75.26	53	0	57	99.06	300	300	32.55	23.28	0.83	0.26	14.51	0.15	8.33	0.92	0.00	0.00	0.00	7.40	3.74	0.01	0.00	0.00	0.00	4000
0	1	29	0.93	3092	2918	0.95	151	0	0	1	74.70	2	30.60	0.04	1.46	0.91	96.74	20.16
4	2	38	1.63	2349	2918	1.24	233	0	0	1	73.94	2	45.44	0.00	0.72	3.69	94.11	14.09	2.39	80.84	51	0
4	3	24	0.70	3469	2918	0.96	71	0	0	1	78.45	1	30.49	0.02	0.92	0.20	98.20	14.09
8	4	76	3.36	2249	2918	1.05	538	0	0	3	67.81	5	43.63	0.01	1.74	11.83	83.40	22.79	8.34	56.04	55	0
8	5	412	9.40	4379	2918	1.17	451	0	0	12	37.49	21	29.61	0.00	1.60	2.41	86.64	22.79
12	6	106	3.49	3027	2918	0.74	451	0	0	3	54.37	6	53.63	0.00	1.90	9.27	85.56	31.54	5.46	58.40	53	0
12	7	29	0.87	3362	2918	1.07	120	0	0	1	73.46	2	33.74	0.04	2.28	0.53	96.36	31.54
16	8	45	1.92	2331	2918	0.74	283	0	0	2	70.33	3	29.30	0.01	1.20	4.83	92.20	17.41	3.45	76.66	56	0
16	9	9	0.35	2739	2918	0.73	34	0	0	0	78.24	1	34.21	0.01	0.14	0.16	99.38	17.41
20	10	22	1.08	2067	2918	0.70	170	0	0	1	72.71	1	30.90	0.00	0.38	2.62	96.05	17.16	2.26	78.73	53	0
20	11	27	0.88	3088	2918	0.97	139	0	0	1	75.33	1	34.00	0.02	1.77	1.49	95.90	17.16
24	12	18	0.81	2278	2918	0.84	132	0	0	0	70.54	1	46.07	0.00	0.26	2.56	96.41	2.05	97.17	0.00	56	0
25	13	20	0.88	2300	2918	0.98	142	0	0	0	56.85	1	55.52	0.00	0.07	3.55	95.54	0.08	99.02	0.00	56	0
26	14	20	1.14	1799	2918	0.35	199	0	0	0	67.35	1	35.45	0.01	0.51	4.02	94.39	5.54	93.37	0.00	56	0
27	15	6	0.43	1444	2918	0.55	86	0	0	0	71.08	0	41.84	0.00	0.18	2.58	96.84	0.18	99.55	0.00	56	0
Core	CPU	Avg_MHz	Busy%	Bzy_MHz	TSC_MHz	IPC	IRQ	NMI	SMI	LLCMRPS	LLC%hit	L2MRPS	L2%hit	POLL%	C1ACPI%	C2ACPI%	C3ACPI%	CPU%c1	CPU%c6	CPU%c7	CoreTmp	CoreThr	PkgTmp	GFX%rc6	GFXMHz	GFXAMHz	Totl%C0	Any%C0	GFX%C0	CPUGFX%	Pkg%pc2	Pkg%pc3	Pkg%pc6	Pkg%pc8	Pk%pc10	CPU%LPI	SYS%LPI	PkgWatt	CorWatt	GFXWatt	RAMWatt	PKG_%	RAM_%	UncMHz	SysWatt
-	-	76	2.32	3262	2918	0.97	4904	0	0	30	56.43	63	42.82	0.01	1.53	5.52	90.75	24.16	38.33	36.55	59	0	59	99.07	300	300	40.96	28.48	0.86	0.37	13.41	0.19	7.05	0.12	0.00	0.00	0.00	8.64	4.82	0.00	0.00	0.00	0.00	4000	0.43
0	0	47	1.87	2500	2918	0.32	322	0	0	1	84.31	1	34.66	0.00	1.11	6.37	90.87	22.37	3.76	70.54	55	0	59	99.07	300	300	40.96	28.48	0.86	0.37	13.41	0.19	7.05	0.12	0.00	0.00	0.00	8.64	4.82	0.00	0.00	0.00	0.00	4000
0	1	28	0.90	3145	2918	1.01	154	0	0	1	80.52	2	31.02	0.01	1.02	1.20	96.93	22.37
4	2	44	2.26	1973	2918	0.70	370	0	0	2	72.76	3	29.21	0.02	1.30	7.69	88.99	22.19	4.39	69.47	51	0
4	3	30	0.94	3237	2918	1.14	167	0	0	1	76.68	2	32.90	0.01	1.55	3.07	94.50	22.19
8	4	259	6.74	3843	2918	0.89	610	0	0	5	46.78	11	38.07	0.01	2.45	10.71	80.40	29.86	5.64	52.07	59	0
8	5	256	5.82	4397	2918	1.19	294	0	0	8	40.44	14	28.93	0.01	1.74	1.93	90.54	29.86
12	6	139	4.79	2895	2918	0.96	752	0	0	3	53.40	8	52.70	0.01	2.80	18.92	73.83	42.52	7.40	44.18	54	0
12	7	32	0.94	3427	2918	1.10	138	0	0	1	73.11	2	34.45	0.02	1.81	0.84	96.45	42.52
16	8	73	2.35	3128	2918	0.27	257	0	0	1	72.29	2	39.80	0.01	1.18	3.82	92.82	25.31	3.07	67.67	57	0
16	9	37	1.18	3126	2918	0.98	150	0	0	1	76.74	2	32.09	0.01	1.59	1.74	95.55	25.31
20	10	91	2.76	3320	2918	1.56	333	0	0	2	51.42	6	61.95	0.00	1.52	6.04	89.88	32.06	2.58	61.59	53	0
20	11	30	0.92	3257	2918	1.09	138	0	0	1	75.81	2	33.01	0.01	1.92	0.66	96.55	32.06
24	12	61	2.10	2886	2918	0.82	272	0	0	1	66.41	4	82.64	0.00	0.52	6.77	90.68	9.48	88.29	0.00	56	0
25	13	31	1.46	2132	2918	0.78	416	0	0	1	66.59	2	49.19	0.01	2.68	7.92	88.03	16.61	81.68	0.00	56	0
26	14	38	1.57	2402	2918	1.03	391	0	0	1	56.88	2	54.63	0.01	1.21	6.98	90.31	8.55	89.85	0.00	56	0
27	15	13	0.49	2583	2918	0.87	140	0	0	0	47.16	1	45.78	0.02	0.17	3.69	95.67	3.27	96.62	0.00	56	0
Core	CPU	Avg_MHz	Busy%	Bzy_MHz	TSC_MHz	IPC	IRQ	NMI	SMI	LLCMRPS	LLC%hit	L2MRPS	L2%hit	POLL%	C1ACPI%	C2ACPI%	C3ACPI%	CPU%c1	CPU%c6	CPU%c7	CoreTmp	CoreThr	PkgTmp	GFX%rc6	GFXMHz	GFXAMHz	Totl%C0	Any%C0	GFX%C0	CPUGFX%	Pkg%pc2	Pkg%pc3	Pkg%pc6	Pkg%pc8	Pk%pc10	CPU%LPI	SYS%LPI	PkgWatt	CorWatt	GFXWatt	RAMWatt	PKG_%	RAM_%	UncMHz	SysWatt
-	-	57	1.80	3143	2918	0.94	3297	0	0	26	55.19	48	35.62	0.01	0.78	3.52	93.98	13.53	41.54	44.16	57	0	59	99.10	600	600	32.71	23.23	0.84	0.40	15.15	0.20	10.95	1.19	0.00	0.00	0.00	7.20	3.61	0.01	0.00	0.00	0.00	4000	0.37
0	0	13	1.19	1076	2918	0.46	113	0	0	1	86.79	1	18.83	0.00	0.05	3.61	95.32	8.74	3.29	85.08	55	0	59	99.11	600	600	32.71	23.23	0.84	0.40	15.15	0.20	10.95	1.19	0.00	0.00	0.00	7.20	3.61	0.01	0.00	0.00	0.00	4000
0	1	25	0.78	3233	2918	0.98	81	0	0	1	79.79	2	28.32	0.00	0.30	0.50	98.47	8.74
4	2	41	1.65	2487	2918	0.26	229	0	0	1	72.51	1	24.78	0.00	0.59	2.75	95.13	11.33	2.57	83.30	51	0
4	3	24	0.72	3311	2918	0.97	91	0	0	1	81.06	1	28.60	0.00	0.69	0.76	97.86	11.33
8	4	316	8.35	3782	2918	1.05	712	0	0	9	40.94	15	27.85	0.01	2.31	10.71	78.87	16.76	7.87	66.51	53	0
8	5	2	0.21	981	2918	0.32	49	0	0	0	67.04	0	32.52	0.00	0.10	0.56	99.13	16.76
12	6	180	5.61	3216	2918	1.01	683	0	0	4	47.94	9	40.81	0.00	2.60	14.91	77.20	37.58	6.93	49.01	54	0
12	7	32	0.86	3731	2918	1.02	114	0	0	1	67.78	2	35.23	0.02	1.40	0.79	96.98	37.58
16	8	51	1.99	2541	2918	0.79	295	0	0	2	69.33	4	42.99	0.02	1.02	5.09	92.05	11.38	3.74	82.20	55	0
16	9	11	0.40	2845	2918	0.76	39	0	0	0	78.68	1	32.59	0.02	0.01	0.10	99.52	11.38
20	10	124	3.29	3774	2918	0.93	242	0	0	3	48.24	6	48.05	0.00	1.24	3.11	92.50	18.33	1.94	75.47	55	0
20	11	32	0.95	3343	2918	1.06	124	0	0	1	70.26	2	33.16	0.00	1.26	1.30	96.53	18.33
24	12	20	0.88	2273	2918	0.81	156	0	0	0	68.01	1	47.63	0.00	0.17	3.83	95.16	2.55	96.49	0.00	57	0
25	13	23	1.16	1967	2918	0.89	210	0	0	1	67.52	1	47.89	0.00	0.41	4.46	94.02	4.21	94.38	0.00	57	0
26	14	9	0.60	1561	2918	0.58	104	0	0	0	69.89	1	39.73	0.00	0.22	2.33	96.88	0.22	99.29	0.00	56	0
27	15	4	0.22	1763	2918	0.72	55	0	0	0	70.00	0	42.99	0.01	0.14	1.53	98.11	1.28	98.94	0.00	56	0
Core	CPU	Avg_MHz	Busy%	Bzy_MHz	TSC_MHz	IPC	IRQ	NMI	SMI	LLCMRPS	LLC%hit	L2MRPS	L2%hit	POLL%	C1ACPI%	C2ACPI%	C3ACPI%	CPU%c1	CPU%c6	CPU%c7	CoreTmp	CoreThr	PkgTmp	GFX%rc6	GFXMHz	GFXAMHz	Totl%C0	Any%C0	GFX%C0	CPUGFX%	Pkg%pc2	Pkg%pc3	Pkg%pc6	Pkg%pc8	Pk%pc10	CPU%LPI	SYS%LPI	PkgWatt	CorWatt	GFXWatt	RAMWatt	PKG_%	RAM_%	UncMHz	SysWatt
-	-	63	1.96	3228	2918	0.90	3465	0	0	27	55.33	49	35.96	0.02	0.93	3.71	93.49	13.31	41.08	44.30	56	0	57	99.11	317	350	35.36	25.40	0.81	0.33	15.67	0.33	8.94	1.02	0.00	0.00	0.00	7.49	3.82	0.01	0.00	0.00	0.00	4000	0.38
0	0	36	1.67	2174	2918	0.86	149	0	0	1	67.90	2	26.81	0.02	0.23	3.21	95.06	10.43	2.59	83.98	53	0	57	99.11	317	350	35.36	25.40	0.81	0.33	15.67	0.33	8.94	1.02	0.00	0.00	0.00	7.49	3.82	0.01	0.00	0.00	0.00	4000
0	1	27	0.84	3194	2918	0.94	121	0	0	1	75.99	2	32.12	0.03	1.43	0.72	97.05	10.43
4	2	26	1.32	1995	2918	0.38	219	0	0	1	74.34	1	25.94	0.01	0.46	3.85	94.47	7.43	3.07	87.66	48	0
4	3	15	0.44	3419	2918	1.05	43	0	0	1	77.97	1	31.89	0.00	0.59	0.00	98.99	7.43
8	4	410	9.72	4213	2918	0.78	604	0	0	8	42.17	14	29.50	0.05	2.40	7.02	81.04	17.68	5.10	66.97	51	0
8	5	3	0.23	1144	2918	0.32	48	0	0	0	69.28	0	30.89	0.00	0.13	0.43	99.23	17.68
12	6	223	6.25	3575	2918	1.02	585	0	0	6	46.03	12	38.29	0.00	2.32	11.74	79.94	21.22	8.09	63.40	53	0
12	7	35	0.88	3965	2918	1.12	72	0	0	1	64.83	2	34.50	0.05	0.86	0.28	98.00	21.22
16	8	83	3.70	2231	2918	1.06	632	0	0	3	67.22	5	40.00	0.03	2.44	13.98	80.16	27.75	7.94	60.07	56	0
16	9	4	0.22	1954	2918	0.50	31	0	0	0	76.48	0	41.12	0.00	0.08	0.23	99.48	27.75
20	10	46	1.44	3157	2918	1.01	164	0	0	1	63.89	3	49.22	0.00	1.35	2.20	95.12	15.22	1.48	80.94	52	0
20	11	25	0.78	3164	2918	1.04	102	0	0	1	79.13	2	31.22	0.05	1.12	0.84	97.29	15.22
24	12	29	1.25	2349	2918	1.12	161	0	0	1	51.00	2	58.22	0.00	0.33	3.49	94.99	2.12	96.64	0.00	56	0
25	13	19	0.94	2028	2918	0.85	176	0	0	0	67.44	1	48.76	0.01	0.54	3.77	94.80	3.27	95.69	0.00	56	0
26	14	17	0.95	1820	2918	0.79	148	0	0	0	67.71	1	41.03	0.00	0.13	4.02	94.96	2.18	96.76	0.00	55	0
27	15	15	0.75	2043	2918	0.81	210	0	0	0	46.72	1	38.55	0.02	0.50	3.52	95.26	5.95	93.48	0.00	55	0
Core	CPU	Avg_MHz	Busy%	Bzy_MHz	TSC_MHz	IPC	IRQ	NMI	SMI	LLCMRPS	LLC%hit	L2MRPS	L2%hit	POLL%	C1ACPI%	C2ACPI%	C3ACPI%	CPU%c1	CPU%c6	CPU%c7	CoreTmp	CoreThr	PkgTmp	GFX%rc6	GFXMHz	GFXAMHz	Totl%C0	Any%C0	GFX%C0	CPUGFX%	Pkg%pc2	Pkg%pc3	Pkg%pc6	Pkg%pc8	Pk%pc10	CPU%LPI	SYS%LPI	PkgWatt	CorWatt	GFXWatt	RAMWatt	PKG_%	RAM_%	UncMHz	SysWatt
-	-	58	1.85	3150	2918	0.97	3565	1	0	27	53.79	50	35.60	0.00	0.92	3.45	93.86	13.55	41.98	44.10	55	0	58	99.00	300	300	32.70	22.94	0.88	0.39	13.58	0.26	10.73	1.92	0.00	0.00	0.00	7.14	3.57	0.01	0.00	0.00	0.00	4000	0.38
0	0	23	1.24	1861	2918	0.79	139	0	0	1	80.21	1	28.83	0.00	0.44	2.40	96.06	15.06	1.89	80.81	53	0	58	99.00	300	300	32.70	22.94	0.88	0.39	13.58	0.26	10.73	1.92	0.00	0.00	0.00	7.14	3.57	0.01	0.00	0.00	0.00	4000
0	1	28	0.86	3290	2918	0.93	136	0	0	1	76.66	2	34.57	0.00	1.42	0.91	96.85	15.06
4	2	41	1.90	2157	2918	0.51	359	0	0	1	65.63	2	29.38	0.01	1.13	6.33	90.82	21.61	4.22	71.50	51	0
4	3	27	0.76	3514	2918	0.97	101	0	0	1	75.51	1	34.81	0.00	1.01	0.48	97.79	21.61
8	4	123	4.08	3030	2918	0.74	622	0	0	3	55.78	6	44.97	0.02	3.47	10.47	82.24	31.88	5.34	58.26	51	0
8	5	3	0.31	932	2918	0.31	58	0	0	0	64.04	0	29.90	0.00	0.09	0.65	98.97	31.88
12	6	436	10.30	4236	2918	1.11	648	0	0	12	38.27	22	30.66	0.00	1.96	5.80	82.08	7.03	5.33	76.85	54	0
12	7	46	1.04	4440	2918	0.97	123	0	0	1	55.83	2	37.87	0.00	1.14	0.51	97.34	7.03
16	8	62	2.89	2156	2918	0.90	477	0	0	2	65.07	4	36.70	0.00	1.82	9.44	86.08	16.65	7.06	72.85	55	0
16	9	4	0.18	2118	2918	0.78	28	0	0	0	78.79	0	39.83	0.00	0.00	0.00	99.83	16.65
20	10	38	1.44	2666	2918	1.19	182	0	0	1	66.15	3	55.09	0.00	0.97	2.79	94.91	15.44	1.38	80.69	52	0
20	11	24	0.75	3222	2918	0.97	93	0	0	1	79.76	2	29.30	0.02	0.71	0.41	98.17	15.44
24	12	20	1.04	1917	2918	0.84	144	0	0	1	62.06	1	37.85	0.00	0.09	3.58	95.34	0.09	98.80	0.00	54	0
25	13	17	1.00	1655	2918	0.60	187	0	0	1	68.05	1	37.77	0.00	0.34	4.33	94.40	0.34	98.53	0.00	54	0
26	14	13	0.74	1707	2918	0.85	122	0	0	0	72.02	1	43.76	0.00	0.08	3.59	95.63	0.08	99.17	0.00	54	0
27	15	26	1.04	2480	2918	0.91	146	1	0	1	56.39	1	41.07	0.01	0.15	3.57	95.28	0.91	98.04	0.00	54	0
Core	CPU	Avg_MHz	Busy%	Bzy_MHz	TSC_MHz	IPC	IRQ	NMI	SMI	LLCMRPS	LLC%hit	L2MRPS	L2%hit	POLL%	C1ACPI%	C2ACPI%	C3ACPI%	CPU%c1	CPU%c6	CPU%c7	CoreTmp	CoreThr	PkgTmp	GFX%rc6	GFXMHz	GFXAMHz	Totl%C0	Any%C0	GFX%C0	CPUGFX%	Pkg%pc2	Pkg%pc3	Pkg%pc6	Pkg%pc8	Pk%pc10	CPU%LPI	SYS%LPI	PkgWatt	CorWatt	GFXWatt	RAMWatt	PKG_%	RAM_%	UncMHz	SysWatt
-	-	63	1.98	3153	2918	0.89	3458	0	0	26	56.62	48	35.61	0.01	0.94	4.09	93.09	16.75	41.19	41.47	56	0	57	99.15	300	300	36.14	24.70	0.84	0.57	12.51	0.16	6.71	1.79	0.00	0.00	0.00	7.57	3.87	0.00	0.00	0.00	0.00	4000	0.39
0	0	10	0.88	1169	2918	0.53	70	0	0	1	87.97	1	18.72	0.00	0.05	1.75	97.43	8.10	1.65	87.72	53	0	57	99.15	300	300	36.14	24.70	0.84	0.57	12.51	0.16	6.71	1.79	0.00	0.00	0.00	7.57	3.87	0.00	0.00	0.00	0.00	4000
0	1	37	1.09	3375	2918	0.59	102	0	0	1	82.90	2	28.73	0.02	0.73	0.26	97.95	8.10
4	2	58	2.50	2314	2918	1.18	381	0	0	2	71.92	3	42.97	0.00	1.51	6.67	89.53	29.56	3.96	62.94	50	0
4	3	27	0.79	3394	2918	1.10	109	0	0	1	75.64	2	34.47	0.02	2.07	0.33	96.85	29.56
8	4	346	8.90	3885	2918	1.10	659	0	0	10	43.60	17	28.26	0.00	2.07	11.86	77.41	15.54	9.70	65.25	53	0
8	5	3	0.30	1053	2918	0.29	55	0	0	0	70.01	0	29.58	0.00	0.08	0.39	99.25	15.54
12	6	235	6.37	3685	2918	0.52	522	0	0	4	46.11	7	33.23	0.00	1.53	9.38	82.93	27.61	4.85	60.15	53	0
12	7	32	0.85	3754	2918	1.13	88	0	0	1	67.85	2	33.92	0.02	1.31	0.65	97.22	27.62
16	8	49	2.41	2016	2918	0.85	425	0	0	2	72.50	3	38.04	0.04	2.51	8.70	86.62	28.10	4.12	64.90	55	0
16	9	3	0.19	1834	2918	0.54	28	0	0	0	77.07	0	33.92	0.00	0.17	0.14	99.51	28.10
20	10	89	2.52	3546	2918	0.71	230	0	0	2	62.71	4	61.72	0.00	0.74	5.23	91.63	19.52	3.25	73.76	54	0
20	11	23	0.73	3219	2918	1.07	72	0	0	1	78.87	2	30.10	0.00	0.52	0.47	98.32	19.52
24	12	27	1.25	2176	2918	0.94	194	0	0	1	65.44	2	43.08	0.00	0.99	4.40	93.42	3.95	94.64	0.00	56	0
25	13	38	1.69	2234	2918	1.14	266	0	0	1	46.71	2	41.65	0.00	0.48	7.24	90.68	4.19	93.87	0.00	56	0
26	14	20	1.00	2052	2918	0.84	171	0	0	0	63.17	1	47.37	0.00	0.22	4.63	94.21	2.03	96.76	0.00	56	0
27	15	3	0.27	1172	2918	0.76	86	0	0	0	68.05	0	39.10	0.00	0.02	3.31	96.42	0.96	99.09	0.00	56	0
Core	CPU	Avg_MHz	Busy%	Bzy_MHz	TSC_MHz	IPC	IRQ	NMI	SMI	LLCMRPS	LLC%hit	L2MRPS	L2%hit	POLL%	C1ACPI%	C2ACPI%	C3ACPI%	CPU%c1	CPU%c6	CPU%c7	CoreTmp	CoreThr	PkgTmp	GFX%rc6	GFXMHz	GFXAMHz	Totl%C0	Any%C0	GFX%C0	CPUGFX%	Pkg%pc2	Pkg%pc3	Pkg%pc6	Pkg%pc8	Pk%pc10	CPU%LPI	SYS%LPI	PkgWatt	CorWatt	GFXWatt	RAMWatt	PKG_%	RAM_%	UncMHz	SysWatt
-	-	58	1.88	3091	2919	0.99	3659	0	0	28	56.49	51	35.66	0.01	0.94	4.31	92.98	15.97	41.81	41.86	56	0	56	99.13	300	300	33.81	23.96	0.78	0.32	12.81	0.14	7.16	0.38	0.00	0.00	0.00	7.60	3.82	0.00	0.00	0.00	0.00	4000	0.39
0	0	24	1.40	1713	2918	0.77	183	0	0	1	83.64	2	26.44	0.02	0.50	4.29	94.00	18.80	3.90	74.57	51	0	56	99.11	300	300	33.81	23.96	0.78	0.32	12.81	0.14	7.16	0.38	0.00	0.00	0.00	7.60	3.82	0.00	0.00	0.00	0.00	4000
0	1	18	0.82	2254	2918	0.85	121	0	0	1	77.42	1	29.16	0.03	0.32	2.75	96.17	18.80
4	2	64	2.33	2734	2918	0.96	288	0	0	1	72.37	3	45.16	0.00	0.67	5.48	91.68	18.16	3.12	75.28	52	0
4	3	26	0.77	3323	2918	1.12	113	0	0	1	76.17	2	32.50	0.02	1.49	1.01	96.77	18.16
8	4	387	9.98	3879	2918	1.13	783	0	0	11	43.84	20	30.86	0.01	3.14	14.03	73.14	22.24	11.18	55.85	56	0
8	5	3	0.31	998	2918	0.31	57	0	0	0	64.23	0	30.60	0.00	0.05	0.37	99.30	22.24
12	6	198	6.01	3295	2918	0.90	778	0	0	5	45.91	11	44.35	0.01	3.41	16.05	74.84	38.12	4.98	49.99	54	0
12	7	32	0.87	3725	2918	1.06	109	0	0	1	72.69	2	36.27	0.04	1.49	0.54	97.13	38.12
16	8	48	2.21	2169	2918	0.89	344	0	0	2	75.30	3	29.86	0.03	1.35	6.95	89.67	14.52	4.59	78.00	55	0
16	9	5	0.22	2177	2918	0.55	26	0	0	0	83.91	0	37.14	0.00	0.00	0.00	99.80	14.52
20	10	32	1.16	2730	2918	0.76	186	0	0	1	74.03	2	37.08	0.02	0.89	3.11	94.96	11.49	2.17	84.86	53	0
20	11	25	0.77	3324	2918	0.99	84	0	0	1	74.91	1	36.36	0.01	0.91	0.67	97.69	11.49
24	12	23	1.07	2106	2918	0.90	191	0	0	1	66.05	1	40.08	0.00	0.34	4.89	93.76	5.80	93.05	0.00	55	0
25	13	22	0.94	2313	2918	0.79	148	0	0	1	52.29	1	39.49	0.00	0.16	3.80	95.15	1.40	97.75	0.00	55	0
26	14	16	0.88	1875	2918	0.58	177	0	0	0	66.29	1	43.70	0.00	0.36	3.77	95.04	1.65	97.44	0.00	55	0
27	15	7	0.36	1999	2918	0.46	71	0	0	0	74.37	0	41.13	0.00	0.02	1.30	98.33	0.02	100.01	0.00	55	0
Core	CPU	Avg_MHz	Busy%	Bzy_MHz	TSC_MHz	IPC	IRQ	NMI	SMI	LLCMRPS	LLC%hit	L2MRPS	L2%hit	POLL%	C1ACPI%	C2ACPI%	C3ACPI%	CPU%c1	CPU%c6	CPU%c7	CoreTmp	CoreThr	PkgTmp	GFX%rc6	GFXMHz	GFXAMHz	Totl%C0	Any%C0	GFX%C0	CPUGFX%	Pkg%pc2	Pkg%pc3	Pkg%pc6	Pkg%pc8	Pk%pc10	CPU%LPI	SYS%LPI	PkgWatt	CorWatt	GFXWatt	RAMWatt	PKG_%	RAM_%	UncMHz	SysWatt
-	-	65	1.99	3263	2918	0.88	3554	0	0	26	56.41	49	36.10	0.01	1.06	3.86	93.19	17.23	41.23	41.16	55	0	56	99.06	300	300	35.47	25.32	0.87	0.44	12.22	0.16	8.55	0.97	0.00	0.00	0.00	7.77	4.09	0.00	0.00	0.00	0.00	4000	0.38
0	0	48	1.74	2736	2918	0.21	125	0	0	1	84.43	1	28.05	0.00	0.11	2.59	95.70	13.23	2.91	79.98	52	0	56	99.07	300	300	35.47	25.32	0.87	0.44	12.22	0.16	8.55	0.97	0.00	0.00	0.00	7.77	4.09	0.00	0.00	0.00	0.00	4000
0	1	47	1.50	3142	2918	0.60	174	0	0	1	79.45	2	29.79	0.04	1.39	2.24	94.93	13.24
4	2	33	1.77	1836	2918	0.54	342	0	0	1	73.05	2	30.16	0.01	1.33	7.56	89.54	21.40	5.54	70.44	49	0
4	3	26	0.75	3446	2918	0.99	84	0	0	1	77.02	1	34.88	0.03	1.23	0.00	98.05	21.40
8	4	460	11.09	4147	2918	0.95	739	0	0	11	43.82	20	32.05	0.01	3.41	8.90	76.81	21.14	5.85	61.38	53	0
8	5	2	0.21	1164	2918	0.29	34	0	0	0	67.68	0	32.42	0.00	0.02	0.16	99.63	21.14
12	6	195	5.97	3272	2918	0.94	767	0	0	5	46.31	10	41.25	0.00	3.03	15.19	76.14	48.07	5.97	39.11	53	0
12	7	33	0.91	3606	2918	1.09	108	0	0	1	70.50	2	35.16	0.02	1.96	0.61	96.55	48.07
16	8	62	2.25	2732	2918	0.73	268	0	0	2	71.39	3	40.54	0.00	0.82	5.45	91.66	16.49	3.81	76.37	55	0
16	9	20	0.64	3057	2918	0.93	82	0	0	1	77.95	1	32.03	0.02	0.69	0.57	98.13	16.49
20	10	45	1.57	2848	2918	1.42	218	0	0	1	71.95	3	48.56	0.02	1.56	3.15	93.83	12.21	1.74	84.30	51	0
20	11	10	0.32	3254	2918	0.97	49	0	0	0	72.92	1	39.86	0.02	0.45	0.50	98.75	12.21
24	12	16	0.76	2084	2918	0.75	155	0	0	0	72.76	1	46.50	0.01	0.40	4.18	94.70	5.38	93.86	0.00	55	0
25	13	25	1.22	2048	2918	0.74	212	0	0	1	68.51	1	41.30	0.01	0.34	6.19	92.32	3.82	94.62	0.00	55	0
26	14	9	0.57	1645	2918	0.65	106	0	0	0	67.36	1	45.05	0.00	0.13	2.18	97.16	1.40	98.26	0.00	55	0
27	15	6	0.48	1251	2918	0.55	91	0	0	0	76.84	0	34.54	0.00	0.02	2.35	97.19	0.02	99.73	0.00	55	0
Core	CPU	Avg_MHz	Busy%	Bzy_MHz	TSC_MHz	IPC	IRQ	NMI	SMI	LLCMRPS	LLC%hit	L2MRPS	L2%hit	POLL%	C1ACPI%	C2ACPI%	C3ACPI%	CPU%c1	CPU%c6	CPU%c7	CoreTmp	CoreThr	PkgTmp	GFX%rc6	GFXMHz	GFXAMHz	Totl%C0	Any%C0	GFX%C0	CPUGFX%	Pkg%pc2	Pkg%pc3	Pkg%pc6	Pkg%pc8	Pk%pc10	CPU%LPI	SYS%LPI	PkgWatt	CorWatt	GFXWatt	RAMWatt	PKG_%	RAM_%	UncMHz	SysWatt
-	-	102	2.79	3643	2919	1.38	9721	0	0	38	57.64	105	57.20	0.01	1.07	4.26	91.98	15.79	40.14	41.49	84	0	84	99.09	300	300	48.86	31.03	0.86	0.40	16.42	0.31	11.80	0.25	0.00	0.00	0.00	9.56	5.87	0.00	0.00	0.00	0.00	4000	0.61
0	0	28	1.43	1965	2918	0.91	263	0	0	1	74.92	2	31.57	0.01	1.26	4.24	93.23	18.67	1.45	77.40	59	0	84	99.07	300	300	48.86	31.03	0.86	0.40	16.42	0.31	11.79	0.25	0.00	0.00	0.00	9.56	5.87	0.00	0.00	0.00	0.00	4000
0	1	16	0.63	2542	2918	0.81	102	0	0	1	75.69	1	30.73	0.03	0.47	0.55	98.39	18.67
4	2	47	2.09	2222	2918	0.67	413	0	0	2	66.12	3	30.16	0.00	1.03	8.75	88.30	17.01	7.02	73.12	54	0
4	3	19	0.51	3725	2918	1.07	81	0	0	1	66.23	1	32.43	0.02	0.78	0.12	98.60	17.01
8	4	838	18.80	4459	2918	1.58	1333	0	0	19	56.66	63	64.14	0.01	2.09	8.40	70.86	15.48	6.06	59.07	78	0
8	5	3	0.29	1134	2918	0.38	42	0	0	0	63.85	0	36.65	0.00	0.01	0.05	99.68	15.48
12	6	196	5.82	3367	2918	0.92	1378	0	0	6	45.56	10	33.34	0.02	2.73	13.23	78.49	24.94	8.23	60.26	57	0
12	7	41	1.02	4035	2918	1.00	138	0	0	1	57.60	2	40.21	0.02	1.05	0.36	97.60	24.94
16	8	108	3.10	3474	2918	1.21	993	0	0	3	60.12	7	49.38	0.02	1.45	5.98	89.61	16.22	3.38	74.41	84	0
16	9	125	2.81	4463	2918	2.59	3558	0	0	1	72.25	6	87.00	0.00	0.58	0.11	96.51	16.22
20	10	86	2.78	3100	2918	0.73	387	0	0	2	66.52	4	41.64	0.05	2.06	6.74	88.58	22.97	3.47	70.59	55	0
20	11	1	0.06	2316	2918	0.37	14	0	0	0	88.34	0	25.65	0.00	0.19	0.04	99.73	22.97
24	12	26	1.21	2172	2918	0.80	266	0	0	1	56.48	1	45.29	0.00	0.77	5.36	92.72	3.97	94.58	0.00	64	0
25	13	40	2.02	2002	2918	0.50	393	0	0	1	54.01	2	43.39	0.00	1.14	9.51	87.44	10.51	86.90	0.00	64	0
26	14	25	0.93	2710	2918	0.82	162	0	0	0	56.72	1	54.13	0.00	0.71	0.77	97.61	2.85	96.45	0.00	64	0
27	15	27	1.18	2274	2918	0.86	198	0	0	1	57.86	1	45.44	0.01	0.74	3.89	94.25	4.79	93.89	0.00	64	0
Core	CPU	Avg_MHz	Busy%	Bzy_MHz	TSC_MHz	IPC	IRQ	NMI	SMI	LLCMRPS	LLC%hit	L2MRPS	L2%hit	POLL%	C1ACPI%	C2ACPI%	C3ACPI%	CPU%c1	CPU%c6	CPU%c7	CoreTmp	CoreThr	PkgTmp	GFX%rc6	GFXMHz	GFXAMHz	Totl%C0	Any%C0	GFX%C0	CPUGFX%	Pkg%pc2	Pkg%pc3	Pkg%pc6	Pkg%pc8	Pk%pc10	CPU%LPI	SYS%LPI	PkgWatt	CorWatt	GFXWatt	RAMWatt	PKG_%	RAM_%	UncMHz	SysWatt
-	-	242	5.85	4136	2918	1.59	16813	0	0	88	49.73	224	50.99	0.08	3.52	6.49	84.27	39.44	37.39	20.17	58	0	59	99.02	600	600	94.89	55.91	0.83	0.40	3.60	0.00	1.82	0.00	0.00	0.00	0.00	18.17	13.73	0.00	0.00	0.00	0.00	4000	1.40
0	0	105	3.63	2899	2918	1.13	1402	0	0	2	63.05	5	44.17	0.10	3.79	9.86	83.03	65.93	1.15	27.69	56	0	59	99.03	600	600	94.90	55.91	0.83	0.40	3.60	0.00	1.82	0.00	0.00	0.00	0.00	18.17	13.73	0.00	0.00	0.00	0.00	4000
0	1	96	2.63	3644	2918	1.11	423	0	0	2	62.93	4	42.59	0.15	5.53	4.66	87.27	65.93
4	2	254	6.61	3843	2918	1.19	1740	0	0	7	48.08	15	37.33	0.08	4.51	11.92	77.17	36.37	5.05	51.68	51	0
4	3	24	0.61	3927	2918	0.68	171	0	0	0	68.72	1	48.52	0.10	2.45	0.90	96.06	36.37
8	4	1022	21.71	4709	2918	1.88	1527	0	0	22	46.75	63	55.33	0.03	4.47	5.97	68.11	23.17	1.97	28.79	56	0
8	5	1196	25.28	4730	2918	1.92	1235	0	0	30	42.40	81	50.57	0.06	3.60	2.15	68.96	23.17
12	6	298	7.70	3868	2918	0.87	1216	0	0	5	48.86	12	49.73	0.04	5.22	18.35	69.06	61.91	3.51	24.58	55	0
12	7	128	3.10	4125	2918	1.24	1147	0	0	3	65.23	6	43.04	0.18	6.03	1.64	89.29	61.91
16	8	263	6.57	4005	2918	1.75	3147	0	0	5	61.12	14	61.09	0.12	5.06	11.24	77.37	53.79	3.29	35.72	58	0
16	9	23	0.71	3294	2918	0.76	284	0	0	1	77.68	1	49.11	0.12	2.52	1.62	95.19	53.79
20	10	178	4.98	3565	2918	1.27	1025	0	0	5	66.68	10	50.08	0.10	5.40	13.96	75.94	56.94	4.34	33.23	54	0
20	11	17	0.55	3091	2918	0.78	152	0	0	0	79.89	1	45.53	0.09	2.48	0.35	96.64	56.94
24	12	66	2.34	2804	2918	1.03	855	0	0	1	57.40	3	46.31	0.02	1.04	5.25	91.44	7.65	89.77	0.00	58	0
25	13	56	2.28	2475	2918	0.62	376	0	0	1	66.49	3	46.76	0.02	1.16	8.56	88.09	8.58	88.67	0.00	58	0
26	14	62	2.26	2728	2918	1.02	1066	0	0	1	55.69	3	50.96	0.00	0.90	5.00	91.92	5.32	92.20	0.00	58	0
27	15	87	2.73	3175	2918	0.99	1047	0	0	1	54.54	3	48.69	0.01	2.18	2.38	92.76	13.29	83.96	0.00	58	0
Core	CPU	Avg_MHz	Busy%	Bzy_MHz	TSC_MHz	IPC	IRQ	NMI	SMI	LLCMRPS	LLC%hit	L2MRPS	L2%hit	POLL%	C1ACPI%	C2ACPI%	C3ACPI%	CPU%c1	CPU%c6	CPU%c7	CoreTmp	CoreThr	PkgTmp	GFX%rc6	GFXMHz	GFXAMHz	Totl%C0	Any%C0	GFX%C0	CPUGFX%	Pkg%pc2	Pkg%pc3	Pkg%pc6	Pkg%pc8	Pk%pc10	CPU%LPI	SYS%LPI	PkgWatt	CorWatt	GFXWatt	RAMWatt	PKG_%	RAM_%	UncMHz	SysWatt
-	-	249	5.98	4156	2918	1.69	18441	0	0	89	51.79	249	55.52	0.07	2.99	5.92	85.24	29.93	38.37	26.78	58	0	60	99.21	317	350	96.68	56.70	0.71	0.57	4.58	0.00	1.22	0.00	0.00	0.00	0.00	18.28	13.82	0.01	0.00	0.00	0.00	4000	1.45
0	0	104	3.81	2740	2918	1.24	691	0	0	3	68.63	5	39.19	0.12	5.04	9.41	82.08	49.21	2.75	43.07	55	0	60	99.21	317	350	96.69	56.70	0.71	0.57	4.58	0.00	1.22	0.00	0.00	0.00	0.00	18.28	13.82	0.01	0.00	0.00	0.00	4000
0	1	21	0.99	2067	2918	0.67	177	0	0	1	69.33	1	40.61	0.04	0.98	4.01	94.09	49.21
4	2	202	5.47	3697	2918	1.85	2308	0	0	3	61.07	10	69.96	0.05	2.89	13.47	78.40	37.42	4.13	51.95	52	0
4	3	35	0.93	3794	2918	1.38	128	0	0	1	65.46	2	43.45	0.04	2.77	0.20	96.13	37.42
8	4	163	3.98	4092	2918	0.97	627	0	0	4	60.70	7	40.77	0.16	4.85	8.47	83.05	12.34	2.92	36.15	54	0
8	5	2224	46.59	4772	2918	1.95	2413	0	0	52	46.95	161	58.56	0.01	2.86	1.40	49.08	12.34
12	6	398	9.98	3991	2918	1.65	5520	0	0	9	45.90	24	54.48	0.05	5.65	21.28	63.44	59.35	6.24	22.11	54	0
12	7	156	3.67	4254	2918	1.33	435	0	0	3	58.78	7	44.16	0.27	6.79	1.06	88.53	59.35
16	8	214	5.62	3816	2918	1.11	4239	0	0	5	66.12	12	50.18	0.11	3.03	9.90	81.67	31.86	5.80	55.49	57	0
16	9	41	1.11	3694	2918	1.32	170	0	0	1	70.54	2	42.76	0.04	2.42	1.37	95.13	31.86
20	10	115	3.33	3449	2918	1.32	549	0	0	3	62.56	5	38.70	0.10	3.07	7.24	86.56	33.36	3.31	59.02	54	0
20	11	35	0.94	3709	2918	1.51	123	0	0	1	69.96	2	40.45	0.05	1.90	0.62	96.56	33.36
24	12	88	3.10	2829	2918	1.20	411	0	0	2	55.18	4	46.16	0.04	1.89	7.14	87.95	14.26	82.34	0.00	58	0
25	13	70	2.35	2995	2918	1.18	236	0	0	1	54.79	3	47.13	0.01	1.29	3.02	93.40	5.35	92.20	0.00	58	0
26	14	55	2.04	2689	2918	1.04	218	0	0	1	55.77	2	46.93	0.02	1.18	3.62	93.23	6.58	91.26	0.00	58	0
27	15	56	1.79	3129	2918	1.05	196	0	0	1	53.54	2	49.56	0.02	1.17	2.58	94.49	5.64	92.74	0.00	58	0
Core	CPU	Avg_MHz	Busy%	Bzy_MHz	TSC_MHz	IPC	IRQ	NMI	SMI	LLCMRPS	LLC%hit	L2MRPS	L2%hit	POLL%	C1ACPI%	C2ACPI%	C3ACPI%	CPU%c1	CPU%c6	CPU%c7	CoreTmp	CoreThr	PkgTmp	GFX%rc6	GFXMHz	GFXAMHz	Totl%C0	Any%C0	GFX%C0	CPUGFX%	Pkg%pc2	Pkg%pc3	Pkg%pc6	Pkg%pc8	Pk%pc10	CPU%LPI	SYS%LPI	PkgWatt	CorWatt	GFXWatt	RAMWatt	PKG_%	RAM_%	UncMHz	SysWatt
-	-	74	2.24	3311	2918	1.08	3935	0	0	33	50.91	67	38.76	0.01	1.04	3.98	92.85	14.92	41.58	42.22	57	0	57	99.13	300	300	39.69	27.61	0.85	0.42	16.57	0.21	10.52	2.66	0.00	0.00	0.00	7.98	4.33	0.00	0.00	0.00	0.00	4000	0.42
0	0	48	2.07	2323	2918	0.94	291	0	0	2	76.46	3	29.72	0.04	2.31	4.77	91.07	26.20	2.71	67.93	53	0	57	99.12	300	300	39.69	27.61	0.85	0.42	16.57	0.21	10.52	2.66	0.00	0.00	0.00	7.97	4.33	0.00	0.00	0.00	0.00	4000
0	1	9	0.52	1766	2918	0.21	80	0	0	0	80.99	0	29.20	0.01	0.44	1.22	97.85	26.20
4	2	63	2.70	2345	2918	0.96	477	0	0	2	71.72	3	37.27	0.02	1.87	8.60	87.02	18.30	6.13	72.47	50	0
4	3	3	0.12	2890	2918	0.88	22	0	0	0	86.71	0	42.81	0.01	0.28	0.00	99.60	18.30
8	4	62	1.89	3266	2918	1.07	267	0	0	2	63.80	3	41.36	0.01	1.76	3.30	93.29	13.38	5.12	68.75	53	0
8	5	510	11.45	4452	2918	1.55	518	0	0	17	35.63	34	36.01	0.01	0.98	4.00	83.62	13.38
12	6	252	6.19	4072	2918	0.60	457	0	0	3	53.51	8	54.84	0.00	2.60	7.33	84.06	25.68	4.23	63.06	54	0
12	7	32	0.89	3587	2918	0.91	114	0	0	1	74.84	2	36.31	0.03	1.89	0.13	97.13	25.68
16	8	42	2.09	1997	2918	0.71	330	0	0	2	65.62	3	38.87	0.01	1.13	7.16	89.82	13.72	5.63	77.34	53	0
16	9	21	0.66	3194	2918	0.90	88	0	0	1	77.42	1	32.07	0.02	0.09	0.98	98.31	13.72
20	10	52	2.83	1829	2918	0.33	539	0	0	2	59.89	3	26.55	0.03	1.73	10.56	85.10	16.46	7.61	72.61	54	0
20	11	3	0.21	1461	2918	0.54	60	0	0	0	85.20	0	30.91	0.00	0.03	0.96	98.81	16.46
24	12	29	1.22	2414	2918	0.74	168	0	0	1	65.04	2	47.88	0.00	0.33	2.26	96.24	3.23	95.45	0.00	57	0
25	13	28	1.38	2006	2918	0.75	224	0	0	1	67.25	2	50.29	0.00	0.46	5.39	92.84	2.33	95.94	0.00	56	0
26	14	27	1.43	1894	2918	0.73	283	0	0	1	68.59	2	47.26	0.00	0.76	6.91	90.99	5.62	92.52	0.00	56	0
27	15	3	0.14	2316	2918	0.73	17	0	0	0	51.51	0	48.88	0.00	0.00	0.07	99.80	0.00	100.42	0.00	56	0
Core	CPU	Avg_MHz	Busy%	Bzy_MHz	TSC_MHz	IPC	IRQ	NMI	SMI	LLCMRPS	LLC%hit	L2MRPS	L2%hit	POLL%	C1ACPI%	C2ACPI%	C3ACPI%	CPU%c1	CPU%c6	CPU%c7	CoreTmp	CoreThr	PkgTmp	GFX%rc6	GFXMHz	GFXAMHz	Totl%C0	Any%C0	GFX%C0	CPUGFX%	Pkg%pc2	Pkg%pc3	Pkg%pc6	Pkg%pc8	Pk%pc10	CPU%LPI	SYS%LPI	PkgWatt	CorWatt	GFXWatt	RAMWatt	PKG_%	RAM_%	UncMHz	SysWatt
-	-	79	2.33	3394	2918	1.20	4196	0	0	35	54.53	70	39.88	0.02	1.18	3.93	92.66	19.06	40.51	39.81	56	0	57	99.12	300	300	40.05	25.98	0.78	0.28	11.10	0.52	6.50	1.00	0.00	0.00	0.00	8.63	4.74	0.00	0.00	0.00	0.00	4000	0.51
0	0	74	2.44	3017	2918	1.15	262	0	0	2	67.70	4	35.40	0.06	0.96	3.27	93.49	17.36	2.97	76.34	53	0	57	99.12	300	300	40.05	25.98	0.78	0.28	11.10	0.52	6.50	1.00	0.00	0.00	0.00	8.63	4.74	0.00	0.00	0.00	0.00	4000
0	1	11	0.54	2045	2918	0.18	116	0	0	0	82.63	0	29.31	0.00	0.38	2.53	96.59	17.36
4	2	73	2.41	3010	2918	1.11	353	0	0	2	69.82	3	32.29	0.02	1.49	4.25	91.97	14.14	2.98	80.30	51	0
4	3	1	0.04	2267	2918	0.57	8	0	0	0	88.54	0	30.51	0.00	0.01	0.00	99.95	14.14
8	4	63	2.43	2579	2918	1.22	426	0	0	2	63.52	4	48.77	0.00	2.29	8.50	87.09	29.41	5.61	51.81	52	0
8	5	479	10.71	4473	2918	1.36	439	0	0	15	38.11	28	32.32	0.02	2.40	1.11	85.82	29.40
12	6	113	3.26	3472	2918	0.99	370	0	0	2	56.40	6	59.31	0.03	1.17	6.41	89.32	20.40	4.35	70.87	52	0
12	7	62	1.56	3988	2918	1.12	179	0	0	1	61.82	3	40.21	0.07	1.92	0.40	96.15	20.40
16	8	109	3.08	3530	2918	1.49	291	0	0	4	78.41	8	51.16	0.00	0.99	4.05	92.03	21.14	2.87	71.83	56	0
16	9	64	1.66	3847	2918	1.24	199	0	0	2	68.30	3	40.32	0.03	2.06	0.87	95.45	21.14
20	10	97	3.80	2561	2918	0.82	722	0	0	3	61.40	5	32.75	0.10	3.53	14.67	78.30	42.91	6.09	46.95	54	0
20	11	1	0.12	1104	2918	0.65	27	0	0	0	82.12	0	32.76	0.00	0.19	0.00	99.70	42.91
24	12	29	1.15	2484	2918	1.19	180	0	0	1	60.09	1	48.82	0.02	0.33	4.25	94.32	3.56	95.32	0.00	56	0
25	13	32	1.75	1842	2918	0.66	275	0	0	1	60.98	2	46.34	0.00	0.53	6.51	91.30	5.70	92.14	0.00	56	0
26	14	46	1.69	2707	2918	1.16	238	0	0	1	57.09	2	50.84	0.00	0.50	3.39	94.48	4.01	94.18	0.00	56	0
27	15	12	0.62	1879	2918	0.72	111	0	0	0	59.91	1	48.00	0.00	0.19	2.60	96.63	0.92	98.60	0.00	56	0
Core	CPU	Avg_MHz	Busy%	Bzy_MHz	TSC_MHz	IPC	IRQ	NMI	SMI	LLCMRPS	LLC%hit	L2MRPS	L2%hit	POLL%	C1ACPI%	C2ACPI%	C3ACPI%	CPU%c1	CPU%c6	CPU%c7	CoreTmp	CoreThr	PkgTmp	GFX%rc6	GFXMHz	GFXAMHz	Totl%C0	Any%C0	GFX%C0	CPUGFX%	Pkg%pc2	Pkg%pc3	Pkg%pc6	Pkg%pc8	Pk%pc10	CPU%LPI	SYS%LPI	PkgWatt	CorWatt	GFXWatt	RAMWatt	PKG_%	RAM_%	UncMHz	SysWatt
-	-	67	2.03	3299	2918	0.89	3394	0	0	28	52.14	52	37.07	0.02	1.02	2.95	94.08	12.95	40.45	45.10	56	0	56	99.09	300	300	36.25	25.59	0.86	0.42	15.70	0.37	15.45	2.78	0.00	0.00	0.00	7.16	3.79	0.01	0.00	0.00	0.00	4000	0.36
0	0	56	2.24	2496	2918	0.63	208	0	0	2	76.59	3	26.26	0.08	0.89	4.08	92.96	14.48	3.21	79.31	53	0	56	99.08	300	300	36.25	25.59	0.86	0.42	15.70	0.37	15.45	2.78	0.00	0.00	0.00	7.16	3.79	0.01	0.00	0.00	0.00	4000
0	1	3	0.20	1608	2918	0.36	44	0	0	0	71.24	0	30.05	0.00	0.02	0.02	99.77	14.48
4	2	61	2.32	2630	2918	0.50	343	0	0	2	69.39	3	26.81	0.04	1.23	4.87	91.73	12.36	3.56	81.44	49	0
4	3	2	0.08	2404	2918	0.99	7	0	0	0	72.90	0	34.68	0.00	0.00	0.00	99.92	12.36
8	4	125	3.62	3460	2918	0.43	389	0	0	1	64.64	3	43.90	0.00	1.60	7.34	87.70	14.28	6.56	66.31	54	0
8	5	422	9.52	4428	2918	1.18	458	0	0	12	35.79	22	30.15	0.00	1.42	1.93	87.17	14.28
12	6	131	3.84	3422	2918	0.66	426	0	0	2	58.42	5	50.96	0.01	2.76	6.02	87.57	20.10	3.58	71.69	51	0
12	7	18	0.51	3449	2918	0.92	63	0	0	1	75.87	1	35.05	0.05	0.96	0.54	98.01	20.10
16	8	75	2.23	3342	2918	1.23	272	0	0	2	54.43	5	56.74	0.01	1.78	3.05	93.08	24.64	1.37	70.94	56	0
16	9	32	0.91	3561	2918	0.97	116	0	0	1	71.61	2	34.90	0.06	1.69	0.00	97.43	24.64
20	10	59	2.58	2288	2918	0.76	373	0	0	2	60.90	4	30.17	0.01	1.16	7.10	89.33	10.42	5.36	81.29	52	0
20	11	2	0.15	1562	2918	0.56	28	0	0	0	84.37	0	29.62	0.00	0.34	0.00	99.52	10.42
24	12	32	1.56	2069	2918	0.72	228	0	0	1	66.25	2	43.86	0.01	0.88	4.57	93.07	6.37	91.79	0.00	56	0
25	13	21	1.07	2013	2918	0.72	162	0	0	0	71.37	1	47.33	0.02	0.79	2.89	95.30	4.60	94.29	0.00	56	0
26	14	21	0.94	2215	2918	0.78	159	0	0	0	62.96	1	52.85	0.01	0.75	2.25	96.10	3.57	95.54	0.00	56	0
27	15	12	0.75	1584	2918	0.41	118	0	0	0	62.24	1	41.35	0.00	0.07	2.60	96.62	0.08	99.28	0.00	56	0
Core	CPU	Avg_MHz	Busy%	Bzy_MHz	TSC_MHz	IPC	IRQ	NMI	SMI	LLCMRPS	LLC%hit	L2MRPS	L2%hit	POLL%	C1ACPI%	C2ACPI%	C3ACPI%	CPU%c1	CPU%c6	CPU%c7	CoreTmp	CoreThr	PkgTmp	GFX%rc6	GFXMHz	GFXAMHz	Totl%C0	Any%C0	GFX%C0	CPUGFX%	Pkg%pc2	Pkg%pc3	Pkg%pc6	Pkg%pc8	Pk%pc10	CPU%LPI	SYS%LPI	PkgWatt	CorWatt	GFXWatt	RAMWatt	PKG_%	RAM_%	UncMHz	SysWatt
-	-	59	1.93	3080	2918	0.99	3392	0	0	29	54.21	53	35.27	0.01	0.92	3.35	93.89	14.76	40.64	43.64	56	0	56	99.05	300	300	35.02	24.30	0.86	0.33	16.88	0.32	11.39	1.24	0.00	0.00	0.00	7.36	3.74	0.00	0.00	0.00	0.00	4000	0.39
0	0	40	1.75	2282	2918	0.84	196	0	0	2	77.93	2	25.92	0.02	0.58	3.73	94.12	12.38	2.91	81.68	53	0	56	99.07	300	300	35.03	24.30	0.86	0.33	16.88	0.32	11.40	1.24	0.00	0.00	0.00	7.36	3.74	0.00	0.00	0.00	0.00	4000
0	1	17	0.65	2627	2918	0.10	71	0	0	0	82.29	0	27.39	0.00	0.20	0.42	98.77	12.38
4	2	54	2.28	2378	2918	0.66	379	0	0	2	71.27	3	26.08	0.01	1.62	5.70	90.57	16.83	5.02	75.43	51	0
4	3	2	0.09	2144	2918	0.95	29	0	0	0	80.39	0	27.50	0.00	0.01	0.59	99.32	16.83
8	4	50	2.05	2446	2918	0.99	348	0	0	2	64.25	3	38.42	0.00	2.20	7.96	88.09	20.69	7.17	61.07	52	0
8	5	403	9.22	4371	2918	1.22	405	0	0	12	37.27	22	29.73	0.02	1.78	1.99	87.06	20.69
12	6	97	3.30	2931	2918	0.93	439	0	0	2	50.82	6	56.84	0.00	2.19	7.60	87.14	31.54	2.72	61.43	52	0
12	7	31	0.91	3387	2918	1.12	120	0	0	1	71.87	2	34.65	0.04	1.71	0.38	97.03	31.54
16	8	82	2.77	2974	2918	0.87	319	0	0	2	56.51	4	48.28	0.00	1.31	5.16	90.93	20.08	3.25	72.67	54	0
16	9	30	0.84	3605	2918	1.02	85	0	0	1	76.77	2	32.86	0.04	0.82	0.05	98.32	20.08
20	10	42	1.65	2518	2918	0.72	203	0	0	2	76.84	3	27.14	0.04	0.77	2.66	95.06	10.51	3.12	84.17	52	0
20	11	2	0.19	1072	2918	0.45	53	0	0	0	87.40	0	23.76	0.00	0.00	0.95	98.88	10.51
24	12	21	1.10	1877	2918	0.55	145	0	0	1	71.31	1	40.16	0.00	0.56	2.64	95.76	3.53	95.31	0.00	56	0
25	13	16	0.93	1705	2918	0.84	150	0	0	0	69.86	1	42.28	0.00	0.17	3.30	95.65	0.75	98.29	0.00	56	0
26	14	21	0.98	2162	2918	0.82	141	0	0	1	53.08	1	32.35	0.00	0.44	3.00	95.63	0.49	98.61	0.00	56	0
27	15	43	2.16	1991	2918	0.60	309	0	0	1	58.04	2	40.34	0.02	0.34	7.55	90.06	7.31	89.96	0.00	56	0
Core	CPU	Avg_MHz	Busy%	Bzy_MHz	TSC_MHz	IPC	IRQ	NMI	SMI	LLCMRPS	LLC%hit	L2MRPS	L2%hit	POLL%	C1ACPI%	C2ACPI%	C3ACPI%	CPU%c1	CPU%c6	CPU%c7	CoreTmp	CoreThr	PkgTmp	GFX%rc6	GFXMHz	GFXAMHz	Totl%C0	Any%C0	GFX%C0	CPUGFX%	Pkg%pc2	Pkg%pc3	Pkg%pc6	Pkg%pc8	Pk%pc10	CPU%LPI	SYS%LPI	PkgWatt	CorWatt	GFXWatt	RAMWatt	PKG_%	RAM_%	UncMHz	SysWatt
-	-	64	2.01	3186	2918	0.92	3564	0	0	27	54.59	51	35.80	0.01	0.78	3.99	93.32	15.04	41.47	42.72	56	0	56	99.01	300	300	36.36	25.58	0.90	0.33	13.14	0.15	10.30	1.50	0.00	0.00	0.00	7.52	3.91	0.01	0.00	0.00	0.00	4000	0.38
0	0	26	1.40	1864	2918	0.96	139	0	0	1	76.72	2	37.47	0.00	0.40	3.41	94.96	10.51	3.74	83.36	52	0	56	99.00	300	300	36.36	25.58	0.90	0.33	13.14	0.15	10.30	1.50	0.00	0.00	0.00	7.52	3.91	0.01	0.00	0.00	0.00	4000
0	1	8	0.52	1514	2918	0.26	98	0	0	0	83.35	0	27.21	0.04	0.22	1.99	97.31	10.51
4	2	70	2.83	2472	2918	0.79	343	0	0	3	66.02	4	25.77	0.02	0.93	6.53	89.90	9.30	5.82	81.45	49	0
4	3	1	0.05	2102	2918	0.66	10	0	0	0	89.71	0	33.99	0.00	0.00	0.00	99.95	9.30
8	4	284	7.31	3885	2918	1.13	694	0	0	7	43.28	14	33.38	0.01	2.64	10.48	79.84	23.07	6.66	58.28	51	0
8	5	207	4.70	4400	2918	1.21	212	0	0	6	38.07	11	30.05	0.00	0.53	1.36	93.43	23.07
12	6	159	4.48	3555	2918	0.45	395	0	0	2	62.94	3	43.97	0.02	1.23	6.60	87.89	26.49	3.04	65.22	51	0
12	7	30	0.83	3667	2918	1.05	87	0	0	1	72.76	2	36.32	0.04	1.30	0.05	97.85	26.49
16	8	86	2.98	2896	2918	0.82	427	0	0	2	58.60	5	56.51	0.00	1.79	8.81	86.67	33.14	3.46	59.47	53	0
16	9	30	0.84	3575	2918	1.09	125	0	0	1	72.85	2	33.64	0.05	1.69	0.68	96.83	33.14
20	10	42	1.89	2219	2918	0.70	295	0	0	2	72.63	3	27.55	0.02	0.86	6.44	90.96	13.85	4.46	79.42	51	0
20	11	2	0.14	1069	2918	0.60	25	0	0	0	81.61	0	30.65	0.00	0.00	0.06	99.81	13.85
24	12	29	1.76	1671	2918	0.50	314	0	0	1	64.97	2	36.00	0.01	0.39	8.34	89.63	4.36	93.33	0.00	56	0
25	13	16	0.70	2274	2918	0.85	92	0	0	0	63.51	1	47.41	0.00	0.20	1.33	97.80	1.39	98.08	0.00	56	0
26	14	11	0.80	1392	2918	0.22	194	0	0	0	73.86	1	35.27	0.00	0.12	5.71	93.42	1.89	97.20	0.00	56	0
27	15	21	0.87	2402	2918	0.83	114	0	0	0	66.88	1	51.54	0.00	0.24	2.01	96.92	0.24	98.88	0.00	56	0
Core	CPU	Avg_MHz	Busy%	Bzy_MHz	TSC_MHz	IPC	IRQ	NMI	SMI	LLCMRPS	LLC%hit	L2MRPS	L2%hit	POLL%	C1ACPI%	C2ACPI%	C3ACPI%	CPU%c1	CPU%c6	CPU%c7	CoreTmp	CoreThr	PkgTmp	GFX%rc6	GFXMHz	GFXAMHz	Totl%C0	Any%C0	GFX%C0	CPUGFX%	Pkg%pc2	Pkg%pc3	Pkg%pc6	Pkg%pc8	Pk%pc10	CPU%LPI	SYS%LPI	PkgWatt	CorWatt	GFXWatt	RAMWatt	PKG_%	RAM_%	UncMHz	SysWatt
-	-	68	2.14	3161	2918	1.03	4590	0	0	29	52.71	60	42.40	0.02	1.32	5.29	91.35	16.00	38.09	43.79	55	0	56	99.01	300	300	38.20	25.76	0.91	0.40	15.40	0.22	9.99	1.76	0.00	0.00	0.00	7.77	4.09	0.01	0.00	0.00	0.00	4000	0.41
0	0	78	2.57	3048	2918	0.79	258	0	0	2	72.52	4	39.45	0.02	1.25	4.75	91.60	13.98	2.42	79.96	51	0	56	99.00	300	300	38.20	25.76	0.91	0.40	15.40	0.22	9.99	1.76	0.00	0.00	0.00	7.77	4.09	0.01	0.00	0.00	0.00	4000
0	1	10	0.53	1893	2918	0.29	169	0	0	0	78.30	1	36.33	0.00	0.39	3.99	95.12	13.98
4	2	67	2.41	2763	2918	1.09	370	0	0	2	72.43	3	43.40	0.05	2.18	5.88	89.68	16.88	2.87	77.51	49	0
4	3	3	0.14	1803	2918	0.72	68	0	0	0	85.41	0	38.32	0.00	0.13	2.24	97.50	16.88
8	4	77	2.92	2624	2918	1.15	436	0	0	3	59.30	5	32.68	0.00	1.86	9.16	86.35	17.64	7.62	62.99	51	0
8	5	376	8.56	4399	2918	1.18	360	0	0	11	35.17	20	29.77	0.03	1.36	1.71	88.41	17.64
12	6	112	3.15	3544	2918	1.00	337	0	0	1	67.63	7	80.90	0.03	1.81	4.42	90.77	22.75	2.11	70.96	50	0
12	7	34	0.98	3437	2918	0.94	149	0	0	1	72.17	2	36.61	0.05	1.46	2.33	95.27	22.75
16	8	111	3.84	2883	2918	0.98	643	0	0	4	51.50	8	45.47	0.03	3.76	11.89	80.76	29.69	4.93	60.79	55	0
16	9	28	0.82	3371	2918	0.99	165	0	0	1	71.11	1	38.72	0.07	1.78	3.07	94.37	29.69
20	10	40	1.59	2526	2918	0.68	267	0	0	2	72.55	3	28.23	0.04	1.25	5.04	92.26	9.95	2.37	85.69	51	0
20	11	2	0.17	1424	2918	0.62	35	0	0	0	79.84	0	30.25	0.01	0.14	0.12	99.58	9.95
24	12	47	1.85	2513	2918	1.15	297	0	0	1	60.09	2	59.00	0.02	1.20	5.72	91.29	8.90	89.08	0.00	54	0
25	13	36	1.86	1941	2918	0.67	342	0	0	1	51.61	2	46.93	0.00	0.44	8.34	89.46	6.08	91.79	0.00	54	0
26	14	23	1.28	1806	2918	0.56	421	0	0	1	49.13	1	46.02	0.01	1.05	10.28	87.49	10.01	88.53	0.00	54	0
27	15	40	1.59	2544	2918	0.93	273	0	0	1	58.12	2	56.67	0.00	1.03	5.74	91.71	9.21	89.15	0.00	54	0
Core	CPU	Avg_MHz	Busy%	Bzy_MHz	TSC_MHz	IPC	IRQ	NMI	SMI	LLCMRPS	LLC%hit	L2MRPS	L2%hit	POLL%	C1ACPI%	C2ACPI%	C3ACPI%	CPU%c1	CPU%c6	CPU%c7	CoreTmp	CoreThr	PkgTmp	GFX%rc6	GFXMHz	GFXAMHz	Totl%C0	Any%C0	GFX%C0	CPUGFX%	Pkg%pc2	Pkg%pc3	Pkg%pc6	Pkg%pc8	Pk%pc10	CPU%LPI	SYS%LPI	PkgWatt	CorWatt	GFXWatt	RAMWatt	PKG_%	RAM_%	UncMHz	SysWatt
-	-	74	2.27	3256	2919	0.90	5871	0	0	30	53.88	59	39.92	0.01	1.59	4.94	91.32	18.81	37.82	41.53	56	0	56	94.47	300	300	40.27	28.78	5.32	2.12	15.34	0.30	11.91	2.64	0.00	0.00	0.00	8.39	4.73	0.03	0.00	0.00	0.00	4000	0.39
0	0	44	1.96	2232	2918	1.07	216	0	0	2	79.25	3	36.09	0.00	0.45	5.28	92.53	19.17	2.81	74.88	53	0	56	94.45	300	300	40.27	28.77	5.32	2.12	15.34	0.30	11.90	2.64	0.00	0.00	0.00	8.38	4.73	0.03	0.00	0.00	0.00	4000
0	1	10	0.60	1694	2918	0.68	206	0	0	0	74.20	1	34.69	0.02	0.63	1.45	97.37	19.17
4	2	68	2.62	2601	2918	0.65	467	0	0	2	70.95	4	38.45	0.03	1.41	8.57	87.58	16.23	3.60	77.30	50	0
4	3	1	0.07	870	2918	0.48	21	0	0	0	89.24	0	29.28	0.00	0.00	0.62	99.32	16.23
8	4	127	4.21	3025	2918	1.20	668	0	0	3	52.11	8	55.87	0.00	2.97	16.40	76.84	33.51	6.49	46.41	53	0
8	5	425	9.51	4464	2918	1.20	407	0	0	12	35.86	23	30.26	0.02	2.20	1.19	87.13	33.51
12	6	174	5.01	3465	2918	0.48	528	0	0	2	63.37	4	51.11	0.01	1.95	11.22	82.08	32.47	3.25	57.77	53	0
12	7	59	1.56	3788	2918	0.92	184	0	0	2	70.50	4	49.46	0.03	1.42	2.47	94.59	32.47
16	8	99	2.90	3399	2918	0.65	343	0	0	2	69.63	4	46.41	0.01	2.36	5.45	89.45	15.85	2.25	78.71	56	0
16	9	2	0.08	3166	2918	0.72	105	0	0	0	70.61	0	41.35	0.00	0.00	0.00	99.93	15.85
20	10	49	1.89	2606	2918	0.74	294	0	0	2	71.05	3	29.84	0.03	1.87	4.78	91.59	15.08	2.42	80.24	54	0
20	11	1	0.10	1394	2918	0.55	27	0	0	0	81.05	0	41.00	0.00	0.18	0.00	99.73	15.08
24	12	51	2.04	2475	2918	0.50	1606	0	0	1	59.04	1	46.53	0.00	8.86	3.52	85.73	15.36	82.49	0.00	54	0
25	13	31	1.46	2097	2918	0.29	350	0	0	0	65.78	1	44.60	0.00	0.76	4.85	92.99	13.75	84.86	0.00	54	0
26	14	18	1.06	1719	2918	0.56	261	0	0	0	65.95	1	44.84	0.00	0.17	9.16	89.67	6.41	92.37	0.00	56	0
27	15	23	1.22	1910	2918	0.72	188	0	0	1	66.25	1	46.08	0.00	0.19	4.13	94.53	0.83	97.69	0.00	56	0
Core	CPU	Avg_MHz	Busy%	Bzy_MHz	TSC_MHz	IPC	IRQ	NMI	SMI	LLCMRPS	LLC%hit	L2MRPS	L2%hit	POLL%	C1ACPI%	C2ACPI%	C3ACPI%	CPU%c1	CPU%c6	CPU%c7	CoreTmp	CoreThr	PkgTmp	GFX%rc6	GFXMHz	GFXAMHz	Totl%C0	Any%C0	GFX%C0	CPUGFX%	Pkg%pc2	Pkg%pc3	Pkg%pc6	Pkg%pc8	Pk%pc10	CPU%LPI	SYS%LPI	PkgWatt	CorWatt	GFXWatt	RAMWatt	PKG_%	RAM_%	UncMHz	SysWatt
-	-	69	2.23	3093	2918	0.99	5002	1	0	32	56.33	61	38.99	0.01	1.20	5.67	91.01	20.20	41.10	38.34	55	0	56	93.72	300	300	39.76	27.80	5.44	2.18	6.93	0.03	2.41	0.00	0.00	0.00	0.00	8.85	4.74	0.03	0.00	0.00	0.00	4000	0.41
0	0	20	1.32	1493	2918	0.47	204	0	0	1	89.06	1	26.44	0.00	0.34	5.69	92.92	24.13	4.60	67.35	52	0	56	93.75	300	300	39.76	27.80	5.44	2.18	6.93	0.03	2.41	0.00	0.00	0.00	0.00	8.86	4.74	0.03	0.00	0.00	0.00	4000
0	1	47	1.98	2370	2918	0.76	485	0	0	2	77.18	3	30.42	0.06	1.73	5.96	90.45	24.12
4	2	59	2.35	2512	2918	0.60	373	0	0	2	81.52	3	41.01	0.03	1.34	6.81	89.68	13.69	4.40	79.21	49	0
4	3	1	0.05	2478	2918	0.65	9	0	0	0	80.53	0	35.79	0.00	0.00	0.00	99.95	13.69
8	4	137	5.07	2696	2918	0.81	1042	0	0	4	53.27	8	49.00	0.02	5.70	25.46	64.29	61.44	7.43	16.88	53	0
8	5	426	9.65	4417	2918	1.20	612	1	0	12	36.22	23	30.43	0.01	2.18	5.49	82.73	61.44
12	6	140	4.17	3366	2918	0.94	525	0	0	3	64.19	7	52.88	0.05	2.36	9.47	84.26	33.86	4.54	56.29	51	0
12	7	42	1.21	3429	2918	0.78	172	0	0	1	70.45	3	37.49	0.03	1.08	0.58	97.17	33.86
16	8	114	3.34	3400	2918	1.19	311	0	0	3	66.51	6	45.04	0.01	1.25	5.55	90.00	10.93	2.44	82.95	52	0
16	9	2	0.08	2828	2918	0.68	47	0	0	0	81.59	0	40.98	0.00	0.00	0.00	99.92	10.93
20	10	29	1.91	1498	2918	0.52	371	0	0	2	81.82	2	25.90	0.00	1.72	7.81	88.76	11.10	5.67	80.76	51	0
20	11	2	0.12	1355	2918	0.59	23	0	0	0	85.43	0	32.36	0.00	0.00	0.26	99.63	11.10
24	12	20	1.01	1940	2918	0.79	209	0	0	0	72.82	1	49.20	0.00	0.49	5.41	93.16	4.43	94.31	0.00	55	0
25	13	22	1.24	1795	2918	0.74	249	0	0	1	72.56	1	45.07	0.00	0.42	5.09	93.32	3.82	94.60	0.00	55	0
26	14	21	1.04	1981	2918	0.90	189	0	0	0	70.05	1	45.78	0.00	0.18	3.76	95.08	0.91	97.90	0.00	55	0
27	15	23	1.12	2029	2918	0.80	181	0	0	0	65.61	1	51.67	0.00	0.45	3.41	95.07	3.79	95.03	0.00	55	0
Core	CPU	Avg_MHz	Busy%	Bzy_MHz	TSC_MHz	IPC	IRQ	NMI	SMI	LLCMRPS	LLC%hit	L2MRPS	L2%hit	POLL%	C1ACPI%	C2ACPI%	C3ACPI%	CPU%c1	CPU%c6	CPU%c7	CoreTmp	CoreThr	PkgTmp	GFX%rc6	GFXMHz	GFXAMHz	Totl%C0	Any%C0	GFX%C0	CPUGFX%	Pkg%pc2	Pkg%pc3	Pkg%pc6	Pkg%pc8	Pk%pc10	CPU%LPI	SYS%LPI	PkgWatt	CorWatt	GFXWatt	RAMWatt	PKG_%	RAM_%	UncMHz	SysWatt
-	-	84	2.56	3262	2918	1.00	4635	0	0	34	56.12	65	38.35	0.01	1.28	5.35	90.93	21.41	41.74	36.22	55	0	56	94.37	300	300	45.85	30.81	4.87	2.01	8.50	0.10	2.55	0.00	0.00	0.00	0.00	9.17	5.10	0.03	0.00	0.00	0.00	4000	0.46
0	0	54	2.14	2506	2918	0.73	269	0	0	1	73.58	3	56.46	0.00	0.85	6.48	90.77	26.24	5.30	63.32	52	0	56	94.37	300	300	45.85	30.82	4.87	2.01	8.50	0.10	2.55	0.00	0.00	0.00	0.00	9.17	5.10	0.03	0.00	0.00	0.00	4000
0	1	75	2.31	3236	2918	1.14	361	0	0	2	68.50	3	35.13	0.04	1.46	3.45	92.87	26.24
4	2	48	2.31	2065	2918	0.40	409	0	0	2	86.14	2	26.60	0.04	1.50	10.02	86.40	19.33	7.08	70.82	49	0
4	3	1	0.05	2323	2918	0.75	5	0	0	0	83.26	0	33.52	0.00	0.00	0.00	99.96	19.33
8	4	144	5.29	2722	2918	0.94	964	0	0	4	55.47	8	43.86	0.02	4.66	21.56	68.96	48.63	9.26	29.69	52	0
8	5	317	7.19	4407	2918	1.22	352	0	0	9	39.94	17	29.89	0.02	1.61	2.35	88.88	48.63
12	6	283	7.46	3790	2918	0.73	579	0	0	5	50.25	9	37.54	0.03	2.36	12.14	78.32	31.92	7.26	51.37	52	0
12	7	69	1.72	4036	2918	1.40	171	0	0	2	64.08	4	38.17	0.03	2.40	0.79	95.14	31.92
16	8	100	3.10	3228	2918	0.93	405	0	0	3	64.26	5	45.89	0.04	2.65	6.63	87.80	29.25	4.29	62.46	53	0
16	9	20	0.70	2867	2918	0.37	79	0	0	1	74.96	2	28.93	0.00	0.17	0.71	98.46	29.25
20	10	54	2.11	2546	2918	1.39	248	0	0	2	73.42	3	31.12	0.01	0.97	4.07	92.99	10.35	2.56	84.53	51	0
20	11	2	0.09	1827	2918	0.48	15	0	0	0	88.78	0	31.01	0.00	0.00	0.00	99.92	10.35
24	12	34	1.20	2820	2918	1.28	110	0	0	1	53.53	1	48.80	0.00	0.17	2.46	96.20	1.16	97.74	0.00	55	0
25	13	49	1.89	2612	2918	1.27	219	0	0	1	61.05	2	50.45	0.00	0.57	4.05	93.56	5.28	92.67	0.00	55	0
26	14	44	1.72	2569	2918	1.09	230	0	0	1	53.90	2	50.28	0.00	0.61	6.03	91.71	4.16	93.81	0.00	55	0
27	15	43	1.69	2564	2918	0.94	219	0	0	1	51.83	2	50.31	0.00	0.58	4.81	92.99	0.58	97.42	0.00	55	0
Core	CPU	Avg_MHz	Busy%	Bzy_MHz	TSC_MHz	IPC	IRQ	NMI	SMI	LLCMRPS	LLC%hit	L2MRPS	L2%hit	POLL%	C1ACPI%	C2ACPI%	C3ACPI%	CPU%c1	CPU%c6	CPU%c7	CoreTmp	CoreThr	PkgTmp	GFX%rc6	GFXMHz	GFXAMHz	Totl%C0	Any%C0	GFX%C0	CPUGFX%	Pkg%pc2	Pkg%pc3	Pkg%pc6	Pkg%pc8	Pk%pc10	CPU%LPI	SYS%LPI	PkgWatt	CorWatt	GFXWatt	RAMWatt	PKG_%	RAM_%	UncMHz	SysWatt
-	-	64	2.11	3026	2919	0.93	4267	0	0	30	57.44	55	35.89	0.01	0.98	5.30	91.74	17.98	40.96	39.97	55	0	56	94.45	300	300	38.60	28.15	4.82	2.05	11.20	0.13	3.23	0.00	0.00	0.00	0.00	8.35	4.32	0.03	0.00	0.00	0.00	4000	0.39
0	0	18	1.38	1274	2918	0.65	174	0	0	1	86.49	1	25.92	0.00	0.38	4.44	94.01	12.00	3.90	80.58	52	0	56	94.43	300	300	38.60	28.15	4.82	2.05	11.19	0.13	3.23	0.00	0.00	0.00	0.00	8.35	4.32	0.03	0.00	0.00	0.00	4000
0	1	26	1.21	2164	2918	1.01	272	0	0	1	80.11	2	28.62	0.01	0.73	1.43	96.72	12.00
4	2	59	2.56	2309	2918	0.70	393	0	0	2	76.73	3	30.25	0.02	1.41	7.51	88.71	14.77	6.16	75.96	48	0
4	3	1	0.05	1783	2918	0.76	4	0	0	0	90.66	0	29.72	0.00	0.00	0.00	99.95	14.77
8	4	111	4.42	2509	2918	0.56	901	0	0	3	60.35	6	37.18	0.02	4.21	21.28	70.56	46.83	10.72	28.84	51	0
8	5	414	9.38	4418	2918	1.17	440	0	0	12	37.73	21	30.37	0.00	1.54	3.56	85.56	46.83
12	6	157	4.76	3301	2918	0.80	490	0	0	3	56.53	7	51.80	0.00	2.01	10.96	82.58	37.18	5.62	50.77	52	0
12	7	43	1.32	3267	2918	0.86	159	0	0	2	72.02	3	33.41	0.01	1.35	1.81	95.59	37.18
16	8	68	2.54	2693	2918	0.94	345	0	0	3	70.06	5	41.56	0.00	1.28	6.45	89.89	11.88	5.03	80.20	55	0
16	9	1	0.05	2078	2918	0.73	10	0	0	0	83.75	0	36.50	0.00	0.09	0.00	99.86	11.88
20	10	36	1.61	2265	2918	0.87	258	0	0	2	80.71	3	27.10	0.02	0.77	5.41	92.36	11.01	3.81	83.31	51	0
20	11	1	0.09	1218	2918	0.55	21	0	0	0	87.51	0	30.43	0.00	0.00	0.00	99.91	11.01
24	12	23	1.18	1909	2918	0.55	204	0	0	1	69.68	1	41.82	0.00	0.29	5.89	92.72	3.81	94.72	0.00	55	0
25	13	22	1.00	2163	2918	0.86	168	0	0	0	62.89	1	49.58	0.00	0.25	3.98	94.83	4.45	94.60	0.00	55	0
26	14	18	0.86	2145	2918	0.86	134	0	0	0	70.13	1	53.84	0.00	0.22	3.07	95.89	2.56	96.50	0.00	55	0
27	15	25	1.43	1749	2918	0.58	294	0	0	1	74.80	1	44.23	0.03	1.10	9.04	88.53	9.49	88.58	0.00	55	0
Core	CPU	Avg_MHz	Busy%	Bzy_MHz	TSC_MHz	IPC	IRQ	NMI	SMI	LLCMRPS	LLC%hit	L2MRPS	L2%hit	POLL%	C1ACPI%	C2ACPI%	C3ACPI%	CPU%c1	CPU%c6	CPU%c7	CoreTmp	CoreThr	PkgTmp	GFX%rc6	GFXMHz	GFXAMHz	Totl%C0	Any%C0	GFX%C0	CPUGFX%	Pkg%pc2	Pkg%pc3	Pkg%pc6	Pkg%pc8	Pk%pc10	CPU%LPI	SYS%LPI	PkgWatt	CorWatt	GFXWatt	RAMWatt	PKG_%	RAM_%	UncMHz	SysWatt
-	-	330	7.76	4253	2913	1.51	9689	0	0	132	58.59	360	56.32	0.03	2.81	7.85	81.51	26.88	37.07	26.80	78	0	84	94.13	433	450	122.55	64.60	4.74	3.18	9.48	0.06	1.33	0.00	0.00	0.00	0.00	21.60	16.74	0.04	0.00	0.00	0.00	4000	2.00
0	0	303	8.34	3628	2918	1.33	290	0	0	7	61.48	23	66.63	0.05	4.00	14.93	73.03	42.65	4.82	42.04	71	0	84	94.56	433	450	122.87	64.77	4.76	3.19	9.50	0.06	1.33	0.00	0.00	0.00	0.00	21.70	16.82	0.04	0.00	0.00	0.00	4000
0	1	68	2.02	3393	2918	0.94	171	0	0	2	64.49	3	36.91	0.07	2.24	1.68	94.14	42.65
4	2	150	4.46	3376	2918	0.56	305	0	0	3	65.07	5	36.16	0.02	4.94	10.91	79.93	45.77	2.86	46.08	61	0
4	3	21	0.63	3311	2918	1.00	156	0	0	0	78.20	1	45.67	0.02	3.25	0.48	95.67	45.76
8	4	455	10.61	4284	2918	1.15	467	0	0	9	47.84	20	40.53	0.04	4.42	18.98	66.33	25.82	9.72	26.47	62	0
8	5	1480	31.49	4698	2918	1.58	389	0	0	37	54.12	116	62.30	0.00	2.23	7.88	58.42	25.82
12	6	1678	36.04	4657	2918	1.79	5507	0	0	51	58.17	135	53.46	0.00	3.04	8.79	52.23	19.16	5.87	37.83	78	0
12	7	79	2.01	3961	2918	1.30	59	0	0	1	67.61	3	47.54	0.10	1.62	1.95	94.48	19.09
16	8	435	10.37	4198	2918	1.67	707	0	0	3	67.01	15	79.52	0.00	2.36	11.95	75.50	31.87	6.37	50.71	73	0
16	9	20	0.58	3490	2918	0.92	79	0	0	0	74.99	1	50.08	0.03	3.48	1.71	94.26	31.87
20	10	273	6.41	4260	2918	1.52	209	0	0	12	72.29	24	42.01	0.08	2.15	7.61	83.94	24.56	2.86	65.06	58	0
20	11	49	1.33	3679	2918	1.16	719	0	0	1	64.71	2	51.24	0.04	2.56	5.08	91.11	24.56
24	12	77	2.76	2787	2918	0.75	170	0	0	1	55.70	4	54.73	0.00	3.08	9.80	84.46	18.23	78.64	0.00	67	0
25	13	119	4.03	2945	2918	0.79	228	0	0	2	57.37	5	53.90	0.02	2.10	11.50	82.47	12.16	83.21	0.00	67	0
26	14	47	1.48	3133	2918	0.86	76	0	0	1	53.96	2	56.69	0.03	1.69	2.44	94.42	11.64	87.10	0.00	67	0
27	15	38	1.85	2041	2918	0.58	157	0	0	1	76.28	2	51.03	0.01	1.99	10.13	86.15	8.75	88.68	0.00	67	0
