Core	CPU	Avg_MHz	Busy%	Bzy_MHz	TSC_MHz	IPC	IRQ	NMI	SMI	LLCMRPS	LLC%hit	L2MRPS	L2%hit	POLL%	C1ACPI%	C2ACPI%	C3ACPI%	CPU%c1	CPU%c6	CPU%c7	CoreTmp	CoreThr	PkgTmp	GFX%rc6	GFXMHz	GFXAMHz	Totl%C0	Any%C0	GFX%C0	CPUGFX%	Pkg%pc2	Pkg%pc3	Pkg%pc6	Pkg%pc8	Pk%pc10	CPU%LPI	SYS%LPI	PkgWatt	CorWatt	GFXWatt	RAMWatt	PKG_%	RAM_%	UncMHz	SysWatt
-	-	1020	23.76	4295	2918	1.34	633092	0	0	242	26.89	549	47.05	0.55	11.82	9.12	55.98	44.87	13.52	6.34	86	0	86	89.42	300	300	328.12	97.75	9.65	9.48	0.00	0.00	0.00	0.00	0.00	0.00	0.00	44.15	37.75	0.06	0.00	0.00	0.00	2600	6.22
0	0	1145	28.10	4074	2918	1.25	41140	0	0	20	19.89	41	43.83	0.69	23.28	17.40	31.86	63.22	0.49	2.26	86	0	86	89.50	300	300	328.33	97.81	9.65	9.49	0.00	0.00	0.00	0.00	0.00	0.00	0.00	44.19	37.79	0.06	0.00	0.00	0.00	2600
0	1	637	14.99	4252	2918	0.77	53536	0	0	8	20.71	14	36.05	0.21	8.78	5.91	71.38	63.22
4	2	835	19.28	4329	2918	0.95	48927	0	0	13	28.71	27	42.29	0.27	16.05	14.03	51.36	49.96	1.98	8.74	70	0
4	3	1074	25.45	4219	2918	1.40	11009	0	0	21	14.78	39	40.10	0.17	3.03	0.77	71.04	49.96
8	4	1135	25.77	4403	2918	1.03	36501	0	0	16	28.62	34	46.94	0.25	13.77	5.00	56.22	9.14	0.39	4.13	78	0
8	5	3615	78.78	4588	2918	1.58	13549	0	0	68	28.26	148	38.40	0.18	2.59	0.68	17.98	9.14
12	6	1677	36.41	4606	2918	1.94	14861	0	0	20	54.59	63	62.78	0.04	5.54	3.98	54.20	10.07	0.66	16.96	74	0
12	7	2022	45.30	4464	2918	1.79	8474	0	0	27	20.73	75	60.14	0.19	3.92	0.99	49.90	10.07
16	8	926	21.44	4317	2918	0.97	50963	0	0	11	24.11	25	46.14	0.33	13.00	10.09	56.38	50.43	1.28	23.74	73	0
16	9	557	12.77	4359	2918	0.96	11094	0	0	6	18.13	12	44.05	0.06	2.05	0.58	84.89	50.43
20	10	788	19.03	4141	2918	1.02	33842	0	0	10	25.90	23	48.35	0.26	15.93	18.08	47.63	58.44	1.33	7.54	71	0
20	11	905	21.44	4222	2918	1.27	6774	0	0	16	19.89	32	42.01	0.08	4.74	3.11	70.88	58.43
24	12	306	9.67	3166	2918	0.58	72743	0	0	2	44.33	7	57.79	1.30	24.09	25.97	41.65	68.53	20.68	0.00	64	0
25	13	302	9.22	3271	2918	0.54	75251	0	0	2	37.35	5	49.87	1.93	19.86	15.44	56.64	58.07	31.63	0.00	64	0
26	14	208	6.41	3243	2918	0.57	77235	0	0	1	52.79	3	59.86	1.46	15.79	14.06	65.14	55.80	36.76	0.00	64	0
27	15	198	6.08	3254	2918	0.56	77193	0	0	1	52.40	3	62.90	1.43	16.77	9.81	68.71	52.95	39.96	0.00	64	0
Core	CPU	Avg_MHz	Busy%	Bzy_MHz	TSC_MHz	IPC	IRQ	NMI	SMI	LLCMRPS	LLC%hit	L2MRPS	L2%hit	POLL%	C1ACPI%	C2ACPI%	C3ACPI%	CPU%c1	CPU%c6	CPU%c7	CoreTmp	CoreThr	PkgTmp	GFX%rc6	GFXMHz	GFXAMHz	Totl%C0	Any%C0	GFX%C0	CPUGFX%	Pkg%pc2	Pkg%pc3	Pkg%pc6	Pkg%pc8	Pk%pc10	CPU%LPI	SYS%LPI	PkgWatt	CorWatt	GFXWatt	RAMWatt	PKG_%	RAM_%	UncMHz	SysWatt
-	-	1581	38.44	4111	2920	1.03	19243	1	0	613	11.94	957	32.43	0.31	5.60	5.73	50.34	12.71	29.32	0.74	81	0	81	99.15	300	300	557.79	100.68	0.92	0.92	0.00	0.00	0.00	0.00	0.00	0.00	0.00	50.10	42.73	0.01	0.00	0.00	0.00	2000	7.46
0	0	3154	76.80	4107	2918	1.11	1980	1	0	84	11.87	128	31.85	0.57	5.87	4.40	13.04	17.63	0.00	0.00	79	0	81	99.04	300	300	557.48	100.62	0.92	0.92	0.00	0.00	0.00	0.00	0.00	0.00	0.00	50.05	42.68	0.01	0.00	0.00	0.00	2000
0	1	325	7.96	4083	2918	0.99	1188	0	0	8	26.29	12	32.65	0.12	6.60	17.85	67.69	17.63
4	2	3074	74.07	4150	2918	1.06	1909	0	0	77	11.14	119	31.77	0.62	7.15	2.61	16.24	9.04	0.06	0.64	74	0
4	3	1073	25.74	4169	2918	0.99	1001	0	0	25	12.15	40	32.41	0.22	6.00	7.90	60.41	9.04
8	4	1298	30.99	4189	2918	1.01	1005	0	0	31	12.81	49	33.06	0.27	8.18	2.22	58.66	7.05	0.12	5.04	81	0
8	5	2786	67.56	4124	2918	1.04	1679	0	0	68	12.16	105	32.24	0.47	5.06	1.31	26.11	7.05
12	6	947	22.59	4190	2918	0.84	851	0	0	19	14.48	30	33.38	0.19	6.77	2.73	67.93	5.26	0.00	0.00	74	0
12	7	3745	90.14	4155	2918	1.04	2037	0	0	93	10.20	143	31.68	0.74	6.15	0.12	3.70	5.26
16	8	3283	79.32	4139	2918	1.08	1901	0	0	84	11.03	129	31.47	0.67	6.84	1.42	12.50	11.14	0.16	1.53	79	0
16	9	396	9.59	4130	2918	1.04	442	0	0	10	12.53	15	33.33	0.11	5.63	1.76	83.05	11.14
20	10	2105	50.56	4163	2918	0.98	1334	0	0	49	12.07	76	31.91	0.47	5.81	0.81	42.87	6.65	0.00	0.16	74	0
20	11	2656	63.74	4166	2918	0.98	1568	0	0	60	10.87	94	32.36	0.45	5.90	1.64	28.77	6.65
24	12	181	6.55	2759	2918	0.60	891	0	0	2	38.62	6	41.45	0.01	3.44	17.56	72.61	29.09	63.65	0.00	69	0
25	13	119	4.26	2799	2918	0.96	664	0	0	1	47.00	4	63.40	0.00	4.14	13.62	78.09	24.15	71.15	0.00	69	0
26	14	94	3.27	2879	2918	0.69	444	0	0	1	42.74	4	70.89	0.00	3.50	6.88	86.42	18.84	77.78	0.00	69	0
27	15	48	1.81	2658	2918	0.79	349	0	0	0	53.70	2	64.07	0.00	2.49	8.79	86.97	17.72	80.46	0.00	69	0
Core	CPU	Avg_MHz	Busy%	Bzy_MHz	TSC_MHz	IPC	IRQ	NMI	SMI	LLCMRPS	LLC%hit	L2MRPS	L2%hit	POLL%	C1ACPI%	C2ACPI%	C3ACPI%	CPU%c1	CPU%c6	CPU%c7	CoreTmp	CoreThr	PkgTmp	GFX%rc6	GFXMHz	GFXAMHz	Totl%C0	Any%C0	GFX%C0	CPUGFX%	Pkg%pc2	Pkg%pc3	Pkg%pc6	Pkg%pc8	Pk%pc10	CPU%LPI	SYS%LPI	PkgWatt	CorWatt	GFXWatt	RAMWatt	PKG_%	RAM_%	UncMHz	SysWatt
-	-	1558	38.86	4009	2918	1.13	18825	3	0	598	12.84	958	34.24	0.26	5.27	5.89	50.04	8.92	30.84	0.29	85	0	85	98.99	300	300	592.32	100.63	0.97	0.97	0.00	0.00	0.00	0.00	0.00	0.00	0.00	50.02	42.69	0.01	0.00	0.00	0.00	2200	7.49
0	0	3278	80.67	4064	2918	1.17	2002	0	0	83	11.14	130	33.21	0.55	6.55	3.21	9.69	8.21	0.16	0.20	77	0	85	98.99	300	300	592.30	100.62	0.97	0.97	0.00	0.00	0.00	0.00	0.00	0.00	0.00	50.02	42.70	0.01	0.00	0.00	0.00	2200
0	1	621	15.33	4049	2918	1.04	1448	0	0	15	23.64	23	33.84	0.10	7.27	22.22	55.27	8.21
4	2	247	6.22	3974	2918	0.90	628	0	0	4	27.65	8	44.86	0.04	6.57	5.98	81.28	5.71	0.00	0.00	73	0
4	3	3776	92.72	4073	2918	1.19	2066	0	0	96	10.99	150	33.30	0.72	6.46	0.12	0.81	5.71
8	4	428	10.73	3986	2918	0.88	489	0	0	6	23.36	12	45.02	0.03	3.93	2.67	82.69	3.60	0.00	0.00	85	0
8	5	3903	95.78	4075	2918	1.18	2116	1	0	101	14.55	158	33.06	0.66	4.11	0.07	0.03	3.60
12	6	537	13.41	4005	2918	1.05	628	0	0	10	17.03	19	40.72	0.07	6.71	3.92	75.99	6.26	0.00	0.00	78	0
12	7	3524	86.64	4067	2918	1.17	1923	0	0	88	11.03	139	33.60	0.63	6.58	0.13	6.75	6.26
16	8	3090	76.12	4059	2918	1.15	1813	1	0	76	11.37	120	33.77	0.54	6.81	2.29	14.88	11.01	0.34	2.67	83	0
16	9	583	14.30	4080	2918	0.95	553	0	0	13	14.14	20	35.03	0.10	4.60	2.41	78.71	11.01
20	10	1390	33.88	4102	2918	1.02	895	0	0	34	10.54	52	31.58	0.26	3.85	2.46	59.86	7.17	0.00	0.00	75	0
20	11	2640	65.01	4061	2918	1.19	1509	1	0	63	11.54	102	34.46	0.45	5.06	0.68	29.31	7.17
24	12	314	10.55	2979	2918	0.77	854	0	0	4	34.43	8	43.70	0.00	4.53	14.35	70.69	16.58	72.24	0.00	71	0
25	13	227	7.78	2913	2918	0.75	787	0	0	3	37.53	6	46.87	0.00	3.55	13.55	75.23	12.07	79.51	0.00	71	0
26	14	255	8.56	2975	2918	0.68	639	0	0	2	36.35	7	55.68	0.00	3.85	11.16	76.53	16.49	74.43	0.00	71	0
27	15	116	4.13	2815	2918	0.94	475	0	0	1	49.68	4	58.58	0.00	3.91	9.02	83.03	13.69	81.76	0.00	71	0
Core	CPU	Avg_MHz	Busy%	Bzy_MHz	TSC_MHz	IPC	IRQ	NMI	SMI	LLCMRPS	LLC%hit	L2MRPS	L2%hit	POLL%	C1ACPI%	C2ACPI%	C3ACPI%	CPU%c1	CPU%c6	CPU%c7	CoreTmp	CoreThr	PkgTmp	GFX%rc6	GFXMHz	GFXAMHz	Totl%C0	Any%C0	GFX%C0	CPUGFX%	Pkg%pc2	Pkg%pc3	Pkg%pc6	Pkg%pc8	Pk%pc10	CPU%LPI	SYS%LPI	PkgWatt	CorWatt	GFXWatt	RAMWatt	PKG_%	RAM_%	UncMHz	SysWatt
-	-	1555	38.40	4051	2918	1.04	18629	1	0	616	11.91	945	32.04	0.29	4.77	5.60	51.30	5.80	35.53	0.23	86	0	86	99.08	300	300	589.55	100.63	0.84	0.84	0.00	0.00	0.00	0.00	0.00	0.00	0.00	50.02	42.57	0.01	0.00	0.00	0.00	2200	7.47
0	0	2518	61.64	4086	2918	1.08	1888	0	0	65	10.90	99	31.43	0.48	6.24	10.94	21.30	7.21	0.00	0.02	86	0	86	99.09	300	300	589.57	100.63	0.84	0.84	0.00	0.00	0.00	0.00	0.00	0.00	0.00	50.02	42.58	0.01	0.00	0.00	0.00	2200
0	1	1365	33.40	4086	2918	1.06	1633	0	0	35	13.03	53	31.21	0.26	5.46	17.16	44.09	7.21
4	2	362	8.76	4138	2918	0.74	751	0	0	6	20.32	10	38.70	0.04	5.74	3.53	82.00	4.86	0.00	0.00	78	0
4	3	3857	94.20	4094	2918	1.07	2113	1	0	98	10.17	149	31.31	0.77	5.70	0.05	0.16	4.86
8	4	190	4.57	4163	2918	0.80	331	0	0	4	17.53	6	36.18	0.05	4.60	1.72	89.14	3.18	0.00	0.00	83	0
8	5	3947	96.36	4097	2918	1.12	2080	0	0	105	13.93	159	31.02	0.70	3.57	0.00	0.06	3.18
12	6	736	17.79	4139	2918	0.94	658	0	0	16	12.40	26	34.22	0.13	6.08	1.41	74.77	4.89	0.00	0.00	79	0
12	7	3455	84.52	4088	2918	1.06	1886	0	0	88	10.64	133	31.44	0.69	5.75	0.50	9.32	4.89
16	8	2287	55.98	4084	2918	1.00	1405	0	0	53	11.11	83	33.33	0.41	4.86	2.55	36.66	7.95	0.02	0.97	83	0
16	9	1707	41.76	4088	2918	1.03	1086	0	0	42	11.12	64	31.96	0.37	5.86	1.40	51.04	7.95
20	10	482	11.75	4101	2918	0.91	709	0	0	10	15.75	16	33.60	0.12	5.78	7.88	74.64	7.22	0.51	1.30	75	0
20	11	3379	82.72	4085	2918	1.06	1840	0	0	86	10.29	129	31.26	0.66	5.38	0.15	11.84	7.22
24	12	362	11.78	3075	2918	0.67	718	0	0	4	28.69	8	37.11	0.00	3.09	7.75	77.45	4.97	82.80	0.00	74	0
25	13	120	4.56	2629	2918	0.81	726	0	0	2	54.70	5	57.30	0.00	2.86	17.96	74.76	4.95	89.49	0.00	74	0
26	14	74	2.84	2592	2918	0.84	537	0	0	1	52.66	3	58.26	0.00	3.23	11.63	82.40	6.60	89.97	0.00	74	0
27	15	49	1.78	2740	2918	0.57	268	0	0	0	60.16	2	59.57	0.00	2.15	4.93	91.20	5.70	92.43	0.00	74	0
Core	CPU	Avg_MHz	Busy%	Bzy_MHz	TSC_MHz	IPC	IRQ	NMI	SMI	LLCMRPS	LLC%hit	L2MRPS	L2%hit	POLL%	C1ACPI%	C2ACPI%	C3ACPI%	CPU%c1	CPU%c6	CPU%c7	CoreTmp	CoreThr	PkgTmp	GFX%rc6	GFXMHz	GFXAMHz	Totl%C0	Any%C0	GFX%C0	CPUGFX%	Pkg%pc2	Pkg%pc3	Pkg%pc6	Pkg%pc8	Pk%pc10	CPU%LPI	SYS%LPI	PkgWatt	CorWatt	GFXWatt	RAMWatt	PKG_%	RAM_%	UncMHz	SysWatt
-	-	1544	38.16	4046	2919	1.13	17581	1	0	602	12.64	957	33.84	0.29	4.09	5.02	52.80	5.08	36.95	0.89	88	0	88	99.13	300	300	577.12	100.61	0.80	0.80	0.00	0.00	0.00	0.00	0.00	0.00	0.00	50.02	42.65	0.01	0.00	0.00	0.00	2200	7.51
0	0	520	12.73	4084	2918	0.92	1067	0	0	12	22.22	19	31.92	0.09	4.73	15.23	67.42	7.08	0.01	0.32	88	0	88	99.12	300	300	577.15	100.62	0.80	0.80	0.00	0.00	0.00	0.00	0.00	0.00	0.00	50.01	42.65	0.01	0.00	0.00	0.00	2200
0	1	3483	85.62	4068	2918	1.18	2007	0	0	88	11.13	139	33.30	0.65	5.88	1.61	7.01	7.08
4	2	141	3.46	4079	2918	0.68	503	0	0	2	28.15	4	36.00	0.02	4.01	4.91	87.65	5.37	0.00	0.00	78	0
4	3	3834	94.06	4076	2918	1.19	2070	0	0	98	10.72	154	33.03	0.77	6.02	0.01	0.02	5.37
8	4	111	2.70	4099	2918	0.67	368	0	0	2	28.63	3	40.27	0.03	3.96	4.94	88.43	2.85	0.00	0.00	88	0
8	5	3947	96.74	4080	2918	1.22	2077	0	0	105	15.06	165	32.81	0.78	3.20	0.01	0.02	2.85
12	6	1058	25.69	4120	2918	1.02	851	0	0	25	11.51	40	33.98	0.21	4.71	6.43	63.23	5.25	0.00	0.00	80	0
12	7	3049	74.95	4068	2918	1.19	1689	1	0	76	11.31	121	33.79	0.61	5.96	0.50	18.67	5.25
16	8	3117	76.89	4053	2918	1.12	1835	0	0	73	12.15	117	34.56	0.57	5.80	0.90	16.48	6.27	0.21	8.60	86	0
16	9	1006	24.71	4070	2918	0.71	806	0	0	15	14.86	26	38.77	0.05	2.39	1.29	71.59	6.27
20	10	504	12.55	4017	2918	1.59	485	0	0	9	20.17	19	46.35	0.07	3.88	4.15	79.44	5.41	0.00	0.00	79	0
20	11	3621	88.52	4091	2918	1.07	1953	0	0	92	10.30	139	31.40	0.76	5.90	0.05	5.63	5.41
24	12	80	3.22	2490	2918	0.63	486	0	0	1	57.52	3	51.92	0.00	2.35	11.56	82.98	4.86	91.27	0.00	76	0
25	13	89	3.57	2490	2918	0.57	672	0	0	1	58.01	4	48.85	0.00	2.77	14.84	78.95	4.77	90.76	0.00	76	0
26	14	84	3.07	2741	2918	0.63	443	0	0	1	50.75	3	64.48	0.00	2.62	8.40	85.98	4.48	92.14	0.00	76	0
27	15	55	2.03	2709	2918	0.92	269	0	0	1	51.39	2	63.87	0.00	1.29	5.54	91.20	2.65	95.09	0.00	76	0
Core	CPU	Avg_MHz	Busy%	Bzy_MHz	TSC_MHz	IPC	IRQ	NMI	SMI	LLCMRPS	LLC%hit	L2MRPS	L2%hit	POLL%	C1ACPI%	C2ACPI%	C3ACPI%	CPU%c1	CPU%c6	CPU%c7	CoreTmp	CoreThr	PkgTmp	GFX%rc6	GFXMHz	GFXAMHz	Totl%C0	Any%C0	GFX%C0	CPUGFX%	Pkg%pc2	Pkg%pc3	Pkg%pc6	Pkg%pc8	Pk%pc10	CPU%LPI	SYS%LPI	PkgWatt	CorWatt	GFXWatt	RAMWatt	PKG_%	RAM_%	UncMHz	SysWatt
-	-	1314	33.53	3924	2915	0.88	25693	1	0	424	14.14	675	33.58	0.21	4.60	7.53	54.35	12.48	23.64	13.41	78	10	78	89.81	300	300	509.82	100.28	9.42	9.33	0.00	0.00	0.00	0.00	0.00	0.00	0.00	40.31	33.72	0.07	0.00	0.00	0.00	4000	5.37
0	0	817	21.06	3878	2918	1.00	1590	0	0	20	16.26	31	32.62	0.18	6.08	24.55	48.49	31.47	1.07	2.43	69	0	78	89.90	300	300	509.77	100.27	9.42	9.33	0.00	0.00	0.00	0.00	0.00	0.00	0.00	40.35	33.75	0.07	0.00	0.00	0.00	4000
0	1	2081	51.29	4058	2918	1.06	1671	0	0	53	11.03	81	31.51	0.44	5.37	6.46	37.00	31.47
4	2	1818	44.94	4045	2918	1.03	1470	0	0	44	12.63	70	32.48	0.34	4.99	4.60	45.60	11.51	3.26	28.41	65	0
4	3	707	17.42	4061	2918	0.99	533	0	0	17	12.42	26	32.49	0.15	3.19	1.25	78.21	11.51
8	4	155	3.80	4080	2918	1.04	3720	0	0	2	59.73	8	68.96	0.01	4.08	3.72	88.48	4.63	0.66	24.29	68	10
8	5	2805	68.25	4109	2918	1.21	1513	0	0	77	16.90	118	30.50	0.52	2.87	0.16	28.71	4.63
12	6	784	19.05	4118	2918	1.02	1336	0	0	19	17.17	31	33.84	0.14	3.70	5.69	71.63	10.01	2.33	24.93	65	0
12	7	1924	47.42	4058	2918	1.10	1492	0	0	49	11.14	77	32.96	0.40	5.54	1.78	45.36	10.01
16	8	1098	27.02	4064	2918	0.97	1819	0	0	24	14.27	40	36.88	0.18	6.15	3.33	63.57	11.04	1.41	27.49	74	0
16	9	1607	39.62	4057	2918	1.05	1235	0	0	40	10.98	61	31.66	0.32	3.17	0.25	57.03	11.04
20	10	1303	32.21	4047	2918	1.01	1020	0	0	32	12.03	49	32.00	0.29	4.56	3.40	59.94	8.68	1.30	26.59	65	0
20	11	1606	39.53	4063	2918	1.00	1001	0	0	38	10.58	58	32.15	0.30	3.51	1.01	56.00	8.68
24	12	1185	34.51	3433	2918	0.19	3331	1	0	3	36.43	8	46.15	0.00	11.05	16.31	38.28	22.87	41.76	0.00	78	0
25	13	1047	29.99	3490	2918	0.12	1475	0	0	2	51.28	6	57.63	0.00	4.19	16.30	49.58	11.41	57.55	0.00	78	0
26	14	1033	29.78	3471	2918	0.13	1348	0	0	2	54.37	5	55.79	0.00	3.47	20.69	46.15	7.44	61.54	0.00	77	0
27	15	1078	30.58	3525	2918	0.19	1139	0	0	2	61.84	8	63.51	0.00	1.79	11.09	56.55	3.28	65.45	0.00	77	0
Core	CPU	Avg_MHz	Busy%	Bzy_MHz	TSC_MHz	IPC	IRQ	NMI	SMI	LLCMRPS	LLC%hit	L2MRPS	L2%hit	POLL%	C1ACPI%	C2ACPI%	C3ACPI%	CPU%c1	CPU%c6	CPU%c7	CoreTmp	CoreThr	PkgTmp	GFX%rc6	GFXMHz	GFXAMHz	Totl%C0	Any%C0	GFX%C0	CPUGFX%	Pkg%pc2	Pkg%pc3	Pkg%pc6	Pkg%pc8	Pk%pc10	CPU%LPI	SYS%LPI	PkgWatt	CorWatt	GFXWatt	RAMWatt	PKG_%	RAM_%	UncMHz	SysWatt
-	-	980	27.25	3597	2918	0.14	13564	1	0	34	50.40	63	37.65	0.04	1.72	6.84	64.19	24.14	3.12	34.18	75	0	76	93.72	300	300	438.92	100.62	5.35	5.35	0.00	0.00	0.00	0.00	0.00	0.00	0.00	19.95	16.02	0.04	0.00	0.00	0.00	4000	0.81
0	0	108	5.63	1922	2918	0.94	1915	0	0	2	54.05	5	54.27	0.09	7.10	54.38	33.18	94.32	0.00	0.00	67	0	76	93.75	300	300	438.98	100.63	5.35	5.35	0.00	0.00	0.00	0.00	0.00	0.00	0.00	19.95	16.02	0.04	0.00	0.00	0.00	4000
0	1	53	1.97	2715	2918	0.88	465	0	0	1	64.27	2	52.72	0.06	3.29	3.89	90.94	94.32
4	2	103	2.96	3495	2918	0.83	508	0	0	3	48.84	5	36.12	0.01	1.14	8.40	87.60	31.88	3.46	60.78	63	0
4	3	37	0.97	3797	2918	0.83	153	0	0	1	85.14	1	38.97	0.11	2.51	0.24	96.31	31.88
8	4	111	3.28	3388	2918	0.65	439	0	0	3	74.13	5	37.63	0.06	2.36	7.80	86.70	18.01	6.12	71.98	65	0
8	5	36	1.02	3561	2918	0.79	163	0	0	1	78.22	1	43.54	0.06	1.93	1.42	95.67	18.01
12	6	470	10.57	4448	2918	1.17	632	1	0	14	37.18	24	28.84	0.05	3.30	7.48	78.75	18.29	5.43	65.30	64	0
12	7	52	1.22	4262	2918	0.82	176	0	0	1	66.23	2	45.35	0.09	1.96	1.40	95.46	18.29
16	8	225	5.46	4124	2918	0.60	474	0	0	3	66.30	6	54.93	0.09	2.03	9.30	83.30	18.58	5.62	69.79	70	0
16	9	16	0.54	2930	2918	0.37	89	0	0	1	61.64	1	39.26	0.00	0.22	1.65	97.62	18.58
20	10	56	2.07	2700	2918	0.41	375	0	0	1	88.67	2	29.09	0.05	1.62	10.78	85.67	12.06	10.56	74.03	64	0
20	11	45	1.18	3823	2918	1.22	96	0	0	1	55.94	2	42.43	0.00	0.06	2.68	96.11	12.06
24	12	3592	99.77	3600	2918	0.07	2021	0	0	1	17.88	1	31.49	0.00	0.00	0.00	0.00	0.00	0.00	0.00	75	0
25	13	3592	99.77	3600	2918	0.07	2022	0	0	1	16.07	1	31.35	0.00	0.00	0.00	0.00	0.00	0.00	0.00	75	0
26	14	3592	99.77	3600	2918	0.07	2017	0	0	1	21.56	1	34.63	0.00	0.00	0.00	0.00	0.00	0.00	0.00	75	0
27	15	3592	99.77	3600	2918	0.07	2019	0	0	1	17.73	1	32.55	0.00	0.00	0.00	0.00	0.00	0.00	0.00	75	0
Core	CPU	Avg_MHz	Busy%	Bzy_MHz	TSC_MHz	IPC	IRQ	NMI	SMI	LLCMRPS	LLC%hit	L2MRPS	L2%hit	POLL%	C1ACPI%	C2ACPI%	C3ACPI%	CPU%c1	CPU%c6	CPU%c7	CoreTmp	CoreThr	PkgTmp	GFX%rc6	GFXMHz	GFXAMHz	Totl%C0	Any%C0	GFX%C0	CPUGFX%	Pkg%pc2	Pkg%pc3	Pkg%pc6	Pkg%pc8	Pk%pc10	CPU%LPI	SYS%LPI	PkgWatt	CorWatt	GFXWatt	RAMWatt	PKG_%	RAM_%	UncMHz	SysWatt
-	-	970	27.10	3577	2919	0.13	12818	1	0	37	58.16	64	34.15	0.02	1.12	6.81	65.02	6.60	8.20	43.04	75	0	74	93.77	300	300	440.17	100.65	5.47	5.47	0.00	0.00	0.00	0.00	0.00	0.00	0.00	18.31	14.44	0.04	0.00	0.00	0.00	4000	0.68
0	0	108	6.41	1692	2918	0.64	1618	0	0	5	86.76	7	27.18	0.03	3.85	53.59	36.67	27.44	39.86	24.07	64	0	74	93.72	300	300	440.10	100.63	5.47	5.47	0.00	0.00	0.00	0.00	0.00	0.00	0.00	18.30	14.43	0.04	0.00	0.00	0.00	4000
0	1	49	1.86	2653	2918	0.78	383	0	0	1	80.94	2	33.74	0.04	1.69	4.67	91.89	27.44
4	2	63	2.40	2635	2918	0.47	460	0	0	2	75.20	3	27.00	0.01	1.84	11.20	84.72	4.67	10.15	81.68	61	0
4	3	31	0.83	3738	2918	0.82	78	0	0	1	82.41	1	34.92	0.03	0.96	0.10	98.14	4.67
8	4	255	6.09	4185	2918	1.05	470	0	0	7	45.50	13	42.82	0.03	1.59	7.21	85.22	5.08	6.74	81.63	65	0
8	5	35	0.93	3781	2918	0.82	92	0	0	1	71.89	1	40.58	0.02	1.38	0.40	97.33	5.08
12	6	61	2.04	3003	2918	0.71	329	0	0	2	75.46	3	36.33	0.03	2.12	7.34	88.61	5.78	7.32	84.45	61	0
12	7	33	0.96	3471	2918	0.77	123	0	0	1	75.64	1	42.00	0.03	0.97	1.81	96.30	5.78
16	8	50	1.67	2970	2918	0.45	313	0	0	2	76.88	3	29.82	0.02	0.79	6.15	91.50	3.21	6.30	86.55	70	0
16	9	84	2.11	3975	2918	1.34	152	0	0	2	61.40	4	49.66	0.00	0.45	2.06	95.43	3.21
20	10	365	8.65	4224	2918	1.15	572	0	0	11	40.36	18	27.99	0.03	1.85	8.62	81.01	6.60	11.57	72.01	63	0
20	11	16	0.79	2083	2918	0.53	153	0	0	1	87.69	1	24.10	0.00	0.38	5.80	93.10	6.60
24	12	3591	99.77	3600	2918	0.07	2020	0	0	1	20.14	1	33.87	0.00	0.00	0.00	0.00	0.00	0.00	0.00	75	0
25	13	3591	99.77	3600	2918	0.07	2018	0	0	1	18.17	1	33.49	0.00	0.00	0.00	0.00	0.00	0.00	0.00	74	0
26	14	3591	99.77	3600	2918	0.07	2017	0	0	1	23.11	1	35.28	0.00	0.00	0.00	0.00	0.00	0.00	0.00	73	0
27	15	3591	99.77	3600	2918	0.07	2020	1	0	0	19.54	1	32.28	0.00	0.00	0.00	0.00	0.00	0.00	0.00	74	0
Core	CPU	Avg_MHz	Busy%	Bzy_MHz	TSC_MHz	IPC	IRQ	NMI	SMI	LLCMRPS	LLC%hit	L2MRPS	L2%hit	POLL%	C1ACPI%	C2ACPI%	C3ACPI%	CPU%c1	CPU%c6	CPU%c7	CoreTmp	CoreThr	PkgTmp	GFX%rc6	GFXMHz	GFXAMHz	Totl%C0	Any%C0	GFX%C0	CPUGFX%	Pkg%pc2	Pkg%pc3	Pkg%pc6	Pkg%pc8	Pk%pc10	CPU%LPI	SYS%LPI	PkgWatt	CorWatt	GFXWatt	RAMWatt	PKG_%	RAM_%	UncMHz	SysWatt
-	-	985	27.52	3578	2918	0.15	16577	2	0	45	59.34	81	36.50	0.01	0.94	7.62	63.98	3.06	10.61	42.62	75	0	73	91.62	300	300	448.08	100.64	7.81	7.81	0.00	0.00	0.00	0.00	0.00	0.00	0.00	18.91	14.87	0.05	0.00	0.00	0.00	4000	0.79
0	0	294	10.30	2851	2918	1.26	1436	0	0	11	61.30	19	34.28	0.01	3.83	44.22	42.20	7.41	44.86	34.15	63	0	73	91.62	300	300	448.04	100.63	7.81	7.81	0.00	0.00	0.00	0.00	0.00	0.00	0.00	18.91	14.86	0.05	0.00	0.00	0.00	4000
0	1	66	2.28	2884	2918	0.89	460	0	0	2	79.85	3	38.39	0.01	1.01	6.94	89.91	7.41
4	2	171	5.26	3258	2918	0.72	849	0	0	5	58.98	8	29.69	0.03	2.16	18.97	73.85	6.47	19.47	67.33	61	0
4	3	36	1.30	2791	2918	0.78	169	0	0	1	83.15	2	35.81	0.03	1.17	3.39	94.23	6.47
8	4	321	7.78	4121	2918	0.72	653	1	0	7	49.75	12	38.21	0.00	1.29	13.74	77.35	3.64	12.71	74.79	62	0
8	5	33	0.88	3756	2918	0.89	162	0	0	1	77.29	2	34.33	0.01	0.89	1.29	96.98	3.64
12	6	239	5.85	4081	2918	1.14	434	0	0	6	50.32	12	43.37	0.01	1.81	8.17	84.29	2.24	8.69	82.55	62	0
12	7	33	0.89	3733	2918	0.87	99	0	0	1	72.85	2	39.46	0.01	0.82	0.72	97.61	2.24
16	8	62	2.20	2801	2918	0.52	425	0	0	3	81.14	4	27.88	0.02	0.80	9.95	87.20	2.87	14.58	78.39	75	0
16	9	31	1.31	2404	2918	0.51	270	0	0	2	80.35	3	35.68	0.00	0.62	7.11	91.06	2.87
20	10	93	2.68	3468	2918	0.89	1519	0	0	3	79.04	7	51.32	0.00	0.52	5.96	90.95	1.87	5.77	88.99	61	0
20	11	9	0.47	1898	2918	0.30	37	0	0	1	85.10	1	25.25	0.02	0.11	1.40	98.05	1.87
24	12	3591	99.77	3600	2918	0.08	3690	0	0	1	16.70	2	27.77	0.00	0.00	0.00	0.00	0.00	0.00	0.00	73	0
25	13	3591	99.77	3600	2918	0.08	2327	0	0	1	13.14	2	27.81	0.00	0.00	0.00	0.00	0.00	0.00	0.00	73	0
26	14	3591	99.77	3600	2918	0.07	2024	1	0	1	15.46	2	25.40	0.00	0.00	0.00	0.00	0.00	0.00	0.00	73	0
27	15	3591	99.77	3600	2918	0.08	2023	0	0	1	14.07	2	26.07	0.00	0.00	0.00	0.00	0.00	0.00	0.00	73	0
Core	CPU	Avg_MHz	Busy%	Bzy_MHz	TSC_MHz	IPC	IRQ	NMI	SMI	LLCMRPS	LLC%hit	L2MRPS	L2%hit	POLL%	C1ACPI%	C2ACPI%	C3ACPI%	CPU%c1	CPU%c6	CPU%c7	CoreTmp	CoreThr	PkgTmp	GFX%rc6	GFXMHz	GFXAMHz	Totl%C0	Any%C0	GFX%C0	CPUGFX%	Pkg%pc2	Pkg%pc3	Pkg%pc6	Pkg%pc8	Pk%pc10	CPU%LPI	SYS%LPI	PkgWatt	CorWatt	GFXWatt	RAMWatt	PKG_%	RAM_%	UncMHz	SysWatt
-	-	1055	28.81	3662	2918	0.28	12939	2	0	65	45.70	123	33.16	0.01	0.82	5.73	64.66	2.68	7.70	43.85	86	15	86	99.00	300	300	467.30	100.60	0.87	0.87	0.00	0.00	0.00	0.00	0.00	0.00	0.00	22.87	18.79	0.01	0.00	0.00	0.00	3700	1.59
0	0	97	5.90	1651	2918	0.81	1082	0	0	6	87.61	8	23.02	0.03	2.13	38.25	54.25	4.74	37.25	48.28	84	0	86	99.05	300	300	467.44	100.63	0.87	0.87	0.00	0.00	0.00	0.00	0.00	0.00	0.00	22.88	18.80	0.01	0.00	0.00	0.00	3700
0	1	84	2.25	3723	2918	1.58	270	0	0	2	65.80	5	54.42	0.01	0.45	2.92	94.45	4.74
4	2	318	7.90	4026	2918	1.07	772	0	0	10	41.77	16	27.45	0.00	2.07	14.68	75.53	3.95	13.95	72.75	69	0
4	3	49	1.47	3377	2918	1.06	132	0	0	1	67.84	3	38.87	0.03	0.59	1.15	96.87	3.95
8	4	51	1.82	2790	2918	0.83	529	0	0	2	76.91	4	50.39	0.01	1.45	12.95	83.90	3.06	7.32	57.41	86	15
8	5	1465	30.35	4827	2918	1.81	669	0	0	30	34.30	64	32.41	0.01	0.48	0.14	68.99	3.06
12	6	298	6.87	4340	2918	0.88	434	0	0	6	34.77	12	35.90	0.01	1.62	6.41	85.20	2.27	6.10	84.34	70	0
12	7	33	0.89	3743	2918	0.87	97	0	0	1	67.05	1	38.86	0.02	0.84	0.05	98.26	2.27
16	8	50	1.77	2833	2918	0.83	313	0	0	2	76.58	3	32.64	0.02	1.63	6.36	90.36	4.45	5.33	87.74	83	0
16	9	21	0.66	3173	2918	0.52	125	0	0	1	63.47	1	42.34	0.01	0.51	1.10	97.77	4.45
20	10	30	1.31	2256	2918	0.80	290	0	0	1	85.89	2	26.05	0.01	1.38	7.65	89.78	2.97	7.03	87.97	69	0
20	11	20	0.56	3565	2918	0.79	43	0	0	0	51.49	1	45.23	0.00	0.03	0.00	99.44	2.97
24	12	3590	99.77	3598	2918	0.07	2046	1	0	0	13.57	1	28.33	0.00	0.00	0.00	0.00	0.00	0.00	0.00	78	0
25	13	3590	99.77	3598	2918	0.07	2046	1	0	1	10.80	1	27.15	0.00	0.00	0.00	0.00	0.00	0.00	0.00	78	0
26	14	3590	99.77	3598	2918	0.07	2044	0	0	0	16.72	1	30.50	0.00	0.00	0.00	0.00	0.00	0.00	0.00	78	0
27	15	3590	99.77	3598	2918	0.07	2047	0	0	0	12.36	1	27.95	0.00	0.00	0.00	0.00	0.00	0.00	0.00	77	0
Core	CPU	Avg_MHz	Busy%	Bzy_MHz	TSC_MHz	IPC	IRQ	NMI	SMI	LLCMRPS	LLC%hit	L2MRPS	L2%hit	POLL%	C1ACPI%	C2ACPI%	C3ACPI%	CPU%c1	CPU%c6	CPU%c7	CoreTmp	CoreThr	PkgTmp	GFX%rc6	GFXMHz	GFXAMHz	Totl%C0	Any%C0	GFX%C0	CPUGFX%	Pkg%pc2	Pkg%pc3	Pkg%pc6	Pkg%pc8	Pk%pc10	CPU%LPI	SYS%LPI	PkgWatt	CorWatt	GFXWatt	RAMWatt	PKG_%	RAM_%	UncMHz	SysWatt
-	-	2272	62.54	3632	2918	0.78	29727	2	0	573	14.06	994	36.20	0.28	6.11	5.50	25.88	12.44	0.73	2.30	88	11	88	99.05	300	300	876.54	100.64	0.88	0.88	0.00	0.00	0.00	0.00	0.00	0.00	0.00	50.96	43.67	0.01	0.00	0.00	0.00	2000	7.84
0	0	2177	55.40	3930	2918	1.19	2249	0	0	52	15.76	92	36.58	0.41	8.18	13.24	23.32	16.44	0.05	0.46	88	1	88	99.05	300	300	876.51	100.63	0.88	0.88	0.00	0.00	0.00	0.00	0.00	0.00	0.00	50.96	43.67	0.01	0.00	0.00	0.00	2000
0	1	2196	55.44	3961	2918	1.16	1804	1	0	51	14.61	91	37.98	0.30	8.49	5.68	30.50	16.44
4	2	2306	58.44	3946	2918	1.17	2250	0	0	56	14.93	97	36.37	0.43	8.33	9.78	23.56	12.93	1.67	3.65	75	0
4	3	1902	48.08	3956	2918	1.22	1641	0	0	44	14.47	79	37.22	0.33	8.35	4.33	39.35	12.93
8	4	2457	61.75	3979	2918	1.07	2233	0	0	61	13.08	102	33.70	0.53	9.75	8.71	19.91	13.19	1.22	2.04	86	11
8	5	2018	50.74	3977	2918	1.03	1692	1	0	47	13.17	79	34.95	0.40	5.70	5.36	38.28	13.19
12	6	2788	70.35	3963	2918	1.21	2180	0	0	70	13.29	121	35.73	0.55	9.42	4.04	16.29	15.01	0.05	1.12	73	0
12	7	1492	37.95	3932	2918	1.09	1303	0	0	33	15.67	57	37.37	0.31	5.78	4.29	52.04	15.01
16	8	2370	60.53	3915	2918	1.14	1867	0	0	63	11.93	102	33.93	0.46	8.71	5.77	25.12	21.97	1.95	8.51	86	0
16	9	639	16.48	3876	2918	1.26	1229	0	0	12	20.97	25	44.28	0.08	8.88	14.23	60.49	21.97
20	10	2110	53.97	3910	2918	1.23	1855	0	0	54	13.41	92	35.04	0.44	8.43	7.17	30.58	19.95	2.40	7.23	75	0
20	11	1271	32.38	3924	2918	1.04	1264	0	0	28	14.33	52	40.68	0.20	7.78	5.33	54.58	19.95
24	12	3155	99.77	3163	2918	0.07	2040	0	0	0	10.21	1	25.32	0.00	0.00	0.00	0.00	0.00	0.00	0.00	80	0
25	13	3155	99.77	3162	2918	0.07	2039	0	0	0	7.52	1	24.45	0.00	0.00	0.00	0.00	0.00	0.00	0.00	80	0
26	14	3155	99.77	3162	2918	0.07	2039	0	0	0	16.92	1	28.40	0.00	0.00	0.00	0.00	0.00	0.00	0.00	80	0
27	15	3155	99.77	3162	2918	0.07	2042	0	0	0	9.83	1	25.45	0.00	0.00	0.00	0.00	0.00	0.00	0.00	80	0
Core	CPU	Avg_MHz	Busy%	Bzy_MHz	TSC_MHz	IPC	IRQ	NMI	SMI	LLCMRPS	LLC%hit	L2MRPS	L2%hit	POLL%	C1ACPI%	C2ACPI%	C3ACPI%	CPU%c1	CPU%c6	CPU%c7	CoreTmp	CoreThr	PkgTmp	GFX%rc6	GFXMHz	GFXAMHz	Totl%C0	Any%C0	GFX%C0	CPUGFX%	Pkg%pc2	Pkg%pc3	Pkg%pc6	Pkg%pc8	Pk%pc10	CPU%LPI	SYS%LPI	PkgWatt	CorWatt	GFXWatt	RAMWatt	PKG_%	RAM_%	UncMHz	SysWatt
-	-	2215	62.31	3555	2918	0.79	27908	0	0	580	13.23	962	34.53	0.24	5.91	5.53	26.28	10.68	0.33	0.63	90	0	90	99.00	300	300	911.50	100.64	0.89	0.89	0.00	0.00	0.00	0.00	0.00	0.00	0.00	49.98	42.68	0.01	0.00	0.00	0.00	1900	7.59
0	0	1488	39.53	3764	2918	1.12	2209	0	0	38	14.26	61	33.42	0.25	9.17	26.53	24.95	28.15	2.59	0.76	88	0	90	99.00	300	300	911.49	100.64	0.89	0.89	0.00	0.00	0.00	0.00	0.00	0.00	0.00	49.98	42.68	0.01	0.00	0.00	0.00	1900
0	1	1458	38.33	3804	2918	1.30	1539	0	0	36	14.29	62	36.43	0.20	6.65	11.68	43.47	28.15
4	2	2629	68.08	3862	2918	1.22	1954	0	0	71	11.70	115	33.53	0.48	9.07	2.74	20.25	14.16	0.15	0.20	79	0
4	3	1047	27.45	3815	2918	1.25	1388	0	0	24	16.21	42	39.23	0.15	9.42	14.65	48.57	14.16
8	4	1888	48.73	3874	2918	1.15	1501	0	0	49	11.98	80	34.56	0.31	8.26	4.57	38.54	9.87	0.07	0.23	90	0
8	5	2090	54.21	3856	2918	1.22	1490	0	0	54	13.06	90	34.15	0.36	7.09	3.04	35.75	9.87
12	6	1943	50.19	3872	2918	1.17	1541	0	0	48	14.08	80	35.19	0.31	8.76	3.94	37.20	11.58	0.05	1.09	76	0
12	7	2121	55.21	3843	2918	1.23	1561	0	0	53	14.37	89	35.13	0.42	6.01	3.93	34.92	11.58
16	8	1858	47.85	3882	2918	1.05	1545	0	0	43	14.49	71	34.08	0.28	6.78	6.18	39.27	11.18	0.46	4.05	87	0
16	9	2446	63.37	3860	2918	1.04	1913	0	0	59	12.63	95	33.20	0.44	6.37	4.19	26.15	11.18
20	10	2153	55.47	3881	2918	1.12	1721	0	0	56	12.01	91	33.36	0.37	8.88	3.44	32.31	10.49	0.00	0.00	78	0
20	11	1907	49.42	3859	2918	1.26	1475	0	0	46	13.22	79	36.54	0.32	8.11	3.51	39.05	10.49
24	12	3103	99.77	3110	2918	0.08	2019	0	0	1	7.05	2	19.81	0.00	0.00	0.00	0.00	0.00	0.00	0.00	81	0
25	13	3103	99.77	3110	2918	0.07	2015	0	0	1	5.67	2	18.71	0.00	0.00	0.00	0.00	0.00	0.00	0.00	81	0
26	14	3103	99.77	3110	2918	0.08	2015	0	0	1	10.48	2	22.88	0.00	0.00	0.00	0.00	0.00	0.00	0.00	81	0
27	15	3103	99.77	3110	2918	0.08	2022	0	0	1	6.98	2	20.32	0.00	0.00	0.00	0.00	0.00	0.00	0.00	80	0
Core	CPU	Avg_MHz	Busy%	Bzy_MHz	TSC_MHz	IPC	IRQ	NMI	SMI	LLCMRPS	LLC%hit	L2MRPS	L2%hit	POLL%	C1ACPI%	C2ACPI%	C3ACPI%	CPU%c1	CPU%c6	CPU%c7	CoreTmp	CoreThr	PkgTmp	GFX%rc6	GFXMHz	GFXAMHz	Totl%C0	Any%C0	GFX%C0	CPUGFX%	Pkg%pc2	Pkg%pc3	Pkg%pc6	Pkg%pc8	Pk%pc10	CPU%LPI	SYS%LPI	PkgWatt	CorWatt	GFXWatt	RAMWatt	PKG_%	RAM_%	UncMHz	SysWatt
-	-	2241	63.15	3549	2918	0.73	28772	4	0	598	12.61	957	32.94	0.26	5.94	5.80	25.13	7.17	0.60	1.80	89	0	89	99.00	300	300	925.04	100.61	0.92	0.92	0.00	0.00	0.00	0.00	0.00	0.00	0.00	50.00	42.54	0.01	0.00	0.00	0.00	1700	7.64
0	0	1678	43.43	3864	2918	1.03	2261	0	0	41	14.57	67	33.30	0.31	10.17	20.88	25.66	10.07	1.07	1.41	89	0	89	99.04	300	300	925.29	100.63	0.92	0.92	0.00	0.00	0.00	0.00	0.00	0.00	0.00	50.02	42.55	0.01	0.00	0.00	0.00	1700
0	1	2433	63.77	3815	2918	1.08	2038	0	0	62	11.92	98	32.36	0.34	8.19	9.19	19.00	10.07
4	2	1251	32.47	3854	2918	1.04	1638	0	0	31	13.71	50	33.54	0.22	8.45	10.86	48.32	9.33	1.40	2.18	80	0
4	3	2563	66.90	3832	2918	1.14	1991	0	0	70	11.81	110	32.00	0.44	7.91	7.04	18.28	9.33
8	4	1968	51.15	3848	2918	1.07	1526	0	0	48	12.57	78	33.31	0.35	8.01	3.92	37.02	8.76	0.95	7.20	85	0
8	5	1878	49.14	3823	2918	1.06	1476	0	0	47	12.32	75	32.68	0.36	6.42	3.41	41.13	8.76
12	6	2205	57.72	3821	2918	1.13	1717	0	0	59	12.15	92	32.13	0.40	8.36	4.85	29.19	11.02	1.29	5.20	80	0
12	7	1405	36.62	3837	2918	1.08	1214	0	0	35	12.71	57	33.29	0.28	7.21	5.99	50.27	11.02
16	8	1369	35.67	3837	2918	1.01	1334	0	0	32	13.50	51	33.83	0.25	7.65	8.15	48.61	9.21	1.14	1.79	87	0
16	9	2656	69.17	3841	2918	1.11	1915	0	0	70	12.43	111	32.31	0.51	6.58	1.05	23.29	9.21
20	10	3126	81.34	3843	2918	1.12	2253	1	0	83	11.64	131	32.62	0.56	8.56	1.08	9.15	8.94	0.19	0.18	79	0
20	11	929	23.97	3874	2918	1.00	1339	1	0	18	17.65	34	40.16	0.18	7.51	16.40	52.19	8.94
24	12	3100	99.77	3107	2918	0.07	2023	0	0	0	10.70	1	24.86	0.00	0.00	0.00	0.00	0.00	0.00	0.00	83	0
25	13	3100	99.77	3107	2918	0.07	2014	0	0	0	7.74	1	23.95	0.00	0.00	0.00	0.00	0.00	0.00	0.00	83	0
26	14	3100	99.77	3107	2918	0.07	2016	1	0	0	16.05	1	28.08	0.00	0.00	0.00	0.00	0.00	0.00	0.00	82	0
27	15	3100	99.77	3107	2918	0.07	2017	1	0	0	9.38	1	24.85	0.00	0.00	0.00	0.00	0.00	0.00	0.00	82	0
Core	CPU	Avg_MHz	Busy%	Bzy_MHz	TSC_MHz	IPC	IRQ	NMI	SMI	LLCMRPS	LLC%hit	L2MRPS	L2%hit	POLL%	C1ACPI%	C2ACPI%	C3ACPI%	CPU%c1	CPU%c6	CPU%c7	CoreTmp	CoreThr	PkgTmp	GFX%rc6	GFXMHz	GFXAMHz	Totl%C0	Any%C0	GFX%C0	CPUGFX%	Pkg%pc2	Pkg%pc3	Pkg%pc6	Pkg%pc8	Pk%pc10	CPU%LPI	SYS%LPI	PkgWatt	CorWatt	GFXWatt	RAMWatt	PKG_%	RAM_%	UncMHz	SysWatt
-	-	2254	64.10	3517	2919	0.80	32642	4	0	581	14.03	986	35.97	0.24	6.38	6.02	23.53	7.70	0.48	1.38	91	8	92	99.05	300	300	926.59	100.67	0.86	0.86	0.00	0.00	0.00	0.00	0.00	0.00	0.00	49.99	42.56	0.01	0.00	0.00	0.00	1900	7.70
0	0	1928	50.49	3820	2918	1.14	2442	1	0	47	14.28	80	35.65	0.30	9.37	14.86	25.42	9.25	0.17	0.00	81	1	92	99.01	300	300	926.29	100.63	0.86	0.86	0.00	0.00	0.00	0.00	0.00	0.00	0.00	49.97	42.54	0.01	0.00	0.00	0.00	1900
0	1	2202	58.17	3785	2918	1.21	2093	0	0	56	13.96	93	34.27	0.32	8.52	9.22	24.21	9.25
4	2	2632	69.45	3790	2918	1.24	2724	1	0	68	13.97	113	34.41	0.46	6.74	5.17	18.75	11.94	0.51	0.94	80	0
4	3	1309	34.25	3821	2918	1.03	1933	0	0	31	14.35	52	35.67	0.20	9.23	9.25	47.34	11.94
8	4	1840	48.43	3800	2918	1.14	1740	0	0	46	13.60	76	33.84	0.33	9.79	7.61	34.31	12.00	2.02	4.76	89	0
8	5	1889	50.25	3759	2918	1.17	2011	0	0	44	14.40	75	36.21	0.28	8.37	8.88	32.61	12.00
12	6	1687	44.24	3814	2918	1.12	1738	0	0	42	13.91	69	34.11	0.29	7.91	8.05	39.90	9.43	1.42	5.36	84	0
12	7	2066	55.06	3753	2918	1.31	1781	0	0	47	14.48	85	39.73	0.30	7.72	3.05	34.25	9.43
16	8	1518	40.37	3761	2918	1.17	1957	0	0	35	15.64	61	37.29	0.22	8.75	13.56	37.41	9.42	0.57	1.58	91	8
16	9	2543	66.70	3813	2918	1.17	2129	1	0	63	13.39	105	36.07	0.42	7.59	3.46	22.34	9.42
20	10	2956	77.70	3805	2918	1.20	2368	0	0	74	12.88	123	35.33	0.48	9.94	1.85	10.62	9.57	0.07	1.17	80	0
20	11	1203	31.37	3835	2918	1.11	1562	0	0	24	16.72	47	45.00	0.17	8.09	11.39	49.22	9.57
24	12	3073	99.77	3080	2918	0.08	2041	0	0	1	7.41	2	22.28	0.00	0.00	0.00	0.00	0.00	0.00	0.00	85	0
25	13	3073	99.77	3080	2918	0.07	2035	1	0	1	5.46	2	19.07	0.00	0.00	0.00	0.00	0.00	0.00	0.00	85	0
26	14	3073	99.77	3080	2918	0.07	2033	0	0	1	10.14	2	20.97	0.00	0.00	0.00	0.00	0.00	0.00	0.00	85	0
27	15	3073	99.77	3080	2918	0.08	2055	0	0	1	7.18	2	21.82	0.00	0.00	0.00	0.00	0.00	0.00	0.00	83	0
Core	CPU	Avg_MHz	Busy%	Bzy_MHz	TSC_MHz	IPC	IRQ	NMI	SMI	LLCMRPS	LLC%hit	L2MRPS	L2%hit	POLL%	C1ACPI%	C2ACPI%	C3ACPI%	CPU%c1	CPU%c6	CPU%c7	CoreTmp	CoreThr	PkgTmp	GFX%rc6	GFXMHz	GFXAMHz	Totl%C0	Any%C0	GFX%C0	CPUGFX%	Pkg%pc2	Pkg%pc3	Pkg%pc6	Pkg%pc8	Pk%pc10	CPU%LPI	SYS%LPI	PkgWatt	CorWatt	GFXWatt	RAMWatt	PKG_%	RAM_%	UncMHz	SysWatt
-	-	2219	62.59	3546	2918	0.74	28866	2	0	598	12.38	956	32.80	0.25	5.58	5.37	26.48	7.58	0.77	1.71	92	29	90	99.05	300	300	920.85	100.61	0.83	0.83	0.00	0.00	0.00	0.00	0.00	0.00	0.00	50.01	42.54	0.01	0.00	0.00	0.00	1700	7.71
0	0	2263	59.53	3801	2918	1.16	2073	0	0	63	12.17	99	31.99	0.37	7.92	12.82	19.93	12.93	3.66	3.33	90	0	90	99.09	300	300	921.11	100.64	0.83	0.83	0.00	0.00	0.00	0.00	0.00	0.00	0.00	50.03	42.55	0.01	0.00	0.00	0.00	1700
0	1	1074	28.08	3826	2918	1.08	1695	0	0	28	14.34	44	32.82	0.14	6.12	20.39	45.55	12.93
4	2	1164	30.00	3880	2918	1.05	1406	0	0	28	13.33	46	34.48	0.16	7.79	11.60	50.71	7.32	1.18	2.54	82	0
4	3	2772	72.39	3830	2918	1.15	1987	0	0	76	11.52	119	32.00	0.48	6.61	2.99	18.15	7.32
8	4	1534	40.08	3828	2918	1.04	1535	0	0	38	12.98	61	33.15	0.28	7.27	7.51	45.25	12.28	1.58	7.38	92	6
8	5	1930	50.48	3823	2918	1.10	1563	0	0	50	11.65	80	32.98	0.31	6.42	3.76	39.45	12.28
12	6	1838	47.84	3841	2918	1.09	1488	0	0	47	12.39	76	32.45	0.32	8.25	2.31	41.67	6.94	0.00	0.40	83	0
12	7	2359	61.06	3863	2918	1.12	1689	0	0	62	12.90	100	32.82	0.43	4.93	2.57	31.49	6.94
16	8	1933	50.18	3852	2918	1.02	1604	1	0	46	12.79	75	33.13	0.35	8.13	4.39	37.39	8.40	0.54	0.82	91	29
16	9	2482	64.47	3850	2918	1.06	1958	0	0	62	11.68	99	33.33	0.41	8.40	1.57	25.66	8.40
20	10	2741	71.47	3835	2918	1.13	2111	0	0	73	11.52	115	32.75	0.57	9.99	1.73	16.95	12.74	0.72	2.61	80	0
20	11	1029	26.69	3856	2918	0.98	1432	0	0	24	15.26	39	34.08	0.16	7.44	14.33	51.62	12.74
24	12	3098	99.77	3105	2918	0.07	2082	1	0	0	9.93	1	25.25	0.00	0.00	0.00	0.00	0.00	0.00	0.00	86	0
25	13	3098	99.77	3105	2918	0.07	2080	0	0	0	7.52	1	23.66	0.00	0.00	0.00	0.00	0.00	0.00	0.00	85	0
26	14	3098	99.77	3105	2918	0.07	2080	0	0	0	16.39	1	26.85	0.00	0.00	0.00	0.00	0.00	0.00	0.00	85	0
27	15	3098	99.77	3105	2918	0.07	2083	0	0	0	9.62	1	24.17	0.00	0.00	0.00	0.00	0.00	0.00	0.00	85	0
Core	CPU	Avg_MHz	Busy%	Bzy_MHz	TSC_MHz	IPC	IRQ	NMI	SMI	LLCMRPS	LLC%hit	L2MRPS	L2%hit	POLL%	C1ACPI%	C2ACPI%	C3ACPI%	CPU%c1	CPU%c6	CPU%c7	CoreTmp	CoreThr	PkgTmp	GFX%rc6	GFXMHz	GFXAMHz	Totl%C0	Any%C0	GFX%C0	CPUGFX%	Pkg%pc2	Pkg%pc3	Pkg%pc6	Pkg%pc8	Pk%pc10	CPU%LPI	SYS%LPI	PkgWatt	CorWatt	GFXWatt	RAMWatt	PKG_%	RAM_%	UncMHz	SysWatt
-	-	1206	33.30	3620	2920	0.38	17547	1	0	134	27.46	251	38.87	0.10	2.89	7.07	56.79	26.34	3.14	24.48	80	19	79	99.20	300	300	518.89	100.68	0.82	0.82	0.00	0.00	0.00	0.00	0.00	0.00	0.00	27.58	22.80	0.01	0.00	0.00	0.00	4000	2.42
0	0	479	14.84	3226	2918	1.15	1045	0	0	13	16.56	22	34.54	0.11	2.67	22.58	60.16	74.45	2.74	3.47	70	4	79	99.12	300	300	518.67	100.63	0.82	0.82	0.00	0.00	0.00	0.00	0.00	0.00	0.00	27.56	22.78	0.01	0.00	0.00	0.00	4000
0	1	341	8.64	3947	2918	1.05	1040	0	0	10	29.51	17	33.97	0.18	5.65	16.35	69.46	74.45
4	2	430	11.14	3859	2918	0.94	1038	0	0	9	22.11	16	36.41	0.14	3.74	8.64	76.60	36.53	2.38	44.32	66	0
4	3	535	13.70	3906	2918	1.04	727	1	0	12	19.11	22	37.43	0.27	3.94	4.87	77.59	36.53
8	4	881	21.79	4042	2918	1.50	915	0	0	24	29.34	44	36.58	0.20	5.56	7.77	64.98	28.21	4.25	45.04	70	19
8	5	73	1.98	3685	2918	0.81	289	0	0	2	38.91	3	43.83	0.03	1.30	3.97	92.80	28.21
12	6	148	4.48	3315	2918	1.07	789	0	0	4	52.80	7	44.63	0.07	3.83	16.37	75.49	34.67	7.41	45.36	68	0
12	7	374	9.68	3862	2918	1.15	512	0	0	10	18.91	17	33.18	0.24	4.22	2.53	83.64	34.67
16	8	303	7.79	3894	2918	0.54	683	0	0	3	47.39	8	56.49	0.04	3.15	12.68	76.50	23.38	7.88	55.66	75	0
16	9	260	7.03	3693	2918	1.04	527	0	0	7	27.53	11	35.51	0.12	4.58	3.55	84.93	23.38
20	10	1031	23.87	4321	2918	1.56	904	0	0	29	30.38	61	42.50	0.12	3.83	2.46	69.90	13.43	6.77	50.93	69	0
20	11	361	8.91	4057	2918	1.37	812	0	0	9	37.85	18	44.64	0.09	3.72	11.28	76.19	13.43
24	12	3518	99.77	3526	2918	0.07	2068	0	0	1	13.94	1	29.11	0.00	0.00	0.00	0.00	0.00	0.00	0.00	80	0
25	13	3518	99.77	3526	2918	0.07	2063	0	0	1	10.67	1	27.39	0.00	0.00	0.00	0.00	0.00	0.00	0.00	80	0
26	14	3519	99.77	3527	2918	0.07	2065	0	0	0	16.52	1	30.15	0.00	0.00	0.00	0.00	0.00	0.00	0.00	80	0
27	15	3519	99.77	3527	2918	0.07	2070	0	0	0	14.20	1	29.32	0.00	0.00	0.00	0.00	0.00	0.00	0.00	80	0
Core	CPU	Avg_MHz	Busy%	Bzy_MHz	TSC_MHz	IPC	IRQ	NMI	SMI	LLCMRPS	LLC%hit	L2MRPS	L2%hit	POLL%	C1ACPI%	C2ACPI%	C3ACPI%	CPU%c1	CPU%c6	CPU%c7	CoreTmp	CoreThr	PkgTmp	GFX%rc6	GFXMHz	GFXAMHz	Totl%C0	Any%C0	GFX%C0	CPUGFX%	Pkg%pc2	Pkg%pc3	Pkg%pc6	Pkg%pc8	Pk%pc10	CPU%LPI	SYS%LPI	PkgWatt	CorWatt	GFXWatt	RAMWatt	PKG_%	RAM_%	UncMHz	SysWatt
-	-	670	17.77	3778	2915	0.77	174307	0	0	85	46.18	211	48.12	0.06	3.94	7.70	70.78	34.95	16.12	24.12	92	34	88	98.79	300	300	283.86	83.18	0.85	0.58	2.07	0.00	1.75	0.00	0.00	0.00	0.00	25.95	20.96	0.01	0.00	0.00	0.00	3900	2.62
0	0	103	4.87	2108	2918	0.91	7634	0	0	2	59.44	5	49.83	0.18	12.81	34.63	48.12	78.04	3.03	11.68	75	0	88	99.00	300	300	284.18	83.27	0.85	0.58	2.07	0.00	1.75	0.00	0.00	0.00	0.00	26.00	21.01	0.01	0.00	0.00	0.00	3900
0	1	110	3.30	3337	2918	1.44	4854	0	0	4	50.48	8	41.00	0.00	2.07	14.66	80.18	78.05
4	2	123	3.48	3535	2918	0.61	32654	0	0	2	70.19	3	43.73	0.07	6.36	6.76	84.15	36.38	4.42	53.63	74	0
4	3	103	2.92	3532	2918	0.78	11889	0	0	2	71.58	3	48.86	0.10	5.33	4.27	87.92	36.38
8	4	1309	28.70	4562	2918	2.04	25149	0	0	27	48.28	53	32.09	0.05	5.49	4.16	61.86	24.67	2.04	42.94	78	34
8	5	72	1.78	4043	2918	0.41	5530	0	0	1	71.37	2	59.63	0.09	1.18	2.40	94.78	24.67
12	6	1208	26.50	4560	2918	2.13	6494	0	0	16	40.54	63	67.58	0.05	3.02	5.48	65.09	19.84	4.00	47.21	79	28
12	7	187	4.33	4325	2918	1.56	6533	0	0	5	50.43	11	40.16	0.08	2.79	1.65	91.40	19.84
16	8	180	4.71	3822	2918	1.24	5930	0	0	5	40.04	11	44.15	0.06	4.49	11.54	79.53	35.02	5.08	46.89	87	7
16	9	400	9.38	4266	2918	1.72	4592	0	0	12	40.88	27	42.61	0.09	3.60	5.02	82.18	34.96
20	10	229	5.89	3892	2918	1.72	10903	0	0	5	44.33	14	54.48	0.03	3.45	7.50	83.59	47.54	5.49	39.08	92	0
20	11	99	3.23	3080	2918	0.85	4785	0	0	2	60.77	4	41.40	0.14	6.49	14.68	75.83	47.49
24	12	1666	46.62	3574	2918	0.14	27810	0	0	1	26.42	2	25.31	0.01	4.30	2.03	47.65	19.66	33.15	0.00	80	0
25	13	1667	46.74	3567	2918	0.14	6313	0	0	1	19.78	2	26.23	0.00	0.94	5.02	47.39	19.93	32.88	0.00	80	0
26	14	1658	46.50	3566	2918	0.13	6599	0	0	1	22.64	2	26.04	0.01	0.77	3.37	49.45	18.74	34.25	0.00	80	0
27	15	1615	45.08	3581	2918	0.13	6638	0	0	1	9.07	1	20.75	0.00	0.07	0.23	54.69	18.15	36.62	0.00	80	0
Core	CPU	Avg_MHz	Busy%	Bzy_MHz	TSC_MHz	IPC	IRQ	NMI	SMI	LLCMRPS	LLC%hit	L2MRPS	L2%hit	POLL%	C1ACPI%	C2ACPI%	C3ACPI%	CPU%c1	CPU%c6	CPU%c7	CoreTmp	CoreThr	PkgTmp	GFX%rc6	GFXMHz	GFXAMHz	Totl%C0	Any%C0	GFX%C0	CPUGFX%	Pkg%pc2	Pkg%pc3	Pkg%pc6	Pkg%pc8	Pk%pc10	CPU%LPI	SYS%LPI	PkgWatt	CorWatt	GFXWatt	RAMWatt	PKG_%	RAM_%	UncMHz	SysWatt
-	-	1331	34.73	3828	2923	1.81	170921	1	0	416	16.52	859	46.49	0.09	5.99	6.92	52.63	19.08	24.06	1.95	92	35	92	99.14	300	300	525.33	100.45	0.90	0.90	0.00	0.00	0.00	0.00	0.00	0.00	0.00	48.71	41.88	0.01	0.00	0.00	0.00	1900	7.64
0	0	2658	69.40	3830	2918	1.93	4096	0	0	58	13.65	109	43.19	0.22	5.79	9.40	15.44	22.99	0.38	0.00	90	12	92	99.02	300	300	525.53	100.49	0.90	0.90	0.00	0.00	0.00	0.00	0.00	0.00	0.00	48.65	41.83	0.01	0.00	0.00	0.00	1900
0	1	431	11.74	3671	2918	1.59	6542	0	0	8	35.14	21	52.93	0.03	10.90	25.74	51.87	22.97
4	2	699	17.99	3885	2918	1.65	40501	0	0	9	34.12	35	64.36	0.07	10.68	6.03	65.91	19.02	0.48	2.03	83	0
4	3	2606	68.40	3810	2918	1.90	3286	0	0	56	12.59	101	41.53	0.18	3.66	1.14	26.78	19.00
8	4	380	9.87	3848	2918	1.13	41966	0	0	4	36.77	13	59.36	0.03	15.62	6.29	68.75	18.77	0.37	2.56	92	35
8	5	2911	75.88	3837	2918	1.92	2846	0	0	62	14.07	121	44.59	0.20	2.83	0.75	20.48	18.76
12	6	1354	32.06	4225	2918	1.64	25670	0	0	22	22.03	62	54.32	0.06	7.59	2.92	57.66	4.18	0.04	1.43	83	27
12	7	2656	68.54	3876	2918	2.08	2491	1	0	51	13.84	102	48.07	0.17	3.59	1.17	26.63	4.18
16	8	2540	65.64	3870	2918	1.75	2936	0	0	55	15.79	105	42.09	0.14	4.66	7.48	22.21	16.12	1.08	9.24	91	4
16	9	462	12.28	3761	2918	1.05	2273	0	0	9	14.59	17	43.74	0.02	2.62	2.91	82.26	16.15
20	10	1375	33.65	4087	2918	1.67	2824	0	0	26	25.35	64	47.96	0.05	2.79	2.36	61.19	6.13	0.11	4.25	83	6
20	11	2371	61.43	3860	2918	2.06	3961	0	0	47	12.84	87	44.78	0.17	3.06	0.98	34.49	6.14
24	12	436	15.01	2909	2918	0.71	23206	0	0	5	32.44	10	39.78	0.00	9.52	16.49	59.59	33.58	50.50	0.00	81	0
25	13	134	4.90	2730	2918	0.70	2629	0	0	1	43.53	4	56.76	0.01	5.14	15.36	74.77	38.46	56.15	0.00	81	0
26	14	145	5.06	2860	2918	0.82	2543	0	0	1	41.27	4	66.70	0.01	3.68	5.52	85.88	28.60	65.98	0.00	81	0
27	15	98	3.52	2774	2918	0.85	3151	0	0	1	45.72	2	60.73	0.01	3.54	6.05	87.05	30.31	65.84	0.00	81	0
Core	CPU	Avg_MHz	Busy%	Bzy_MHz	TSC_MHz	IPC	IRQ	NMI	SMI	LLCMRPS	LLC%hit	L2MRPS	L2%hit	POLL%	C1ACPI%	C2ACPI%	C3ACPI%	CPU%c1	CPU%c6	CPU%c7	CoreTmp	CoreThr	PkgTmp	GFX%rc6	GFXMHz	GFXAMHz	Totl%C0	Any%C0	GFX%C0	CPUGFX%	Pkg%pc2	Pkg%pc3	Pkg%pc6	Pkg%pc8	Pk%pc10	CPU%LPI	SYS%LPI	PkgWatt	CorWatt	GFXWatt	RAMWatt	PKG_%	RAM_%	UncMHz	SysWatt
-	-	1552	40.20	3859	2919	1.14	18857	2	0	642	8.55	930	29.56	0.12	3.78	5.80	50.24	7.55	28.82	0.05	93	3	93	99.17	300	300	617.76	100.74	0.91	0.91	0.00	0.00	0.00	0.00	0.00	0.00	0.00	50.13	42.36	0.01	0.00	0.00	0.00	1900	7.89
0	0	2723	69.91	3895	2918	1.21	1828	0	0	75	8.02	106	28.64	0.23	3.19	5.81	21.07	8.94	0.05	0.21	93	0	93	99.04	300	300	617.04	100.63	0.91	0.91	0.00	0.00	0.00	0.00	0.00	0.00	0.00	50.07	42.30	0.01	0.00	0.00	0.00	1900
0	1	927	23.90	3879	2918	1.16	1758	0	0	25	12.14	36	28.57	0.05	5.56	26.83	43.79	8.94
4	2	1079	27.50	3923	2918	0.99	930	0	0	24	9.84	36	31.47	0.08	3.38	3.79	65.32	4.52	0.09	0.31	83	0
4	3	3019	77.33	3903	2918	1.17	1755	0	0	81	7.78	115	28.79	0.24	2.85	0.88	18.87	4.53
8	4	160	4.01	3981	2918	0.67	410	0	0	2	28.90	5	52.89	0.02	6.46	3.39	86.17	1.99	0.00	0.00	92	3
8	5	3817	97.61	3911	2918	1.22	2059	1	0	107	7.24	151	28.35	0.30	2.18	0.01	0.12	1.99
12	6	196	4.94	3973	2918	0.71	395	1	0	3	20.24	5	38.41	0.04	5.06	2.60	87.43	2.06	0.01	0.01	84	0
12	7	3816	97.55	3912	2918	1.21	2067	0	0	105	7.27	149	28.42	0.35	2.32	0.01	0.03	2.06
16	8	731	18.64	3923	2918	0.82	673	0	0	13	11.32	20	34.35	0.05	4.85	2.10	74.42	1.89	0.00	0.00	92	1
16	9	3500	89.55	3909	2918	1.16	1954	0	0	94	8.38	135	29.25	0.28	2.32	0.19	7.86	1.88
20	10	488	12.42	3933	2918	1.14	525	0	0	13	9.95	18	29.76	0.06	6.35	2.69	78.56	2.47	0.01	0.01	84	0
20	11	3370	86.25	3908	2918	1.20	1826	0	0	92	7.43	131	28.37	0.27	2.57	0.15	10.97	2.47
24	12	436	14.56	2991	2918	0.63	841	0	0	4	30.20	9	40.58	0.00	3.08	12.28	70.16	12.50	72.40	0.00	83	0
25	13	305	10.36	2949	2918	0.65	945	0	0	3	37.50	7	45.55	0.00	3.40	16.68	69.66	24.03	65.16	0.00	83	0
26	14	119	4.27	2796	2918	0.52	622	0	0	1	48.84	3	54.29	0.00	4.90	12.92	78.02	31.34	64.11	0.00	83	0
27	15	134	4.41	3033	2918	0.65	269	0	0	1	36.92	4	75.11	0.00	1.98	2.39	91.26	9.15	86.43	0.00	83	0
Core	CPU	Avg_MHz	Busy%	Bzy_MHz	TSC_MHz	IPC	IRQ	NMI	SMI	LLCMRPS	LLC%hit	L2MRPS	L2%hit	POLL%	C1ACPI%	C2ACPI%	C3ACPI%	CPU%c1	CPU%c6	CPU%c7	CoreTmp	CoreThr	PkgTmp	GFX%rc6	GFXMHz	GFXAMHz	Totl%C0	Any%C0	GFX%C0	CPUGFX%	Pkg%pc2	Pkg%pc3	Pkg%pc6	Pkg%pc8	Pk%pc10	CPU%LPI	SYS%LPI	PkgWatt	CorWatt	GFXWatt	RAMWatt	PKG_%	RAM_%	UncMHz	SysWatt
-	-	1553	40.03	3879	2918	1.14	18297	0	0	642	8.67	931	29.67	0.12	3.32	5.11	51.54	3.84	34.36	0.50	93	5	93	98.98	300	300	611.34	100.63	0.90	0.90	0.00	0.00	0.00	0.00	0.00	0.00	0.00	50.00	42.23	0.01	0.00	0.00	0.00	1900	7.85
0	0	950	24.26	3917	2918	1.02	1394	0	0	22	13.35	33	30.98	0.07	4.70	17.89	53.21	2.69	0.17	0.23	93	5	93	98.98	300	300	611.29	100.62	0.90	0.90	0.00	0.00	0.00	0.00	0.00	0.00	0.00	50.00	42.23	0.01	0.00	0.00	0.00	1900
0	1	3169	80.73	3926	2918	1.21	1923	0	0	87	7.72	125	28.81	0.24	1.79	3.68	13.75	2.69
4	2	326	8.21	3967	2918	0.73	614	0	0	5	17.06	9	36.51	0.07	4.84	5.27	81.72	1.96	0.03	0.01	84	0
4	3	3832	97.62	3926	2918	1.21	2091	0	0	105	7.39	149	28.46	0.32	2.22	0.04	0.04	1.96
8	4	911	23.23	3923	2918	1.15	738	0	0	24	9.44	35	30.76	0.06	4.50	3.10	69.18	2.25	0.01	0.36	93	4
8	5	2990	76.16	3926	2918	1.24	1692	0	0	85	8.47	121	28.72	0.25	3.70	0.27	19.80	2.25
12	6	2138	54.51	3923	2918	1.09	1370	0	0	52	8.35	76	30.28	0.14	3.91	1.35	40.19	2.86	0.09	0.91	86	0
12	7	2064	52.59	3925	2918	1.16	1249	0	0	54	7.88	79	29.74	0.15	3.30	0.70	43.38	2.86
16	8	3245	82.73	3923	2918	1.17	1829	0	0	86	7.83	123	28.96	0.28	2.91	0.35	13.94	3.85	0.20	2.85	92	0
16	9	468	11.98	3906	2918	0.85	363	0	0	9	10.61	13	31.79	0.06	1.66	0.94	85.41	3.85
20	10	853	21.69	3934	2918	1.02	641	0	0	19	9.16	29	31.19	0.06	3.61	1.68	73.01	3.44	0.20	0.60	84	0
20	11	3123	79.60	3924	2918	1.20	1724	0	0	85	7.64	120	28.36	0.20	2.36	1.10	16.88	3.44
24	12	273	9.56	2858	2918	0.58	834	0	0	3	39.44	7	44.06	0.00	4.15	14.84	71.57	6.80	82.74	0.00	80	0
25	13	281	9.61	2919	2918	0.67	846	0	0	3	39.19	7	47.46	0.00	3.25	12.16	75.08	6.28	83.39	0.00	80	0
26	14	154	5.53	2780	2918	0.50	658	0	0	2	45.49	5	52.84	0.00	3.37	11.77	79.45	7.72	86.09	0.00	80	0
27	15	68	2.45	2766	2918	0.61	331	0	0	1	54.46	2	62.20	0.00	2.91	6.65	88.06	6.59	90.64	0.00	81	0
Core	CPU	Avg_MHz	Busy%	Bzy_MHz	TSC_MHz	IPC	IRQ	NMI	SMI	LLCMRPS	LLC%hit	L2MRPS	L2%hit	POLL%	C1ACPI%	C2ACPI%	C3ACPI%	CPU%c1	CPU%c6	CPU%c7	CoreTmp	CoreThr	PkgTmp	GFX%rc6	GFXMHz	GFXAMHz	Totl%C0	Any%C0	GFX%C0	CPUGFX%	Pkg%pc2	Pkg%pc3	Pkg%pc6	Pkg%pc8	Pk%pc10	CPU%LPI	SYS%LPI	PkgWatt	CorWatt	GFXWatt	RAMWatt	PKG_%	RAM_%	UncMHz	SysWatt
-	-	1545	39.99	3864	2918	1.15	18956	2	0	644	8.72	930	29.43	0.11	3.35	5.55	51.12	3.81	33.93	0.30	93	12	93	99.06	300	300	616.61	100.55	0.82	0.82	0.00	0.00	0.00	0.00	0.00	0.00	0.00	50.02	42.21	0.01	0.00	0.00	0.00	1800	7.87
0	0	153	3.91	3911	2918	0.65	1336	0	0	3	67.24	4	32.37	0.05	4.75	23.84	67.61	1.93	0.02	0.00	93	7	93	99.12	300	300	616.99	100.62	0.82	0.82	0.00	0.00	0.00	0.00	0.00	0.00	0.00	50.05	42.23	0.01	0.00	0.00	0.00	1800
0	1	3823	97.69	3913	2918	1.23	2145	1	0	107	7.45	152	28.31	0.28	2.19	0.03	0.00	1.93
4	2	670	16.98	3945	2918	0.94	752	0	0	14	11.03	21	32.56	0.04	4.94	2.58	75.51	2.25	0.00	0.24	84	0
4	3	3416	87.39	3909	2918	1.20	1935	0	0	94	7.51	133	28.61	0.27	2.21	0.26	10.06	2.25
8	4	149	3.75	3971	2918	0.85	405	0	0	3	18.43	5	40.11	0.01	3.93	4.26	88.09	1.68	0.03	0.00	93	12
8	5	3764	96.21	3913	2918	1.24	2091	0	0	107	8.55	153	28.67	0.28	2.06	0.09	1.55	1.68
12	6	446	11.36	3924	2918	0.86	497	0	0	8	11.78	13	33.41	0.03	3.81	2.34	82.50	3.53	0.27	0.24	86	0
12	7	3543	90.62	3910	2918	1.20	1999	0	0	97	7.49	138	28.46	0.26	2.63	1.59	5.08	3.52
16	8	2478	63.63	3895	2918	1.10	1492	0	0	61	8.29	88	29.53	0.18	2.96	1.08	32.27	3.61	0.40	2.52	92	11
16	9	1449	36.92	3925	2918	1.11	941	0	0	36	8.30	52	29.44	0.11	3.34	0.54	59.18	3.61
20	10	248	6.30	3931	2918	0.84	473	0	0	5	17.19	7	35.09	0.02	4.15	4.36	85.22	2.94	0.05	0.00	83	0
20	11	3719	95.10	3911	2918	1.18	2055	1	0	100	7.54	142	28.45	0.30	2.51	0.09	2.22	2.94
24	12	475	15.88	2992	2918	0.60	979	0	0	5	32.15	9	39.06	0.00	2.61	11.87	69.72	4.45	78.95	0.00	81	0
25	13	168	6.09	2753	2918	0.58	789	0	0	2	45.34	5	50.53	0.00	4.12	16.86	73.05	8.60	84.49	0.00	81	0
26	14	117	4.18	2792	2918	0.62	520	0	0	1	49.27	4	65.98	0.00	3.11	9.28	83.52	6.58	88.76	0.00	81	0
27	15	104	3.77	2772	2918	0.78	547	0	0	1	53.41	3	60.30	0.01	4.23	9.80	82.29	9.49	86.31	0.00	81	0
Core	CPU	Avg_MHz	Busy%	Bzy_MHz	TSC_MHz	IPC	IRQ	NMI	SMI	LLCMRPS	LLC%hit	L2MRPS	L2%hit	POLL%	C1ACPI%	C2ACPI%	C3ACPI%	CPU%c1	CPU%c6	CPU%c7	CoreTmp	CoreThr	PkgTmp	GFX%rc6	GFXMHz	GFXAMHz	Totl%C0	Any%C0	GFX%C0	CPUGFX%	Pkg%pc2	Pkg%pc3	Pkg%pc6	Pkg%pc8	Pk%pc10	CPU%LPI	SYS%LPI	PkgWatt	CorWatt	GFXWatt	RAMWatt	PKG_%	RAM_%	UncMHz	SysWatt
-	-	1558	40.53	3846	2917	1.15	27807	2	0	645	9.01	936	29.78	0.11	3.57	7.71	48.22	3.81	33.20	0.25	96	236	96	98.95	300	300	620.44	100.64	0.88	0.88	0.00	0.00	0.00	0.00	0.00	0.00	0.00	50.02	42.20	0.01	0.00	0.00	0.00	2100	7.87
0	0	466	12.02	3874	2918	0.95	2024	0	0	10	22.20	16	30.99	0.07	6.55	22.39	59.18	2.34	0.00	0.00	96	77	96	98.97	300	300	620.36	100.63	0.88	0.88	0.00	0.00	0.00	0.00	0.00	0.00	0.00	50.03	42.21	0.01	0.00	0.00	0.00	2100
0	1	3570	91.70	3894	2918	1.21	2644	0	0	98	7.69	139	28.59	0.23	2.57	1.32	4.35	2.35
4	2	221	5.68	3896	2918	0.57	1159	0	0	2	39.00	6	58.81	0.01	5.63	8.95	79.80	1.88	0.00	0.00	84	0
4	3	3811	97.75	3898	2918	1.21	2580	1	0	105	7.66	149	28.56	0.29	2.12	0.01	0.04	1.88
8	4	201	5.13	3917	2918	0.52	1026	0	0	2	38.44	4	52.99	0.00	3.67	5.73	85.52	1.50	0.00	0.00	94	93
8	5	3826	98.11	3900	2918	1.23	2722	0	0	108	8.86	154	28.95	0.31	1.78	0.00	0.01	1.50
12	6	85	2.20	3876	2918	0.53	900	0	0	1	55.11	2	48.13	0.01	4.55	7.71	85.60	2.11	0.00	0.00	86	0
12	7	3802	97.54	3898	2918	1.23	2558	1	0	107	7.52	150	28.24	0.20	2.38	0.00	0.00	2.11
16	8	1860	47.64	3905	2918	0.89	1882	0	0	36	10.09	55	32.93	0.08	3.06	6.10	43.17	2.76	0.42	2.51	93	236
16	9	2510	64.49	3892	2918	1.11	2151	0	0	64	8.63	93	30.50	0.19	2.93	1.62	30.92	2.76
20	10	181	4.61	3917	2918	0.94	854	0	0	4	17.90	6	35.16	0.04	3.98	4.24	87.22	2.25	0.00	0.00	84	0
20	11	3736	95.88	3897	2918	1.21	2531	0	0	103	7.51	145	28.21	0.27	2.52	0.05	1.48	2.25
24	12	329	11.59	2840	2918	0.51	1225	0	0	3	38.21	6	38.80	0.00	3.12	12.61	72.88	5.36	81.19	0.00	82	0
25	13	122	5.48	2230	2918	0.52	1532	0	0	2	57.44	4	46.38	0.00	6.53	29.31	58.99	16.43	75.76	0.00	82	0
26	14	116	4.47	2594	2918	0.80	898	0	0	1	52.63	4	68.99	0.00	2.17	7.41	86.12	5.80	88.19	0.00	82	0
27	15	104	4.26	2438	2918	0.57	1121	0	0	1	50.47	3	55.67	0.00	3.55	15.96	76.44	7.63	86.32	0.00	82	0
Core	CPU	Avg_MHz	Busy%	Bzy_MHz	TSC_MHz	IPC	IRQ	NMI	SMI	LLCMRPS	LLC%hit	L2MRPS	L2%hit	POLL%	C1ACPI%	C2ACPI%	C3ACPI%	CPU%c1	CPU%c6	CPU%c7	CoreTmp	CoreThr	PkgTmp	GFX%rc6	GFXMHz	GFXAMHz	Totl%C0	Any%C0	GFX%C0	CPUGFX%	Pkg%pc2	Pkg%pc3	Pkg%pc6	Pkg%pc8	Pk%pc10	CPU%LPI	SYS%LPI	PkgWatt	CorWatt	GFXWatt	RAMWatt	PKG_%	RAM_%	UncMHz	SysWatt
-	-	1325	40.29	3289	2919	1.28	20250	1	0	615	9.29	902	29.09	0.04	3.60	5.86	50.31	3.60	34.24	0.19	86	51	86	99.10	300	300	617.56	100.69	0.92	0.92	0.00	0.00	0.00	0.00	0.00	0.00	0.00	36.89	29.23	0.01	0.00	0.00	0.00	900	4.59
0	0	228	6.92	3291	2918	0.92	1406	0	0	5	38.84	8	29.97	0.00	5.03	23.77	64.44	2.41	0.00	0.00	85	22	86	99.03	300	300	617.25	100.63	0.92	0.92	0.00	0.00	0.00	0.00	0.00	0.00	0.00	36.86	29.21	0.01	0.00	0.00	0.00	900
0	1	3143	94.37	3331	2918	1.37	2217	0	0	98	7.89	141	27.64	0.10	2.96	0.49	2.18	2.41
4	2	1767	54.83	3223	2918	1.27	1573	0	0	51	9.34	76	30.37	0.07	4.56	2.14	38.50	2.77	0.45	1.94	78	0
4	3	1859	54.45	3414	2918	1.11	1486	0	0	46	8.98	68	30.41	0.09	3.35	1.00	41.17	2.77
8	4	516	15.86	3252	2918	1.20	727	0	0	14	11.74	22	31.46	0.01	4.88	3.20	76.11	1.86	0.00	0.00	85	16
8	5	2904	86.97	3339	2918	1.38	2016	0	0	92	9.02	133	28.21	0.09	2.77	0.89	9.36	1.86
12	6	181	5.57	3257	2918	0.60	437	0	0	2	29.31	4	45.72	0.00	3.99	2.65	87.82	2.54	0.03	0.00	79	0
12	7	3229	97.01	3328	2918	1.39	2144	0	0	102	7.78	146	27.85	0.08	2.96	0.04	0.00	2.54
16	8	401	12.37	3245	2918	1.08	469	0	0	9	10.56	15	35.18	0.01	1.07	0.95	85.61	2.77	0.04	0.00	86	51
16	9	2982	89.46	3333	2918	1.33	2037	1	0	90	8.24	130	27.97	0.11	2.99	0.25	7.29	2.77
20	10	101	3.05	3315	2918	0.71	406	0	0	1	36.81	2	43.91	0.01	5.57	1.92	89.50	2.97	0.03	0.00	79	0
20	11	3214	96.60	3328	2918	1.32	2137	0	0	96	8.03	138	27.94	0.12	3.36	0.05	0.00	2.97
24	12	154	6.61	2326	2918	0.46	952	0	0	2	57.48	4	45.37	0.00	4.59	20.64	68.36	10.17	81.93	0.00	78	0
25	13	320	11.98	2670	2918	0.63	966	0	0	3	36.11	7	42.10	0.00	3.19	14.26	70.71	5.95	81.10	0.00	78	0
26	14	101	4.38	2313	2918	0.49	633	0	0	1	58.43	4	60.19	0.00	2.86	11.23	81.66	3.77	90.95	0.00	78	0
27	15	101	4.23	2394	2918	0.74	644	0	0	1	55.81	3	57.56	0.00	3.50	10.23	82.17	7.11	87.94	0.00	78	0
Core	CPU	Avg_MHz	Busy%	Bzy_MHz	TSC_MHz	IPC	IRQ	NMI	SMI	LLCMRPS	LLC%hit	L2MRPS	L2%hit	POLL%	C1ACPI%	C2ACPI%	C3ACPI%	CPU%c1	CPU%c6	CPU%c7	CoreTmp	CoreThr	PkgTmp	GFX%rc6	GFXMHz	GFXAMHz	Totl%C0	Any%C0	GFX%C0	CPUGFX%	Pkg%pc2	Pkg%pc3	Pkg%pc6	Pkg%pc8	Pk%pc10	CPU%LPI	SYS%LPI	PkgWatt	CorWatt	GFXWatt	RAMWatt	PKG_%	RAM_%	UncMHz	SysWatt
-	-	1288	39.94	3225	2919	1.29	18844	4	0	604	9.59	900	29.20	0.04	4.09	5.78	50.25	5.13	34.53	0.89	86	0	85	98.98	300	300	595.48	100.60	0.96	0.96	0.00	0.00	0.00	0.00	0.00	0.00	0.00	34.29	26.72	0.01	0.00	0.00	0.00	1000	3.94
0	0	2932	90.04	3256	2918	1.41	2153	1	0	94	8.25	137	27.73	0.07	4.73	1.61	3.65	6.11	0.30	0.62	85	0	85	98.96	300	300	595.47	100.60	0.96	0.96	0.00	0.00	0.00	0.00	0.00	0.00	0.00	34.28	26.71	0.01	0.00	0.00	0.00	1000
0	1	285	8.80	3233	2918	0.87	1117	0	0	6	36.03	10	40.00	0.02	4.66	18.98	67.70	6.11
4	2	2187	67.02	3263	2918	1.35	1643	0	0	68	8.84	100	28.48	0.07	4.79	1.35	26.88	4.55	0.51	2.11	78	0
4	3	1013	31.17	3252	2918	1.25	865	0	0	29	9.26	42	28.94	0.03	4.17	1.37	63.32	4.55
8	4	2027	62.17	3261	2918	1.41	1484	1	0	65	8.84	96	28.29	0.05	4.53	1.91	31.41	4.13	0.08	0.39	83	0
8	5	1223	37.52	3261	2918	1.40	1085	1	0	39	8.52	57	28.20	0.02	4.24	8.69	49.60	4.13
12	6	1528	46.85	3262	2918	1.27	1275	0	0	44	9.27	66	29.23	0.07	4.76	3.28	45.12	3.75	0.01	0.36	79	0
12	7	1977	60.70	3257	2918	1.34	1408	0	0	60	8.89	90	29.01	0.05	3.88	0.42	35.01	3.74
16	8	2049	62.81	3262	2918	1.21	1565	1	0	57	9.36	85	29.64	0.09	5.05	1.91	30.24	4.14	0.37	4.01	86	0
16	9	1524	46.81	3256	2918	1.12	1214	0	0	38	9.86	58	30.32	0.04	4.35	1.48	47.36	4.14
20	10	2031	62.29	3261	2918	1.32	1461	0	0	61	8.79	89	28.24	0.11	4.70	1.01	32.02	4.75	0.01	1.40	78	0
20	11	1198	36.75	3262	2918	1.31	857	0	0	36	8.62	52	28.10	0.02	2.09	1.66	59.51	4.76
24	12	233	9.39	2481	2918	0.62	836	0	0	3	43.01	6	40.88	0.00	2.95	13.28	74.51	6.68	83.22	0.00	77	0
25	13	136	5.85	2325	2918	0.55	859	0	0	2	57.74	4	49.55	0.00	4.70	16.93	72.68	9.10	84.11	0.00	78	0
26	14	136	5.58	2430	2918	0.58	554	0	0	1	54.85	4	59.93	0.00	2.85	9.92	81.76	6.40	87.52	0.00	78	0
27	15	130	5.29	2462	2918	0.74	468	0	0	1	48.94	4	52.39	0.00	3.05	8.68	83.08	5.04	89.23	0.00	78	0
Core	CPU	Avg_MHz	Busy%	Bzy_MHz	TSC_MHz	IPC	IRQ	NMI	SMI	LLCMRPS	LLC%hit	L2MRPS	L2%hit	POLL%	C1ACPI%	C2ACPI%	C3ACPI%	CPU%c1	CPU%c6	CPU%c7	CoreTmp	CoreThr	PkgTmp	GFX%rc6	GFXMHz	GFXAMHz	Totl%C0	Any%C0	GFX%C0	CPUGFX%	Pkg%pc2	Pkg%pc3	Pkg%pc6	Pkg%pc8	Pk%pc10	CPU%LPI	SYS%LPI	PkgWatt	CorWatt	GFXWatt	RAMWatt	PKG_%	RAM_%	UncMHz	SysWatt
-	-	1299	40.15	3235	2918	1.28	18207	0	0	606	9.41	898	29.24	0.02	3.58	5.30	51.02	3.96	35.54	0.52	86	0	86	98.98	300	300	600.71	100.57	0.89	0.89	0.00	0.00	0.00	0.00	0.00	0.00	0.00	34.44	26.90	0.01	0.00	0.00	0.00	1000	3.96
0	0	2502	76.75	3260	2918	1.35	1930	0	0	78	8.72	113	28.33	0.05	3.73	3.24	16.33	3.12	0.01	0.11	84	0	86	99.02	300	300	600.99	100.62	0.89	0.89	0.00	0.00	0.00	0.00	0.00	0.00	0.00	34.46	26.92	0.01	0.00	0.00	0.00	1000
0	1	1045	31.94	3273	2918	1.10	1551	0	0	26	13.44	40	31.83	0.01	3.94	18.28	45.94	3.12
4	2	113	3.48	3250	2918	0.65	396	0	0	1	43.46	3	51.60	0.00	4.18	3.02	89.37	3.02	0.02	0.00	78	0
4	3	3153	96.56	3265	2918	1.39	2067	0	0	100	8.01	145	27.62	0.06	3.38	0.08	0.00	3.02
8	4	763	23.20	3287	2918	1.23	773	0	0	21	9.70	32	29.26	0.01	5.43	2.95	68.45	3.90	0.04	0.00	82	0
8	5	2619	80.36	3259	2918	1.38	1751	0	0	82	7.96	120	28.05	0.04	3.59	0.27	15.82	3.90
12	6	233	7.10	3279	2918	1.01	420	0	0	5	16.81	8	34.22	0.00	4.86	3.37	84.71	2.43	0.01	0.00	79	0
12	7	3090	94.64	3265	2918	1.42	2002	0	0	101	8.95	147	27.95	0.06	2.89	0.01	2.44	2.43
16	8	2454	75.14	3265	2918	1.27	1743	0	0	72	8.78	106	29.30	0.06	3.68	0.22	20.95	3.95	0.20	4.93	86	0
16	9	1060	32.64	3246	2918	0.84	940	0	0	19	12.42	31	35.87	0.02	2.90	1.67	62.77	3.95
20	10	958	29.25	3274	2918	1.21	775	0	0	26	9.52	39	31.39	0.01	3.38	2.12	65.29	4.24	0.15	0.17	78	0
20	11	2318	71.09	3261	2918	1.32	1547	0	0	70	8.31	101	27.91	0.05	3.24	0.89	24.80	4.24
24	12	212	8.60	2463	2918	0.50	653	0	0	2	50.24	4	48.77	0.00	2.96	12.79	75.79	4.84	85.81	0.00	77	0
25	13	79	3.56	2224	2918	0.51	543	0	0	1	62.56	3	50.05	0.00	3.67	10.85	82.06	6.59	89.17	0.00	77	0
26	14	83	3.86	2142	2918	0.37	652	0	0	1	65.18	3	47.84	0.00	2.66	16.70	76.95	4.39	90.74	0.00	77	0
27	15	100	4.17	2407	2918	0.88	464	0	0	1	54.40	3	59.07	0.00	2.79	8.43	84.70	6.23	89.26	0.00	77	0
Core	CPU	Avg_MHz	Busy%	Bzy_MHz	TSC_MHz	IPC	IRQ	NMI	SMI	LLCMRPS	LLC%hit	L2MRPS	L2%hit	POLL%	C1ACPI%	C2ACPI%	C3ACPI%	CPU%c1	CPU%c6	CPU%c7	CoreTmp	CoreThr	PkgTmp	GFX%rc6	GFXMHz	GFXAMHz	Totl%C0	Any%C0	GFX%C0	CPUGFX%	Pkg%pc2	Pkg%pc3	Pkg%pc6	Pkg%pc8	Pk%pc10	CPU%LPI	SYS%LPI	PkgWatt	CorWatt	GFXWatt	RAMWatt	PKG_%	RAM_%	UncMHz	SysWatt
-	-	1302	40.15	3243	2918	1.28	19383	2	0	605	9.46	904	29.66	0.04	4.17	6.30	49.44	5.08	33.68	0.95	86	0	86	98.94	300	300	599.60	100.58	0.91	0.91	0.00	0.00	0.00	0.00	0.00	0.00	0.00	34.65	27.06	0.01	0.00	0.00	0.00	900	4.04
0	0	1940	59.36	3269	2918	1.31	1865	0	0	58	10.34	86	28.90	0.08	5.92	10.06	24.74	4.34	1.06	1.35	82	0	86	98.98	300	300	599.85	100.62	0.91	0.91	0.00	0.00	0.00	0.00	0.00	0.00	0.00	34.66	27.07	0.01	0.00	0.00	0.00	900
0	1	1486	45.28	3283	2918	1.27	1592	0	0	44	10.75	64	28.65	0.05	3.96	11.39	39.46	4.34
4	2	570	17.53	3250	2918	0.98	850	0	0	13	13.88	21	33.17	0.05	5.69	7.03	69.81	4.65	0.65	0.50	75	0
4	3	2826	86.00	3286	2918	1.35	1913	0	0	87	8.09	126	27.96	0.07	3.67	1.07	9.27	4.66
8	4	648	19.69	3288	2918	1.31	646	0	0	19	10.06	28	29.95	0.03	4.40	2.41	73.53	3.34	0.00	0.00	83	0
8	5	2652	80.87	3279	2918	1.44	1777	0	0	87	7.77	126	27.48	0.05	3.52	0.10	15.53	3.34
12	6	643	19.72	3261	2918	1.17	655	0	0	15	11.67	26	37.33	0.03	3.95	2.16	74.18	2.98	0.00	0.00	76	0
12	7	2796	85.10	3286	2918	1.41	1924	0	0	90	8.11	131	28.12	0.07	3.95	1.47	9.49	2.98
16	8	1986	60.54	3281	2918	1.16	1480	0	0	53	9.45	79	30.28	0.06	4.34	1.39	33.73	4.25	0.33	6.21	86	0
16	9	1349	41.26	3269	2918	1.16	1098	0	0	35	9.64	53	30.59	0.04	3.35	3.21	52.19	4.25
20	10	1540	46.93	3282	2918	1.30	1147	1	0	45	8.61	66	28.36	0.04	2.35	1.12	49.62	3.93	0.03	1.45	75	0
20	11	1718	52.43	3276	2918	1.34	1227	0	0	52	8.41	76	27.72	0.06	4.76	1.03	41.80	3.93
24	12	254	10.10	2518	2918	0.64	900	0	0	3	39.19	6	41.03	0.00	3.84	15.05	71.15	7.23	81.82	0.00	76	0
25	13	155	6.53	2381	2918	0.70	873	0	0	2	53.27	6	54.75	0.00	4.34	19.35	69.95	9.18	83.28	0.00	76	0
26	14	171	6.98	2454	2918	0.62	770	0	0	1	55.01	8	75.01	0.00	4.23	12.70	76.25	9.65	82.53	0.00	76	0
27	15	98	4.08	2390	2918	0.60	666	1	0	1	59.58	3	62.03	0.00	4.43	11.25	80.37	8.26	87.05	0.00	77	0
Core	CPU	Avg_MHz	Busy%	Bzy_MHz	TSC_MHz	IPC	IRQ	NMI	SMI	LLCMRPS	LLC%hit	L2MRPS	L2%hit	POLL%	C1ACPI%	C2ACPI%	C3ACPI%	CPU%c1	CPU%c6	CPU%c7	CoreTmp	CoreThr	PkgTmp	GFX%rc6	GFXMHz	GFXAMHz	Totl%C0	Any%C0	GFX%C0	CPUGFX%	Pkg%pc2	Pkg%pc3	Pkg%pc6	Pkg%pc8	Pk%pc10	CPU%LPI	SYS%LPI	PkgWatt	CorWatt	GFXWatt	RAMWatt	PKG_%	RAM_%	UncMHz	SysWatt
-	-	1307	40.23	3251	2917	1.29	18916	2	0	608	9.45	901	29.31	0.03	4.12	5.84	49.84	3.84	35.42	0.58	84	0	84	99.11	300	300	601.49	100.69	0.87	0.87	0.00	0.00	0.00	0.00	0.00	0.00	0.00	34.69	27.16	0.01	0.00	0.00	0.00	900	4.02
0	0	3042	92.88	3275	2918	1.28	2267	0	0	90	8.99	133	29.54	0.08	3.47	0.94	2.72	1.95	1.11	1.55	84	0	84	99.08	300	300	601.06	100.62	0.87	0.87	0.00	0.00	0.00	0.00	0.00	0.00	0.00	34.68	27.15	0.01	0.00	0.00	0.00	900
0	1	955	29.19	3271	2918	0.58	1853	0	0	11	29.37	21	46.80	0.01	4.31	25.66	40.91	1.95
4	2	2919	89.07	3278	2918	1.35	2108	0	0	90	8.87	130	28.08	0.08	3.35	0.93	6.65	3.26	0.11	0.54	76	0
4	3	397	12.11	3279	2918	1.13	676	0	0	10	16.00	16	31.39	0.01	6.15	4.67	77.13	3.26
8	4	152	4.64	3266	2918	0.87	562	0	0	3	27.40	5	37.25	0.04	7.00	7.05	81.37	3.10	0.02	0.00	83	0
8	5	3128	95.35	3281	2918	1.44	2028	0	0	102	7.67	148	27.60	0.04	3.59	0.14	0.94	3.10
12	6	811	24.67	3289	2918	1.20	849	0	0	22	10.04	34	31.11	0.04	4.79	4.36	66.21	2.88	0.10	0.74	79	0
12	7	2613	79.74	3278	2918	1.38	1759	1	0	82	7.93	118	28.16	0.05	4.07	0.30	15.92	2.88
16	8	707	21.52	3285	2918	1.30	637	0	0	20	9.93	30	29.21	0.02	4.49	1.99	72.03	3.16	0.13	0.98	83	0
16	9	2576	78.56	3279	2918	1.35	1700	0	0	80	8.40	115	27.87	0.06	3.06	0.36	18.03	3.16
20	10	2173	66.39	3273	2918	1.32	1476	0	0	65	8.30	94	28.03	0.05	3.76	0.72	29.16	3.85	0.16	1.99	78	0
20	11	985	29.95	3289	2918	1.31	770	1	0	29	8.98	42	28.56	0.03	4.72	0.60	64.76	3.85
24	12	174	6.88	2524	2918	0.67	528	0	0	2	45.16	5	48.65	0.00	2.03	7.01	84.17	4.64	88.10	0.00	76	0
25	13	95	4.34	2200	2918	0.48	646	0	0	1	63.44	3	48.03	0.01	3.78	15.65	76.40	7.56	87.04	0.00	76	0
26	14	84	3.58	2338	2918	0.68	483	0	0	1	58.56	3	56.92	0.00	3.67	9.76	83.10	6.45	89.47	0.00	76	0
27	15	116	4.95	2336	2918	0.65	574	0	0	1	57.40	4	58.42	0.00	3.77	13.28	78.14	6.37	87.80	0.00	76	0
Core	CPU	Avg_MHz	Busy%	Bzy_MHz	TSC_MHz	IPC	IRQ	NMI	SMI	LLCMRPS	LLC%hit	L2MRPS	L2%hit	POLL%	C1ACPI%	C2ACPI%	C3ACPI%	CPU%c1	CPU%c6	CPU%c7	CoreTmp	CoreThr	PkgTmp	GFX%rc6	GFXMHz	GFXAMHz	Totl%C0	Any%C0	GFX%C0	CPUGFX%	Pkg%pc2	Pkg%pc3	Pkg%pc6	Pkg%pc8	Pk%pc10	CPU%LPI	SYS%LPI	PkgWatt	CorWatt	GFXWatt	RAMWatt	PKG_%	RAM_%	UncMHz	SysWatt
-	-	1211	36.89	3284	2917	1.16	17603	1	0	501	10.67	756	30.08	0.02	3.25	5.18	54.70	4.75	31.69	9.04	81	0	80	98.99	300	300	547.68	100.65	0.87	0.87	0.00	0.00	0.00	0.00	0.00	0.00	0.00	31.29	24.40	0.01	0.00	0.00	0.00	4000	3.36
0	0	1711	52.72	3246	2918	1.28	1660	0	0	51	11.42	75	30.06	0.05	5.31	10.48	31.66	7.99	4.43	15.02	72	0	80	98.99	300	300	547.47	100.62	0.87	0.87	0.00	0.00	0.00	0.00	0.00	0.00	0.00	31.29	24.40	0.01	0.00	0.00	0.00	4000
0	1	1108	34.07	3253	2918	0.96	1695	0	0	24	14.20	38	33.54	0.01	3.33	16.04	46.61	8.00
4	2	1004	30.53	3288	2918	1.32	1153	1	0	30	10.52	45	28.73	0.03	3.33	7.00	59.21	3.82	2.46	14.84	66	0
4	3	1746	53.34	3272	2918	1.38	1249	0	0	55	8.23	80	27.74	0.03	3.08	1.57	42.04	3.82
8	4	506	14.54	3478	2918	1.25	631	0	0	12	34.37	20	29.08	0.01	4.11	3.53	77.85	3.76	1.09	11.78	72	0
8	5	2461	74.97	3283	2918	1.40	1610	0	0	79	7.77	114	28.13	0.04	2.95	0.79	21.31	3.76
12	6	344	10.16	3387	2918	0.97	549	0	0	7	21.68	12	32.78	0.01	4.21	2.61	83.06	3.21	1.85	14.81	68	0
12	7	2510	76.36	3288	2918	1.41	1657	0	0	80	7.98	117	28.08	0.05	2.97	0.78	19.91	3.21
16	8	1561	47.42	3291	2918	1.26	1141	0	0	45	9.75	67	29.96	0.07	3.33	1.06	48.21	4.78	0.42	17.42	75	0
16	9	1210	36.98	3273	2918	1.28	961	0	0	36	9.06	52	28.49	0.04	3.37	0.29	59.38	4.78
20	10	1036	31.40	3300	2918	0.99	835	0	0	22	12.43	37	36.27	0.02	2.49	2.49	63.63	3.56	1.13	16.50	69	0
20	11	1881	57.33	3282	2918	1.28	1302	0	0	55	8.97	81	29.42	0.04	2.78	0.35	39.54	3.56
24	12	625	19.30	3240	2918	0.28	988	0	0	2	61.02	7	59.25	0.00	3.70	11.61	65.50	7.82	72.07	0.00	80	0
25	13	542	16.28	3330	2918	0.19	663	0	0	1	50.95	3	53.88	0.00	2.45	6.40	74.92	5.52	77.84	0.00	80	0
26	14	576	17.54	3284	2918	0.26	689	0	0	1	45.80	4	58.12	0.00	2.12	6.04	74.36	4.63	77.44	0.00	80	0
27	15	563	17.26	3260	2918	0.16	820	0	0	1	55.14	4	55.79	0.00	2.53	11.88	68.42	3.83	78.18	0.00	81	0
Core	CPU	Avg_MHz	Busy%	Bzy_MHz	TSC_MHz	IPC	IRQ	NMI	SMI	LLCMRPS	LLC%hit	L2MRPS	L2%hit	POLL%	C1ACPI%	C2ACPI%	C3ACPI%	CPU%c1	CPU%c6	CPU%c7	CoreTmp	CoreThr	PkgTmp	GFX%rc6	GFXMHz	GFXAMHz	Totl%C0	Any%C0	GFX%C0	CPUGFX%	Pkg%pc2	Pkg%pc3	Pkg%pc6	Pkg%pc8	Pk%pc10	CPU%LPI	SYS%LPI	PkgWatt	CorWatt	GFXWatt	RAMWatt	PKG_%	RAM_%	UncMHz	SysWatt
-	-	961	26.77	3592	2918	0.13	12424	2	0	28	52.56	51	37.35	0.01	1.29	6.07	65.85	20.15	2.41	38.79	80	0	79	99.05	300	300	432.00	100.62	0.86	0.86	0.00	0.00	0.00	0.00	0.00	0.00	0.00	19.36	15.53	0.01	0.00	0.00	0.00	4000	0.74
0	0	127	5.96	2139	2918	1.10	1801	0	0	3	50.58	8	54.87	0.03	6.09	53.21	35.02	92.93	0.45	0.54	69	0	79	99.09	300	300	432.04	100.63	0.86	0.86	0.00	0.00	0.00	0.00	0.00	0.00	0.00	19.37	15.53	0.01	0.00	0.00	0.00	4000
0	1	39	1.43	2744	2918	0.77	218	0	0	1	67.46	1	52.17	0.01	2.65	3.00	92.97	92.93
4	2	153	4.14	3708	2918	0.22	550	0	0	2	83.81	3	34.10	0.01	1.87	10.77	83.35	21.30	5.77	68.06	66	0
4	3	17	0.49	3422	2918	0.85	57	0	0	1	85.52	1	33.68	0.02	0.81	0.10	98.62	21.30
8	4	309	7.35	4200	2918	1.10	663	0	0	10	44.87	16	28.07	0.01	2.29	12.27	78.22	16.87	7.77	67.95	73	0
8	5	1	0.05	2109	2918	0.52	2	0	0	0	79.29	0	35.23	0.00	0.00	0.00	99.95	16.87
12	6	57	1.71	3334	2918	1.63	210	0	0	1	74.41	3	52.89	0.00	0.67	5.45	92.25	10.07	4.75	82.94	67	0
12	7	25	0.74	3392	2918	0.88	94	0	0	1	85.66	1	36.51	0.01	1.01	1.06	97.22	10.07
16	8	156	3.81	4089	2918	1.12	353	0	0	5	45.31	8	27.08	0.01	1.59	6.04	88.64	16.61	3.09	76.19	74	0
16	9	29	0.79	3610	2918	0.83	140	0	0	1	73.14	1	40.76	0.01	1.51	2.63	95.11	16.61
20	10	77	1.93	3976	2918	0.75	141	0	0	1	67.88	3	58.71	0.00	1.12	1.17	95.84	3.43	2.27	92.25	68	0
20	11	26	0.81	3205	2918	0.82	109	0	0	1	82.85	1	40.27	0.01	1.01	1.48	96.73	3.43
24	12	3592	99.77	3600	2918	0.07	2022	0	0	0	17.32	1	29.44	0.00	0.00	0.00	0.00	0.00	0.00	0.00	80	0
25	13	3592	99.77	3600	2918	0.07	2026	1	0	0	11.77	1	26.33	0.00	0.00	0.00	0.00	0.00	0.00	0.00	79	0
26	14	3592	99.77	3600	2918	0.07	2020	1	0	1	11.61	1	28.00	0.00	0.00	0.00	0.00	0.00	0.00	0.00	79	0
27	15	3592	99.77	3600	2918	0.07	2018	0	0	1	13.83	1	27.42	0.00	0.00	0.00	0.00	0.00	0.00	0.00	79	0
Core	CPU	Avg_MHz	Busy%	Bzy_MHz	TSC_MHz	IPC	IRQ	NMI	SMI	LLCMRPS	LLC%hit	L2MRPS	L2%hit	POLL%	C1ACPI%	C2ACPI%	C3ACPI%	CPU%c1	CPU%c6	CPU%c7	CoreTmp	CoreThr	PkgTmp	GFX%rc6	GFXMHz	GFXAMHz	Totl%C0	Any%C0	GFX%C0	CPUGFX%	Pkg%pc2	Pkg%pc3	Pkg%pc6	Pkg%pc8	Pk%pc10	CPU%LPI	SYS%LPI	PkgWatt	CorWatt	GFXWatt	RAMWatt	PKG_%	RAM_%	UncMHz	SysWatt
-	-	958	26.77	3579	2918	0.12	11666	1	0	33	61.50	54	31.93	0.01	0.78	5.23	67.25	2.76	7.33	47.38	77	0	77	99.00	300	300	435.19	100.58	0.85	0.85	0.00	0.00	0.00	0.00	0.00	0.00	0.00	17.98	14.22	0.01	0.00	0.00	0.00	4000	0.69
0	0	149	7.15	2087	2918	0.71	1185	0	0	6	83.01	10	38.63	0.00	1.65	41.19	50.54	7.10	37.47	44.87	67	0	77	99.05	300	300	435.42	100.63	0.85	0.85	0.00	0.00	0.00	0.00	0.00	0.00	0.00	17.99	14.22	0.01	0.00	0.00	0.00	4000
0	1	52	1.61	3256	2918	0.62	168	0	0	1	87.37	2	30.78	0.04	1.55	1.51	95.41	7.10
4	2	61	2.71	2256	2918	0.30	715	0	0	3	83.57	4	27.34	0.00	1.56	18.52	77.43	5.35	16.33	74.24	65	0
4	3	28	0.77	3577	2918	0.96	68	0	0	1	87.39	1	30.67	0.01	0.87	0.24	98.15	5.35
8	4	444	10.19	4355	2918	1.09	660	0	0	14	42.71	22	24.94	0.00	1.92	9.72	78.30	3.24	8.79	77.28	77	0
8	5	11	0.27	4012	2918	1.05	19	0	0	0	56.34	1	66.39	0.00	0.06	0.51	99.16	3.24
12	6	52	1.64	3158	2918	1.72	215	0	0	1	75.71	3	51.31	0.01	0.61	5.15	92.66	1.72	5.12	90.60	65	0
12	7	26	0.74	3478	2918	0.91	71	0	0	1	87.80	1	30.49	0.01	0.85	0.24	98.20	1.72
16	8	40	1.33	3018	2918	0.77	151	0	0	1	84.17	2	34.60	0.01	1.20	2.72	94.83	2.95	3.86	91.51	73	0
16	9	32	0.94	3448	2918	0.85	113	0	0	1	77.66	1	38.17	0.01	0.87	1.99	96.25	2.95
20	10	39	1.06	3647	2918	0.82	87	0	0	1	77.69	1	43.01	0.02	0.64	0.65	97.69	1.75	1.80	95.32	65	0
20	11	29	0.85	3426	2918	0.83	97	0	0	1	81.43	1	39.27	0.02	0.71	1.19	97.30	1.75
24	12	3591	99.77	3600	2918	0.07	2021	1	0	0	17.82	1	30.00	0.00	0.00	0.00	0.00	0.00	0.00	0.00	77	0
25	13	3591	99.77	3600	2918	0.07	2016	0	0	0	11.00	1	25.65	0.00	0.00	0.00	0.00	0.00	0.00	0.00	77	0
26	14	3591	99.77	3600	2918	0.07	2015	0	0	1	10.36	1	28.08	0.00	0.00	0.00	0.00	0.00	0.00	0.00	77	0
27	15	3591	99.77	3600	2918	0.07	2065	0	0	0	12.51	1	27.37	0.00	0.00	0.00	0.00	0.00	0.00	0.00	76	0
Core	CPU	Avg_MHz	Busy%	Bzy_MHz	TSC_MHz	IPC	IRQ	NMI	SMI	LLCMRPS	LLC%hit	L2MRPS	L2%hit	POLL%	C1ACPI%	C2ACPI%	C3ACPI%	CPU%c1	CPU%c6	CPU%c7	CoreTmp	CoreThr	PkgTmp	GFX%rc6	GFXMHz	GFXAMHz	Totl%C0	Any%C0	GFX%C0	CPUGFX%	Pkg%pc2	Pkg%pc3	Pkg%pc6	Pkg%pc8	Pk%pc10	CPU%LPI	SYS%LPI	PkgWatt	CorWatt	GFXWatt	RAMWatt	PKG_%	RAM_%	UncMHz	SysWatt
-	-	1021	28.25	3614	2917	0.22	15749	0	0	53	53.49	109	41.55	0.02	1.62	6.73	63.41	5.50	8.59	41.77	76	11	75	99.00	300	300	457.38	100.63	0.85	0.85	0.00	0.00	0.00	0.00	0.00	0.00	0.00	21.09	17.00	0.01	0.00	0.00	0.00	4000	1.26
0	0	229	9.03	2534	2918	1.31	1732	0	0	8	76.59	15	37.96	0.00	2.89	41.28	47.34	8.14	38.29	41.47	65	0	75	99.05	300	300	457.41	100.63	0.85	0.85	0.00	0.00	0.00	0.00	0.00	0.00	0.00	21.10	17.01	0.01	0.00	0.00	0.00	4000
0	1	70	2.24	3135	2918	0.67	331	0	0	2	76.77	3	36.92	0.03	2.37	5.28	90.22	8.14
4	2	258	7.23	3572	2918	0.48	1304	0	0	4	72.06	7	39.55	0.04	4.79	23.84	64.40	15.43	18.47	57.82	63	0
4	3	42	1.14	3703	2918	0.92	170	0	0	1	73.22	2	39.25	0.04	2.49	0.89	95.53	15.43
8	4	234	6.22	3761	2918	1.44	1142	0	0	6	57.72	14	47.52	0.00	2.40	16.78	74.78	6.83	14.03	68.24	67	11
8	5	213	4.87	4377	2918	2.06	434	0	0	5	53.44	16	58.42	0.02	1.77	1.53	91.86	6.83
12	6	115	2.74	4221	2918	1.30	243	0	0	2	52.28	4	41.40	0.02	0.89	3.29	93.13	2.57	4.06	78.45	65	0
12	7	588	12.71	4627	2918	1.47	1096	0	0	16	35.09	31	36.02	0.02	1.79	2.07	83.47	2.57
16	8	91	2.63	3441	2918	0.70	328	0	0	2	76.03	4	49.96	0.07	2.34	6.53	88.62	5.50	6.35	84.85	70	0
16	9	43	1.17	3653	2918	0.88	159	0	0	1	63.45	2	35.15	0.02	1.63	0.99	96.26	5.50
20	10	40	1.25	3225	2918	0.92	205	0	0	1	78.65	2	37.13	0.01	1.90	3.10	93.83	5.54	4.72	86.95	65	0
20	11	54	1.52	3518	2918	1.54	218	0	0	1	73.36	3	54.82	0.02	0.74	2.16	95.64	5.54
24	12	3588	99.77	3597	2918	0.08	2194	0	0	1	14.55	2	25.28	0.00	0.00	0.00	0.00	0.00	0.00	0.00	75	0
25	13	3588	99.77	3597	2918	0.07	2073	0	0	1	7.81	2	20.06	0.00	0.00	0.00	0.00	0.00	0.00	0.00	76	0
26	14	3588	99.77	3597	2918	0.08	2039	0	0	1	8.79	2	23.72	0.00	0.00	0.00	0.00	0.00	0.00	0.00	75	0
27	15	3588	99.77	3597	2918	0.08	2081	0	0	1	9.97	2	22.08	0.00	0.00	0.00	0.00	0.00	0.00	0.00	75	0
Core	CPU	Avg_MHz	Busy%	Bzy_MHz	TSC_MHz	IPC	IRQ	NMI	SMI	LLCMRPS	LLC%hit	L2MRPS	L2%hit	POLL%	C1ACPI%	C2ACPI%	C3ACPI%	CPU%c1	CPU%c6	CPU%c7	CoreTmp	CoreThr	PkgTmp	GFX%rc6	GFXMHz	GFXAMHz	Totl%C0	Any%C0	GFX%C0	CPUGFX%	Pkg%pc2	Pkg%pc3	Pkg%pc6	Pkg%pc8	Pk%pc10	CPU%LPI	SYS%LPI	PkgWatt	CorWatt	GFXWatt	RAMWatt	PKG_%	RAM_%	UncMHz	SysWatt
-	-	1057	29.18	3621	2920	0.30	19800	1	0	67	56.07	128	39.15	0.02	1.40	8.09	61.43	3.90	9.83	40.28	89	32	89	90.93	300	300	472.43	100.67	8.24	8.24	0.00	0.00	0.00	0.00	0.00	0.00	0.00	22.99	18.60	0.05	0.00	0.00	0.00	4000	1.60
0	0	127	6.72	1884	2918	0.94	1312	0	0	6	85.54	10	36.60	0.00	2.75	43.79	47.28	5.66	47.07	36.91	73	0	89	90.85	300	300	472.26	100.64	8.24	8.24	0.00	0.00	0.00	0.00	0.00	0.00	0.00	22.97	18.58	0.05	0.00	0.00	0.00	4000
0	1	70	3.00	2335	2918	0.27	788	0	0	2	90.13	2	26.38	0.03	0.90	17.84	78.50	5.66
4	2	111	3.95	2820	2918	0.59	941	0	0	3	72.50	6	37.51	0.03	3.97	16.91	75.42	9.15	14.69	71.33	66	0
4	3	46	1.38	3349	2918	0.82	263	0	0	1	70.26	2	42.58	0.04	1.42	2.46	94.81	9.15
8	4	849	19.11	4443	2918	2.21	2387	0	0	14	64.27	26	36.95	0.01	1.77	7.17	72.04	3.49	10.94	64.59	89	32
8	5	62	1.93	3221	2918	0.77	605	0	0	2	77.09	3	35.81	0.02	2.13	9.08	86.96	3.49
12	6	109	2.77	3943	2918	0.87	417	0	0	3	60.32	6	49.65	0.02	1.43	4.90	90.98	2.72	7.69	69.49	68	0
12	7	837	18.20	4599	2918	1.62	781	0	0	23	33.17	49	40.65	0.01	1.54	4.70	75.59	2.72
16	8	74	2.54	2908	2918	0.83	461	0	0	2	72.40	4	38.07	0.05	1.84	11.12	84.67	5.74	13.25	75.42	82	0
16	9	94	2.83	3336	2918	0.94	432	0	0	4	63.19	6	28.88	0.05	1.83	5.98	89.48	5.74
20	10	57	1.78	3222	2918	0.92	236	0	0	2	73.49	3	43.40	0.00	0.77	1.50	96.04	4.40	4.64	85.01	69	0
20	11	139	3.76	3686	2918	1.39	626	0	0	3	67.61	7	49.88	0.03	2.02	3.96	90.38	4.40
24	12	3584	99.77	3592	2918	0.07	3943	0	0	0	18.87	1	32.22	0.00	0.00	0.00	0.00	0.00	0.00	0.00	78	0
25	13	3584	99.77	3592	2918	0.07	2445	0	0	0	13.32	1	34.53	0.00	0.00	0.00	0.00	0.00	0.00	0.00	79	0
26	14	3584	99.77	3592	2918	0.07	2080	0	0	1	11.60	1	28.57	0.00	0.00	0.00	0.00	0.00	0.00	0.00	80	0
27	15	3584	99.77	3592	2918	0.07	2083	1	0	0	14.08	1	27.31	0.00	0.00	0.00	0.00	0.00	0.00	0.00	80	0
Core	CPU	Avg_MHz	Busy%	Bzy_MHz	TSC_MHz	IPC	IRQ	NMI	SMI	LLCMRPS	LLC%hit	L2MRPS	L2%hit	POLL%	C1ACPI%	C2ACPI%	C3ACPI%	CPU%c1	CPU%c6	CPU%c7	CoreTmp	CoreThr	PkgTmp	GFX%rc6	GFXMHz	GFXAMHz	Totl%C0	Any%C0	GFX%C0	CPUGFX%	Pkg%pc2	Pkg%pc3	Pkg%pc6	Pkg%pc8	Pk%pc10	CPU%LPI	SYS%LPI	PkgWatt	CorWatt	GFXWatt	RAMWatt	PKG_%	RAM_%	UncMHz	SysWatt
-	-	2277	66.43	3427	2918	1.14	33887	3	0	497	15.03	1004	45.68	0.07	5.37	7.14	21.01	5.45	1.58	2.14	88	13	88	93.57	300	300	924.52	100.55	5.48	5.48	0.00	0.00	0.00	0.00	0.00	0.00	0.00	50.40	43.30	0.04	0.00	0.00	0.00	1600	8.04
0	0	2105	58.00	3629	2918	1.88	2562	0	0	45	16.78	87	44.55	0.07	7.33	18.32	16.42	9.21	6.72	3.31	88	0	88	93.65	300	300	925.35	100.64	5.48	5.48	0.00	0.00	0.00	0.00	0.00	0.00	0.00	50.44	43.34	0.04	0.00	0.00	0.00	1600
0	1	1368	37.59	3639	2918	1.51	2140	1	0	27	18.14	52	45.40	0.06	8.75	15.90	37.83	9.20
4	2	1869	51.29	3645	2918	1.84	2079	0	0	36	16.73	68	44.39	0.07	8.41	13.54	26.79	6.09	2.66	3.33	79	0
4	3	2134	57.65	3702	2918	1.59	1823	1	0	51	12.29	96	42.37	0.10	7.18	7.82	27.34	6.09
8	4	2542	68.63	3704	2918	2.01	1959	0	0	45	16.79	109	51.36	0.08	6.84	4.54	19.94	8.49	1.01	1.49	88	9
8	5	1519	40.85	3717	2918	1.13	1899	0	0	37	11.56	61	35.81	0.10	8.11	12.78	38.30	8.49
12	6	2290	62.51	3663	2918	1.73	1952	0	0	43	16.05	90	48.08	0.11	6.56	9.26	21.66	5.65	4.05	4.10	80	0
12	7	2078	56.15	3700	2918	1.46	1976	0	0	39	15.49	86	49.25	0.10	6.42	11.66	25.75	5.65
16	8	2336	63.30	3690	2918	1.50	3848	0	0	54	12.32	100	41.71	0.09	5.37	4.42	26.88	7.49	0.25	4.68	88	13
16	9	1871	50.88	3677	2918	1.85	1642	0	0	37	16.42	81	49.07	0.07	7.82	5.82	35.47	7.49
20	10	2894	78.92	3666	2918	1.74	2186	0	0	57	14.78	117	46.92	0.16	5.32	3.12	12.58	6.70	1.12	4.50	80	0
20	11	1399	38.06	3675	2918	1.35	1435	0	0	26	15.69	53	46.64	0.07	7.76	7.04	47.15	6.70
24	12	3007	99.77	3014	2918	0.07	2188	0	0	1	18.75	1	28.08	0.00	0.00	0.00	0.00	0.00	0.00	0.00	81	0
25	13	3007	99.77	3014	2918	0.07	2081	0	0	0	10.19	1	24.24	0.00	0.00	0.00	0.00	0.00	0.00	0.00	80	0
26	14	3006	99.77	3013	2918	0.07	2059	1	0	0	9.63	1	25.36	0.00	0.00	0.00	0.00	0.00	0.00	0.00	80	0
27	15	3006	99.77	3013	2918	0.07	2058	0	0	0	12.98	1	24.64	0.00	0.00	0.00	0.00	0.00	0.00	0.00	81	0
Core	CPU	Avg_MHz	Busy%	Bzy_MHz	TSC_MHz	IPC	IRQ	NMI	SMI	LLCMRPS	LLC%hit	L2MRPS	L2%hit	POLL%	C1ACPI%	C2ACPI%	C3ACPI%	CPU%c1	CPU%c6	CPU%c7	CoreTmp	CoreThr	PkgTmp	GFX%rc6	GFXMHz	GFXAMHz	Totl%C0	Any%C0	GFX%C0	CPUGFX%	Pkg%pc2	Pkg%pc3	Pkg%pc6	Pkg%pc8	Pk%pc10	CPU%LPI	SYS%LPI	PkgWatt	CorWatt	GFXWatt	RAMWatt	PKG_%	RAM_%	UncMHz	SysWatt
-	-	2260	65.44	3455	2917	0.79	31085	3	0	630	8.93	938	30.70	0.09	3.68	6.66	24.16	5.50	0.40	1.06	93	0	93	94.72	300	300	948.24	100.68	4.48	4.48	0.00	0.00	0.00	0.00	0.00	0.00	0.00	50.02	42.20	0.03	0.00	0.00	0.00	1700	7.83
0	0	1917	51.39	3731	2918	1.17	2216	0	0	50	9.89	75	31.25	0.13	4.11	18.07	26.45	3.00	0.06	0.02	93	0	93	94.72	300	300	947.80	100.63	4.48	4.48	0.00	0.00	0.00	0.00	0.00	0.00	0.00	50.02	42.20	0.03	0.00	0.00	0.00	1700
0	1	2405	64.48	3729	2918	1.20	2270	0	0	66	8.67	96	29.69	0.13	4.40	12.21	18.91	3.00
4	2	1910	51.67	3697	2918	1.11	1780	0	0	48	9.32	71	31.55	0.12	5.37	8.45	34.52	11.13	0.98	3.97	74	0
4	3	1813	48.77	3717	2918	1.14	1631	0	0	46	9.35	69	31.22	0.09	4.92	7.79	38.52	11.14
8	4	3039	81.58	3725	2918	1.28	2004	0	0	88	7.83	128	29.21	0.16	4.76	2.57	11.05	4.47	0.39	0.84	92	0
8	5	1000	26.86	3724	2918	1.04	1180	1	0	23	11.34	36	33.91	0.06	5.65	11.01	56.51	4.47
12	6	2319	62.38	3718	2918	1.15	1725	0	0	60	8.80	89	30.34	0.19	5.12	5.00	27.48	6.48	0.16	0.21	81	0
12	7	1970	52.86	3727	2918	1.12	1726	0	0	50	8.76	75	31.17	0.12	4.93	13.25	28.96	6.48
16	8	1593	43.06	3700	2918	1.11	1563	0	0	39	9.63	59	31.99	0.12	5.06	10.95	40.97	11.49	1.73	1.60	91	0
16	9	2175	58.60	3713	2918	1.15	1620	0	0	56	8.63	82	30.42	0.10	4.49	5.24	31.65	11.49
20	10	2420	65.09	3719	2918	1.18	1792	0	0	65	8.20	96	30.32	0.17	5.15	4.29	25.46	7.40	0.68	3.94	83	0
20	11	1527	41.08	3717	2918	1.06	1356	0	0	36	9.73	54	32.00	0.07	4.89	7.72	46.30	7.41
24	12	3021	99.77	3028	2918	0.08	3773	1	0	1	11.57	2	23.56	0.00	0.00	0.00	0.00	0.00	0.00	0.00	82	0
25	13	3021	99.77	3028	2918	0.07	2391	1	0	1	8.25	2	25.92	0.00	0.00	0.00	0.00	0.00	0.00	0.00	82	0
26	14	3021	99.77	3028	2918	0.08	2027	0	0	1	5.28	2	21.68	0.00	0.00	0.00	0.00	0.00	0.00	0.00	82	0
27	15	3021	99.77	3028	2918	0.08	2031	0	0	1	7.48	2	21.21	0.00	0.00	0.00	0.00	0.00	0.00	0.00	82	0
Core	CPU	Avg_MHz	Busy%	Bzy_MHz	TSC_MHz	IPC	IRQ	NMI	SMI	LLCMRPS	LLC%hit	L2MRPS	L2%hit	POLL%	C1ACPI%	C2ACPI%	C3ACPI%	CPU%c1	CPU%c6	CPU%c7	CoreTmp	CoreThr	PkgTmp	GFX%rc6	GFXMHz	GFXAMHz	Totl%C0	Any%C0	GFX%C0	CPUGFX%	Pkg%pc2	Pkg%pc3	Pkg%pc6	Pkg%pc8	Pk%pc10	CPU%LPI	SYS%LPI	PkgWatt	CorWatt	GFXWatt	RAMWatt	PKG_%	RAM_%	UncMHz	SysWatt
-	-	2277	65.88	3454	2919	0.79	37810	2	0	628	9.41	949	31.62	0.09	4.26	7.41	22.41	4.41	0.99	1.73	94	18	94	90.58	300	300	944.64	100.70	8.53	8.53	0.00	0.00	0.00	0.00	0.00	0.00	0.00	50.07	42.13	0.07	0.00	0.00	0.00	1800	7.88
0	0	2530	67.90	3726	2918	1.17	2272	1	0	67	8.96	100	30.34	0.17	6.02	8.68	17.40	5.30	1.10	0.52	82	0	94	90.49	300	300	944.07	100.63	8.52	8.52	0.00	0.00	0.00	0.00	0.00	0.00	0.00	50.02	42.09	0.07	0.00	0.00	0.00	1800
0	1	1858	49.89	3725	2918	1.08	2434	0	0	45	10.20	69	31.57	0.13	5.39	17.65	27.11	5.30
4	2	2171	58.77	3695	2918	1.28	2040	0	0	63	8.61	92	30.13	0.14	6.79	11.86	22.62	11.36	2.15	0.94	84	0
4	3	1337	36.29	3685	2918	1.17	2109	0	0	35	10.58	53	32.73	0.07	6.50	21.21	36.07	11.36
8	4	1447	39.20	3692	2918	1.03	1478	0	0	33	12.25	52	34.22	0.14	6.23	9.26	45.36	7.00	4.04	12.08	94	15
8	5	2130	57.67	3693	2918	1.10	1860	0	0	51	9.62	78	32.35	0.10	5.53	8.25	28.58	7.00
12	6	1318	35.34	3728	2918	1.07	1388	0	0	30	10.95	48	35.54	0.11	6.68	10.61	47.37	2.38	0.54	0.24	85	0
12	7	3077	82.58	3726	2918	1.24	5904	0	0	83	8.47	128	32.71	0.15	3.24	0.90	13.23	2.38
16	8	2025	54.31	3729	2918	1.13	1756	0	0	51	8.92	77	31.02	0.08	6.50	6.36	32.83	4.65	0.87	0.64	92	18
16	9	2271	60.96	3726	2918	1.15	1789	1	0	59	9.05	88	30.69	0.12	5.40	7.57	26.05	4.65
20	10	1974	52.92	3729	2918	1.12	1888	0	0	50	9.47	76	30.95	0.09	5.85	9.62	31.61	4.59	1.15	2.82	80	0
20	11	2200	59.32	3709	2918	1.15	1694	0	0	57	8.89	84	30.16	0.13	3.96	6.56	30.15	4.59
24	12	3019	99.77	3026	2918	0.07	4452	0	0	0	18.63	1	29.55	0.00	0.00	0.00	0.00	0.00	0.00	0.00	85	0
25	13	3019	99.77	3026	2918	0.07	2576	0	0	0	12.29	1	34.51	0.00	0.00	0.00	0.00	0.00	0.00	0.00	83	0
26	14	3019	99.77	3026	2918	0.07	2090	0	0	0	8.35	1	25.66	0.00	0.00	0.00	0.00	0.00	0.00	0.00	85	0
27	15	3019	99.77	3026	2918	0.07	2080	0	0	0	10.61	1	25.07	0.00	0.00	0.00	0.00	0.00	0.00	0.00	83	0
Core	CPU	Avg_MHz	Busy%	Bzy_MHz	TSC_MHz	IPC	IRQ	NMI	SMI	LLCMRPS	LLC%hit	L2MRPS	L2%hit	POLL%	C1ACPI%	C2ACPI%	C3ACPI%	CPU%c1	CPU%c6	CPU%c7	CoreTmp	CoreThr	PkgTmp	GFX%rc6	GFXMHz	GFXAMHz	Totl%C0	Any%C0	GFX%C0	CPUGFX%	Pkg%pc2	Pkg%pc3	Pkg%pc6	Pkg%pc8	Pk%pc10	CPU%LPI	SYS%LPI	PkgWatt	CorWatt	GFXWatt	RAMWatt	PKG_%	RAM_%	UncMHz	SysWatt
-	-	2103	65.62	3207	2917	0.81	31505	2	0	597	10.84	932	30.17	0.05	4.65	6.16	23.54	4.89	0.95	2.35	86	26	84	97.96	300	300	933.43	100.55	1.72	1.72	0.00	0.00	0.00	0.00	0.00	0.00	0.00	42.70	35.05	0.01	0.00	0.00	0.00	800	6.05
0	0	2740	79.58	3443	2918	1.27	2325	0	0	78	9.66	119	28.75	0.07	5.43	5.82	9.20	5.86	0.83	0.46	82	11	84	98.09	300	300	934.23	100.64	1.73	1.73	0.00	0.00	0.00	0.00	0.00	0.00	0.00	42.76	35.10	0.01	0.00	0.00	0.00	800
0	1	1234	35.41	3486	2918	1.03	2169	0	0	27	14.67	44	33.16	0.06	8.04	20.20	36.44	5.86
4	2	2156	63.87	3376	2918	1.25	2118	0	0	61	10.87	94	28.63	0.07	6.39	7.50	22.31	6.09	3.10	4.13	76	0
4	3	1433	41.67	3439	2918	1.13	1690	0	0	37	12.51	57	30.10	0.05	6.14	12.96	39.30	6.09
8	4	2005	58.64	3419	2918	1.24	1875	1	0	56	10.21	86	29.19	0.08	6.05	7.60	27.75	7.25	2.22	3.86	83	15
8	5	1609	46.19	3482	2918	1.20	1693	0	0	43	10.38	66	30.60	0.06	6.33	11.47	36.06	7.25
12	6	887	24.93	3557	2918	0.95	1418	0	0	18	14.62	31	38.23	0.07	7.30	11.41	56.41	4.93	0.36	3.85	79	0
12	7	2770	81.04	3419	2918	1.34	2145	0	0	85	9.04	128	28.41	0.10	4.48	1.02	13.47	4.93
16	8	2009	58.19	3453	2918	1.15	1876	1	0	52	10.90	80	30.91	0.09	6.90	6.15	28.80	8.80	1.32	6.66	86	26
16	9	1659	47.15	3518	2918	1.07	1536	0	0	38	11.36	61	31.93	0.05	6.02	2.72	44.12	8.80
20	10	2304	66.23	3479	2918	1.13	2625	0	0	58	10.76	91	31.01	0.10	5.35	4.11	24.33	6.17	1.67	4.58	78	0
20	11	1670	47.81	3493	2918	1.07	1592	0	0	40	12.26	64	31.96	0.06	5.93	7.64	38.65	6.17
24	12	2799	99.77	2806	2918	0.08	2106	0	0	1	11.11	2	15.21	0.00	0.00	0.00	0.00	0.00	0.00	0.00	78	0
25	13	2799	99.77	2805	2918	0.07	2104	0	0	1	5.44	2	13.17	0.00	0.00	0.00	0.00	0.00	0.00	0.00	80	0
26	14	2799	99.77	2805	2918	0.08	2104	0	0	1	6.12	3	16.65	0.00	0.00	0.00	0.00	0.00	0.00	0.00	80	0
27	15	2798	99.77	2805	2918	0.08	2129	0	0	1	7.98	2	15.91	0.00	0.00	0.00	0.00	0.00	0.00	0.00	78	0
Core	CPU	Avg_MHz	Busy%	Bzy_MHz	TSC_MHz	IPC	IRQ	NMI	SMI	LLCMRPS	LLC%hit	L2MRPS	L2%hit	POLL%	C1ACPI%	C2ACPI%	C3ACPI%	CPU%c1	CPU%c6	CPU%c7	CoreTmp	CoreThr	PkgTmp	GFX%rc6	GFXMHz	GFXAMHz	Totl%C0	Any%C0	GFX%C0	CPUGFX%	Pkg%pc2	Pkg%pc3	Pkg%pc6	Pkg%pc8	Pk%pc10	CPU%LPI	SYS%LPI	PkgWatt	CorWatt	GFXWatt	RAMWatt	PKG_%	RAM_%	UncMHz	SysWatt
-	-	1880	64.71	2905	2918	0.84	28381	4	0	558	12.83	898	28.50	0.01	5.15	5.74	24.39	5.83	0.68	1.78	86	0	84	98.86	300	300	935.25	100.65	1.05	1.05	0.00	0.00	0.00	0.00	0.00	0.00	0.00	34.19	26.83	0.01	0.00	0.00	0.00	800	3.90
0	0	1970	62.93	3131	2918	1.29	2033	0	0	58	12.33	92	27.66	0.02	6.73	8.73	21.74	8.15	1.40	2.02	76	0	84	98.85	300	300	935.15	100.63	1.05	1.05	0.00	0.00	0.00	0.00	0.00	0.00	0.00	34.19	26.83	0.01	0.00	0.00	0.00	800
0	1	1413	45.16	3129	2918	1.16	1861	0	0	37	15.02	60	29.81	0.01	7.00	13.47	34.49	8.15
4	2	2318	74.13	3127	2918	1.34	1938	0	0	71	10.75	110	26.92	0.02	6.89	2.20	16.86	8.81	1.59	3.79	76	0
4	3	646	20.68	3123	2918	1.11	1358	0	0	17	17.44	28	29.06	0.01	8.46	17.17	53.81	8.81
8	4	1581	50.56	3127	2918	1.28	1542	0	0	45	12.05	73	28.65	0.01	7.33	5.22	36.98	8.66	1.43	4.54	82	0
8	5	1605	51.23	3132	2918	1.27	1608	0	0	47	11.86	74	28.65	0.02	6.79	8.45	33.60	8.66
12	6	1115	35.67	3126	2918	1.04	1581	1	0	27	15.11	45	32.21	0.01	7.99	14.47	41.94	6.64	0.75	3.72	80	0
12	7	2216	70.64	3136	2918	1.36	1858	1	0	68	10.94	108	27.67	0.02	5.03	2.97	21.40	6.64
16	8	1878	59.92	3134	2918	1.16	1728	0	0	50	13.37	80	28.60	0.03	6.50	4.24	29.39	6.45	0.58	1.96	86	0
16	9	1790	57.15	3132	2918	1.14	1642	0	0	47	13.74	76	28.47	0.01	6.05	7.01	29.84	6.45
20	10	2172	69.37	3131	2918	1.22	1829	1	0	60	12.98	97	28.37	0.02	6.80	2.65	21.24	7.90	1.04	1.81	78	0
20	11	1222	38.90	3142	2918	1.08	1309	0	0	30	16.00	49	30.81	0.03	6.91	5.30	48.95	7.90
24	12	2537	99.77	2543	2918	0.07	2019	0	0	0	17.25	1	20.43	0.00	0.00	0.00	0.00	0.00	0.00	0.00	78	0
25	13	2538	99.77	2543	2918	0.07	2019	0	0	0	8.75	1	17.21	0.00	0.00	0.00	0.00	0.00	0.00	0.00	78	0
26	14	2538	99.77	2543	2918	0.07	2019	0	0	1	9.36	1	19.58	0.00	0.00	0.00	0.00	0.00	0.00	0.00	80	0
27	15	2538	99.77	2544	2918	0.07	2037	1	0	0	10.92	1	18.45	0.00	0.00	0.00	0.00	0.00	0.00	0.00	78	0
Core	CPU	Avg_MHz	Busy%	Bzy_MHz	TSC_MHz	IPC	IRQ	NMI	SMI	LLCMRPS	LLC%hit	L2MRPS	L2%hit	POLL%	C1ACPI%	C2ACPI%	C3ACPI%	CPU%c1	CPU%c6	CPU%c7	CoreTmp	CoreThr	PkgTmp	GFX%rc6	GFXMHz	GFXAMHz	Totl%C0	Any%C0	GFX%C0	CPUGFX%	Pkg%pc2	Pkg%pc3	Pkg%pc6	Pkg%pc8	Pk%pc10	CPU%LPI	SYS%LPI	PkgWatt	CorWatt	GFXWatt	RAMWatt	PKG_%	RAM_%	UncMHz	SysWatt
-	-	1884	64.71	2912	2918	0.85	29909	1	0	566	12.12	900	28.62	0.02	4.68	5.20	25.40	5.23	1.09	2.05	84	0	84	99.35	300	300	933.30	100.65	0.62	0.62	0.00	0.00	0.00	0.00	0.00	0.00	0.00	34.42	27.00	0.00	0.00	0.00	0.00	800	3.94
0	0	1562	49.88	3131	2918	1.24	2050	0	0	44	13.23	70	28.74	0.02	6.89	13.05	30.31	5.50	1.05	0.98	84	0	84	99.34	300	300	933.19	100.63	0.62	0.62	0.00	0.00	0.00	0.00	0.00	0.00	0.00	34.41	27.00	0.00	0.00	0.00	0.00	800
0	1	1945	61.68	3154	2918	1.27	1975	0	0	56	11.62	89	27.60	0.02	5.89	8.57	23.95	5.50
4	2	1602	51.27	3124	2918	1.19	1976	0	0	44	12.96	69	29.13	0.03	7.80	11.39	29.67	8.74	4.78	4.21	75	0
4	3	1517	48.38	3135	2918	1.20	1706	0	0	41	12.30	66	28.57	0.01	5.98	9.70	36.02	8.74
8	4	1252	39.82	3144	2918	1.21	1426	0	0	34	13.11	54	30.67	0.03	6.53	9.36	44.36	6.58	0.45	3.86	82	0
8	5	2153	68.63	3138	2918	1.32	1760	0	0	65	10.64	102	27.71	0.02	4.91	3.29	23.22	6.58
12	6	1992	63.35	3145	2918	1.23	1920	0	0	55	12.49	89	29.39	0.03	4.51	5.33	26.83	4.03	0.00	0.15	79	0
12	7	1901	60.36	3150	2918	1.24	1642	0	0	53	11.65	86	28.85	0.02	5.55	1.09	33.02	4.03
16	8	2165	68.99	3138	2918	1.28	1900	0	0	62	11.64	99	28.85	0.03	6.92	3.57	20.57	8.38	1.22	4.25	84	0
16	9	1119	35.57	3145	2918	1.12	1251	0	0	28	13.30	46	30.76	0.03	6.46	4.60	53.43	8.38
20	10	2201	70.22	3135	2918	1.34	1825	0	0	67	10.95	103	26.87	0.01	5.75	3.66	20.45	8.62	3.43	7.09	75	0
20	11	559	18.20	3072	2918	1.12	1088	0	0	14	17.51	23	30.53	0.01	7.75	9.60	64.55	8.62
24	12	2545	99.77	2551	2918	0.07	3102	0	0	0	18.22	1	21.89	0.00	0.00	0.00	0.00	0.00	0.00	0.00	78	0
25	13	2545	99.77	2551	2918	0.07	2249	0	0	0	10.89	1	23.41	0.00	0.00	0.00	0.00	0.00	0.00	0.00	78	0
26	14	2545	99.77	2551	2918	0.07	2019	1	0	0	9.31	1	20.17	0.00	0.00	0.00	0.00	0.00	0.00	0.00	78	0
27	15	2545	99.77	2551	2918	0.07	2020	0	0	0	11.36	1	18.83	0.00	0.00	0.00	0.00	0.00	0.00	0.00	78	0
Core	CPU	Avg_MHz	Busy%	Bzy_MHz	TSC_MHz	IPC	IRQ	NMI	SMI	LLCMRPS	LLC%hit	L2MRPS	L2%hit	POLL%	C1ACPI%	C2ACPI%	C3ACPI%	CPU%c1	CPU%c6	CPU%c7	CoreTmp	CoreThr	PkgTmp	GFX%rc6	GFXMHz	GFXAMHz	Totl%C0	Any%C0	GFX%C0	CPUGFX%	Pkg%pc2	Pkg%pc3	Pkg%pc6	Pkg%pc8	Pk%pc10	CPU%LPI	SYS%LPI	PkgWatt	CorWatt	GFXWatt	RAMWatt	PKG_%	RAM_%	UncMHz	SysWatt
-	-	1936	65.37	2961	2920	0.82	31966	3	0	560	13.07	925	29.28	0.02	4.58	6.60	23.47	6.08	1.88	3.78	88	0	88	91.33	300	300	901.70	100.66	7.81	7.81	0.00	0.00	0.00	0.00	0.00	0.00	0.00	34.49	26.98	0.06	0.00	0.00	0.00	900	3.96
0	0	2486	77.94	3189	2918	1.19	2296	0	0	68	12.71	111	28.65	0.08	4.72	6.09	11.31	6.14	1.70	2.86	88	0	88	91.27	300	300	901.46	100.64	7.81	7.81	0.00	0.00	0.00	0.00	0.00	0.00	0.00	34.47	26.97	0.06	0.00	0.00	0.00	900
0	1	1681	52.68	3191	2918	0.98	2180	0	0	38	15.65	64	30.98	0.03	5.24	15.06	27.12	6.14
4	2	1652	51.90	3184	2918	1.25	2012	1	0	47	12.74	76	29.14	0.04	6.91	14.65	26.67	11.14	4.44	4.39	76	0
4	3	1488	46.79	3180	2918	1.24	1671	0	0	42	13.08	69	28.28	0.02	5.62	11.37	36.32	11.14
8	4	1028	32.78	3138	2918	1.07	1565	0	0	26	15.51	42	30.79	0.02	7.74	18.56	41.04	10.45	5.26	8.16	85	0
8	5	1846	58.18	3173	2918	1.39	1706	0	0	58	10.79	93	27.35	0.01	6.65	5.28	29.98	10.45
12	6	1587	49.68	3195	2918	1.11	1714	0	0	41	13.88	68	30.10	0.04	6.75	4.44	39.16	4.57	0.38	0.11	76	0
12	7	2456	76.62	3205	2918	1.28	1914	0	0	71	10.91	116	28.84	0.04	4.92	2.98	15.51	4.57
16	8	1790	56.58	3163	2918	1.21	1762	0	0	49	13.20	81	29.64	0.03	7.04	7.62	28.85	9.25	3.55	10.61	86	0
16	9	1326	41.60	3188	2918	1.12	2501	0	0	33	14.76	57	33.80	0.02	5.86	6.37	46.22	9.25
20	10	1704	53.80	3168	2918	1.16	1606	0	0	45	14.30	74	29.23	0.03	6.44	5.89	33.95	7.06	3.42	11.66	72	0
20	11	1541	48.32	3190	2918	1.09	1477	0	0	39	13.84	64	29.18	0.02	5.40	7.19	39.14	7.06
24	12	2595	99.77	2601	2918	0.09	3192	1	0	1	11.62	3	14.03	0.00	0.00	0.00	0.00	0.00	0.00	0.00	78	0
25	13	2595	99.77	2601	2918	0.09	2271	1	0	1	6.58	3	14.78	0.00	0.00	0.00	0.00	0.00	0.00	0.00	78	0
26	14	2595	99.77	2601	2918	0.09	2019	0	0	1	6.66	3	14.78	0.00	0.00	0.00	0.00	0.00	0.00	0.00	78	0
27	15	2596	99.77	2602	2918	0.09	2080	0	0	1	12.37	3	25.06	0.00	0.00	0.00	0.00	0.00	0.00	0.00	78	0
Core	CPU	Avg_MHz	Busy%	Bzy_MHz	TSC_MHz	IPC	IRQ	NMI	SMI	LLCMRPS	LLC%hit	L2MRPS	L2%hit	POLL%	C1ACPI%	C2ACPI%	C3ACPI%	CPU%c1	CPU%c6	CPU%c7	CoreTmp	CoreThr	PkgTmp	GFX%rc6	GFXMHz	GFXAMHz	Totl%C0	Any%C0	GFX%C0	CPUGFX%	Pkg%pc2	Pkg%pc3	Pkg%pc6	Pkg%pc8	Pk%pc10	CPU%LPI	SYS%LPI	PkgWatt	CorWatt	GFXWatt	RAMWatt	PKG_%	RAM_%	UncMHz	SysWatt
-	-	1932	65.46	2953	2917	0.83	33605	0	0	569	12.28	918	29.60	0.02	4.37	6.50	23.65	5.49	1.71	3.35	82	0	82	90.94	300	300	912.00	100.62	8.05	8.05	0.00	0.00	0.00	0.00	0.00	0.00	0.00	34.70	27.21	0.06	0.00	0.00	0.00	800	4.02
0	0	1643	51.80	3173	2918	1.28	1935	0	0	48	12.93	77	28.12	0.03	5.61	14.69	28.02	6.42	2.01	0.16	82	0	82	90.99	300	300	912.13	100.64	8.06	8.06	0.00	0.00	0.00	0.00	0.00	0.00	0.00	34.72	27.22	0.06	0.00	0.00	0.00	800
0	1	1949	61.17	3187	2918	1.32	2137	0	0	58	11.66	92	28.55	0.03	6.41	10.54	21.98	6.42
4	2	2062	65.39	3154	2918	1.35	2005	0	0	63	11.04	99	27.82	0.04	6.17	8.81	19.75	9.00	5.46	8.60	75	0
4	3	823	26.24	3136	2918	1.03	1411	0	0	19	16.32	31	32.00	0.03	6.48	12.93	54.44	9.00
8	4	1791	56.34	3179	2918	1.31	1952	0	0	54	11.23	84	28.93	0.03	7.01	11.54	25.22	10.81	4.42	8.07	82	0
8	5	1266	39.96	3167	2918	1.13	1462	0	0	33	13.88	54	30.10	0.01	5.39	13.57	41.15	10.81
12	6	2604	81.80	3183	2918	1.26	2056	0	0	75	10.99	119	28.43	0.03	5.21	1.83	11.17	3.51	0.07	0.04	78	0
12	7	1678	52.34	3207	2918	1.07	1485	0	0	39	12.96	67	33.00	0.04	4.16	7.06	36.47	3.51
16	8	2220	69.92	3175	2918	1.25	1860	0	0	63	10.94	101	28.67	0.04	5.92	3.27	20.94	8.24	2.63	8.71	82	0
16	9	1079	33.95	3177	2918	1.01	1572	0	0	25	15.38	42	32.98	0.03	6.82	11.12	48.20	8.24
20	10	2047	64.35	3181	2918	1.20	3492	0	0	56	12.45	92	31.33	0.04	5.48	3.80	26.43	5.91	2.46	7.89	75	0
20	11	1418	44.97	3154	2918	1.05	1388	0	0	34	14.61	56	30.93	0.02	5.26	4.91	44.90	5.91
24	12	2586	99.77	2592	2918	0.07	4308	0	0	0	19.23	1	23.66	0.00	0.00	0.00	0.00	0.00	0.00	0.00	77	0
25	13	2586	99.77	2592	2918	0.07	2505	0	0	0	12.14	1	27.82	0.00	0.00	0.00	0.00	0.00	0.00	0.00	78	0
26	14	2586	99.77	2592	2918	0.07	2019	0	0	0	9.31	1	20.14	0.00	0.00	0.00	0.00	0.00	0.00	0.00	78	0
27	15	2586	99.77	2592	2918	0.07	2018	0	0	0	11.85	1	19.33	0.00	0.00	0.00	0.00	0.00	0.00	0.00	78	0
Core	CPU	Avg_MHz	Busy%	Bzy_MHz	TSC_MHz	IPC	IRQ	NMI	SMI	LLCMRPS	LLC%hit	L2MRPS	L2%hit	POLL%	C1ACPI%	C2ACPI%	C3ACPI%	CPU%c1	CPU%c6	CPU%c7	CoreTmp	CoreThr	PkgTmp	GFX%rc6	GFXMHz	GFXAMHz	Totl%C0	Any%C0	GFX%C0	CPUGFX%	Pkg%pc2	Pkg%pc3	Pkg%pc6	Pkg%pc8	Pk%pc10	CPU%LPI	SYS%LPI	PkgWatt	CorWatt	GFXWatt	RAMWatt	PKG_%	RAM_%	UncMHz	SysWatt
-	-	1913	65.33	2929	2917	0.84	29255	3	0	570	12.12	914	29.71	0.02	4.70	6.30	23.65	4.82	1.25	2.37	83	0	86	94.43	300	300	930.57	100.51	5.06	5.06	0.00	0.00	0.00	0.00	0.00	0.00	0.00	34.67	27.22	0.04	0.00	0.00	0.00	800	4.01
0	0	1893	60.37	3136	2918	1.27	2061	1	0	55	11.64	85	28.63	0.05	6.06	13.24	20.47	8.81	3.23	4.72	82	0	86	94.60	300	300	931.74	100.64	5.06	5.06	0.00	0.00	0.00	0.00	0.00	0.00	0.00	34.73	27.27	0.04	0.00	0.00	0.00	800
0	1	1350	42.84	3152	2918	1.15	1919	1	0	35	13.37	56	30.18	0.04	7.02	14.94	35.32	8.81
4	2	1525	48.37	3152	2918	1.29	1720	0	0	45	12.16	71	28.01	0.03	7.30	8.58	35.86	6.29	2.96	4.31	75	0
4	3	1646	52.24	3150	2918	1.24	1715	0	0	47	11.91	73	28.53	0.03	5.57	5.95	36.31	6.29
8	4	1531	48.20	3176	2918	1.17	1631	0	0	40	13.68	67	31.94	0.03	6.47	8.28	37.10	4.77	0.49	0.72	82	0
8	5	2292	72.59	3157	2918	1.30	1802	0	0	67	10.41	106	29.25	0.02	4.29	2.67	20.50	4.76
12	6	1887	60.03	3143	2918	1.25	1682	0	0	53	11.84	85	29.76	0.02	5.87	3.38	30.75	4.82	0.16	0.63	76	0
12	7	1929	60.77	3174	2918	1.23	1728	0	0	54	12.21	87	30.39	0.02	5.90	7.03	26.32	4.82
16	8	1978	62.94	3143	2918	1.27	1871	0	0	57	11.30	91	28.97	0.03	6.84	6.49	23.79	6.37	3.91	6.91	83	0
16	9	1183	37.32	3170	2918	1.11	1578	0	0	29	14.25	51	35.31	0.03	7.84	15.20	39.72	6.37
20	10	1935	61.58	3142	2918	1.23	1795	0	0	54	11.76	84	28.71	0.04	5.36	4.42	28.70	7.55	1.81	6.41	73	0
20	11	1227	38.86	3157	2918	1.14	1670	1	0	32	13.92	52	30.20	0.03	6.68	10.75	43.78	7.55
24	12	2561	99.77	2567	2918	0.07	2020	0	0	0	17.94	1	21.90	0.00	0.00	0.00	0.00	0.00	0.00	0.00	78	0
25	13	2561	99.77	2567	2918	0.07	2020	0	0	0	8.78	1	19.30	0.00	0.00	0.00	0.00	0.00	0.00	0.00	78	0
26	14	2561	99.77	2567	2918	0.07	2022	0	0	0	9.07	1	20.51	0.00	0.00	0.00	0.00	0.00	0.00	0.00	78	0
27	15	2561	99.77	2567	2918	0.07	2021	0	0	0	11.48	1	19.48	0.00	0.00	0.00	0.00	0.00	0.00	0.00	78	0
Core	CPU	Avg_MHz	Busy%	Bzy_MHz	TSC_MHz	IPC	IRQ	NMI	SMI	LLCMRPS	LLC%hit	L2MRPS	L2%hit	POLL%	C1ACPI%	C2ACPI%	C3ACPI%	CPU%c1	CPU%c6	CPU%c7	CoreTmp	CoreThr	PkgTmp	GFX%rc6	GFXMHz	GFXAMHz	Totl%C0	Any%C0	GFX%C0	CPUGFX%	Pkg%pc2	Pkg%pc3	Pkg%pc6	Pkg%pc8	Pk%pc10	CPU%LPI	SYS%LPI	PkgWatt	CorWatt	GFXWatt	RAMWatt	PKG_%	RAM_%	UncMHz	SysWatt
-	-	1918	64.51	2974	2918	0.84	27986	1	0	573	11.71	923	28.97	0.03	4.14	5.25	26.08	5.11	1.95	4.69	83	0	83	98.71	300	300	898.85	100.61	1.17	1.17	0.00	0.00	0.00	0.00	0.00	0.00	0.00	34.65	27.24	0.01	0.00	0.00	0.00	900	4.01
0	0	1589	49.82	3189	2918	1.32	2184	0	0	49	11.53	76	27.94	0.03	6.41	21.44	22.51	9.25	4.95	4.33	81	0	83	98.75	300	300	899.06	100.63	1.17	1.17	0.00	0.00	0.00	0.00	0.00	0.00	0.00	34.67	27.25	0.01	0.00	0.00	0.00	900
0	1	1556	48.74	3192	2918	1.26	1818	0	0	46	11.07	71	27.84	0.03	6.24	13.21	31.91	9.26
4	2	1488	46.82	3179	2918	1.28	1563	0	0	43	12.03	67	29.37	0.02	6.47	7.57	39.24	8.30	4.89	9.80	74	0
4	3	1473	46.30	3181	2918	1.28	1456	0	0	43	11.74	69	27.80	0.03	5.56	5.23	42.97	8.30
8	4	1500	46.56	3221	2918	1.11	1614	0	0	37	13.54	63	31.29	0.02	5.30	3.89	44.28	3.27	0.00	0.00	81	0
8	5	2717	84.68	3209	2918	1.33	2021	1	0	82	10.27	130	28.34	0.06	4.04	1.35	9.95	3.27
12	6	1540	47.92	3214	2918	1.16	1350	0	0	41	12.17	67	29.96	0.04	5.70	1.56	44.84	3.56	0.04	0.79	79	0
12	7	2579	80.11	3219	2918	1.31	1965	0	0	77	10.33	121	28.35	0.06	4.29	1.84	13.77	3.56
16	8	1531	48.33	3168	2918	1.32	1514	0	0	46	11.74	72	28.61	0.03	5.99	7.14	38.64	10.71	4.82	18.05	83	0
16	9	924	28.92	3195	2918	1.21	1140	0	0	24	12.94	40	31.73	0.03	5.85	9.35	55.95	10.71
20	10	1848	57.90	3192	2918	1.15	1738	0	0	49	12.92	78	29.24	0.05	5.39	5.78	30.99	5.77	4.78	13.91	77	0
20	11	1505	46.87	3212	2918	1.04	1521	0	0	35	13.93	59	31.94	0.05	5.06	5.74	42.37	5.77
24	12	2610	99.77	2616	2918	0.08	2022	0	0	1	11.69	2	15.68	0.00	0.00	0.00	0.00	0.00	0.00	0.00	78	0
25	13	2610	99.77	2616	2918	0.08	2021	0	0	1	5.20	2	12.81	0.00	0.00	0.00	0.00	0.00	0.00	0.00	77	0
26	14	2610	99.77	2616	2918	0.08	2027	0	0	1	7.27	3	18.07	0.00	0.00	0.00	0.00	0.00	0.00	0.00	77	0
27	15	2610	99.77	2616	2918	0.08	2032	0	0	1	8.56	2	15.46	0.00	0.00	0.00	0.00	0.00	0.00	0.00	77	0
Core	CPU	Avg_MHz	Busy%	Bzy_MHz	TSC_MHz	IPC	IRQ	NMI	SMI	LLCMRPS	LLC%hit	L2MRPS	L2%hit	POLL%	C1ACPI%	C2ACPI%	C3ACPI%	CPU%c1	CPU%c6	CPU%c7	CoreTmp	CoreThr	PkgTmp	GFX%rc6	GFXMHz	GFXAMHz	Totl%C0	Any%C0	GFX%C0	CPUGFX%	Pkg%pc2	Pkg%pc3	Pkg%pc6	Pkg%pc8	Pk%pc10	CPU%LPI	SYS%LPI	PkgWatt	CorWatt	GFXWatt	RAMWatt	PKG_%	RAM_%	UncMHz	SysWatt
-	-	1896	64.49	2942	2916	0.85	28059	5	0	573	11.57	907	28.76	0.02	4.49	5.61	25.37	4.88	1.34	2.62	82	0	81	99.01	300	300	927.95	100.63	0.81	0.81	0.00	0.00	0.00	0.00	0.00	0.00	0.00	34.78	27.39	0.01	0.00	0.00	0.00	1000	4.03
0	0	1327	42.19	3144	2918	1.24	1991	0	0	37	13.36	59	29.43	0.03	6.80	21.50	29.68	6.70	5.81	3.63	81	0	81	99.08	300	300	927.99	100.64	0.81	0.81	0.00	0.00	0.00	0.00	0.00	0.00	0.00	34.80	27.41	0.01	0.00	0.00	0.00	1000
0	1	1776	56.17	3161	2918	1.30	1896	0	0	53	10.98	82	27.99	0.03	5.35	13.34	25.25	6.70
4	2	2482	78.31	3170	2918	1.31	2059	0	0	73	10.91	115	27.81	0.03	5.92	3.18	12.65	5.49	0.88	2.82	79	0
4	3	1117	34.95	3197	2918	1.10	1223	1	0	28	14.07	47	30.07	0.04	5.48	4.97	54.66	5.49
8	4	925	29.12	3178	2918	1.07	1146	0	0	21	14.58	37	35.45	0.01	5.57	5.34	60.00	4.73	0.06	1.63	81	0
8	5	2573	80.99	3177	2918	1.41	1981	0	0	83	9.55	128	27.42	0.03	5.23	2.72	11.11	4.73
12	6	1374	43.21	3180	2918	1.03	1428	0	0	32	13.69	53	31.28	0.02	6.85	4.40	45.58	4.56	1.14	4.17	80	0
12	7	2516	79.25	3174	2918	1.28	1909	1	0	73	10.51	115	28.51	0.04	4.90	2.84	13.04	4.56
16	8	1702	54.00	3152	2918	1.30	1650	1	0	51	11.18	79	28.46	0.02	7.07	8.10	30.92	10.97	4.79	10.36	82	0
16	9	981	31.03	3160	2918	1.18	1323	0	0	26	13.34	42	30.27	0.01	6.64	10.95	51.47	10.95
20	10	2168	68.29	3175	2918	1.30	1909	0	0	64	11.13	101	27.62	0.03	6.14	4.30	21.32	6.63	0.73	3.63	75	0
20	11	1112	35.21	3157	2918	1.16	1261	0	0	29	13.52	46	28.95	0.02	6.05	8.22	50.58	6.63
24	12	2576	99.77	2582	2918	0.07	2183	0	0	0	18.29	1	21.96	0.00	0.00	0.00	0.00	0.00	0.00	0.00	77	0
25	13	2576	99.77	2582	2918	0.07	2053	0	0	0	10.07	1	20.33	0.00	0.00	0.00	0.00	0.00	0.00	0.00	78	0
26	14	2576	99.77	2582	2918	0.07	2023	1	0	0	9.15	1	20.02	0.00	0.00	0.00	0.00	0.00	0.00	0.00	78	0
27	15	2576	99.77	2582	2918	0.07	2024	1	0	0	11.00	1	19.61	0.00	0.00	0.00	0.00	0.00	0.00	0.00	78	0
Core	CPU	Avg_MHz	Busy%	Bzy_MHz	TSC_MHz	IPC	IRQ	NMI	SMI	LLCMRPS	LLC%hit	L2MRPS	L2%hit	POLL%	C1ACPI%	C2ACPI%	C3ACPI%	CPU%c1	CPU%c6	CPU%c7	CoreTmp	CoreThr	PkgTmp	GFX%rc6	GFXMHz	GFXAMHz	Totl%C0	Any%C0	GFX%C0	CPUGFX%	Pkg%pc2	Pkg%pc3	Pkg%pc6	Pkg%pc8	Pk%pc10	CPU%LPI	SYS%LPI	PkgWatt	CorWatt	GFXWatt	RAMWatt	PKG_%	RAM_%	UncMHz	SysWatt
-	-	1400	45.03	3098	2928	0.66	20264	2	0	316	14.54	505	29.15	0.02	3.12	5.85	46.19	9.29	5.73	20.86	71	0	72	99.40	300	300	667.97	96.81	1.04	1.04	0.00	0.00	0.00	0.00	0.00	0.00	0.00	26.83	20.95	0.01	0.00	0.00	0.00	4000	2.45
0	0	535	18.61	2874	2918	1.00	1667	0	0	14	26.30	22	31.35	0.01	5.78	36.09	39.87	30.56	14.68	14.83	70	0	72	98.85	300	300	666.48	96.59	1.04	1.04	0.00	0.00	0.00	0.00	0.00	0.00	0.00	26.68	20.84	0.01	0.00	0.00	0.00	4000
0	1	977	30.88	3165	2918	1.29	1049	0	0	29	11.81	45	29.40	0.03	4.90	6.33	58.00	30.56
4	2	1343	41.92	3203	2918	1.39	1217	0	0	40	11.64	63	27.39	0.02	3.26	3.96	50.92	12.29	3.23	35.75	65	0
4	3	462	14.70	3146	2918	0.99	808	0	0	11	18.41	18	33.18	0.05	4.96	8.72	71.71	12.29
8	4	855	26.66	3209	2918	1.32	1053	0	0	27	20.81	42	29.05	0.01	4.38	9.69	59.38	7.79	6.04	37.88	69	0
8	5	941	29.55	3186	2918	1.35	834	0	0	29	10.56	45	28.52	0.01	3.76	1.20	65.53	7.79
12	6	1029	30.69	3352	2918	1.12	1009	0	0	27	18.87	45	29.98	0.03	3.31	6.77	59.30	5.69	4.30	37.91	67	0
12	7	1215	38.13	3185	2918	1.26	955	0	0	35	11.31	55	28.58	0.02	2.49	1.05	58.35	5.69
16	8	760	23.89	3183	2918	1.16	963	0	0	21	16.07	33	29.75	0.01	5.17	6.33	64.70	12.09	4.13	40.90	71	0
16	9	893	28.09	3179	2918	1.28	925	0	0	26	12.20	41	28.49	0.01	4.17	4.55	63.24	12.11
20	10	1171	36.81	3181	2918	1.29	1169	1	0	34	13.16	54	28.26	0.03	3.45	3.55	56.26	5.65	3.28	41.11	67	0
20	11	772	23.97	3222	2918	1.10	909	0	0	19	16.19	33	33.25	0.01	3.74	4.91	67.43	5.65
24	12	2855	94.56	3019	2918	0.10	1943	0	0	1	11.30	2	19.23	0.00	0.00	0.00	5.22	0.00	5.25	0.00	71	0
25	13	2852	94.48	3019	2918	0.10	1929	1	0	1	6.57	2	17.31	0.00	0.08	0.00	5.23	0.08	5.26	0.00	71	0
26	14	2816	93.45	3013	2918	0.10	1900	0	0	1	6.92	2	18.29	0.00	0.03	0.00	6.30	0.03	6.34	0.00	71	0
27	15	2866	94.87	3021	2918	0.11	1934	0	0	1	8.91	2	18.78	0.00	0.17	0.09	4.66	0.17	4.76	0.00	71	0
Core	CPU	Avg_MHz	Busy%	Bzy_MHz	TSC_MHz	IPC	IRQ	NMI	SMI	LLCMRPS	LLC%hit	L2MRPS	L2%hit	POLL%	C1ACPI%	C2ACPI%	C3ACPI%	CPU%c1	CPU%c6	CPU%c7	CoreTmp	CoreThr	PkgTmp	GFX%rc6	GFXMHz	GFXAMHz	Totl%C0	Any%C0	GFX%C0	CPUGFX%	Pkg%pc2	Pkg%pc3	Pkg%pc6	Pkg%pc8	Pk%pc10	CPU%LPI	SYS%LPI	PkgWatt	CorWatt	GFXWatt	RAMWatt	PKG_%	RAM_%	UncMHz	SysWatt
-	-	67	2.02	3305	2919	0.93	3699	0	0	27	52.04	52	36.94	0.02	1.00	4.00	93.09	14.66	42.10	42.88	69	0	69	99.13	300	300	33.82	25.45	0.82	0.32	13.82	0.16	11.41	1.29	0.00	0.00	0.00	8.13	4.32	0.01	0.00	0.00	0.00	4000	0.42
0	0	59	2.75	2137	2918	0.57	511	0	0	2	68.85	3	37.14	0.00	1.99	12.85	82.70	30.42	6.30	59.38	67	0	69	99.10	300	300	33.82	25.45	0.82	0.32	13.81	0.16	11.41	1.29	0.00	0.00	0.00	8.13	4.32	0.01	0.00	0.00	0.00	4000
0	1	49	1.40	3530	2918	0.64	166	0	0	1	67.04	2	39.78	0.04	1.58	1.22	95.85	30.42
4	2	30	1.44	2098	2918	0.28	249	0	0	1	57.45	1	25.36	0.00	0.37	3.04	95.25	6.82	1.76	89.53	62	0
4	3	14	0.47	2928	2918	1.02	59	0	0	0	66.90	1	56.76	0.00	0.16	0.46	98.93	6.82
8	4	565	13.78	4103	2918	1.04	957	0	0	13	38.40	25	34.41	0.02	3.96	13.36	69.19	27.14	7.83	50.66	67	0
8	5	48	1.21	3979	2918	0.99	170	0	0	1	58.61	3	41.11	0.06	1.57	1.59	95.66	27.14
12	6	57	1.90	3018	2918	0.84	216	0	0	2	58.43	3	31.38	0.01	0.67	4.10	93.48	13.45	2.96	80.40	64	0
12	7	31	1.16	2719	2918	0.86	100	0	0	1	78.57	2	35.21	0.06	1.18	0.93	96.81	13.45
16	8	47	1.76	2689	2918	1.19	257	0	0	1	73.40	3	44.36	0.05	1.08	4.06	93.26	17.81	4.55	74.96	69	0
16	9	13	0.76	1686	2918	0.84	144	0	0	1	63.89	1	26.06	0.00	0.38	2.44	96.48	17.81
20	10	55	1.69	3249	2918	0.88	196	0	0	1	68.67	3	52.16	0.03	0.65	3.57	94.24	18.95	3.84	73.83	64	0
20	11	66	2.10	3134	2918	0.76	252	0	0	2	58.10	3	33.64	0.02	1.79	2.49	93.69	18.95
24	12	19	0.93	2063	2918	1.08	163	0	0	0	59.00	1	47.43	0.00	0.32	4.62	94.18	4.04	95.14	0.00	68	0
25	13	8	0.66	1242	2918	0.28	183	0	0	0	55.55	1	40.94	0.00	0.11	6.79	92.49	1.05	98.13	0.00	68	0
26	14	1	0.10	784	2918	0.35	35	0	0	0	64.95	0	57.59	0.00	0.07	0.97	98.87	0.07	100.30	0.00	68	0
27	15	2	0.15	1643	2918	0.96	41	0	0	0	69.12	0	42.26	0.00	0.14	1.44	98.29	0.14	100.21	0.00	68	0
Core	CPU	Avg_MHz	Busy%	Bzy_MHz	TSC_MHz	IPC	IRQ	NMI	SMI	LLCMRPS	LLC%hit	L2MRPS	L2%hit	POLL%	C1ACPI%	C2ACPI%	C3ACPI%	CPU%c1	CPU%c6	CPU%c7	CoreTmp	CoreThr	PkgTmp	GFX%rc6	GFXMHz	GFXAMHz	Totl%C0	Any%C0	GFX%C0	CPUGFX%	Pkg%pc2	Pkg%pc3	Pkg%pc6	Pkg%pc8	Pk%pc10	CPU%LPI	SYS%LPI	PkgWatt	CorWatt	GFXWatt	RAMWatt	PKG_%	RAM_%	UncMHz	SysWatt
-	-	74	2.27	3280	2918	1.13	3981	0	0	34	54.58	64	37.55	0.01	0.99	4.53	92.30	15.64	41.49	41.88	66	0	69	99.01	300	300	39.50	25.83	0.84	0.33	15.45	0.34	11.27	0.35	0.00	0.00	0.00	8.54	4.61	0.01	0.00	0.00	0.00	4000	0.52
0	0	21	1.56	1318	2918	0.52	263	0	0	1	78.11	2	24.12	0.01	0.91	6.84	90.88	15.09	4.58	77.91	65	0	69	99.03	300	300	39.50	25.84	0.84	0.33	15.45	0.34	11.27	0.35	0.00	0.00	0.00	8.54	4.62	0.01	0.00	0.00	0.00	4000
0	1	14	0.52	2693	2918	0.87	128	0	0	0	76.85	1	35.45	0.01	0.74	2.56	96.21	15.09
4	2	25	1.15	2184	2918	0.42	231	0	0	1	65.05	1	28.07	0.01	0.70	3.69	94.58	9.55	2.47	85.02	61	0
4	3	47	1.49	3171	2918	0.94	127	0	0	3	86.30	6	39.06	0.00	0.13	1.81	96.64	9.55
8	4	292	7.35	3963	2918	1.16	575	0	0	7	41.09	15	37.60	0.00	2.69	7.87	82.28	23.33	4.38	63.27	62	0
8	5	66	1.74	3793	2918	1.56	183	0	0	2	62.82	4	39.48	0.02	1.19	1.86	95.27	23.33
12	6	320	8.02	3992	2918	1.15	544	0	0	9	41.97	16	34.18	0.01	2.69	8.32	81.16	19.64	5.29	65.88	63	0
12	7	66	1.56	4266	2918	1.14	144	0	0	2	50.85	3	41.49	0.02	1.50	0.99	95.98	19.64
16	8	72	2.45	2938	2918	1.28	357	0	0	2	66.02	4	36.06	0.03	2.10	6.40	89.27	29.23	6.77	60.37	66	0
16	9	17	1.02	1698	2918	0.86	254	0	0	1	59.80	1	27.99	0.00	0.18	7.02	91.85	29.23
20	10	100	3.10	3221	2918	1.09	366	0	0	2	64.74	5	46.47	0.02	1.92	7.91	87.29	23.98	5.63	66.39	63	0
20	11	14	0.75	1869	2918	1.78	134	0	0	0	60.40	1	25.16	0.00	0.04	2.84	96.42	23.98
24	12	41	1.44	2863	2918	1.08	143	0	0	1	57.57	2	47.44	0.00	0.45	2.88	95.28	5.58	93.03	0.00	66	0
25	13	46	1.95	2355	2918	1.02	240	0	0	1	47.76	2	43.97	0.00	0.27	5.02	92.82	0.85	96.93	0.00	66	0
26	14	16	1.13	1384	2918	0.26	209	0	0	0	46.01	1	32.97	0.00	0.08	5.48	93.39	0.77	97.92	0.00	66	0
27	15	33	1.04	3151	2918	1.26	83	0	0	0	46.99	1	53.00	0.02	0.19	1.07	97.72	1.40	97.86	0.00	65	0
Core	CPU	Avg_MHz	Busy%	Bzy_MHz	TSC_MHz	IPC	IRQ	NMI	SMI	LLCMRPS	LLC%hit	L2MRPS	L2%hit	POLL%	C1ACPI%	C2ACPI%	C3ACPI%	CPU%c1	CPU%c6	CPU%c7	CoreTmp	CoreThr	PkgTmp	GFX%rc6	GFXMHz	GFXAMHz	Totl%C0	Any%C0	GFX%C0	CPUGFX%	Pkg%pc2	Pkg%pc3	Pkg%pc6	Pkg%pc8	Pk%pc10	CPU%LPI	SYS%LPI	PkgWatt	CorWatt	GFXWatt	RAMWatt	PKG_%	RAM_%	UncMHz	SysWatt
-	-	112	3.06	3652	2918	1.35	5820	0	0	44	51.46	100	45.29	0.04	1.53	4.89	90.62	18.90	40.60	38.62	66	0	67	99.04	300	300	51.69	34.40	0.89	0.35	10.98	0.13	7.10	0.63	0.00	0.00	0.00	11.04	6.90	0.01	0.00	0.00	0.00	4000	0.78
0	0	47	2.24	2117	2918	0.93	397	0	0	2	70.09	3	41.98	0.03	1.75	10.74	85.50	21.26	4.83	70.84	64	0	67	99.05	300	300	51.69	34.40	0.89	0.35	10.98	0.13	7.10	0.63	0.00	0.00	0.00	11.04	6.90	0.01	0.00	0.00	0.00	4000
0	1	13	0.57	2191	2918	0.60	95	0	0	0	80.65	1	36.57	0.05	0.59	0.98	97.90	21.26
4	2	64	2.20	2921	2918	1.36	631	0	0	1	71.03	3	54.22	0.02	0.80	4.42	92.71	7.61	3.44	85.97	61	0
4	3	14	0.65	2188	2918	0.54	139	0	0	1	79.83	1	31.01	0.04	0.33	1.01	98.06	7.61
8	4	642	14.89	4314	2918	1.34	933	0	0	14	44.00	34	49.88	0.02	5.49	12.98	66.93	40.46	6.04	37.95	64	0
8	5	59	1.55	3771	2918	1.01	254	0	0	1	60.48	3	40.85	0.06	2.87	3.88	91.76	40.46
12	6	566	12.94	4374	2918	1.75	1179	0	0	14	43.34	34	45.16	0.00	2.07	6.77	78.36	12.74	5.43	68.11	62	0
12	7	52	1.28	4077	2918	0.90	143	0	0	1	67.97	3	39.61	0.08	2.01	0.73	96.02	12.74
16	8	82	2.57	3183	2918	1.23	339	0	0	3	64.41	5	34.79	0.08	2.37	5.06	90.20	28.26	4.15	63.90	66	0
16	9	20	1.03	1956	2918	0.84	227	0	0	1	59.08	1	34.28	0.02	0.89	3.99	94.15	28.26
20	10	83	2.72	3053	2918	0.88	434	0	0	2	64.59	4	34.17	0.06	2.29	9.38	85.82	32.97	4.07	59.40	63	0
20	11	17	0.75	2307	2918	0.81	206	0	0	1	67.51	1	34.23	0.05	0.61	1.97	96.71	32.97
24	12	38	1.47	2583	2918	0.93	193	0	0	1	59.90	2	43.94	0.02	0.42	4.03	94.13	2.29	96.17	0.00	65	0
25	13	28	1.08	2551	2918	0.77	169	0	0	0	67.12	1	50.58	0.01	0.69	2.58	95.70	4.70	94.21	0.00	65	0
26	14	31	1.83	1702	2918	0.44	300	0	0	1	51.80	2	34.01	0.01	0.58	6.26	91.42	4.32	93.54	0.00	65	0
27	15	35	1.28	2716	2918	0.91	181	0	0	1	56.05	2	52.85	0.01	0.75	3.42	94.60	4.53	94.16	0.00	65	0
Core	CPU	Avg_MHz	Busy%	Bzy_MHz	TSC_MHz	IPC	IRQ	NMI	SMI	LLCMRPS	LLC%hit	L2MRPS	L2%hit	POLL%	C1ACPI%	C2ACPI%	C3ACPI%	CPU%c1	CPU%c6	CPU%c7	CoreTmp	CoreThr	PkgTmp	GFX%rc6	GFXMHz	GFXAMHz	Totl%C0	Any%C0	GFX%C0	CPUGFX%	Pkg%pc2	Pkg%pc3	Pkg%pc6	Pkg%pc8	Pk%pc10	CPU%LPI	SYS%LPI	PkgWatt	CorWatt	GFXWatt	RAMWatt	PKG_%	RAM_%	UncMHz	SysWatt
-	-	60	1.93	3085	2918	1.09	4105	0	0	29	52.93	56	37.40	0.00	1.12	4.38	92.67	16.16	41.10	41.95	64	0	65	98.95	300	300	34.57	25.77	0.93	0.35	14.48	0.15	8.92	0.55	0.00	0.00	0.00	8.32	4.41	0.01	0.00	0.00	0.00	4000	0.42
0	0	32	1.68	1901	2918	0.81	201	0	0	2	82.20	2	24.60	0.01	0.78	3.98	93.75	8.12	4.06	84.86	63	0	65	98.95	300	300	34.56	25.77	0.93	0.35	14.48	0.15	8.92	0.55	0.00	0.00	0.00	8.32	4.41	0.01	0.00	0.00	0.00	4000
0	1	10	0.51	1875	2918	0.23	77	0	0	0	87.68	0	27.10	0.02	0.21	1.17	98.14	8.12
4	2	35	1.79	1947	2918	0.37	596	0	0	1	76.34	1	46.74	0.00	1.94	6.10	90.35	19.88	1.14	77.19	59	0
4	3	3	0.18	1470	2918	0.53	40	0	0	0	69.68	0	35.70	0.00	0.02	0.19	99.62	19.88
8	4	350	8.81	3970	2918	1.27	646	0	0	9	42.23	20	42.02	0.00	2.77	12.42	76.25	22.02	7.94	60.35	60	0
8	5	35	0.97	3541	2918	1.08	101	0	0	1	64.19	2	36.39	0.00	0.99	0.93	97.15	22.02
12	6	259	6.85	3790	2918	1.27	550	0	0	8	41.00	15	32.31	0.00	2.21	9.99	81.19	22.98	5.05	64.20	62	0
12	7	32	0.83	3777	2918	1.05	116	0	0	1	65.99	2	36.68	0.02	1.73	1.29	96.18	22.98
16	8	55	2.31	2394	2918	0.85	428	0	0	2	67.10	4	39.74	0.00	1.75	8.16	87.98	21.98	5.21	69.92	63	0
16	9	6	0.40	1560	2918	0.54	83	0	0	0	77.25	1	34.44	0.00	0.30	1.04	98.29	21.98
20	10	65	3.10	2097	2918	0.81	574	0	0	3	64.53	4	29.91	0.01	2.94	13.14	81.13	25.58	7.67	62.94	63	0
20	11	5	0.33	1585	2918	0.46	46	0	0	0	82.03	1	33.79	0.00	0.02	0.90	98.77	25.58
24	12	24	1.03	2355	2918	0.67	268	0	0	1	59.20	1	45.52	0.00	1.28	2.51	95.23	8.19	90.88	0.00	64	0
25	13	18	0.94	1914	2918	0.59	174	0	0	0	62.91	1	45.30	0.00	0.45	4.07	94.60	5.48	93.60	0.00	64	0
26	14	11	0.64	1791	2918	0.50	123	0	0	0	60.60	1	41.87	0.00	0.09	2.72	96.59	0.09	99.40	0.00	64	0
27	15	15	0.57	2662	2918	0.90	82	0	0	0	57.34	1	56.71	0.00	0.48	1.43	97.54	3.64	96.06	0.00	64	0
Core	CPU	Avg_MHz	Busy%	Bzy_MHz	TSC_MHz	IPC	IRQ	NMI	SMI	LLCMRPS	LLC%hit	L2MRPS	L2%hit	POLL%	C1ACPI%	C2ACPI%	C3ACPI%	CPU%c1	CPU%c6	CPU%c7	CoreTmp	CoreThr	PkgTmp	GFX%rc6	GFXMHz	GFXAMHz	Totl%C0	Any%C0	GFX%C0	CPUGFX%	Pkg%pc2	Pkg%pc3	Pkg%pc6	Pkg%pc8	Pk%pc10	CPU%LPI	SYS%LPI	PkgWatt	CorWatt	GFXWatt	RAMWatt	PKG_%	RAM_%	UncMHz	SysWatt
-	-	156	4.23	3687	2918	1.24	11589	0	0	59	50.59	134	45.85	0.06	2.88	8.49	84.57	37.54	37.00	23.75	65	0	65	89.38	300	300	68.97	42.76	9.80	5.76	2.60	0.00	0.89	0.00	0.00	0.00	0.00	14.02	9.48	0.07	0.00	0.00	0.00	4000	0.96
0	0	70	3.01	2334	2918	1.01	511	0	0	2	74.58	4	38.79	0.11	2.59	11.94	82.80	44.37	4.41	46.41	62	0	65	89.37	300	300	68.97	42.76	9.80	5.76	2.60	0.00	0.89	0.00	0.00	0.00	0.00	14.02	9.48	0.07	0.00	0.00	0.00	4000
0	1	45	1.45	3134	2918	1.38	394	0	0	1	70.11	2	43.08	0.11	1.48	0.84	96.28	44.37
4	2	172	5.20	3299	2918	1.21	1295	0	0	4	63.74	9	53.25	0.08	3.33	13.18	78.58	37.69	5.58	50.65	59	0
4	3	52	1.38	3737	2918	1.17	189	0	0	1	72.30	2	45.41	0.05	1.71	1.93	95.02	37.69
8	4	680	15.65	4346	2918	1.29	1963	0	0	15	39.10	37	45.41	0.03	4.57	15.99	64.17	49.38	3.82	29.57	60	0
8	5	76	2.27	3322	2918	0.67	561	0	0	1	66.58	3	43.83	0.11	3.69	15.66	78.47	49.38
12	6	575	13.44	4276	2918	1.60	1034	0	0	16	44.54	37	46.43	0.07	4.07	13.90	68.85	38.19	5.95	41.81	60	0
12	7	62	1.59	3914	2918	0.97	221	0	0	1	67.33	3	49.04	0.08	3.54	1.98	92.94	38.19
16	8	266	7.14	3734	2918	1.07	935	0	0	7	51.64	15	45.99	0.13	5.05	15.67	72.49	59.95	6.46	25.39	65	0
16	9	57	1.94	2959	2918	1.05	502	0	0	1	65.79	3	46.87	0.06	2.04	8.89	87.22	59.95
20	10	208	5.99	3474	2918	1.39	743	0	0	5	53.65	11	41.07	0.09	5.64	15.40	73.29	44.13	5.33	43.67	60	0
20	11	28	0.81	3423	2918	1.02	138	0	0	1	68.07	1	43.21	0.06	1.85	0.80	96.57	44.13
24	12	82	3.08	2662	2918	0.58	2249	0	0	1	63.17	2	44.83	0.04	4.69	4.84	87.59	25.73	70.83	0.00	64	0
25	13	53	1.94	2740	2918	0.54	399	0	0	1	61.00	2	53.68	0.01	1.12	3.15	93.85	22.07	76.11	0.00	64	0
26	14	54	2.13	2536	2918	0.84	329	0	0	1	59.76	3	48.38	0.01	0.61	7.49	89.86	4.48	92.98	0.00	64	0
27	15	15	0.67	2286	2918	0.97	126	0	0	0	54.80	1	41.53	0.00	0.05	4.24	95.07	0.94	98.56	0.00	64	0
Core	CPU	Avg_MHz	Busy%	Bzy_MHz	TSC_MHz	IPC	IRQ	NMI	SMI	LLCMRPS	LLC%hit	L2MRPS	L2%hit	POLL%	C1ACPI%	C2ACPI%	C3ACPI%	CPU%c1	CPU%c6	CPU%c7	CoreTmp	CoreThr	PkgTmp	GFX%rc6	GFXMHz	GFXAMHz	Totl%C0	Any%C0	GFX%C0	CPUGFX%	Pkg%pc2	Pkg%pc3	Pkg%pc6	Pkg%pc8	Pk%pc10	CPU%LPI	SYS%LPI	PkgWatt	CorWatt	GFXWatt	RAMWatt	PKG_%	RAM_%	UncMHz	SysWatt
-	-	190	5.04	3778	2915	1.48	4009	2	0	79	48.75	186	46.57	0.04	4.02	8.23	82.74	32.86	34.97	27.11	73	0	73	92.45	300	300	82.65	48.30	6.53	4.27	4.69	0.01	0.81	0.00	0.00	0.00	0.00	16.10	11.39	0.04	0.00	0.00	0.00	4000	1.35
0	0	164	5.72	2871	2918	1.23	284	0	0	6	61.30	11	35.26	0.03	2.11	18.34	74.19	24.35	9.74	58.09	67	0	73	92.55	300	300	82.63	48.29	6.53	4.27	4.69	0.01	0.81	0.00	0.00	0.00	0.00	16.12	11.40	0.04	0.00	0.00	0.00	4000
0	1	38	1.62	2311	2918	0.75	143	0	0	1	71.43	2	40.79	0.07	2.77	2.23	93.46	24.35
4	2	143	4.52	3162	2918	0.93	263	0	0	3	59.01	8	65.58	0.01	5.30	11.68	78.79	60.34	2.83	31.44	69	0
4	3	68	1.84	3685	2918	0.91	126	0	0	1	67.51	3	43.19	0.15	4.98	3.34	89.89	60.34
8	4	853	19.87	4291	2918	1.86	680	0	0	21	46.64	55	50.80	0.01	6.54	18.44	55.49	40.81	10.98	27.20	66	0
8	5	28	1.03	2703	2918	0.54	88	0	0	1	78.48	1	48.23	0.05	2.57	5.63	90.84	40.81
12	6	919	20.81	4415	2918	1.75	473	1	0	28	41.14	63	41.03	0.04	4.90	14.92	59.59	29.08	7.10	42.08	70	0
12	7	74	1.70	4360	2918	1.06	133	0	0	2	56.98	4	41.43	0.05	3.59	1.47	93.28	29.09
16	8	111	3.38	3283	2918	0.92	234	0	0	3	54.14	6	47.36	0.02	4.82	11.22	80.84	50.36	2.63	42.32	70	0
16	9	39	1.46	2682	2918	0.91	156	0	0	1	65.49	2	47.87	0.09	4.57	8.24	85.81	50.37
20	10	125	3.49	3594	2918	0.97	177	0	0	3	59.05	6	41.41	0.06	4.92	8.37	83.39	21.71	1.22	70.01	73	0
20	11	177	4.01	4420	2918	1.86	131	0	0	4	40.61	10	46.17	0.00	2.78	0.57	92.67	21.71
24	12	101	3.75	2694	2918	0.64	727	1	0	1	59.09	3	47.36	0.06	9.97	6.32	80.14	43.93	51.98	0.00	68	0
25	13	98	3.62	2697	2918	0.72	207	0	0	1	58.74	5	69.76	0.00	3.02	8.74	84.73	17.91	77.94	0.00	68	0
26	14	46	1.59	2907	2918	0.71	109	0	0	1	50.82	2	51.14	0.02	0.64	7.11	90.71	9.69	88.87	0.00	69	0
27	15	65	2.28	2872	2918	0.69	78	0	0	1	54.43	4	55.02	0.00	0.84	5.30	91.65	0.92	96.42	0.00	68	0
