Core	CPU	Avg_MHz	Busy%	Bzy_MHz	TSC_MHz	IPC	IRQ	NMI	SMI	LLCMRPS	LLC%hit	L2MRPS	L2%hit	POLL%	C1ACPI%	C2ACPI%	C3ACPI%	CPU%c1	CPU%c6	CPU%c7	CoreTmp	CoreThr	PkgTmp	GFX%rc6	GFXMHz	GFXAMHz	Totl%C0	Any%C0	GFX%C0	CPUGFX%	Pkg%pc2	Pkg%pc3	Pkg%pc6	Pkg%pc8	Pk%pc10	CPU%LPI	SYS%LPI	PkgWatt	CorWatt	GFXWatt	RAMWatt	PKG_%	RAM_%	UncMHz	SysWatt
-	-	877	28.54	3075	2917	2.18	34817	1	0	251	46.41	722	59.18	0.31	4.40	9.25	57.94	5.32	39.73	12.78	63	0	63	94.06	300	300	411.58	99.33	5.22	5.20	0.00	0.00	0.00	0.00	0.00	0.00	0.00	26.50	21.08	0.02	0.00	0.00	0.00	2300	7.54
0	0	2142	68.66	3120	2918	2.85	5637	0	0	39	48.66	126	64.39	0.69	6.91	5.58	19.13	7.00	6.82	12.95	63	0	63	94.11	300	300	411.60	99.33	5.22	5.20	0.00	0.00	0.00	0.00	0.00	0.00	0.00	26.51	21.09	0.02	0.00	0.00	0.00	2300
0	1	271	9.11	2979	2918	0.66	1592	0	0	4	68.70	7	35.56	0.05	4.52	19.75	66.78	7.00
4	2	752	26.17	2874	2918	1.09	5657	0	0	15	65.84	30	45.55	0.21	20.61	18.10	35.51	14.32	13.54	18.12	52	0
4	3	1046	33.24	3148	2918	2.26	2136	0	0	22	36.77	60	53.72	0.38	2.01	4.95	59.88	14.32
8	4	1674	50.59	3310	2918	2.59	1941	0	0	22	58.52	78	67.36	0.36	2.86	3.85	42.74	2.85	3.26	16.83	59	0
8	5	1257	38.45	3271	2918	1.49	3080	0	0	28	36.04	76	57.04	0.45	2.22	3.34	56.08	2.85
12	6	488	15.48	3152	2918	0.99	1398	0	0	10	46.41	23	51.17	0.25	4.44	6.07	74.09	4.27	2.63	8.65	60	0
12	7	2563	80.02	3202	2918	2.62	3199	0	0	44	44.77	134	61.07	1.05	4.05	1.63	14.39	4.27
16	8	1359	45.12	3013	2918	2.53	1749	0	0	22	47.10	68	63.73	0.58	3.95	7.60	43.56	4.05	8.03	39.86	63	0
16	9	224	7.51	2980	2918	0.67	595	0	0	2	50.22	4	39.67	0.06	1.95	2.32	88.27	4.05
20	10	1199	38.94	3079	2918	2.44	1945	1	0	19	47.02	59	62.15	0.41	4.58	8.85	47.81	5.32	8.32	31.42	59	0
20	11	652	22.07	2956	2918	1.36	1318	0	0	16	31.69	35	45.81	0.54	2.77	2.41	72.94	5.32
24	12	139	7.16	1947	2918	0.66	1495	0	0	3	52.34	6	44.06	0.00	3.50	23.36	66.20	3.49	84.97	0.00	58	0
25	13	146	7.13	2049	2918	0.96	1191	0	0	3	44.94	7	46.51	0.00	2.96	17.76	72.34	2.95	86.08	0.00	58	0
26	14	68	3.70	1847	2918	0.74	1043	0	0	1	54.44	4	53.49	0.00	1.47	8.78	86.20	1.46	91.55	0.00	58	0
27	15	60	3.39	1771	2918	0.62	841	0	0	1	56.18	3	51.68	0.00	1.67	13.64	81.45	1.66	91.96	0.00	58	0
Core	CPU	Avg_MHz	Busy%	Bzy_MHz	TSC_MHz	IPC	IRQ	NMI	SMI	LLCMRPS	LLC%hit	L2MRPS	L2%hit	POLL%	C1ACPI%	C2ACPI%	C3ACPI%	CPU%c1	CPU%c6	CPU%c7	CoreTmp	CoreThr	PkgTmp	GFX%rc6	GFXMHz	GFXAMHz	Totl%C0	Any%C0	GFX%C0	CPUGFX%	Pkg%pc2	Pkg%pc3	Pkg%pc6	Pkg%pc8	Pk%pc10	CPU%LPI	SYS%LPI	PkgWatt	CorWatt	GFXWatt	RAMWatt	PKG_%	RAM_%	UncMHz	SysWatt
-	-	1069	38.88	2748	2921	2.58	24863	2	0	235	63.66	858	70.47	0.13	4.85	10.00	46.49	4.70	37.77	5.85	70	0	69	93.42	300	300	502.59	99.59	5.93	5.85	0.00	0.00	0.00	0.00	0.00	0.00	0.00	27.32	22.40	0.02	0.00	0.00	0.00	3700	7.71
0	0	1276	46.49	2746	2918	2.64	1720	0	0	20	62.40	70	68.59	0.26	5.30	16.76	31.76	4.53	9.66	9.81	60	0	69	93.28	300	300	502.22	99.52	5.92	5.84	0.00	0.00	0.00	0.00	0.00	0.00	0.00	27.28	22.37	0.02	0.00	0.00	0.00	3700
0	1	1223	44.16	2770	2918	2.75	1558	0	0	18	65.76	65	70.87	0.28	4.62	8.49	42.95	4.53
4	2	889	32.38	2745	2918	1.90	5922	0	0	14	77.40	40	64.49	0.06	21.75	17.96	28.19	10.53	7.82	5.54	56	0
4	3	1735	62.04	2797	2918	2.97	1575	0	0	22	65.92	94	75.13	0.10	4.04	4.05	29.99	10.53
8	4	911	32.50	2803	2918	1.94	1007	0	0	13	58.81	40	66.37	0.17	3.47	5.44	58.73	4.17	4.13	9.44	70	0
8	5	2040	73.16	2788	2918	2.94	1733	1	0	25	68.36	103	74.24	0.17	4.17	2.66	20.16	4.17
12	6	1651	55.59	2971	2918	2.70	1555	0	0	23	62.53	83	69.25	0.18	4.63	6.47	33.38	3.99	4.58	7.47	56	0
12	7	1214	44.34	2739	2918	2.63	1225	0	0	17	58.00	64	70.97	0.23	4.08	5.35	46.44	3.99
16	8	1031	37.15	2777	2918	2.64	1129	0	0	12	69.00	48	73.06	0.03	3.52	6.44	53.00	5.49	4.59	14.19	65	0
16	9	1481	54.05	2740	2918	2.84	1336	0	0	19	62.39	75	73.77	0.12	4.51	1.75	39.87	5.49
20	10	1627	58.25	2793	2918	2.57	1470	0	0	20	64.13	77	71.70	0.24	4.28	3.87	33.76	3.59	3.64	12.04	56	0
20	11	1437	51.22	2806	2918	2.45	1227	1	0	18	65.97	67	71.66	0.24	2.53	2.15	44.18	3.59
24	12	212	10.94	1939	2918	0.99	1010	0	0	6	40.32	11	41.43	0.00	2.73	21.35	65.19	2.72	82.33	0.00	59	0
25	13	167	8.65	1926	2918	1.02	951	0	0	4	42.37	9	43.89	0.02	2.92	23.15	65.49	2.91	84.35	0.00	59	0
26	14	103	5.96	1735	2918	0.70	782	0	0	2	55.90	6	50.06	0.00	3.00	19.00	72.25	2.99	87.06	0.00	59	0
27	15	93	5.11	1818	2918	0.72	663	0	0	2	49.85	5	48.12	0.00	1.99	15.03	78.02	1.99	89.84	0.00	59	0
Core	CPU	Avg_MHz	Busy%	Bzy_MHz	TSC_MHz	IPC	IRQ	NMI	SMI	LLCMRPS	LLC%hit	L2MRPS	L2%hit	POLL%	C1ACPI%	C2ACPI%	C3ACPI%	CPU%c1	CPU%c6	CPU%c7	CoreTmp	CoreThr	PkgTmp	GFX%rc6	GFXMHz	GFXAMHz	Totl%C0	Any%C0	GFX%C0	CPUGFX%	Pkg%pc2	Pkg%pc3	Pkg%pc6	Pkg%pc8	Pk%pc10	CPU%LPI	SYS%LPI	PkgWatt	CorWatt	GFXWatt	RAMWatt	PKG_%	RAM_%	UncMHz	SysWatt
-	-	1225	45.59	2687	2918	1.76	119264	2	0	306	49.95	922	61.87	0.12	9.70	10.29	34.82	8.49	30.83	5.71	68	0	68	93.23	300	300	499.74	100.05	5.97	5.96	0.00	0.00	0.00	0.00	0.00	0.00	0.00	26.18	20.72	0.02	0.00	0.00	0.00	2700	7.55
0	0	1478	55.67	2655	2918	1.89	10313	1	0	25	49.39	75	60.87	0.22	13.95	6.96	23.93	10.16	5.35	10.04	68	0	68	93.26	300	300	499.84	100.07	5.97	5.96	0.00	0.00	0.00	0.00	0.00	0.00	0.00	26.19	20.73	0.02	0.00	0.00	0.00	2700
0	1	1542	57.10	2700	2918	1.80	7815	0	0	28	43.96	79	57.78	0.25	11.08	5.53	26.67	10.16
4	2	1550	57.44	2698	2918	1.72	12659	0	0	26	61.26	75	61.92	0.10	19.22	7.07	16.72	16.15	5.87	8.56	55	0
4	3	1274	47.60	2677	2918	1.86	7263	0	0	19	52.02	63	66.04	0.09	9.70	2.82	40.32	16.15
8	4	2246	77.97	2881	2918	1.79	4252	0	0	38	42.98	104	55.85	0.31	7.92	2.55	11.85	6.31	3.13	6.07	66	0
8	5	1305	48.48	2692	2918	1.70	11358	0	0	18	54.96	58	67.03	0.04	9.27	7.27	35.45	6.31
12	6	1987	72.90	2725	2918	1.59	4363	1	0	20	52.88	74	70.50	0.09	5.82	2.03	19.47	4.30	1.96	6.74	60	0
12	7	1522	52.53	2899	2918	1.77	5406	0	0	21	56.63	64	62.06	0.01	8.52	3.66	35.62	4.30
16	8	1615	59.77	2702	2918	1.76	8223	0	0	30	44.68	84	57.95	0.33	10.47	4.87	25.42	7.22	4.57	11.60	58	0
16	9	1407	52.42	2685	2918	1.96	2966	0	0	19	55.98	66	68.29	0.08	6.14	4.42	37.30	7.22
20	10	1794	66.59	2694	2918	1.95	6121	0	0	34	42.86	94	57.66	0.29	8.51	4.18	21.09	6.76	4.75	14.09	57	0
20	11	1170	43.81	2671	2918	1.78	12320	0	0	14	63.08	51	70.05	0.02	10.25	5.35	41.17	6.76
24	12	251	13.54	1856	2918	0.73	8379	0	0	5	44.98	12	48.30	0.01	11.66	38.56	36.77	11.54	61.71	0.00	61	0
25	13	182	9.60	1897	2918	0.87	5712	0	0	3	43.89	9	54.31	0.00	8.43	31.69	50.66	8.38	71.23	0.00	61	0
26	14	146	7.38	1977	2918	0.93	5432	0	0	3	41.99	7	56.92	0.00	7.63	21.45	63.85	7.59	75.26	0.00	61	0
27	15	128	6.66	1925	2918	0.85	6682	0	0	2	45.45	7	57.09	0.00	6.62	16.23	70.86	6.57	74.46	0.00	61	0
Core	CPU	Avg_MHz	Busy%	Bzy_MHz	TSC_MHz	IPC	IRQ	NMI	SMI	LLCMRPS	LLC%hit	L2MRPS	L2%hit	POLL%	C1ACPI%	C2ACPI%	C3ACPI%	CPU%c1	CPU%c6	CPU%c7	CoreTmp	CoreThr	PkgTmp	GFX%rc6	GFXMHz	GFXAMHz	Totl%C0	Any%C0	GFX%C0	CPUGFX%	Pkg%pc2	Pkg%pc3	Pkg%pc6	Pkg%pc8	Pk%pc10	CPU%LPI	SYS%LPI	PkgWatt	CorWatt	GFXWatt	RAMWatt	PKG_%	RAM_%	UncMHz	SysWatt
-	-	844	28.87	2927	2915	2.93	30682	3	0	211	52.27	715	67.28	0.15	3.72	9.44	58.04	4.13	38.46	11.29	69	0	68	93.26	300	300	442.56	99.52	5.67	5.64	0.00	0.00	0.00	0.00	0.00	0.00	0.00	27.12	22.10	0.02	0.00	0.00	0.00	2400	7.63
0	0	1018	37.13	2741	2918	3.08	2064	0	0	18	55.63	57	66.61	0.16	2.97	15.71	44.51	3.38	12.43	23.47	68	0	68	93.52	300	300	443.33	99.69	5.68	5.65	0.00	0.00	0.00	0.00	0.00	0.00	0.00	27.19	22.16	0.02	0.00	0.00	0.00	2400
0	1	752	24.63	3053	2918	3.29	2402	0	0	10	66.47	41	72.89	0.02	2.77	14.08	58.62	3.38
4	2	840	28.55	2942	2918	2.22	5371	0	0	13	71.72	39	64.57	0.07	14.32	14.12	43.30	9.52	8.70	18.38	61	0
4	3	1091	37.74	2891	2918	2.69	1940	0	0	22	42.62	62	60.79	0.27	3.75	0.89	57.75	9.51
8	4	1544	48.46	3187	2918	3.21	2388	0	0	19	61.08	77	73.14	0.15	2.73	4.76	44.11	3.57	3.66	14.54	65	0
8	5	1046	35.39	2955	2918	2.43	1617	0	0	22	34.65	58	56.08	0.25	3.05	3.35	58.29	3.57
12	6	1508	48.23	3126	2918	3.58	2239	0	0	15	70.95	76	78.42	0.12	2.19	4.14	45.45	3.30	2.27	8.97	64	0
12	7	1163	39.05	2979	2918	2.74	1248	1	0	22	44.70	64	61.99	0.41	3.63	1.34	56.09	3.29
16	8	579	20.05	2889	2918	2.86	1358	0	0	9	52.43	30	66.64	0.12	2.45	5.31	72.32	4.12	4.37	30.92	69	0
16	9	1229	41.83	2937	2918	3.09	1465	1	0	19	47.52	66	67.54	0.29	3.68	1.84	52.77	4.12
20	10	1789	58.27	3070	2918	3.37	2232	0	0	23	54.55	95	73.43	0.29	3.09	3.66	35.04	3.07	4.74	16.75	64	0
20	11	564	20.63	2733	2918	2.53	1184	0	0	11	43.45	31	59.45	0.26	2.81	9.20	67.49	3.07
24	12	138	7.60	1810	2918	0.64	1736	0	0	3	54.33	7	48.36	0.00	5.27	25.29	62.13	5.26	81.54	0.00	63	0
25	13	87	5.03	1734	2918	0.62	1180	0	0	2	55.95	5	48.42	0.00	2.56	20.55	72.06	2.56	87.83	0.00	63	0
26	14	76	4.54	1672	2918	0.60	1167	0	0	2	58.09	4	50.21	0.00	2.49	18.59	74.58	2.48	88.48	0.00	63	0
27	15	102	4.89	2085	2918	0.80	1091	1	0	1	42.91	5	64.22	0.00	1.89	8.31	85.02	1.89	90.28	0.00	62	0
Core	CPU	Avg_MHz	Busy%	Bzy_MHz	TSC_MHz	IPC	IRQ	NMI	SMI	LLCMRPS	LLC%hit	L2MRPS	L2%hit	POLL%	C1ACPI%	C2ACPI%	C3ACPI%	CPU%c1	CPU%c6	CPU%c7	CoreTmp	CoreThr	PkgTmp	GFX%rc6	GFXMHz	GFXAMHz	Totl%C0	Any%C0	GFX%C0	CPUGFX%	Pkg%pc2	Pkg%pc3	Pkg%pc6	Pkg%pc8	Pk%pc10	CPU%LPI	SYS%LPI	PkgWatt	CorWatt	GFXWatt	RAMWatt	PKG_%	RAM_%	UncMHz	SysWatt
-	-	1081	39.58	2730	2920	2.66	24622	0	0	236	56.68	833	69.30	0.12	4.49	9.69	46.42	3.93	37.70	4.87	71	0	70	93.65	300	250	522.47	99.76	5.68	5.63	0.00	0.00	0.00	0.00	0.00	0.00	0.00	27.91	22.86	0.03	0.00	0.00	0.00	2100	7.88
0	0	1437	52.25	2749	2918	2.70	1664	0	0	21	55.18	74	68.82	0.23	4.67	12.21	31.12	4.16	6.91	6.54	69	0	70	93.55	300	250	522.16	99.70	5.68	5.62	0.00	0.00	0.00	0.00	0.00	0.00	0.00	27.88	22.83	0.03	0.00	0.00	0.00	2100
0	1	1316	47.82	2752	2918	2.70	1895	0	0	19	52.85	66	68.63	0.21	4.88	16.21	31.28	4.16
4	2	868	31.88	2722	2918	1.88	5887	0	0	15	67.07	40	60.90	0.05	19.86	14.49	34.08	7.89	5.50	7.93	64	0
4	3	1667	60.54	2753	2918	3.21	1464	0	0	19	71.51	86	77.02	0.05	3.04	3.10	33.35	7.90
8	4	586	21.45	2734	2918	1.70	720	0	0	9	54.26	24	61.54	0.10	3.53	3.21	71.92	3.75	2.39	9.37	67	0
8	5	2219	80.44	2759	2918	3.04	1820	0	0	27	57.53	109	73.95	0.20	4.22	1.88	13.59	3.75
12	6	980	32.09	3055	2918	1.87	893	0	0	12	56.25	36	61.32	0.05	2.71	3.22	62.01	4.14	2.45	4.52	68	0
12	7	2194	79.60	2756	2918	2.97	1803	0	0	27	57.34	105	72.65	0.15	4.78	2.48	13.26	4.14
16	8	1133	40.80	2777	2918	2.40	1135	0	0	16	47.01	52	65.23	0.12	2.79	4.52	51.95	3.53	3.80	9.60	71	0
16	9	1781	64.15	2776	2918	2.79	1623	0	0	25	53.84	85	69.03	0.22	4.39	4.68	26.90	3.53
20	10	607	22.10	2748	2918	1.37	768	0	0	12	40.54	27	52.80	0.19	3.36	5.28	69.42	2.94	3.10	10.69	66	0
20	11	2152	78.47	2742	2918	3.13	1763	0	0	26	60.48	108	74.00	0.27	3.58	2.25	15.83	2.94
24	12	119	7.94	1503	2918	0.72	1123	0	0	4	56.28	8	40.44	0.00	4.28	30.58	57.52	4.28	81.81	0.00	63	0
25	13	88	5.36	1644	2918	0.62	859	0	0	2	54.88	5	50.84	0.00	2.61	21.01	71.22	2.61	88.16	0.00	63	0
26	14	77	4.48	1731	2918	0.67	680	0	0	2	47.88	4	47.77	0.00	1.63	16.24	77.81	1.62	91.00	0.00	63	0
27	15	67	3.91	1712	2918	0.70	525	0	0	1	53.64	3	54.13	0.00	1.49	13.56	81.16	1.49	92.04	0.00	63	0
Core	CPU	Avg_MHz	Busy%	Bzy_MHz	TSC_MHz	IPC	IRQ	NMI	SMI	LLCMRPS	LLC%hit	L2MRPS	L2%hit	POLL%	C1ACPI%	C2ACPI%	C3ACPI%	CPU%c1	CPU%c6	CPU%c7	CoreTmp	CoreThr	PkgTmp	GFX%rc6	GFXMHz	GFXAMHz	Totl%C0	Any%C0	GFX%C0	CPUGFX%	Pkg%pc2	Pkg%pc3	Pkg%pc6	Pkg%pc8	Pk%pc10	CPU%LPI	SYS%LPI	PkgWatt	CorWatt	GFXWatt	RAMWatt	PKG_%	RAM_%	UncMHz	SysWatt
-	-	1497	56.16	2666	2918	1.99	30899	0	0	271	60.84	1008	71.41	0.00	5.52	9.48	29.06	4.58	34.94	4.12	71	0	71	93.15	300	300	544.59	99.62	5.99	5.96	0.00	0.00	0.00	0.00	0.00	0.00	0.00	28.49	23.36	0.03	0.00	0.00	0.00	2100	8.09
0	0	1820	67.94	2679	2918	1.90	1973	0	0	20	61.11	75	71.65	0.00	5.89	6.94	19.51	4.90	5.12	6.10	71	0	71	93.19	300	300	544.87	99.67	5.99	5.96	0.00	0.00	0.00	0.00	0.00	0.00	0.00	28.51	23.37	0.03	0.00	0.00	0.00	2100
0	1	2066	76.55	2699	2918	2.11	2115	0	0	22	61.38	88	73.00	0.01	5.86	4.27	13.52	4.90
4	2	1790	66.29	2700	2918	1.72	6217	0	0	23	63.40	77	68.14	0.01	13.85	7.08	13.06	8.33	4.82	3.98	66	0
4	3	1933	71.78	2693	2918	2.24	1791	0	0	21	63.93	86	74.31	0.00	5.56	3.64	19.23	8.34
8	4	2036	72.36	2814	2918	1.91	1872	0	0	23	61.90	81	69.84	0.00	5.32	2.22	20.30	4.08	2.84	4.61	70	0
8	5	2032	75.53	2690	2918	2.16	1797	0	0	21	63.77	86	74.77	0.00	5.32	2.92	16.45	4.08
12	6	1749	64.96	2693	2918	1.83	1654	0	0	19	58.73	70	70.93	0.00	5.29	3.56	26.39	3.88	2.44	9.21	67	0
12	7	2127	78.89	2697	2918	2.22	1851	0	0	22	64.96	90	74.61	0.00	5.24	1.97	14.09	3.88
16	8	1782	66.28	2688	2918	1.94	1662	0	0	19	61.23	73	71.98	0.00	5.51	2.66	25.76	4.47	3.59	9.16	71	0
16	9	1999	74.27	2691	2918	2.10	1845	0	0	22	59.65	84	72.70	0.00	5.62	3.58	16.74	4.47
20	10	1844	68.29	2701	2918	1.84	1781	0	0	20	58.79	74	70.32	0.01	5.51	2.98	23.44	3.80	2.70	8.13	66	0
20	11	2117	78.62	2692	2918	2.16	1851	0	0	21	64.41	89	74.88	0.00	4.96	2.07	14.51	3.80
24	12	241	13.45	1793	2918	0.88	1494	0	0	6	39.91	13	40.22	0.01	4.60	37.67	44.62	4.59	75.12	0.00	64	0
25	13	143	8.30	1719	2918	0.71	1229	0	0	3	48.07	8	45.99	0.01	4.21	32.58	55.18	4.20	81.62	0.00	64	0
26	14	151	8.19	1847	2918	0.81	997	0	0	3	40.61	8	48.15	0.00	3.08	21.49	67.43	3.06	84.44	0.00	64	0
27	15	121	6.85	1773	2918	0.80	770	0	0	3	46.27	7	46.62	0.00	2.55	16.00	74.76	2.55	86.80	0.00	64	0
Core	CPU	Avg_MHz	Busy%	Bzy_MHz	TSC_MHz	IPC	IRQ	NMI	SMI	LLCMRPS	LLC%hit	L2MRPS	L2%hit	POLL%	C1ACPI%	C2ACPI%	C3ACPI%	CPU%c1	CPU%c6	CPU%c7	CoreTmp	CoreThr	PkgTmp	GFX%rc6	GFXMHz	GFXAMHz	Totl%C0	Any%C0	GFX%C0	CPUGFX%	Pkg%pc2	Pkg%pc3	Pkg%pc6	Pkg%pc8	Pk%pc10	CPU%LPI	SYS%LPI	PkgWatt	CorWatt	GFXWatt	RAMWatt	PKG_%	RAM_%	UncMHz	SysWatt
-	-	194	7.48	2596	2921	1.44	12071	0	0	62	73.59	147	52.88	0.00	2.50	9.40	80.86	4.35	45.05	39.74	60	0	60	93.94	300	300	106.16	51.88	5.53	3.42	18.05	0.00	0.00	0.00	0.00	0.00	0.00	11.18	6.68	0.03	0.00	0.00	0.00	4000	3.81
0	0	235	9.90	2369	2918	1.61	610	0	0	5	82.46	12	59.03	0.00	1.82	12.67	75.98	2.38	14.70	68.93	57	0	60	93.67	300	300	105.94	51.77	5.52	3.41	18.02	0.00	0.00	0.00	0.00	0.00	0.00	11.15	6.66	0.03	0.00	0.00	0.00	4000
0	1	152	6.22	2446	2918	1.84	459	0	0	2	84.26	7	70.41	0.00	1.04	5.38	87.48	2.38
4	2	461	20.14	2287	2918	0.75	5102	0	0	12	93.35	21	41.02	0.02	22.83	23.24	34.45	22.74	22.62	29.95	56	0
4	3	131	4.91	2676	2918	2.27	175	0	0	1	81.54	6	79.31	0.00	0.37	2.20	92.53	22.74
8	4	268	10.07	2660	2918	1.47	641	0	0	7	67.64	14	47.74	0.00	2.14	11.87	76.21	2.11	11.37	72.06	55	0
8	5	208	6.73	3091	2918	1.87	192	0	0	6	81.85	13	55.63	0.00	0.32	1.41	91.54	2.12
12	6	553	15.83	3495	2918	1.30	707	0	0	11	49.25	23	40.77	0.00	1.50	7.68	75.16	1.39	7.39	73.71	56	0
12	7	139	5.10	2728	2918	2.06	168	0	0	1	70.24	5	75.91	0.00	0.33	1.69	92.90	1.39
16	8	207	8.38	2472	2918	1.57	480	0	0	4	80.66	9	55.06	0.00	1.12	8.82	81.93	1.18	8.91	78.60	57	0
16	9	160	5.63	2851	2918	1.69	211	0	0	1	78.40	5	72.85	0.00	0.41	2.08	91.90	1.18
20	10	217	8.67	2499	2918	1.51	751	0	0	6	74.00	12	49.54	0.00	2.26	13.38	75.96	2.24	13.28	74.08	57	0
20	11	125	4.73	2640	2918	2.20	179	0	0	1	82.68	5	79.01	0.00	0.45	1.96	92.88	2.24
24	12	70	3.77	1853	2918	0.71	626	0	0	2	60.50	4	42.76	0.01	1.44	15.46	79.51	1.45	92.29	0.00	60	0
25	13	71	3.69	1929	2918	0.77	613	0	0	2	54.14	4	44.55	0.00	1.26	15.63	79.57	1.27	92.77	0.00	60	0
26	14	63	3.45	1831	2918	0.67	666	0	0	1	63.02	4	46.92	0.00	1.37	15.99	79.35	1.37	92.77	0.00	60	0
27	15	46	2.45	1874	2918	0.74	491	0	0	1	62.64	3	47.72	0.00	1.31	10.90	85.45	1.31	94.64	0.00	60	0
Core	CPU	Avg_MHz	Busy%	Bzy_MHz	TSC_MHz	IPC	IRQ	NMI	SMI	LLCMRPS	LLC%hit	L2MRPS	L2%hit	POLL%	C1ACPI%	C2ACPI%	C3ACPI%	CPU%c1	CPU%c6	CPU%c7	CoreTmp	CoreThr	PkgTmp	GFX%rc6	GFXMHz	GFXAMHz	Totl%C0	Any%C0	GFX%C0	CPUGFX%	Pkg%pc2	Pkg%pc3	Pkg%pc6	Pkg%pc8	Pk%pc10	CPU%LPI	SYS%LPI	PkgWatt	CorWatt	GFXWatt	RAMWatt	PKG_%	RAM_%	UncMHz	SysWatt
-	-	88	3.57	2451	2919	0.78	9161	0	0	47	71.74	80	32.65	0.00	2.11	7.14	87.37	4.01	46.11	43.11	58	0	60	93.84	300	300	66.96	45.43	5.46	2.87	22.88	0.00	0.00	0.00	0.00	0.00	0.00	9.31	4.88	0.03	0.00	0.00	0.00	3200	3.35
0	0	40	3.18	1258	2918	0.62	321	0	0	3	90.56	3	20.81	0.01	0.75	9.11	87.35	1.78	15.83	73.76	55	0	60	93.81	300	300	66.95	45.42	5.46	2.86	22.87	0.00	0.00	0.00	0.00	0.00	0.00	9.31	4.88	0.03	0.00	0.00	0.00	3200
0	1	45	2.75	1648	2918	0.50	473	0	0	2	86.83	3	25.40	0.00	1.05	8.72	87.69	1.78
4	2	335	15.67	2136	2918	0.21	4690	0	0	11	94.52	16	28.29	0.02	21.07	19.94	44.01	21.14	19.40	39.11	55	0
4	3	1	0.05	2213	2918	0.38	4	0	0	0	77.22	0	38.83	0.00	0.00	0.03	99.92	21.14
8	4	337	9.68	3485	2918	1.18	641	0	0	11	50.30	20	33.23	0.00	2.44	11.53	76.63	2.57	11.46	74.20	55	0
8	5	38	1.20	3158	2918	0.94	84	0	0	1	68.71	3	36.03	0.00	0.34	0.61	97.88	2.57
12	6	247	7.40	3332	2918	1.06	580	0	0	7	57.24	13	33.53	0.00	1.86	11.45	79.53	1.92	11.10	78.32	56	0
12	7	0	0.01	1859	2918	0.52	3	0	0	0	85.02	0	50.48	0.00	0.00	0.03	99.96	1.92
16	8	85	4.16	2051	2918	0.91	522	0	0	4	78.97	6	28.82	0.00	1.97	12.27	81.90	2.01	12.01	79.95	57	0
16	9	9	0.33	2645	2918	0.63	14	0	0	0	81.80	1	36.62	0.00	0.01	0.10	99.57	2.01
20	10	56	2.69	2092	2918	0.60	345	0	0	2	80.87	4	34.90	0.00	0.83	9.04	87.66	1.08	8.64	85.79	56	0
20	11	16	0.63	2547	2918	1.02	47	0	0	1	80.28	1	30.81	0.00	0.22	0.00	99.18	1.08
24	12	64	3.00	2117	2918	0.59	430	0	0	2	59.82	4	36.78	0.00	0.79	7.91	88.41	0.79	94.81	0.00	58	0
25	13	48	2.33	2047	2918	0.86	365	0	0	1	61.72	3	43.76	0.01	0.97	9.66	87.15	0.97	95.40	0.00	58	0
26	14	55	2.66	2067	2918	0.83	407	0	0	1	64.59	3	48.20	0.00	1.11	8.96	87.39	1.11	94.86	0.00	58	0
27	15	25	1.42	1788	2918	0.52	235	0	0	1	70.25	2	43.86	0.00	0.33	4.80	93.51	0.33	97.57	0.00	58	0
Core	CPU	Avg_MHz	Busy%	Bzy_MHz	TSC_MHz	IPC	IRQ	NMI	SMI	LLCMRPS	LLC%hit	L2MRPS	L2%hit	POLL%	C1ACPI%	C2ACPI%	C3ACPI%	CPU%c1	CPU%c6	CPU%c7	CoreTmp	CoreThr	PkgTmp	GFX%rc6	GFXMHz	GFXAMHz	Totl%C0	Any%C0	GFX%C0	CPUGFX%	Pkg%pc2	Pkg%pc3	Pkg%pc6	Pkg%pc8	Pk%pc10	CPU%LPI	SYS%LPI	PkgWatt	CorWatt	GFXWatt	RAMWatt	PKG_%	RAM_%	UncMHz	SysWatt
-	-	98	3.88	2520	2918	0.74	9718	0	0	50	72.19	84	32.20	0.00	2.09	8.16	86.04	4.08	47.95	40.82	59	0	59	93.86	300	300	72.07	48.98	5.36	2.64	19.33	0.00	0.00	0.00	0.00	0.00	0.00	9.86	5.43	0.03	0.00	0.00	0.00	3700	3.47
0	0	39	3.08	1276	2918	0.75	240	0	0	3	92.23	3	20.83	0.00	0.29	6.77	90.23	1.11	15.58	74.36	56	0	59	93.88	300	300	72.08	48.98	5.36	2.64	19.33	0.00	0.00	0.00	0.00	0.00	0.00	9.87	5.43	0.03	0.00	0.00	0.00	3700
0	1	48	3.05	1583	2918	0.52	483	0	0	2	88.20	3	25.21	0.00	0.79	10.22	86.18	1.11
4	2	378	16.98	2223	2918	0.30	4882	0	0	12	92.17	18	29.03	0.01	21.99	21.99	39.78	22.08	24.94	30.89	54	0
4	3	16	0.76	2093	2918	0.62	226	0	0	1	76.63	1	31.40	0.00	0.13	8.44	90.73	22.08
8	4	276	8.11	3407	2918	1.05	626	0	0	8	53.63	17	38.95	0.00	1.94	11.85	78.36	2.30	12.11	75.58	53	0
8	5	36	1.22	2991	2918	0.90	84	0	0	1	68.77	2	36.00	0.00	0.49	0.85	97.48	2.30
12	6	398	11.28	3524	2918	0.88	732	0	0	9	53.87	15	29.53	0.00	1.93	15.43	71.69	2.00	14.99	70.02	55	0
12	7	0	0.01	1569	2918	0.55	3	0	0	0	86.60	0	51.13	0.00	0.00	0.00	99.99	2.00
16	8	152	5.70	2664	2918	1.02	751	0	0	6	65.54	9	27.39	0.01	2.91	15.78	75.92	3.06	15.30	74.43	57	0
16	9	10	0.34	2999	2918	0.68	18	0	0	0	81.75	1	39.75	0.00	0.15	0.05	99.47	3.06
20	10	54	3.04	1767	2918	0.65	405	0	0	3	82.31	4	32.40	0.00	1.22	9.90	86.11	1.32	10.36	82.94	54	0
20	11	18	0.76	2355	2918	1.05	54	0	0	1	80.23	1	28.94	0.00	0.06	0.84	98.38	1.32
24	12	34	2.16	1575	2918	0.50	329	0	0	1	74.28	2	36.82	0.00	0.50	7.12	90.34	0.50	96.04	0.00	59	0
25	13	41	2.12	1927	2918	0.77	346	0	0	1	64.57	2	43.08	0.00	0.52	8.21	89.25	0.52	96.31	0.00	59	0
26	14	28	1.76	1600	2918	0.70	293	0	0	1	74.48	2	41.72	0.00	0.36	6.83	91.15	0.36	96.57	0.00	59	0
27	15	36	1.72	2121	2918	0.65	246	0	0	1	61.75	2	45.79	0.00	0.21	6.35	91.80	0.21	97.26	0.00	59	0
Core	CPU	Avg_MHz	Busy%	Bzy_MHz	TSC_MHz	IPC	IRQ	NMI	SMI	LLCMRPS	LLC%hit	L2MRPS	L2%hit	POLL%	C1ACPI%	C2ACPI%	C3ACPI%	CPU%c1	CPU%c6	CPU%c7	CoreTmp	CoreThr	PkgTmp	GFX%rc6	GFXMHz	GFXAMHz	Totl%C0	Any%C0	GFX%C0	CPUGFX%	Pkg%pc2	Pkg%pc3	Pkg%pc6	Pkg%pc8	Pk%pc10	CPU%LPI	SYS%LPI	PkgWatt	CorWatt	GFXWatt	RAMWatt	PKG_%	RAM_%	UncMHz	SysWatt
-	-	97	3.87	2518	2918	0.76	8445	1	0	54	73.23	90	31.72	0.00	1.44	8.02	86.85	2.67	46.59	42.86	57	0	59	93.76	300	300	72.78	48.08	5.43	2.78	21.86	0.02	1.61	0.00	0.00	0.00	0.00	9.39	5.07	0.03	0.00	0.00	0.00	4000	3.33
0	0	45	3.29	1378	2918	0.79	252	0	0	2	90.18	4	29.48	0.00	0.47	7.24	89.34	1.16	11.46	79.35	53	0	59	93.77	300	300	72.78	48.08	5.43	2.78	21.86	0.02	1.61	0.00	0.00	0.00	0.00	9.39	5.07	0.03	0.00	0.00	0.00	4000
0	1	33	1.95	1685	2918	0.55	371	0	0	1	86.02	2	26.19	0.01	0.70	5.39	92.10	1.16
4	2	354	14.92	2375	2918	0.21	3556	0	0	11	93.44	15	25.78	0.00	9.62	20.78	55.31	9.76	21.15	48.35	53	0
4	3	14	0.87	1581	2918	0.18	76	0	0	0	92.80	1	28.17	0.00	0.07	2.57	96.56	9.76
8	4	295	8.31	3555	2918	0.95	643	1	0	8	54.70	15	39.81	0.00	2.35	12.71	76.93	2.38	13.04	71.48	55	0
8	5	138	3.87	3566	2918	1.17	165	0	0	5	56.14	9	32.05	0.00	0.18	1.79	94.24	2.38
12	6	321	9.36	3433	2918	1.17	764	0	0	11	54.95	18	29.13	0.00	2.24	13.72	74.96	2.32	13.48	72.82	53	0
12	7	6	0.38	1691	2918	0.46	14	0	0	1	96.80	1	22.74	0.00	0.03	0.20	99.42	2.32
16	8	93	5.10	1816	2918	0.56	749	0	0	6	89.15	9	24.22	0.01	3.15	20.41	71.78	3.28	19.91	68.81	57	0
16	9	25	0.79	3177	2918	0.56	44	0	0	1	85.47	2	34.03	0.00	0.15	0.37	98.72	3.28
20	10	40	2.36	1698	2918	0.53	307	0	0	2	82.08	3	25.06	0.00	0.62	6.41	90.82	0.75	6.42	87.83	55	0
20	11	21	1.05	1975	2918	0.99	53	0	0	1	83.53	2	27.26	0.00	0.07	0.25	98.69	0.75
24	12	46	2.86	1598	2918	0.65	420	0	0	1	73.19	3	39.48	0.00	1.17	9.66	86.47	1.17	93.95	0.00	57	0
25	13	38	1.98	1909	2918	0.83	320	0	0	1	64.20	2	47.10	0.00	0.70	8.03	89.40	0.70	96.04	0.00	57	0
26	14	46	2.34	1952	2918	0.81	288	0	0	1	65.10	2	47.17	0.00	0.78	6.65	90.32	0.78	95.49	0.00	57	0
27	15	44	2.50	1757	2918	0.47	423	0	0	1	69.89	2	43.53	0.02	0.80	12.14	84.71	0.80	94.96	0.00	57	0
Core	CPU	Avg_MHz	Busy%	Bzy_MHz	TSC_MHz	IPC	IRQ	NMI	SMI	LLCMRPS	LLC%hit	L2MRPS	L2%hit	POLL%	C1ACPI%	C2ACPI%	C3ACPI%	CPU%c1	CPU%c6	CPU%c7	CoreTmp	CoreThr	PkgTmp	GFX%rc6	GFXMHz	GFXAMHz	Totl%C0	Any%C0	GFX%C0	CPUGFX%	Pkg%pc2	Pkg%pc3	Pkg%pc6	Pkg%pc8	Pk%pc10	CPU%LPI	SYS%LPI	PkgWatt	CorWatt	GFXWatt	RAMWatt	PKG_%	RAM_%	UncMHz	SysWatt
-	-	96	3.76	2557	2919	0.74	9569	0	0	50	69.98	87	33.81	0.00	2.25	7.62	86.55	4.22	46.16	42.89	57	0	57	94.16	300	300	68.48	47.30	5.12	2.76	18.99	0.00	0.00	0.00	0.00	0.00	0.00	9.72	5.24	0.03	0.00	0.00	0.00	3700	3.45
0	0	75	4.25	1762	2918	0.55	558	0	0	3	88.65	5	30.40	0.00	1.43	17.46	77.28	2.13	19.68	69.77	55	0	57	94.15	300	300	68.48	47.29	5.12	2.76	18.99	0.00	0.00	0.00	0.00	0.00	0.00	9.72	5.24	0.03	0.00	0.00	0.00	3700
0	1	42	2.32	1831	2918	0.61	404	0	0	2	83.10	3	26.88	0.00	0.74	6.48	90.62	2.13
4	2	328	15.94	2057	2918	0.18	4998	0	0	11	95.76	15	28.04	0.02	23.35	26.04	35.42	23.58	26.41	29.27	54	0
4	3	28	1.00	2805	2918	0.28	145	0	0	1	78.65	2	29.90	0.00	0.49	3.45	95.11	23.58
8	4	122	4.49	2724	2918	0.95	467	0	0	4	68.44	7	33.66	0.00	1.85	10.55	83.45	2.33	9.89	72.70	54	0
8	5	435	10.22	4257	2918	1.33	451	0	0	14	36.75	27	33.54	0.01	0.92	2.00	86.90	2.33
12	6	222	6.41	3465	2918	0.54	414	0	0	4	70.93	8	48.68	0.00	1.80	6.80	85.18	1.82	6.63	83.47	53	0
12	7	13	0.54	2321	2918	0.59	9	0	0	1	76.05	1	35.55	0.00	0.00	0.05	99.43	1.82
16	8	53	2.53	2110	2918	0.77	345	0	0	2	78.44	4	31.22	0.00	1.12	8.73	87.83	1.47	10.70	83.25	57	0
16	9	35	1.36	2559	2918	0.55	171	0	0	2	76.01	2	31.24	0.01	0.45	3.02	95.23	1.47
20	10	49	2.11	2299	2918	0.83	203	0	0	2	77.31	4	34.28	0.00	0.79	3.85	93.40	1.02	4.19	90.40	53	0
20	11	20	1.15	1760	2918	0.79	69	0	0	1	88.76	2	28.30	0.00	0.34	0.51	98.08	1.02
24	12	29	2.09	1364	2918	0.55	315	0	0	1	80.46	2	36.96	0.00	0.90	7.44	89.69	0.91	95.50	0.00	56	0
25	13	22	1.21	1817	2918	0.67	209	0	0	1	68.58	1	48.98	0.00	0.36	4.58	93.91	0.36	97.80	0.00	56	0
26	14	31	2.12	1451	2918	0.42	333	0	0	1	73.88	2	40.05	0.00	0.57	9.34	88.10	0.58	95.84	0.00	56	0
27	15	35	2.42	1439	2918	0.43	478	0	0	1	70.54	3	32.53	0.00	0.97	11.66	85.10	0.97	95.01	0.00	57	0
Core	CPU	Avg_MHz	Busy%	Bzy_MHz	TSC_MHz	IPC	IRQ	NMI	SMI	LLCMRPS	LLC%hit	L2MRPS	L2%hit	POLL%	C1ACPI%	C2ACPI%	C3ACPI%	CPU%c1	CPU%c6	CPU%c7	CoreTmp	CoreThr	PkgTmp	GFX%rc6	GFXMHz	GFXAMHz	Totl%C0	Any%C0	GFX%C0	CPUGFX%	Pkg%pc2	Pkg%pc3	Pkg%pc6	Pkg%pc8	Pk%pc10	CPU%LPI	SYS%LPI	PkgWatt	CorWatt	GFXWatt	RAMWatt	PKG_%	RAM_%	UncMHz	SysWatt
-	-	102	4.00	2544	2918	0.89	9496	0	0	56	69.43	96	33.65	0.00	2.10	7.56	86.53	3.86	47.11	41.86	63	0	63	94.05	300	300	71.71	46.37	5.20	2.82	23.20	0.00	0.00	0.00	0.00	0.00	0.00	9.60	5.20	0.03	0.00	0.00	0.00	3600	3.40
0	0	88	4.69	1870	2918	0.61	483	0	0	3	87.69	5	34.99	0.01	1.85	14.07	79.80	2.37	17.97	70.95	56	0	63	94.06	300	300	71.71	46.37	5.20	2.82	23.20	0.00	0.00	0.00	0.00	0.00	0.00	9.60	5.20	0.03	0.00	0.00	0.00	3600
0	1	31	1.82	1728	2918	0.36	370	0	0	2	83.20	2	23.86	0.00	0.71	6.40	91.21	2.37
4	2	331	15.34	2158	2918	0.23	4656	0	0	11	94.49	16	31.39	0.01	19.59	21.91	43.84	19.86	21.93	36.23	53	0
4	3	74	2.36	3140	2918	1.07	214	0	0	3	71.83	5	34.64	0.00	1.34	1.86	94.52	19.86
8	4	119	4.96	2394	2918	0.96	533	0	0	4	71.30	7	31.53	0.00	2.57	11.35	81.51	2.71	13.75	66.94	63	0
8	5	459	11.00	4174	2918	1.36	505	0	0	15	37.92	29	33.06	0.00	0.78	6.11	82.19	2.71
12	6	114	4.78	2392	2918	1.02	625	0	0	4	72.07	7	34.83	0.00	2.17	12.12	81.21	2.36	12.83	76.87	54	0
12	7	27	1.52	1794	2918	0.51	67	0	0	2	92.27	3	26.12	0.00	0.11	1.34	97.13	2.36
16	8	92	4.16	2222	2918	1.04	495	0	0	3	78.15	6	32.93	0.00	1.39	12.51	82.24	1.48	13.75	77.71	58	0
16	9	57	2.11	2697	2918	1.09	143	0	0	2	74.06	3	36.33	0.00	0.03	2.10	95.83	1.48
20	10	62	2.41	2562	2918	0.81	239	0	0	2	71.73	4	31.47	0.00	0.74	5.07	91.93	1.10	4.87	89.93	54	0
20	11	15	0.65	2237	2918	0.93	48	0	0	1	85.17	1	28.76	0.00	0.33	0.00	99.04	1.10
24	12	31	1.86	1673	2918	0.60	300	0	0	1	71.84	2	41.16	0.00	0.51	8.91	88.84	0.52	96.31	0.00	57	0
25	13	23	1.39	1660	2918	0.58	214	0	0	1	69.64	2	39.49	0.00	0.31	5.37	93.00	0.31	97.64	0.00	57	0
26	14	43	2.11	2049	2918	1.11	216	0	0	1	61.49	2	47.37	0.00	0.28	4.36	93.32	0.28	96.68	0.00	57	0
27	15	60	2.81	2154	2918	0.97	388	0	0	1	59.51	3	49.83	0.00	0.82	7.58	88.89	0.83	95.39	0.00	57	0
Core	CPU	Avg_MHz	Busy%	Bzy_MHz	TSC_MHz	IPC	IRQ	NMI	SMI	LLCMRPS	LLC%hit	L2MRPS	L2%hit	POLL%	C1ACPI%	C2ACPI%	C3ACPI%	CPU%c1	CPU%c6	CPU%c7	CoreTmp	CoreThr	PkgTmp	GFX%rc6	GFXMHz	GFXAMHz	Totl%C0	Any%C0	GFX%C0	CPUGFX%	Pkg%pc2	Pkg%pc3	Pkg%pc6	Pkg%pc8	Pk%pc10	CPU%LPI	SYS%LPI	PkgWatt	CorWatt	GFXWatt	RAMWatt	PKG_%	RAM_%	UncMHz	SysWatt
-	-	93	3.73	2500	2919	0.72	9330	0	0	47	71.81	79	33.80	0.00	2.29	7.16	87.01	4.26	46.03	42.93	56	0	57	93.81	300	300	68.69	47.36	5.42	3.16	20.93	0.00	0.00	0.00	0.00	0.00	0.00	9.48	5.11	0.03	0.00	0.00	0.00	4000	3.37
0	0	65	4.20	1546	2918	0.71	425	0	0	3	88.84	5	29.70	0.00	1.36	12.93	81.91	2.63	17.30	71.43	53	0	57	93.80	300	300	68.69	47.36	5.42	3.16	20.93	0.00	0.00	0.00	0.00	0.00	0.00	9.48	5.11	0.03	0.00	0.00	0.00	4000
0	1	41	2.18	1861	2918	0.63	405	0	0	1	83.53	2	29.39	0.00	1.35	6.20	90.41	2.63
4	2	335	16.30	2056	2918	0.21	4915	0	0	11	95.34	16	30.71	0.01	22.58	25.76	36.11	23.08	24.69	30.97	52	0
4	3	31	1.00	3071	2918	1.17	102	0	0	1	70.67	2	32.47	0.01	1.26	0.26	97.51	23.08
8	4	81	4.43	1816	2918	0.58	663	0	0	4	80.24	6	28.57	0.00	2.63	16.72	76.68	3.46	16.14	64.34	52	0
8	5	431	10.09	4274	2918	1.27	465	0	0	12	40.23	23	32.73	0.00	1.15	2.39	86.41	3.46
12	6	198	5.90	3352	2918	0.42	457	0	0	3	72.10	6	50.57	0.00	1.52	9.00	83.81	1.75	9.84	79.13	52	0
12	7	18	1.67	1092	2918	0.49	92	0	0	1	90.57	2	26.77	0.00	0.19	2.00	96.27	1.75
16	8	46	2.08	2214	2918	0.71	179	0	0	2	78.53	3	28.58	0.00	0.60	2.43	95.02	0.63	2.47	93.07	55	0
16	9	38	1.15	3291	2918	1.09	74	0	0	1	64.70	2	41.50	0.00	0.01	0.77	98.10	0.63
20	10	60	2.62	2280	2918	0.81	279	0	0	3	78.25	4	28.99	0.02	1.06	5.02	91.45	1.10	4.88	90.37	54	0
20	11	0	0.02	1084	2918	0.47	5	0	0	0	83.19	0	45.00	0.00	0.00	0.00	99.99	1.10
24	12	38	2.36	1601	2918	0.47	414	0	0	1	69.64	2	36.74	0.00	1.10	11.35	85.33	1.10	95.09	0.00	56	0
25	13	47	2.50	1872	2918	0.68	406	0	0	1	64.97	3	41.78	0.00	1.31	9.74	86.57	1.32	94.77	0.00	56	0
26	14	26	1.30	2021	2918	0.58	192	0	0	1	63.95	2	43.01	0.00	0.11	4.12	94.53	0.11	98.20	0.00	56	0
27	15	37	1.85	2018	2918	0.82	257	0	0	1	64.27	2	45.09	0.00	0.32	5.88	92.03	0.33	96.99	0.00	56	0
Core	CPU	Avg_MHz	Busy%	Bzy_MHz	TSC_MHz	IPC	IRQ	NMI	SMI	LLCMRPS	LLC%hit	L2MRPS	L2%hit	POLL%	C1ACPI%	C2ACPI%	C3ACPI%	CPU%c1	CPU%c6	CPU%c7	CoreTmp	CoreThr	PkgTmp	GFX%rc6	GFXMHz	GFXAMHz	Totl%C0	Any%C0	GFX%C0	CPUGFX%	Pkg%pc2	Pkg%pc3	Pkg%pc6	Pkg%pc8	Pk%pc10	CPU%LPI	SYS%LPI	PkgWatt	CorWatt	GFXWatt	RAMWatt	PKG_%	RAM_%	UncMHz	SysWatt
-	-	89	3.69	2419	2918	0.72	9310	0	0	49	72.47	81	32.40	0.00	2.04	7.47	86.99	3.79	46.36	42.75	56	0	56	93.98	300	300	68.80	46.35	5.34	2.93	21.36	0.00	0.00	0.00	0.00	0.00	0.00	9.42	4.96	0.03	0.00	0.00	0.00	3700	3.38
0	0	53	3.87	1359	2918	0.61	376	0	0	3	93.63	4	19.11	0.00	0.89	12.37	83.27	1.18	12.56	78.23	53	0	56	93.97	300	300	68.79	46.35	5.34	2.93	21.36	0.00	0.00	0.00	0.00	0.00	0.00	9.42	4.96	0.03	0.00	0.00	0.00	3700
0	1	25	1.25	1988	2918	0.97	238	0	0	1	81.85	2	27.29	0.00	0.37	1.13	97.33	1.18
4	2	324	16.06	2018	2918	0.17	4778	0	0	11	97.13	15	27.11	0.01	20.53	23.51	40.62	20.70	22.62	34.82	51	0
4	3	28	0.88	3205	2918	1.13	65	0	0	1	73.38	2	29.84	0.00	0.49	0.04	98.61	20.70
8	4	246	7.63	3224	2918	0.98	835	0	0	8	53.28	13	30.26	0.00	2.57	19.19	70.99	2.90	18.69	63.48	53	0
8	5	262	6.54	4012	2918	1.08	327	0	0	8	45.90	15	30.88	0.00	0.73	2.25	90.55	2.90
12	6	135	4.31	3127	2918	0.74	321	0	0	3	71.65	7	51.55	0.00	1.12	7.32	87.50	1.79	10.50	78.47	52	0
12	7	30	2.69	1134	2918	0.42	169	0	0	2	93.49	3	23.66	0.00	0.85	4.13	92.54	1.79
16	8	99	3.62	2726	2918	1.00	311	0	0	3	61.47	6	30.15	0.00	0.95	6.61	89.02	1.26	6.94	86.43	56	0
16	9	26	0.99	2642	2918	0.93	66	0	0	1	76.91	2	35.36	0.00	0.42	0.80	97.84	1.26
20	10	58	3.07	1878	2918	0.72	348	0	0	3	80.98	4	28.02	0.00	1.09	8.56	87.51	1.15	8.35	86.09	50	0
20	11	0	0.01	2760	2918	0.40	1	0	0	0	76.91	0	47.70	0.00	0.00	0.00	99.99	1.15
24	12	51	2.76	1862	2918	0.61	547	0	0	1	68.66	3	46.86	0.00	1.08	9.99	86.32	1.08	94.55	0.00	55	0
25	13	33	1.91	1726	2918	0.65	303	0	0	1	72.19	2	43.32	0.00	0.57	7.44	90.18	0.57	96.23	0.00	55	0
26	14	38	2.31	1630	2918	0.45	428	0	0	1	69.87	2	41.18	0.00	0.78	11.43	85.61	0.79	95.26	0.00	55	0
27	15	22	1.20	1798	2918	0.58	197	0	0	1	74.34	1	45.84	0.00	0.19	4.80	93.87	0.19	97.93	0.00	55	0
Core	CPU	Avg_MHz	Busy%	Bzy_MHz	TSC_MHz	IPC	IRQ	NMI	SMI	LLCMRPS	LLC%hit	L2MRPS	L2%hit	POLL%	C1ACPI%	C2ACPI%	C3ACPI%	CPU%c1	CPU%c6	CPU%c7	CoreTmp	CoreThr	PkgTmp	GFX%rc6	GFXMHz	GFXAMHz	Totl%C0	Any%C0	GFX%C0	CPUGFX%	Pkg%pc2	Pkg%pc3	Pkg%pc6	Pkg%pc8	Pk%pc10	CPU%LPI	SYS%LPI	PkgWatt	CorWatt	GFXWatt	RAMWatt	PKG_%	RAM_%	UncMHz	SysWatt
-	-	144	5.04	2850	2918	1.11	10840	0	0	68	65.94	133	40.19	0.01	2.04	8.78	84.33	3.68	45.85	40.89	56	0	56	93.85	300	300	90.03	54.69	5.36	3.42	19.00	0.02	0.03	0.00	0.00	0.00	0.00	11.33	6.74	0.03	0.00	0.00	0.00	4000	3.86
0	0	41	3.31	1251	2918	0.73	228	0	0	3	90.84	4	20.50	0.01	0.17	5.46	91.40	0.79	8.70	81.38	53	0	56	93.86	300	300	90.03	54.70	5.36	3.42	19.00	0.02	0.03	0.00	0.00	0.00	0.00	11.33	6.74	0.03	0.00	0.00	0.00	4000
0	1	43	2.41	1780	2918	0.67	348	0	0	2	84.67	3	26.68	0.01	0.52	3.89	93.34	0.79
4	2	313	13.94	2249	2918	0.19	4190	0	0	10	95.74	14	27.05	0.00	15.38	19.45	51.86	15.54	18.81	44.43	52	0
4	3	72	2.00	3617	2918	1.61	106	0	0	1	61.22	8	76.76	0.00	0.54	0.48	97.00	15.54
8	4	191	6.44	2970	2918	0.98	792	0	0	6	60.56	11	36.22	0.00	2.91	20.00	71.03	3.44	16.67	59.83	52	0
8	5	531	12.80	4151	2918	1.71	1055	0	0	15	41.18	34	44.79	0.00	1.04	2.50	83.70	3.44
12	6	545	14.14	3851	2918	1.43	880	0	0	12	54.63	24	39.30	0.01	2.61	16.70	66.87	3.40	18.13	59.68	52	0
12	7	56	2.97	1886	2918	0.66	201	0	0	3	89.60	5	26.84	0.00	0.78	3.34	93.07	3.40
16	8	128	4.73	2717	2918	0.99	494	0	0	4	67.09	7	39.18	0.01	2.02	8.60	84.90	2.10	8.86	81.01	56	0
16	9	60	1.94	3095	2918	1.28	180	0	0	2	59.02	4	38.00	0.01	0.61	0.97	96.52	2.10
20	10	59	3.16	1871	2918	0.61	425	0	0	3	82.64	4	26.96	0.02	1.56	10.36	85.16	2.47	9.88	82.61	51	0
20	11	28	1.10	2540	2918	0.96	98	0	0	1	76.73	1	36.90	0.00	1.12	0.50	97.31	2.47
24	12	64	3.13	2037	2918	0.61	451	0	0	1	65.99	3	48.33	0.00	1.04	12.21	83.76	1.04	94.03	0.00	55	0
25	13	54	3.07	1746	2918	0.54	508	0	0	2	67.79	3	40.21	0.00	0.99	13.44	82.65	0.99	93.79	0.00	55	0
26	14	56	2.84	1982	2918	0.63	486	0	0	1	60.85	3	44.90	0.00	0.72	12.50	84.07	0.72	94.69	0.00	55	0
27	15	57	2.68	2120	2918	0.73	398	0	0	1	63.72	3	49.75	0.00	0.69	10.15	86.60	0.69	94.98	0.00	55	0
Core	CPU	Avg_MHz	Busy%	Bzy_MHz	TSC_MHz	IPC	IRQ	NMI	SMI	LLCMRPS	LLC%hit	L2MRPS	L2%hit	POLL%	C1ACPI%	C2ACPI%	C3ACPI%	CPU%c1	CPU%c6	CPU%c7	CoreTmp	CoreThr	PkgTmp	GFX%rc6	GFXMHz	GFXAMHz	Totl%C0	Any%C0	GFX%C0	CPUGFX%	Pkg%pc2	Pkg%pc3	Pkg%pc6	Pkg%pc8	Pk%pc10	CPU%LPI	SYS%LPI	PkgWatt	CorWatt	GFXWatt	RAMWatt	PKG_%	RAM_%	UncMHz	SysWatt
-	-	92	3.76	2452	2918	0.81	9515	0	0	53	70.56	91	33.20	0.00	2.10	7.71	86.62	3.98	47.26	41.62	55	0	56	93.91	300	300	70.08	46.75	5.34	3.02	21.42	0.00	0.00	0.00	0.00	0.00	0.00	9.52	5.09	0.03	0.00	0.00	0.00	4000	3.39
0	0	33	2.65	1262	2918	0.79	160	0	0	2	92.44	3	29.21	0.00	0.10	4.77	92.79	1.03	11.51	79.14	53	0	56	93.91	300	300	70.08	46.76	5.34	3.02	21.42	0.00	0.00	0.00	0.00	0.00	0.00	9.52	5.09	0.03	0.00	0.00	0.00	4000
0	1	52	2.73	1902	2918	0.57	455	0	0	2	84.70	3	24.96	0.02	0.84	8.10	88.52	1.03
4	2	336	16.29	2066	2918	0.18	4863	0	0	11	95.83	16	27.25	0.02	20.44	23.55	40.48	20.78	22.77	34.91	50	0
4	3	3	0.10	3201	2918	0.73	23	0	0	0	84.44	0	32.28	0.00	0.41	0.04	99.45	20.78
8	4	114	4.33	2638	2918	0.84	507	0	0	4	69.69	7	36.91	0.00	2.07	11.16	82.77	2.32	10.93	71.29	51	0
8	5	449	10.53	4264	2918	1.43	429	0	0	15	36.53	29	34.46	0.00	0.71	2.77	86.03	2.32
12	6	120	5.24	2298	2918	0.56	694	0	0	4	78.16	7	35.38	0.01	2.79	16.92	75.42	3.00	16.57	71.89	52	0
12	7	35	1.69	2100	2918	0.79	83	0	0	2	89.09	3	29.07	0.00	0.24	0.64	97.52	3.00
16	8	96	4.32	2216	2918	0.81	633	0	0	4	73.25	6	30.42	0.01	1.92	16.12	77.95	2.03	15.64	75.77	55	0
16	9	18	0.73	2490	2918	1.03	51	0	0	1	81.83	1	28.91	0.00	0.07	0.17	99.06	2.03
20	10	74	3.21	2298	2918	0.54	359	0	0	3	83.50	5	38.15	0.01	1.10	9.66	86.26	1.37	10.01	83.19	51	0
20	11	19	0.82	2333	2918	1.05	60	0	0	1	80.17	1	28.65	0.00	0.32	0.86	98.03	1.37
24	12	45	2.77	1613	2918	0.61	387	0	0	1	75.64	3	45.05	0.00	1.29	9.43	86.66	1.29	94.08	0.00	55	0
25	13	26	1.73	1479	2918	0.55	311	0	0	1	76.83	2	39.01	0.00	0.77	7.63	89.98	0.77	96.28	0.00	55	0
26	14	35	1.84	1897	2918	0.81	292	0	0	1	62.26	2	41.21	0.00	0.45	6.59	91.20	0.46	96.81	0.00	55	0
27	15	18	1.17	1584	2918	0.72	208	0	0	0	72.94	1	44.51	0.00	0.12	5.01	93.76	0.12	98.04	0.00	55	0
Core	CPU	Avg_MHz	Busy%	Bzy_MHz	TSC_MHz	IPC	IRQ	NMI	SMI	LLCMRPS	LLC%hit	L2MRPS	L2%hit	POLL%	C1ACPI%	C2ACPI%	C3ACPI%	CPU%c1	CPU%c6	CPU%c7	CoreTmp	CoreThr	PkgTmp	GFX%rc6	GFXMHz	GFXAMHz	Totl%C0	Any%C0	GFX%C0	CPUGFX%	Pkg%pc2	Pkg%pc3	Pkg%pc6	Pkg%pc8	Pk%pc10	CPU%LPI	SYS%LPI	PkgWatt	CorWatt	GFXWatt	RAMWatt	PKG_%	RAM_%	UncMHz	SysWatt
-	-	97	3.83	2543	2918	0.76	9454	0	0	51	69.99	88	34.00	0.00	2.04	7.89	86.42	3.81	46.18	42.65	55	0	56	93.97	300	300	71.43	48.06	5.32	2.96	19.82	0.00	0.00	0.00	0.00	0.00	0.00	9.68	5.22	0.03	0.00	0.00	0.00	4000	3.42
0	0	54	3.29	1640	2918	0.63	188	0	0	2	91.83	4	29.77	0.00	0.19	5.41	91.46	0.73	11.04	79.47	51	0	56	93.96	300	300	71.42	48.06	5.32	2.96	19.82	0.00	0.00	0.00	0.00	0.00	0.00	9.68	5.22	0.03	0.00	0.00	0.00	4000
0	1	35	2.20	1585	2918	0.44	375	0	0	2	90.29	2	23.16	0.00	0.42	6.53	91.02	0.73
4	2	331	15.71	2108	2918	0.18	4744	0	0	11	95.86	15	27.46	0.02	21.22	22.81	40.97	21.42	22.13	35.96	50	0
4	3	3	0.09	3176	2918	0.73	24	0	0	0	79.43	0	36.78	0.00	0.15	0.03	99.73	21.42
8	4	133	5.09	2610	2918	0.84	598	0	0	5	68.77	8	31.84	0.00	2.16	15.15	77.98	2.53	15.23	67.43	51	0
8	5	381	9.13	4174	2918	1.42	440	0	0	12	37.58	25	34.65	0.00	1.01	4.59	85.33	2.53
12	6	252	7.39	3411	2918	0.56	546	0	0	4	67.21	9	46.52	0.00	1.57	11.79	79.51	1.85	12.08	76.27	52	0
12	7	33	1.37	2407	2918	0.86	79	0	0	1	78.36	3	36.37	0.00	0.37	0.86	97.46	1.85
16	8	94	4.22	2227	2918	0.84	584	0	0	4	71.56	6	28.26	0.01	1.46	15.83	78.80	1.78	15.17	76.32	55	0
16	9	18	0.74	2491	2918	1.03	44	0	0	1	82.87	1	28.79	0.00	0.28	0.00	99.01	1.78
20	10	56	2.37	2366	2918	0.70	204	0	0	3	77.09	4	35.92	0.00	0.31	4.14	93.34	0.39	4.20	91.08	51	0
20	11	16	0.72	2242	2918	1.00	47	0	0	1	83.61	1	28.04	0.00	0.07	0.26	98.99	0.39
24	12	28	1.62	1705	2918	0.56	252	0	0	1	76.38	2	42.51	0.00	0.68	5.06	92.72	0.69	96.84	0.00	54	0
25	13	36	2.15	1653	2918	0.72	398	0	0	1	70.98	2	42.92	0.00	0.73	11.13	86.11	0.73	95.59	0.00	54	0
26	14	50	3.06	1646	2918	0.65	490	0	0	2	67.24	3	37.62	0.00	1.23	12.67	83.21	1.24	93.70	0.00	54	0
27	15	40	2.17	1827	2918	0.46	441	0	0	1	67.29	2	39.70	0.00	0.82	9.99	87.13	0.82	95.81	0.00	55	0
Core	CPU	Avg_MHz	Busy%	Bzy_MHz	TSC_MHz	IPC	IRQ	NMI	SMI	LLCMRPS	LLC%hit	L2MRPS	L2%hit	POLL%	C1ACPI%	C2ACPI%	C3ACPI%	CPU%c1	CPU%c6	CPU%c7	CoreTmp	CoreThr	PkgTmp	GFX%rc6	GFXMHz	GFXAMHz	Totl%C0	Any%C0	GFX%C0	CPUGFX%	Pkg%pc2	Pkg%pc3	Pkg%pc6	Pkg%pc8	Pk%pc10	CPU%LPI	SYS%LPI	PkgWatt	CorWatt	GFXWatt	RAMWatt	PKG_%	RAM_%	UncMHz	SysWatt
-	-	96	3.85	2492	2918	0.85	10019	1	0	52	71.44	93	36.63	0.00	2.33	8.35	85.65	4.34	47.01	41.20	53	0	56	94.17	300	300	72.58	46.86	5.10	2.81	21.99	0.00	0.00	0.00	0.00	0.00	0.00	9.64	5.23	0.02	0.00	0.00	0.00	4000	3.41
0	0	112	4.70	2392	2918	1.22	371	0	0	5	66.86	8	32.03	0.00	1.15	7.93	86.55	1.59	11.77	77.14	53	0	56	94.18	300	300	72.59	46.86	5.10	2.81	21.99	0.00	0.00	0.00	0.00	0.00	0.00	9.64	5.23	0.02	0.00	0.00	0.00	4000
0	1	25	1.89	1331	2918	0.27	337	0	0	1	93.14	2	22.00	0.00	0.45	5.51	92.32	1.59
4	2	337	15.95	2110	2918	0.20	4859	1	0	12	94.72	17	27.45	0.00	21.71	26.50	36.58	21.74	26.12	31.36	50	0
4	3	7	0.27	2443	2918	0.42	28	0	0	0	92.58	1	35.25	0.00	0.03	0.69	99.03	21.74
8	4	291	8.61	3382	2918	1.30	558	0	0	8	55.69	18	47.66	0.00	2.00	9.04	80.61	1.95	9.60	76.49	50	0
8	5	38	1.38	2763	2918	1.24	69	0	0	1	47.48	3	32.63	0.00	0.09	1.87	96.72	1.95
12	6	301	8.89	3383	2918	1.17	716	0	0	10	53.31	17	32.04	0.01	2.14	14.71	74.57	2.21	14.44	71.86	51	0
12	7	24	1.07	2215	2918	0.67	45	0	0	1	84.46	2	32.23	0.00	0.02	0.45	98.52	2.21
16	8	90	4.15	2158	2918	0.68	708	0	0	4	76.75	6	30.36	0.00	2.63	16.77	76.76	2.74	16.54	75.16	53	0
16	9	7	0.34	2158	2918	0.69	90	0	0	0	85.14	1	39.05	0.00	0.39	1.82	97.48	2.74
20	10	113	4.18	2698	2918	0.86	517	0	0	3	73.69	7	47.65	0.01	2.04	12.21	81.82	2.35	11.61	80.00	51	0
20	11	20	0.80	2533	2918	1.06	50	0	0	1	80.73	1	29.83	0.00	0.34	0.00	98.89	2.35
24	12	43	2.26	1904	2918	0.78	395	0	0	1	66.67	2	45.91	0.00	0.85	8.73	88.26	0.85	95.35	0.00	53	0
25	13	53	2.98	1787	2918	0.64	417	0	0	1	70.84	3	42.92	0.00	1.33	9.51	86.33	1.33	93.74	0.00	53	0
26	14	32	1.71	1882	2918	0.72	363	0	0	1	66.15	2	50.30	0.00	1.03	5.56	91.78	1.02	96.21	0.00	53	0
27	15	41	2.39	1725	2918	0.60	496	0	0	1	66.11	2	43.85	0.00	1.14	12.38	84.22	1.15	94.68	0.00	53	0
Core	CPU	Avg_MHz	Busy%	Bzy_MHz	TSC_MHz	IPC	IRQ	NMI	SMI	LLCMRPS	LLC%hit	L2MRPS	L2%hit	POLL%	C1ACPI%	C2ACPI%	C3ACPI%	CPU%c1	CPU%c6	CPU%c7	CoreTmp	CoreThr	PkgTmp	GFX%rc6	GFXMHz	GFXAMHz	Totl%C0	Any%C0	GFX%C0	CPUGFX%	Pkg%pc2	Pkg%pc3	Pkg%pc6	Pkg%pc8	Pk%pc10	CPU%LPI	SYS%LPI	PkgWatt	CorWatt	GFXWatt	RAMWatt	PKG_%	RAM_%	UncMHz	SysWatt
-	-	100	3.86	2604	2919	0.77	9446	0	0	51	71.49	87	33.30	0.00	1.85	8.17	86.32	3.55	47.69	41.59	55	0	55	94.32	300	300	71.35	46.94	4.95	2.73	22.31	0.00	0.09	0.00	0.00	0.00	0.00	9.63	5.27	0.03	0.00	0.00	0.00	3600	3.39
0	0	57	3.61	1572	2918	0.89	280	0	0	3	87.65	5	28.27	0.00	0.71	7.21	88.82	1.11	12.78	78.12	52	0	55	94.31	300	300	71.35	46.94	4.95	2.73	22.31	0.00	0.09	0.00	0.00	0.00	0.00	9.63	5.27	0.03	0.00	0.00	0.00	3600
0	1	23	1.62	1415	2918	0.20	373	0	0	1	92.48	1	23.18	0.02	0.35	7.30	90.87	1.11
4	2	317	15.14	2097	2918	0.18	4758	0	0	11	95.82	15	27.40	0.03	19.66	30.46	35.45	19.77	31.32	29.07	49	0
4	3	27	1.11	2441	2918	0.27	178	0	0	1	89.21	2	35.32	0.00	0.48	4.35	94.15	19.77
8	4	189	5.96	3168	2918	1.07	470	0	0	6	57.40	10	32.02	0.00	1.05	9.95	83.27	1.11	10.09	80.71	50	0
8	5	4	0.68	656	2918	0.33	19	0	0	0	96.63	1	24.35	0.00	0.00	0.65	98.74	1.11
12	6	475	12.07	3935	2918	1.00	685	0	0	10	48.87	20	34.25	0.00	1.56	11.40	75.23	1.81	12.49	69.11	51	0
12	7	118	3.41	3471	2918	1.24	151	0	0	5	55.29	8	32.48	0.00	0.25	1.75	94.66	1.81
16	8	74	3.60	2044	2918	0.64	518	0	0	4	79.84	5	28.83	0.00	1.68	12.17	82.83	2.12	12.46	79.88	53	0
16	9	29	1.11	2644	2918	0.91	134	0	0	1	75.45	2	36.48	0.00	0.55	0.78	97.62	2.12
20	10	153	5.51	2787	2918	0.86	583	0	0	5	71.63	9	39.74	0.00	1.45	12.74	80.59	1.52	12.41	79.01	52	0
20	11	3	0.12	2287	2918	0.95	7	0	0	0	86.99	0	27.55	0.00	0.00	0.00	99.88	1.52
24	12	33	2.01	1624	2918	0.70	339	0	0	1	70.40	2	41.44	0.00	0.80	7.81	89.48	0.81	95.90	0.00	55	0
25	13	53	2.76	1930	2918	0.61	449	0	0	1	62.64	3	42.18	0.00	0.64	11.44	85.29	0.65	94.86	0.00	55	0
26	14	28	1.66	1679	2918	0.71	270	0	0	1	70.05	2	46.89	0.00	0.22	6.91	91.30	0.22	97.05	0.00	55	0
27	15	22	1.32	1683	2918	0.74	232	0	0	0	72.55	1	52.84	0.00	0.20	5.74	92.81	0.21	97.55	0.00	55	0
Core	CPU	Avg_MHz	Busy%	Bzy_MHz	TSC_MHz	IPC	IRQ	NMI	SMI	LLCMRPS	LLC%hit	L2MRPS	L2%hit	POLL%	C1ACPI%	C2ACPI%	C3ACPI%	CPU%c1	CPU%c6	CPU%c7	CoreTmp	CoreThr	PkgTmp	GFX%rc6	GFXMHz	GFXAMHz	Totl%C0	Any%C0	GFX%C0	CPUGFX%	Pkg%pc2	Pkg%pc3	Pkg%pc6	Pkg%pc8	Pk%pc10	CPU%LPI	SYS%LPI	PkgWatt	CorWatt	GFXWatt	RAMWatt	PKG_%	RAM_%	UncMHz	SysWatt
-	-	90	3.68	2457	2918	0.82	9462	0	0	50	70.55	87	33.70	0.00	2.10	7.78	86.62	4.00	46.64	42.36	52	0	56	94.12	300	300	69.11	46.61	5.14	2.90	21.73	0.00	0.00	0.00	0.00	0.00	0.00	9.47	5.09	0.03	0.00	0.00	0.00	4000	3.36
0	0	67	3.73	1790	2918	0.64	303	0	0	3	89.89	4	30.24	0.00	1.02	7.98	87.59	1.62	10.48	79.84	51	0	56	94.12	300	300	69.11	46.61	5.14	2.90	21.73	0.00	0.00	0.00	0.00	0.00	0.00	9.47	5.09	0.03	0.00	0.00	0.00	4000
0	1	34	1.72	1965	2918	0.66	346	0	0	2	80.65	2	27.06	0.00	0.61	4.44	93.35	1.62
4	2	354	16.50	2147	2918	0.31	4831	0	0	12	91.89	18	29.45	0.02	22.21	27.43	34.61	22.32	26.78	29.64	49	0
4	3	20	0.64	3127	2918	0.28	136	0	0	1	57.37	1	32.28	0.00	0.40	0.91	98.07	22.32
8	4	197	6.22	3159	2918	1.08	602	0	0	7	61.52	11	31.36	0.01	2.02	11.12	80.88	2.23	11.27	77.93	50	0
8	5	5	0.67	701	2918	0.40	30	0	0	0	96.55	1	25.98	0.00	0.18	0.74	98.48	2.23
12	6	121	4.24	2864	2918	0.80	394	0	0	3	68.66	7	51.76	0.01	1.20	9.39	85.47	1.58	9.73	75.16	51	0
12	7	351	8.37	4195	2918	1.38	388	0	0	12	40.26	23	33.99	0.00	0.58	3.61	87.50	1.58
16	8	50	3.60	1376	2918	0.44	498	0	0	3	90.48	4	23.38	0.00	1.44	13.04	82.26	1.51	12.82	79.17	52	0
16	9	22	0.91	2408	2918	1.00	103	0	0	1	78.53	2	31.14	0.00	0.02	0.27	98.82	1.51
20	10	73	3.65	1989	2918	0.76	440	0	0	3	83.18	5	26.16	0.00	1.44	11.83	83.36	1.51	11.52	81.86	51	0
20	11	1	0.03	2101	2918	0.70	5	0	0	0	81.98	0	37.95	0.00	0.00	0.00	99.97	1.51
24	12	36	2.11	1704	2918	0.56	379	0	0	1	69.09	2	40.24	0.00	0.67	9.73	87.62	0.67	95.75	0.00	52	0
25	13	47	2.07	2256	2918	0.89	220	0	0	1	61.34	2	49.26	0.00	0.48	3.67	93.85	0.48	96.59	0.00	52	0
26	14	42	2.52	1650	2918	0.51	442	0	0	1	65.53	3	39.12	0.00	0.69	10.84	86.08	0.69	95.27	0.00	52	0
27	15	29	1.88	1535	2918	0.85	345	0	0	1	67.30	2	40.66	0.00	0.61	9.52	88.10	0.61	96.19	0.00	52	0
Core	CPU	Avg_MHz	Busy%	Bzy_MHz	TSC_MHz	IPC	IRQ	NMI	SMI	LLCMRPS	LLC%hit	L2MRPS	L2%hit	POLL%	C1ACPI%	C2ACPI%	C3ACPI%	CPU%c1	CPU%c6	CPU%c7	CoreTmp	CoreThr	PkgTmp	GFX%rc6	GFXMHz	GFXAMHz	Totl%C0	Any%C0	GFX%C0	CPUGFX%	Pkg%pc2	Pkg%pc3	Pkg%pc6	Pkg%pc8	Pk%pc10	CPU%LPI	SYS%LPI	PkgWatt	CorWatt	GFXWatt	RAMWatt	PKG_%	RAM_%	UncMHz	SysWatt
-	-	79	2.97	2670	2918	0.86	5400	0	0	41	61.74	72	33.88	0.00	0.83	5.74	90.60	1.54	44.96	47.75	53	0	55	94.16	433	450	55.12	36.67	5.09	2.60	34.46	0.19	8.15	0.68	0.00	0.00	0.00	7.75	3.93	0.03	0.00	0.00	0.00	4000	2.73
0	0	34	2.38	1407	2918	0.75	243	0	0	2	82.94	3	31.89	0.00	0.47	7.06	90.35	0.72	10.77	82.07	51	0	55	94.17	433	450	55.12	36.67	5.09	2.60	34.46	0.19	8.15	0.68	0.00	0.00	0.00	7.75	3.93	0.03	0.00	0.00	0.00	4000
0	1	33	1.88	1766	2918	0.60	323	0	0	1	83.61	2	24.46	0.00	0.18	4.53	93.53	0.72
4	2	143	6.36	2252	2918	0.32	1300	0	0	5	84.07	7	25.69	0.01	3.45	12.61	77.90	3.58	13.24	74.26	49	0
4	3	12	0.48	2474	2918	0.33	86	0	0	0	57.18	1	30.01	0.01	0.09	1.10	98.36	3.58
8	4	109	4.24	2580	2918	0.89	464	0	0	4	68.14	7	39.69	0.00	1.52	9.45	85.03	2.00	9.54	81.29	50	0
8	5	21	1.17	1752	2918	1.04	80	0	0	1	82.54	2	26.81	0.00	0.48	0.62	97.80	2.00
12	6	216	6.18	3501	2918	0.49	539	0	0	4	63.88	7	42.59	0.00	1.39	11.44	81.32	2.14	12.32	68.31	52	0
12	7	433	10.37	4175	2918	1.41	452	0	0	14	36.39	28	33.67	0.00	0.88	3.51	85.30	2.14
16	8	59	2.75	2161	2918	0.68	354	0	0	2	77.84	4	34.91	0.00	1.35	7.27	88.85	1.69	7.31	86.00	52	0
16	9	33	1.46	2266	2918	0.86	84	0	0	2	83.71	2	29.32	0.01	0.38	0.70	97.53	1.69
20	10	48	2.70	1789	2918	0.46	383	0	0	2	82.19	3	24.20	0.01	1.23	9.54	86.76	1.28	9.29	85.57	51	0
20	11	2	0.09	1893	2918	0.72	13	0	0	0	86.45	0	25.77	0.00	0.00	0.04	99.87	1.28
24	12	38	1.75	2149	2918	0.61	184	0	0	1	57.78	1	41.34	0.00	0.44	3.10	94.77	0.45	97.39	0.00	53	0
25	13	25	1.61	1533	2918	0.67	241	0	0	1	74.15	2	42.34	0.00	0.49	5.88	92.11	0.49	96.72	0.00	53	0
26	14	39	2.56	1510	2918	0.37	426	0	0	1	55.77	2	35.78	0.00	0.56	9.86	87.15	0.56	95.54	0.00	53	0
27	15	23	1.47	1536	2918	0.61	228	0	0	1	70.45	1	41.88	0.00	0.31	5.20	93.09	0.31	97.43	0.00	53	0
Core	CPU	Avg_MHz	Busy%	Bzy_MHz	TSC_MHz	IPC	IRQ	NMI	SMI	LLCMRPS	LLC%hit	L2MRPS	L2%hit	POLL%	C1ACPI%	C2ACPI%	C3ACPI%	CPU%c1	CPU%c6	CPU%c7	CoreTmp	CoreThr	PkgTmp	GFX%rc6	GFXMHz	GFXAMHz	Totl%C0	Any%C0	GFX%C0	CPUGFX%	Pkg%pc2	Pkg%pc3	Pkg%pc6	Pkg%pc8	Pk%pc10	CPU%LPI	SYS%LPI	PkgWatt	CorWatt	GFXWatt	RAMWatt	PKG_%	RAM_%	UncMHz	SysWatt
-	-	104	3.98	2613	2918	0.92	8015	0	0	57	68.23	97	33.59	0.00	1.17	7.42	87.60	2.16	46.98	43.21	53	0	54	94.38	317	350	72.58	46.56	4.93	2.59	30.07	0.04	0.62	0.01	0.00	0.00	0.00	9.16	4.86	0.03	0.00	0.00	0.00	4000	3.27
0	0	81	4.42	1842	2918	1.07	398	0	0	3	78.33	5	30.27	0.00	0.81	8.81	86.32	1.62	11.17	78.76	52	0	54	94.37	317	350	72.58	46.56	4.93	2.59	30.07	0.04	0.62	0.01	0.00	0.00	0.00	9.16	4.86	0.03	0.00	0.00	0.00	4000
0	1	60	2.64	2274	2918	0.89	364	0	0	2	69.91	4	33.97	0.00	0.83	3.51	93.13	1.62
4	2	299	12.68	2357	2918	0.22	2584	0	0	9	92.60	12	24.97	0.01	6.17	20.24	61.45	6.38	20.01	56.04	49	0
4	3	10	0.41	2421	2918	0.29	36	0	0	1	92.90	1	26.47	0.00	0.12	0.80	98.71	6.38
8	4	183	7.26	2525	2918	0.62	844	0	0	7	79.58	11	37.71	0.00	2.74	21.87	68.56	2.83	20.72	65.65	51	0
8	5	47	1.60	2934	2918	1.65	67	0	0	2	67.09	3	35.45	0.00	0.10	0.00	98.33	2.83
12	6	118	5.42	2173	2918	0.77	870	0	0	5	80.25	8	26.25	0.00	2.49	18.89	73.70	2.52	19.11	61.80	51	0
12	7	418	9.81	4255	2918	1.40	449	0	0	13	36.67	27	34.13	0.00	0.46	3.56	86.21	2.52
16	8	81	3.34	2434	2918	0.77	520	0	0	3	73.87	5	34.97	0.00	1.57	8.55	86.76	1.71	8.67	83.34	53	0
16	9	47	1.73	2701	2918	1.60	95	0	0	2	72.11	3	35.65	0.00	0.17	0.81	97.35	1.71
20	10	88	3.84	2279	2918	0.94	378	0	0	4	78.43	6	28.82	0.00	1.00	7.19	88.20	1.05	6.99	86.48	51	0
20	11	0	0.03	1465	2918	0.59	2	0	0	0	92.07	0	30.96	0.00	0.00	0.00	99.97	1.05
24	12	51	2.36	2155	2918	0.79	285	0	0	1	65.60	3	49.35	0.00	0.46	6.97	90.29	0.47	96.09	0.00	53	0
25	13	92	3.55	2599	2918	1.25	328	0	0	2	51.42	4	43.92	0.00	0.80	7.05	88.69	0.80	94.66	0.00	53	0
26	14	61	2.95	2056	2918	0.97	301	0	0	1	60.55	3	44.93	0.02	0.63	6.28	90.23	0.63	95.12	0.00	53	0
27	15	27	1.60	1708	2918	0.54	494	0	0	1	68.52	2	36.44	0.00	0.45	4.23	93.80	0.45	97.31	0.00	53	0
Core	CPU	Avg_MHz	Busy%	Bzy_MHz	TSC_MHz	IPC	IRQ	NMI	SMI	LLCMRPS	LLC%hit	L2MRPS	L2%hit	POLL%	C1ACPI%	C2ACPI%	C3ACPI%	CPU%c1	CPU%c6	CPU%c7	CoreTmp	CoreThr	PkgTmp	GFX%rc6	GFXMHz	GFXAMHz	Totl%C0	Any%C0	GFX%C0	CPUGFX%	Pkg%pc2	Pkg%pc3	Pkg%pc6	Pkg%pc8	Pk%pc10	CPU%LPI	SYS%LPI	PkgWatt	CorWatt	GFXWatt	RAMWatt	PKG_%	RAM_%	UncMHz	SysWatt
-	-	103	4.17	2481	2918	0.71	9444	0	0	61	76.77	98	30.73	0.00	1.52	8.85	85.68	2.84	47.75	40.66	54	0	55	93.92	300	300	79.45	51.79	5.30	3.16	22.22	0.00	0.00	0.00	0.00	0.00	0.00	9.67	5.26	0.02	0.00	0.00	0.00	4000	3.44
0	0	73	4.19	1753	2918	0.92	336	0	0	3	83.64	5	31.07	0.00	0.82	8.61	86.78	1.71	11.40	77.27	52	0	55	93.91	300	300	79.44	51.79	5.30	3.16	22.22	0.00	0.00	0.00	0.00	0.00	0.00	9.67	5.26	0.02	0.00	0.00	0.00	4000
0	1	40	2.42	1664	2918	0.65	383	0	0	2	86.65	3	26.32	0.00	0.87	4.19	92.70	1.71
4	2	384	16.53	2320	2918	0.24	4048	0	0	14	93.43	19	23.70	0.01	8.31	22.41	53.47	8.49	21.79	46.07	50	0
4	3	2	0.07	3002	2918	0.46	16	0	0	0	79.50	0	33.81	0.00	0.02	0.08	99.84	8.49
8	4	414	12.23	3381	2918	1.18	874	0	0	15	57.64	26	30.61	0.00	3.49	15.44	69.23	3.76	15.26	65.97	50	0
8	5	35	1.07	3299	2918	1.09	91	0	0	1	61.78	2	33.94	0.00	0.38	0.91	97.66	3.76
12	6	261	8.90	2937	2918	0.80	840	0	0	8	69.01	14	31.45	0.01	2.66	17.98	70.86	2.64	17.19	67.59	52	0
12	7	70	1.64	4244	2918	0.15	48	0	0	0	76.29	0	82.93	0.00	0.00	0.41	97.95	2.64
16	8	146	6.21	2359	2918	0.70	814	0	0	6	78.82	10	37.41	0.00	2.89	21.07	70.25	3.02	20.65	67.13	52	0
16	9	21	0.91	2289	2918	0.91	74	0	0	1	86.95	2	26.96	0.00	0.15	0.50	98.49	3.02
20	10	73	4.17	1761	2918	0.53	404	0	0	5	91.68	7	23.49	0.00	1.33	9.60	85.24	1.41	9.35	82.58	51	0
20	11	1	0.04	1836	2918	0.65	5	0	0	0	90.50	0	29.89	0.00	0.00	0.00	99.96	1.41
24	12	46	3.02	1532	2918	0.56	500	0	0	1	75.43	3	40.05	0.00	1.18	13.77	82.20	1.18	93.35	0.00	54	0
25	13	29	1.77	1657	2918	0.61	328	0	0	1	71.26	2	50.80	0.00	0.55	8.38	89.40	0.56	96.25	0.00	54	0
26	14	36	2.32	1557	2918	0.51	418	0	0	1	70.56	2	38.51	0.00	0.89	12.42	84.53	0.89	95.01	0.00	54	0
27	15	23	1.22	1852	2918	0.65	265	0	0	1	68.95	1	51.81	0.00	0.74	5.79	92.32	0.75	97.28	0.00	54	0
Core	CPU	Avg_MHz	Busy%	Bzy_MHz	TSC_MHz	IPC	IRQ	NMI	SMI	LLCMRPS	LLC%hit	L2MRPS	L2%hit	POLL%	C1ACPI%	C2ACPI%	C3ACPI%	CPU%c1	CPU%c6	CPU%c7	CoreTmp	CoreThr	PkgTmp	GFX%rc6	GFXMHz	GFXAMHz	Totl%C0	Any%C0	GFX%C0	CPUGFX%	Pkg%pc2	Pkg%pc3	Pkg%pc6	Pkg%pc8	Pk%pc10	CPU%LPI	SYS%LPI	PkgWatt	CorWatt	GFXWatt	RAMWatt	PKG_%	RAM_%	UncMHz	SysWatt
-	-	96	3.81	2518	2918	0.84	9412	1	0	52	69.67	87	32.24	0.00	1.86	8.14	86.37	3.50	46.13	42.90	54	0	54	94.07	300	300	71.54	47.33	5.24	2.78	19.75	0.00	0.00	0.00	0.00	0.00	0.00	9.58	5.18	0.03	0.00	0.00	0.00	4000	3.39
0	0	62	3.94	1568	2918	0.79	397	0	0	3	86.51	5	23.39	0.00	0.69	11.85	83.91	1.31	16.97	73.67	51	0	54	94.08	300	300	71.55	47.33	5.24	2.78	19.75	0.00	0.00	0.00	0.00	0.00	0.00	9.58	5.18	0.03	0.00	0.00	0.00	4000
0	1	25	1.62	1534	2918	0.53	367	0	0	1	86.72	2	25.77	0.00	0.58	6.43	91.49	1.31
4	2	337	15.68	2148	2918	0.19	4656	0	0	11	95.18	16	26.84	0.01	18.57	25.10	41.38	18.64	24.85	35.82	49	0
4	3	6	0.23	2620	2918	0.36	46	0	0	0	87.12	0	38.77	0.00	0.09	0.93	98.77	18.64
8	4	479	12.35	3876	2918	1.22	800	0	0	13	45.29	25	33.56	0.00	2.17	12.52	73.23	2.33	13.19	68.03	50	0
8	5	132	3.36	3920	2918	1.38	185	0	0	5	43.61	9	33.77	0.00	0.30	1.74	94.65	2.33
12	6	97	4.33	2233	2918	0.85	482	0	0	5	78.62	8	33.80	0.01	1.51	10.44	84.00	1.57	10.16	82.18	51	0
12	7	3	0.12	2536	2918	0.77	4	0	0	0	66.76	0	42.29	0.00	0.00	0.00	99.88	1.57
16	8	82	3.60	2284	2918	1.03	441	1	0	4	72.82	5	24.85	0.00	1.01	9.06	86.54	1.07	9.19	84.55	53	0
16	9	18	0.82	2242	2918	1.00	55	0	0	1	77.77	1	33.08	0.00	0.06	0.42	98.73	1.07
20	10	76	3.74	2026	2918	0.75	352	0	0	3	80.33	5	32.66	0.00	1.25	8.59	86.69	1.31	8.36	84.75	51	0
20	11	1	0.07	1650	2918	0.51	11	0	0	0	89.38	0	32.32	0.00	0.00	0.00	99.93	1.31
24	12	50	2.99	1659	2918	0.45	464	0	0	1	72.78	3	37.71	0.00	0.86	12.78	83.54	0.87	94.03	0.00	54	0
25	13	53	2.81	1874	2918	0.72	390	0	0	1	64.23	3	40.58	0.00	1.03	9.72	86.58	1.03	94.42	0.00	54	0
26	14	78	3.30	2361	2918	0.93	434	0	0	2	54.57	4	42.03	0.00	0.78	12.27	83.78	0.79	94.33	0.00	54	0
27	15	37	1.99	1875	2918	0.63	328	0	0	1	68.95	2	45.58	0.00	0.94	8.35	88.81	0.94	95.78	0.00	54	0
Core	CPU	Avg_MHz	Busy%	Bzy_MHz	TSC_MHz	IPC	IRQ	NMI	SMI	LLCMRPS	LLC%hit	L2MRPS	L2%hit	POLL%	C1ACPI%	C2ACPI%	C3ACPI%	CPU%c1	CPU%c6	CPU%c7	CoreTmp	CoreThr	PkgTmp	GFX%rc6	GFXMHz	GFXAMHz	Totl%C0	Any%C0	GFX%C0	CPUGFX%	Pkg%pc2	Pkg%pc3	Pkg%pc6	Pkg%pc8	Pk%pc10	CPU%LPI	SYS%LPI	PkgWatt	CorWatt	GFXWatt	RAMWatt	PKG_%	RAM_%	UncMHz	SysWatt
-	-	98	3.87	2532	2918	0.74	9428	0	0	51	71.41	87	33.17	0.00	2.05	7.72	86.56	3.91	46.92	41.95	53	0	55	94.37	300	300	71.54	48.54	4.92	2.56	21.09	0.00	0.00	0.00	0.00	0.00	0.00	9.54	5.14	0.03	0.00	0.00	0.00	3200	3.40
0	0	40	3.39	1176	2918	0.60	524	0	0	3	92.01	4	20.70	0.00	1.12	17.59	78.30	1.64	21.11	69.51	51	0	55	94.35	300	300	71.53	48.53	4.92	2.56	21.09	0.00	0.00	0.00	0.00	0.00	0.00	9.54	5.14	0.03	0.00	0.00	0.00	3200
0	1	42	2.33	1803	2918	0.72	428	0	0	2	82.95	3	25.80	0.00	0.54	6.91	90.38	1.64
4	2	344	16.23	2120	2918	0.19	4811	0	0	12	95.27	16	27.52	0.01	21.58	24.06	38.87	21.67	24.53	32.75	49	0
4	3	10	0.42	2345	2918	0.22	72	0	0	0	89.98	1	33.91	0.00	0.05	2.15	97.41	21.67
8	4	94	4.28	2197	2918	0.78	598	0	0	4	75.97	6	33.90	0.00	2.74	15.04	78.31	3.08	14.88	69.26	50	0
8	5	311	7.48	4160	2918	1.32	330	0	0	10	39.35	19	33.61	0.00	0.55	1.96	90.05	3.08
12	6	203	6.63	3057	2918	1.15	537	0	0	7	57.51	12	30.67	0.00	1.43	10.99	81.26	1.54	11.33	75.63	51	0
12	7	116	3.05	3812	2918	0.21	82	0	0	1	86.80	2	38.37	0.00	0.07	0.82	96.11	1.54
16	8	74	3.25	2274	2918	0.80	349	0	0	3	76.16	5	40.59	0.00	0.83	7.99	88.16	0.93	8.12	85.57	53	0
16	9	16	0.77	2115	2918	1.01	47	0	0	1	83.57	1	28.39	0.00	0.05	0.41	98.82	0.93
20	10	80	3.41	2347	2918	0.68	334	0	0	4	78.27	5	28.57	0.00	0.72	6.85	89.24	0.99	6.90	86.82	51	0
20	11	15	0.60	2442	2918	1.03	54	0	0	1	74.42	1	31.86	0.00	0.22	0.36	98.84	0.99
24	12	55	2.89	1910	2918	0.59	403	0	0	2	69.13	3	40.77	0.00	0.82	10.65	85.77	0.83	94.58	0.00	53	0
25	13	61	2.55	2375	2918	0.87	325	0	0	1	57.66	3	45.98	0.00	1.20	6.73	89.61	1.20	95.26	0.00	53	0
26	14	33	1.82	1840	2918	0.69	274	0	0	1	71.34	2	46.25	0.00	0.30	6.15	91.82	0.31	96.81	0.00	53	0
27	15	74	2.84	2603	2918	0.56	260	0	0	1	60.54	3	55.17	0.00	0.52	4.83	91.88	0.52	95.73	0.00	53	0
Core	CPU	Avg_MHz	Busy%	Bzy_MHz	TSC_MHz	IPC	IRQ	NMI	SMI	LLCMRPS	LLC%hit	L2MRPS	L2%hit	POLL%	C1ACPI%	C2ACPI%	C3ACPI%	CPU%c1	CPU%c6	CPU%c7	CoreTmp	CoreThr	PkgTmp	GFX%rc6	GFXMHz	GFXAMHz	Totl%C0	Any%C0	GFX%C0	CPUGFX%	Pkg%pc2	Pkg%pc3	Pkg%pc6	Pkg%pc8	Pk%pc10	CPU%LPI	SYS%LPI	PkgWatt	CorWatt	GFXWatt	RAMWatt	PKG_%	RAM_%	UncMHz	SysWatt
-	-	90	3.73	2413	2918	0.80	9212	0	0	52	71.34	88	32.85	0.00	1.87	7.85	86.73	3.53	47.05	42.18	53	0	55	94.17	300	300	70.32	47.40	5.06	2.83	22.13	0.00	0.00	0.00	0.00	0.00	0.00	9.25	4.90	0.03	0.00	0.00	0.00	4000	3.32
0	0	26	2.82	933	2918	0.62	255	0	0	2	95.93	3	16.14	0.00	0.28	8.91	88.34	1.46	12.63	78.40	51	0	55	94.18	300	300	70.32	47.40	5.06	2.83	22.13	0.00	0.00	0.00	0.00	0.00	0.00	9.25	4.90	0.03	0.00	0.00	0.00	4000
0	1	37	1.93	1933	2918	0.77	376	0	0	2	83.19	3	25.62	0.00	1.15	4.95	92.09	1.46
4	2	343	16.29	2103	2918	0.24	4464	0	0	12	94.44	16	26.86	0.01	16.90	22.65	44.86	17.02	22.12	39.33	49	0
4	3	2	0.09	2571	2918	0.53	19	0	0	0	68.93	0	38.79	0.00	0.09	0.08	99.74	17.02
8	4	81	4.36	1859	2918	0.63	654	0	0	3	81.50	5	28.65	0.01	2.64	18.61	74.84	2.80	18.39	62.99	50	0
8	5	437	10.27	4252	2918	1.43	495	0	0	14	38.20	28	34.49	0.00	0.58	3.87	85.33	2.80
12	6	100	4.31	2313	2918	0.80	561	0	0	4	74.41	7	40.38	0.00	1.85	13.74	80.40	1.96	13.76	76.95	51	0
12	7	23	1.28	1806	2918	0.52	41	0	0	2	89.19	3	26.73	0.00	0.07	0.56	98.15	1.96
16	8	119	4.70	2536	2918	0.58	604	0	0	4	75.05	7	38.78	0.00	1.43	13.89	80.26	1.77	13.27	78.35	52	0
16	9	19	0.74	2504	2918	1.02	63	0	0	1	80.52	1	29.36	0.00	0.40	0.20	98.69	1.77
20	10	78	3.39	2314	2918	0.65	366	0	0	3	77.05	5	30.25	0.01	1.68	7.40	87.76	1.89	7.00	85.77	51	0
20	11	20	0.79	2540	2918	1.04	71	0	0	1	75.33	1	32.04	0.00	0.27	0.00	98.96	1.89
24	12	48	3.18	1525	2918	0.56	454	0	0	2	76.06	3	36.51	0.00	1.08	12.55	83.38	1.09	93.29	0.00	53	0
25	13	50	2.36	2114	2918	0.78	342	0	0	1	63.18	3	43.87	0.00	0.82	7.76	89.16	0.82	95.71	0.00	53	0
26	14	29	1.57	1821	2918	0.66	250	0	0	1	66.11	2	45.64	0.00	0.46	5.76	92.29	0.46	97.05	0.00	53	0
27	15	27	1.55	1726	2918	0.63	197	0	0	1	75.23	2	40.46	0.00	0.29	4.68	93.55	0.30	97.32	0.00	53	0
Core	CPU	Avg_MHz	Busy%	Bzy_MHz	TSC_MHz	IPC	IRQ	NMI	SMI	LLCMRPS	LLC%hit	L2MRPS	L2%hit	POLL%	C1ACPI%	C2ACPI%	C3ACPI%	CPU%c1	CPU%c6	CPU%c7	CoreTmp	CoreThr	PkgTmp	GFX%rc6	GFXMHz	GFXAMHz	Totl%C0	Any%C0	GFX%C0	CPUGFX%	Pkg%pc2	Pkg%pc3	Pkg%pc6	Pkg%pc8	Pk%pc10	CPU%LPI	SYS%LPI	PkgWatt	CorWatt	GFXWatt	RAMWatt	PKG_%	RAM_%	UncMHz	SysWatt
-	-	92	3.72	2463	2918	0.75	9407	0	0	49	70.99	84	33.64	0.00	2.13	7.68	86.65	4.04	46.78	42.25	56	0	54	94.30	300	300	69.33	47.09	4.98	2.86	20.73	0.00	0.00	0.00	0.00	0.00	0.00	9.35	5.01	0.03	0.00	0.00	0.00	3000	3.35
0	0	64	3.70	1726	2918	0.71	237	0	0	2	87.74	4	39.08	0.00	0.21	7.66	88.76	0.69	8.97	82.48	51	0	54	94.30	300	300	69.34	47.10	4.98	2.86	20.73	0.00	0.00	0.00	0.00	0.00	0.00	9.36	5.01	0.03	0.00	0.00	0.00	3000
0	1	23	1.31	1734	2918	0.81	269	0	0	1	84.12	2	25.78	0.00	0.41	2.05	96.33	0.69
4	2	339	16.46	2059	2918	0.19	4957	0	0	11	95.26	16	27.78	0.02	21.65	26.03	36.60	21.73	25.33	31.90	49	0
4	3	1	0.05	2340	2918	0.52	14	0	0	0	76.43	0	34.00	0.00	0.00	0.09	99.86	21.73
8	4	94	5.25	1790	2918	0.83	728	0	0	5	80.29	8	32.97	0.00	3.92	17.80	73.52	4.17	16.60	64.05	50	0
8	5	359	8.43	4262	2918	1.39	384	0	0	11	37.73	23	34.52	0.00	0.96	1.78	88.86	4.17
12	6	164	6.18	2658	2918	0.97	742	0	0	6	64.17	10	33.33	0.00	2.38	18.65	73.15	2.34	17.92	69.69	56	0
12	7	104	2.72	3828	2918	0.21	74	0	0	1	81.22	1	46.77	0.00	0.01	0.70	96.59	2.34
16	8	66	3.04	2161	2918	0.57	448	0	0	3	76.95	5	31.43	0.02	1.38	8.60	87.18	1.43	8.55	85.18	50	0
16	9	13	0.59	2241	2918	1.00	35	0	0	1	84.14	1	27.51	0.00	0.02	0.23	99.19	1.43
20	10	80	3.10	2568	2918	0.85	278	0	0	3	73.74	5	35.04	0.00	0.48	5.80	90.80	0.69	5.64	89.23	50	0
20	11	16	0.66	2425	2918	1.00	43	0	0	1	74.90	1	33.88	0.00	0.17	0.00	99.19	0.69
24	12	44	2.43	1804	2918	0.57	322	0	0	1	69.39	3	39.56	0.01	1.03	7.24	89.41	1.04	95.15	0.00	52	0
25	13	37	2.08	1774	2918	0.58	353	0	0	1	65.79	2	43.55	0.01	0.64	11.02	86.38	0.65	95.95	0.00	52	0
26	14	30	1.46	2035	2918	0.72	208	0	0	1	66.63	2	47.54	0.00	0.35	5.66	92.59	0.35	97.46	0.00	52	0
27	15	33	2.08	1583	2918	0.49	315	0	0	1	75.35	2	36.59	0.00	0.42	9.55	88.08	0.42	96.20	0.00	52	0
Core	CPU	Avg_MHz	Busy%	Bzy_MHz	TSC_MHz	IPC	IRQ	NMI	SMI	LLCMRPS	LLC%hit	L2MRPS	L2%hit	POLL%	C1ACPI%	C2ACPI%	C3ACPI%	CPU%c1	CPU%c6	CPU%c7	CoreTmp	CoreThr	PkgTmp	GFX%rc6	GFXMHz	GFXAMHz	Totl%C0	Any%C0	GFX%C0	CPUGFX%	Pkg%pc2	Pkg%pc3	Pkg%pc6	Pkg%pc8	Pk%pc10	CPU%LPI	SYS%LPI	PkgWatt	CorWatt	GFXWatt	RAMWatt	PKG_%	RAM_%	UncMHz	SysWatt
-	-	76	2.93	2606	2919	0.90	6210	0	0	40	62.35	72	34.65	0.00	1.26	6.26	89.70	2.33	45.80	46.40	52	0	54	94.06	300	300	54.50	36.82	5.26	2.72	33.87	0.16	5.66	0.00	0.00	0.00	0.00	8.00	4.04	0.03	0.00	0.00	0.00	4000	2.82
0	0	19	1.90	1017	2918	0.58	137	0	0	1	89.30	2	17.10	0.00	0.14	4.52	93.70	0.71	7.89	85.21	51	0	54	94.05	300	300	54.50	36.82	5.26	2.72	33.87	0.16	5.66	0.00	0.00	0.00	0.00	8.00	4.04	0.03	0.00	0.00	0.00	4000
0	1	37	2.02	1838	2918	0.74	319	0	0	2	80.92	2	25.30	0.00	0.51	3.98	93.62	0.71
4	2	154	7.67	2003	2918	0.22	2119	0	0	5	88.91	7	26.44	0.01	9.35	15.99	67.41	9.43	15.53	65.12	48	0
4	3	1	0.07	2035	2918	0.62	12	0	0	0	73.09	0	37.44	0.00	0.06	0.08	99.80	9.43
8	4	266	7.95	3344	2918	1.05	725	0	0	7	52.42	14	39.71	0.00	2.77	14.59	75.02	3.17	14.25	66.83	48	0
8	5	332	7.70	4317	2918	1.42	330	0	0	10	36.30	21	35.18	0.00	0.85	2.12	89.37	3.17
12	6	91	4.32	2100	2918	0.70	599	0	0	4	69.78	6	29.74	0.02	1.51	16.49	77.99	1.57	15.96	76.82	50	0
12	7	4	0.17	2494	2918	0.57	5	0	0	0	71.30	0	35.72	0.00	0.00	0.00	99.84	1.57
16	8	114	4.44	2560	2918	0.60	532	0	0	4	71.48	6	37.03	0.00	1.83	12.02	81.96	1.99	12.05	80.08	52	0
16	9	19	0.81	2328	2918	0.95	86	0	0	1	77.52	1	34.02	0.00	0.39	0.73	98.11	1.99
20	10	52	2.18	2373	2918	0.70	268	0	0	2	72.73	3	34.23	0.00	0.37	5.28	92.32	0.77	5.14	89.92	50	0
20	11	19	0.78	2406	2918	1.06	82	0	0	1	81.86	1	26.16	0.00	0.37	0.21	98.67	0.77
24	12	37	2.05	1823	2918	0.76	296	0	0	1	66.85	2	47.52	0.00	0.64	7.94	89.47	0.65	95.96	0.00	52	0
25	13	26	1.59	1628	2918	0.62	201	0	0	1	70.15	2	43.54	0.01	0.37	3.82	94.30	0.37	97.21	0.00	52	0
26	14	41	2.67	1539	2918	0.50	436	0	0	1	68.69	3	40.08	0.00	1.01	11.58	84.89	1.01	94.45	0.00	52	0
27	15	10	0.57	1721	2918	0.49	63	0	0	0	64.05	1	43.98	0.00	0.01	0.83	98.62	0.01	99.57	0.00	52	0
Core	CPU	Avg_MHz	Busy%	Bzy_MHz	TSC_MHz	IPC	IRQ	NMI	SMI	LLCMRPS	LLC%hit	L2MRPS	L2%hit	POLL%	C1ACPI%	C2ACPI%	C3ACPI%	CPU%c1	CPU%c6	CPU%c7	CoreTmp	CoreThr	PkgTmp	GFX%rc6	GFXMHz	GFXAMHz	Totl%C0	Any%C0	GFX%C0	CPUGFX%	Pkg%pc2	Pkg%pc3	Pkg%pc6	Pkg%pc8	Pk%pc10	CPU%LPI	SYS%LPI	PkgWatt	CorWatt	GFXWatt	RAMWatt	PKG_%	RAM_%	UncMHz	SysWatt
-	-	89	3.32	2667	2918	0.79	6148	0	0	44	68.00	73	31.75	0.00	0.92	6.55	89.36	1.77	46.48	45.39	53	0	54	94.41	300	300	61.88	42.17	4.88	2.46	32.88	0.16	3.53	0.04	0.00	0.00	0.00	8.38	4.38	0.03	0.00	0.00	0.00	4000	2.97
0	0	48	3.12	1542	2918	0.77	249	0	0	3	86.20	4	24.61	0.00	0.50	6.89	89.81	0.96	9.40	81.39	51	0	54	94.41	300	300	61.88	42.17	4.88	2.46	32.88	0.16	3.53	0.04	0.00	0.00	0.00	8.38	4.38	0.03	0.00	0.00	0.00	4000
0	1	84	3.08	2735	2918	0.34	332	0	0	1	81.12	2	33.28	0.01	0.40	3.66	92.98	0.96
4	2	212	9.88	2149	2918	0.16	2023	0	0	7	91.64	9	23.11	0.01	4.40	22.60	63.61	4.53	21.97	60.89	48	0
4	3	2	0.09	2360	2918	0.49	12	0	0	0	76.87	0	34.03	0.00	0.01	0.07	99.83	4.53
8	4	496	12.92	3839	2918	1.14	855	0	0	13	45.26	24	33.43	0.01	2.29	15.23	69.83	2.34	14.79	68.83	50	0
8	5	0	0.02	1428	2918	0.45	5	0	0	0	79.72	0	37.94	0.00	0.00	0.00	99.98	2.34
12	6	246	7.27	3382	2918	0.91	647	0	0	6	55.22	11	35.01	0.03	2.10	13.21	77.71	2.38	14.64	71.88	49	0
12	7	33	2.17	1532	2918	0.49	122	0	0	3	94.58	4	22.72	0.00	0.22	2.38	95.38	2.38
16	8	83	3.66	2278	2918	0.56	401	0	0	3	78.57	5	32.57	0.01	1.45	8.92	86.24	1.74	8.42	83.94	52	0
16	9	20	0.78	2591	2918	1.04	57	0	0	1	77.05	1	29.93	0.00	0.42	0.05	98.78	1.74
20	10	73	2.95	2478	2918	0.83	379	0	0	3	70.82	4	32.98	0.00	0.72	7.42	89.10	1.43	7.16	86.96	50	0
20	11	21	0.82	2594	2918	1.03	66	0	0	1	74.62	1	32.58	0.00	0.73	0.31	98.17	1.43
24	12	31	2.01	1558	2918	0.60	282	0	0	1	77.39	2	36.97	0.00	0.72	7.40	89.99	0.72	96.20	0.00	53	0
25	13	22	1.39	1566	2918	0.71	177	0	0	1	73.82	1	42.34	0.00	0.22	4.38	94.09	0.23	97.60	0.00	53	0
26	14	25	1.75	1444	2918	0.61	345	0	0	1	66.01	2	40.62	0.00	0.40	6.88	91.07	0.41	96.74	0.00	53	0
27	15	18	1.22	1509	2918	0.69	196	0	0	1	71.70	1	41.54	0.00	0.13	5.44	93.28	0.14	97.93	0.00	53	0
Core	CPU	Avg_MHz	Busy%	Bzy_MHz	TSC_MHz	IPC	IRQ	NMI	SMI	LLCMRPS	LLC%hit	L2MRPS	L2%hit	POLL%	C1ACPI%	C2ACPI%	C3ACPI%	CPU%c1	CPU%c6	CPU%c7	CoreTmp	CoreThr	PkgTmp	GFX%rc6	GFXMHz	GFXAMHz	Totl%C0	Any%C0	GFX%C0	CPUGFX%	Pkg%pc2	Pkg%pc3	Pkg%pc6	Pkg%pc8	Pk%pc10	CPU%LPI	SYS%LPI	PkgWatt	CorWatt	GFXWatt	RAMWatt	PKG_%	RAM_%	UncMHz	SysWatt
-	-	91	3.78	2401	2918	0.81	8204	0	0	57	74.52	92	30.51	0.00	1.37	8.18	86.87	2.59	48.57	41.37	52	0	54	94.13	300	300	71.54	48.54	5.15	2.86	25.65	0.00	0.00	0.00	0.00	0.00	0.00	9.21	4.83	0.02	0.00	0.00	0.00	3700	3.31
0	0	76	4.25	1778	2918	0.93	310	0	0	4	85.26	5	27.54	0.00	0.79	8.20	87.13	1.39	9.95	80.06	49	0	54	94.13	300	300	71.54	48.54	5.15	2.86	25.65	0.00	0.00	0.00	0.00	0.00	0.00	9.21	4.83	0.02	0.00	0.00	0.00	3700
0	1	33	1.66	1971	2918	0.75	295	0	0	2	82.76	2	27.90	0.00	0.81	2.69	94.96	1.39
4	2	304	14.97	2031	2918	0.23	3544	0	0	12	93.79	16	23.32	0.01	8.59	33.34	43.83	8.75	32.43	39.41	47	0
4	3	2	0.09	1817	2918	0.52	17	0	0	0	84.03	0	27.49	0.00	0.02	0.08	99.82	8.75
8	4	328	9.97	3286	2918	1.04	896	0	0	10	56.31	18	37.54	0.00	2.92	20.35	67.14	2.99	19.75	65.72	49	0
8	5	1	0.03	2729	2918	0.62	5	0	0	0	85.45	0	36.36	0.00	0.00	0.00	99.97	2.99
12	6	312	8.57	3643	2918	1.26	729	0	0	10	46.55	19	32.05	0.00	2.16	12.42	77.18	2.65	14.59	66.85	51	0
12	7	74	4.47	1653	2918	0.46	238	0	0	7	95.75	9	20.90	0.00	0.53	3.67	91.62	2.65
16	8	88	3.90	2255	2918	0.84	448	0	0	4	74.52	6	30.30	0.00	1.67	9.45	85.25	1.88	9.37	82.56	49	0
16	9	22	0.84	2641	2918	1.05	54	0	0	1	76.70	1	30.26	0.00	0.26	0.49	98.45	1.88
20	10	70	3.79	1854	2918	0.61	532	0	0	4	84.23	6	27.19	0.00	1.61	13.49	81.42	1.90	13.53	79.09	48	0
20	11	23	0.88	2631	2918	0.99	67	0	0	1	72.27	1	35.56	0.00	0.31	0.48	98.37	1.90
24	12	40	2.47	1606	2918	0.66	389	0	0	1	79.90	3	36.70	0.00	1.14	10.08	86.46	1.15	94.56	0.00	52	0
25	13	31	1.89	1617	2918	0.62	225	0	0	1	76.48	2	38.77	0.00	0.49	5.45	92.27	0.50	96.53	0.00	52	0
26	14	24	1.41	1668	2918	0.45	199	0	0	1	75.04	2	42.46	0.00	0.43	4.51	93.72	0.43	97.27	0.00	52	0
27	15	28	1.35	2041	2918	0.90	256	0	0	1	55.54	2	45.73	0.00	0.19	6.27	92.26	0.19	97.69	0.00	52	0
Core	CPU	Avg_MHz	Busy%	Bzy_MHz	TSC_MHz	IPC	IRQ	NMI	SMI	LLCMRPS	LLC%hit	L2MRPS	L2%hit	POLL%	C1ACPI%	C2ACPI%	C3ACPI%	CPU%c1	CPU%c6	CPU%c7	CoreTmp	CoreThr	PkgTmp	GFX%rc6	GFXMHz	GFXAMHz	Totl%C0	Any%C0	GFX%C0	CPUGFX%	Pkg%pc2	Pkg%pc3	Pkg%pc6	Pkg%pc8	Pk%pc10	CPU%LPI	SYS%LPI	PkgWatt	CorWatt	GFXWatt	RAMWatt	PKG_%	RAM_%	UncMHz	SysWatt
-	-	109	4.26	2564	2918	0.80	9927	0	0	58	73.92	96	32.28	0.00	2.02	8.74	85.18	3.84	48.91	39.19	53	0	54	94.11	300	300	79.64	50.46	5.22	2.99	19.33	0.00	0.00	0.00	0.00	0.00	0.00	9.77	5.41	0.03	0.00	0.00	0.00	2100	3.46
0	0	64	4.16	1526	2918	1.13	297	0	0	3	88.06	5	25.21	0.00	0.69	7.69	87.83	1.43	13.69	75.75	51	0	54	94.13	300	300	79.65	50.46	5.22	2.99	19.33	0.00	0.00	0.00	0.00	0.00	0.00	9.78	5.42	0.03	0.00	0.00	0.00	2100
0	1	43	2.40	1795	2918	0.55	419	0	0	2	82.71	3	27.79	0.01	0.92	7.56	89.29	1.43
4	2	356	15.98	2229	2918	0.18	4796	0	0	12	94.94	17	25.97	0.01	16.90	30.98	36.89	16.95	29.99	32.10	48	0
4	3	20	0.68	2996	2918	2.00	48	0	0	1	63.67	1	39.47	0.00	0.18	0.10	99.05	16.95
8	4	352	10.27	3430	2918	1.15	836	0	0	12	52.97	20	30.10	0.01	2.12	16.29	71.64	2.44	15.50	69.55	47	0
8	5	41	1.22	3324	2918	1.49	87	0	0	1	63.04	2	36.19	0.00	0.49	0.04	98.26	2.44
12	6	409	11.27	3629	2918	0.79	784	0	0	9	57.18	17	38.88	0.00	2.30	15.19	71.56	2.78	15.72	66.44	52	0
12	7	41	1.94	2120	2918	1.05	127	0	0	3	90.53	4	26.83	0.00	0.42	2.05	95.68	2.78
16	8	120	5.69	2112	2918	0.81	750	0	0	5	84.84	8	31.37	0.00	3.60	18.58	72.53	3.68	18.10	70.65	52	0
16	9	0	0.03	1640	2918	0.47	7	0	0	0	88.59	0	32.91	0.00	0.00	0.00	99.98	3.68
20	10	132	5.10	2588	2918	1.09	572	0	0	5	73.89	8	30.70	0.01	1.87	12.91	80.41	2.12	12.96	77.42	51	0
20	11	20	0.78	2622	2918	1.08	54	0	0	1	76.11	1	29.26	0.00	0.20	0.69	98.37	2.12
24	12	35	2.15	1609	2918	0.60	326	0	0	1	74.73	2	42.20	0.00	0.81	7.70	89.46	0.81	95.52	0.00	53	0
25	13	42	2.42	1733	2918	0.49	341	0	0	1	68.35	3	44.01	0.00	0.84	8.48	88.38	0.84	95.00	0.00	53	0
26	14	26	1.52	1730	2918	0.55	187	0	0	1	72.85	2	46.89	0.00	0.30	4.21	94.06	0.30	97.12	0.00	53	0
27	15	46	2.55	1800	2918	1.10	296	0	0	1	69.45	2	44.29	0.02	0.65	7.33	89.58	0.66	95.44	0.00	53	0
Core	CPU	Avg_MHz	Busy%	Bzy_MHz	TSC_MHz	IPC	IRQ	NMI	SMI	LLCMRPS	LLC%hit	L2MRPS	L2%hit	POLL%	C1ACPI%	C2ACPI%	C3ACPI%	CPU%c1	CPU%c6	CPU%c7	CoreTmp	CoreThr	PkgTmp	GFX%rc6	GFXMHz	GFXAMHz	Totl%C0	Any%C0	GFX%C0	CPUGFX%	Pkg%pc2	Pkg%pc3	Pkg%pc6	Pkg%pc8	Pk%pc10	CPU%LPI	SYS%LPI	PkgWatt	CorWatt	GFXWatt	RAMWatt	PKG_%	RAM_%	UncMHz	SysWatt
-	-	105	4.08	2564	2919	0.91	9723	0	0	51	69.41	90	34.89	0.00	2.25	7.57	86.29	4.27	46.44	41.95	53	0	54	94.28	300	300	74.08	47.56	4.99	2.94	19.77	0.00	0.00	0.00	0.00	0.00	0.00	9.73	5.32	0.02	0.00	0.00	0.00	4000	3.41
0	0	70	3.89	1791	2918	0.75	332	0	0	3	86.05	4	27.92	0.00	0.79	8.78	86.88	1.62	12.06	78.01	51	0	54	94.26	300	300	74.07	47.55	4.98	2.94	19.77	0.00	0.00	0.00	0.00	0.00	0.00	9.73	5.32	0.02	0.00	0.00	0.00	4000
0	1	62	2.73	2270	2918	1.23	368	0	0	2	73.18	4	35.65	0.00	0.85	4.44	92.10	1.62
4	2	357	16.23	2198	2918	0.25	5005	0	0	11	92.31	17	29.62	0.01	23.30	24.95	36.24	23.37	24.44	31.86	48	0
4	3	4	0.20	1932	2918	0.54	38	0	0	0	80.62	0	30.53	0.00	0.06	0.30	99.45	23.37
8	4	167	6.93	2415	2918	1.01	806	0	0	7	67.63	12	34.41	0.00	2.25	22.36	68.89	2.72	21.31	65.88	49	0
8	5	46	1.50	3063	2918	1.56	78	0	0	1	61.18	3	36.23	0.00	0.52	0.05	97.94	2.72
12	6	499	13.32	3747	2918	1.25	749	0	0	12	48.65	24	36.35	0.00	1.69	12.15	73.09	1.74	11.82	71.68	50	0
12	7	4	0.11	3603	2918	0.69	20	0	0	0	67.36	0	40.74	0.00	0.02	0.00	99.87	1.74
16	8	103	4.24	2434	2918	1.20	421	0	0	4	73.35	6	29.65	0.02	1.86	8.81	85.31	1.93	8.58	83.91	51	0
16	9	0	0.02	1485	2918	0.48	7	0	0	0	85.55	0	41.09	0.00	0.02	0.08	99.88	1.93
20	10	81	3.46	2349	2918	0.90	308	0	0	3	68.44	5	34.38	0.00	1.01	5.10	90.62	1.28	5.31	88.17	50	0
20	11	46	1.63	2797	2918	1.41	91	0	0	1	69.29	2	43.52	0.00	0.56	0.54	97.31	1.28
24	12	91	4.58	1995	2918	0.76	677	0	0	2	59.52	5	39.43	0.01	1.84	15.82	77.95	1.84	91.31	0.00	53	0
25	13	44	2.01	2171	2918	0.76	306	0	0	1	64.02	2	46.20	0.00	0.41	6.44	91.22	0.41	96.57	0.00	53	0
26	14	46	2.14	2142	2918	0.54	274	0	0	1	62.19	3	42.40	0.00	0.56	5.60	91.79	0.57	96.34	0.00	52	0
27	15	53	2.24	2349	2918	0.85	243	0	0	1	60.65	3	44.92	0.00	0.25	5.59	92.00	0.25	96.72	0.00	52	0
Core	CPU	Avg_MHz	Busy%	Bzy_MHz	TSC_MHz	IPC	IRQ	NMI	SMI	LLCMRPS	LLC%hit	L2MRPS	L2%hit	POLL%	C1ACPI%	C2ACPI%	C3ACPI%	CPU%c1	CPU%c6	CPU%c7	CoreTmp	CoreThr	PkgTmp	GFX%rc6	GFXMHz	GFXAMHz	Totl%C0	Any%C0	GFX%C0	CPUGFX%	Pkg%pc2	Pkg%pc3	Pkg%pc6	Pkg%pc8	Pk%pc10	CPU%LPI	SYS%LPI	PkgWatt	CorWatt	GFXWatt	RAMWatt	PKG_%	RAM_%	UncMHz	SysWatt
-	-	98	3.95	2489	2918	0.72	10476	0	0	50	72.98	88	36.06	0.00	2.43	8.94	84.86	4.49	47.28	40.60	53	0	54	93.94	300	300	74.68	48.77	5.29	3.00	19.75	0.00	0.00	0.00	0.00	0.00	0.00	9.60	5.24	0.02	0.00	0.00	0.00	4000	3.39
0	0	51	3.80	1354	2918	0.78	540	0	0	3	89.65	4	25.19	0.00	1.84	13.40	81.34	2.78	13.62	76.29	50	0	54	93.96	300	300	74.69	48.77	5.29	3.00	19.75	0.00	0.00	0.00	0.00	0.00	0.00	9.60	5.24	0.02	0.00	0.00	0.00	4000
0	1	27	1.57	1697	2918	0.81	307	0	0	1	83.22	2	32.46	0.00	1.13	2.74	94.68	2.78
4	2	355	16.47	2154	2918	0.23	4841	0	0	12	94.73	17	28.68	0.02	21.04	23.56	39.65	21.12	22.95	34.32	48	0
4	3	6	0.21	2676	2918	0.41	28	0	0	0	81.94	0	35.89	0.00	0.02	0.12	99.66	21.12
8	4	136	5.52	2458	2918	0.71	788	0	0	6	70.97	8	27.63	0.05	3.19	20.07	71.63	3.55	19.31	62.28	47	0
8	5	337	8.18	4126	2918	1.17	379	0	0	11	38.79	19	28.86	0.00	0.91	3.74	87.23	3.55
12	6	294	8.96	3282	2918	0.67	790	0	0	5	76.34	13	56.53	0.00	2.30	16.57	72.49	2.37	16.10	71.04	49	0
12	7	1	0.04	2569	2918	0.56	4	0	0	0	83.79	0	35.56	0.00	0.00	0.00	99.96	2.37
16	8	89	4.56	1953	2918	0.68	638	0	0	4	81.43	7	32.71	0.00	2.54	16.13	77.14	2.62	15.81	75.02	52	0
16	9	2	0.08	1784	2918	0.46	16	0	0	0	86.74	0	32.55	0.00	0.01	0.13	99.78	2.62
20	10	79	3.18	2478	2918	1.27	326	0	0	3	75.68	5	41.11	0.00	0.82	6.75	89.46	1.00	6.58	87.02	50	0
20	11	20	0.79	2507	2918	1.15	62	0	0	1	79.62	1	29.10	0.00	0.17	0.10	98.96	1.00
24	12	49	2.91	1682	2918	0.57	631	0	0	1	75.42	3	43.18	0.00	1.56	13.54	82.16	1.56	93.27	0.00	53	0
25	13	49	2.42	2037	2918	0.82	370	0	0	1	68.89	3	56.11	0.00	0.84	9.10	87.74	0.84	95.41	0.00	53	0
26	14	39	2.08	1856	2918	0.53	315	0	0	1	70.33	3	44.94	0.00	1.23	6.82	89.97	1.24	95.36	0.00	53	0
27	15	42	2.49	1691	2918	0.62	441	0	0	1	73.36	3	44.28	0.01	1.35	10.24	86.07	1.35	94.42	0.00	53	0
Core	CPU	Avg_MHz	Busy%	Bzy_MHz	TSC_MHz	IPC	IRQ	NMI	SMI	LLCMRPS	LLC%hit	L2MRPS	L2%hit	POLL%	C1ACPI%	C2ACPI%	C3ACPI%	CPU%c1	CPU%c6	CPU%c7	CoreTmp	CoreThr	PkgTmp	GFX%rc6	GFXMHz	GFXAMHz	Totl%C0	Any%C0	GFX%C0	CPUGFX%	Pkg%pc2	Pkg%pc3	Pkg%pc6	Pkg%pc8	Pk%pc10	CPU%LPI	SYS%LPI	PkgWatt	CorWatt	GFXWatt	RAMWatt	PKG_%	RAM_%	UncMHz	SysWatt
-	-	82	3.40	2414	2919	0.71	8297	0	0	47	72.20	78	32.04	0.00	1.66	7.35	87.77	3.21	47.88	42.47	53	0	54	94.28	300	300	64.24	43.24	5.06	2.69	26.60	0.03	1.90	0.20	0.00	0.00	0.00	8.66	4.47	0.02	0.00	0.00	0.00	4000	3.11
0	0	58	3.78	1531	2918	0.53	440	0	0	4	85.32	5	23.83	0.00	0.77	11.53	84.29	1.35	13.32	76.82	51	0	54	94.26	300	300	64.24	43.24	5.06	2.69	26.59	0.03	1.90	0.20	0.00	0.00	0.00	8.66	4.47	0.02	0.00	0.00	0.00	4000
0	1	37	2.05	1784	2918	0.65	331	0	0	2	86.27	2	26.32	0.00	0.52	3.47	94.10	1.35
4	2	308	14.19	2168	2918	0.23	3873	0	0	10	94.29	14	27.71	0.00	15.11	20.48	50.83	15.20	20.06	45.97	47	0
4	3	6	0.27	2150	2918	0.38	38	0	0	0	81.80	0	30.75	0.00	0.01	0.38	99.36	15.20
8	4	136	5.38	2527	2918	0.83	706	0	0	5	69.51	8	31.75	0.00	2.61	18.16	74.26	2.91	17.99	64.42	49	0
8	5	371	8.87	4181	2918	1.14	418	0	0	11	37.46	20	29.95	0.00	0.68	3.34	87.16	2.91
12	6	140	5.70	2448	2918	0.84	600	0	0	5	78.05	9	41.52	0.00	1.87	14.98	77.78	1.93	14.51	76.13	51	0
12	7	2	0.10	2390	2918	0.46	5	0	0	0	79.79	0	28.42	0.00	0.09	0.00	99.82	1.93
16	8	68	3.91	1726	2918	0.50	665	0	0	4	82.99	6	28.00	0.00	2.46	17.05	76.90	2.53	16.59	75.68	53	0
16	9	1	0.03	2361	2918	0.69	2	0	0	0	90.47	0	30.11	0.00	0.00	0.00	99.97	2.53
20	10	69	3.12	2217	2918	0.54	329	0	0	3	83.43	4	38.65	0.00	0.90	8.60	87.60	0.95	8.29	85.67	50	0
20	11	12	0.49	2360	2918	1.13	27	0	0	1	80.21	1	26.79	0.00	0.00	0.00	99.53	0.95
24	12	37	2.38	1544	2918	0.53	291	0	0	1	76.54	3	37.08	0.00	0.64	7.48	89.63	0.65	95.51	0.00	53	0
25	13	20	1.17	1668	2918	0.56	154	0	0	1	74.70	1	44.50	0.00	0.24	3.03	95.61	0.24	97.92	0.00	53	0
26	14	30	1.57	1887	2918	0.75	190	0	0	1	61.76	2	45.24	0.00	0.32	3.79	94.39	0.32	97.31	0.00	53	0
27	15	23	1.46	1603	2918	0.68	228	0	0	1	72.30	1	46.21	0.00	0.34	5.33	92.94	0.34	97.35	0.00	53	0
Core	CPU	Avg_MHz	Busy%	Bzy_MHz	TSC_MHz	IPC	IRQ	NMI	SMI	LLCMRPS	LLC%hit	L2MRPS	L2%hit	POLL%	C1ACPI%	C2ACPI%	C3ACPI%	CPU%c1	CPU%c6	CPU%c7	CoreTmp	CoreThr	PkgTmp	GFX%rc6	GFXMHz	GFXAMHz	Totl%C0	Any%C0	GFX%C0	CPUGFX%	Pkg%pc2	Pkg%pc3	Pkg%pc6	Pkg%pc8	Pk%pc10	CPU%LPI	SYS%LPI	PkgWatt	CorWatt	GFXWatt	RAMWatt	PKG_%	RAM_%	UncMHz	SysWatt
-	-	97	3.82	2545	2918	0.63	9277	0	0	50	74.71	82	31.85	0.00	1.79	8.14	86.43	3.44	46.46	42.54	53	0	54	94.41	433	450	72.55	48.93	4.84	2.54	20.69	0.00	0.00	0.10	0.00	0.00	0.00	9.34	5.10	0.03	0.00	0.00	0.00	4000	3.32
0	0	38	3.31	1153	2918	0.68	334	0	0	3	93.26	4	20.19	0.00	0.73	9.35	86.98	1.24	10.71	80.50	50	0	54	94.41	433	450	72.55	48.93	4.84	2.54	20.70	0.00	0.00	0.10	0.00	0.00	0.00	9.34	5.10	0.03	0.00	0.00	0.00	4000
0	1	28	1.58	1795	2918	0.74	283	0	0	1	81.94	2	27.09	0.00	0.56	2.02	95.94	1.24
4	2	419	17.38	2412	2918	0.18	4557	0	0	12	94.72	17	27.16	0.02	16.99	25.12	41.22	17.05	24.75	35.63	48	0
4	3	18	0.53	3432	2918	0.51	62	0	0	1	89.97	2	37.59	0.00	0.12	0.97	98.41	17.05
8	4	144	5.97	2406	2918	0.75	691	0	0	5	80.37	9	35.65	0.00	2.79	17.18	74.49	3.38	16.48	67.96	49	0
8	5	202	4.81	4203	2918	1.12	239	0	0	6	37.50	11	29.38	0.00	0.74	1.15	93.33	3.38
12	6	432	11.73	3684	2918	0.77	826	0	0	10	57.18	18	35.70	0.01	2.49	16.21	69.88	2.57	16.54	66.76	49	0
12	7	28	0.94	2922	2918	0.34	97	0	0	1	75.13	2	28.30	0.00	0.04	1.31	97.74	2.57
16	8	68	3.50	1937	2918	0.67	559	0	0	4	82.67	5	30.59	0.00	1.55	12.16	83.05	1.61	11.82	81.73	52	0
16	9	1	0.04	2091	2918	0.75	3	0	0	0	89.96	0	33.75	0.00	0.00	0.00	99.96	1.61
20	10	28	2.11	1334	2918	0.69	170	0	0	2	92.74	3	22.12	0.00	0.47	2.97	94.65	0.53	2.90	92.78	51	0
20	11	0	0.01	1451	2918	0.55	3	0	0	0	81.84	0	49.56	0.00	0.00	0.00	99.99	0.53
24	12	40	2.95	1348	2918	0.50	443	0	0	1	82.23	3	35.23	0.01	0.99	12.74	83.52	1.00	93.53	0.00	53	0
25	13	36	2.20	1636	2918	0.52	328	0	0	1	75.51	2	40.08	0.00	0.39	9.27	88.27	0.40	95.90	0.00	53	0
26	14	46	2.36	1947	2918	0.82	337	0	0	1	62.76	3	44.91	0.00	0.47	9.33	87.96	0.47	95.57	0.00	53	0
27	15	29	1.77	1656	2918	0.77	345	0	0	1	71.13	2	43.93	0.00	0.36	10.48	87.49	0.37	96.44	0.00	53	0
Core	CPU	Avg_MHz	Busy%	Bzy_MHz	TSC_MHz	IPC	IRQ	NMI	SMI	LLCMRPS	LLC%hit	L2MRPS	L2%hit	POLL%	C1ACPI%	C2ACPI%	C3ACPI%	CPU%c1	CPU%c6	CPU%c7	CoreTmp	CoreThr	PkgTmp	GFX%rc6	GFXMHz	GFXAMHz	Totl%C0	Any%C0	GFX%C0	CPUGFX%	Pkg%pc2	Pkg%pc3	Pkg%pc6	Pkg%pc8	Pk%pc10	CPU%LPI	SYS%LPI	PkgWatt	CorWatt	GFXWatt	RAMWatt	PKG_%	RAM_%	UncMHz	SysWatt
-	-	84	3.46	2438	2919	0.74	9090	0	0	46	71.49	78	32.92	0.00	2.21	7.25	87.27	4.20	46.78	42.54	52	0	54	94.42	433	450	65.84	44.34	4.94	2.64	21.97	0.00	0.00	0.00	0.00	0.00	0.00	9.07	4.82	0.03	0.00	0.00	0.00	3300	3.24
0	0	38	3.26	1172	2918	0.72	411	0	0	3	91.45	3	21.15	0.00	1.16	12.87	83.08	1.56	14.63	76.50	51	0	54	94.41	433	450	65.83	44.33	4.94	2.64	21.97	0.00	0.00	0.00	0.00	0.00	0.00	9.07	4.82	0.03	0.00	0.00	0.00	3300
0	1	31	1.67	1833	2918	0.71	304	0	0	1	85.84	2	27.66	0.01	0.75	2.87	94.83	1.56
4	2	320	15.24	2101	2918	0.20	4757	0	0	10	95.06	15	28.38	0.02	21.98	25.12	38.38	22.22	24.49	33.77	49	0
4	3	13	0.41	3280	2918	0.78	61	0	0	0	64.86	1	49.77	0.00	0.43	0.75	98.42	22.22
8	4	110	4.43	2487	2918	0.81	521	0	0	4	73.58	6	37.58	0.00	2.00	13.48	80.46	2.43	13.66	68.89	49	0
8	5	395	9.35	4223	2918	1.17	389	0	0	12	39.12	22	28.30	0.00	0.60	1.97	88.12	2.43
12	6	126	4.48	2808	2918	0.64	452	0	0	4	73.20	7	44.28	0.00	2.00	8.52	85.23	2.01	8.17	82.80	50	0
12	7	43	1.19	3587	2918	0.77	85	0	0	2	67.42	3	36.19	0.00	0.01	0.13	98.70	2.01
16	8	96	4.59	2091	2918	0.87	646	0	0	4	80.82	6	31.66	0.00	3.13	14.30	78.28	3.31	13.80	76.93	51	0
16	9	2	0.06	2612	2918	0.81	16	0	0	0	87.45	0	37.83	0.00	0.18	0.00	99.76	3.31
20	10	47	2.77	1714	2918	0.74	329	0	0	2	86.24	4	32.80	0.00	0.95	8.55	87.97	1.09	8.28	86.45	50	0
20	11	1	0.03	2404	2918	0.78	7	0	0	0	83.18	0	47.87	0.00	0.18	0.00	99.79	1.09
24	12	33	2.03	1606	2918	0.71	265	0	0	1	72.46	2	40.95	0.01	0.39	6.38	91.31	0.39	96.20	0.00	52	0
25	13	33	1.99	1671	2918	0.66	275	0	0	1	75.50	2	44.24	0.00	0.57	7.00	90.54	0.58	96.15	0.00	52	0
26	14	37	2.31	1587	2918	0.68	332	0	0	1	69.62	2	41.57	0.00	0.34	9.46	88.02	0.35	95.71	0.00	52	0
27	15	27	1.62	1676	2918	0.67	240	0	0	1	74.20	2	49.02	0.00	0.62	4.53	93.31	0.62	96.76	0.00	52	0
Core	CPU	Avg_MHz	Busy%	Bzy_MHz	TSC_MHz	IPC	IRQ	NMI	SMI	LLCMRPS	LLC%hit	L2MRPS	L2%hit	POLL%	C1ACPI%	C2ACPI%	C3ACPI%	CPU%c1	CPU%c6	CPU%c7	CoreTmp	CoreThr	PkgTmp	GFX%rc6	GFXMHz	GFXAMHz	Totl%C0	Any%C0	GFX%C0	CPUGFX%	Pkg%pc2	Pkg%pc3	Pkg%pc6	Pkg%pc8	Pk%pc10	CPU%LPI	SYS%LPI	PkgWatt	CorWatt	GFXWatt	RAMWatt	PKG_%	RAM_%	UncMHz	SysWatt
-	-	93	3.71	2494	2918	0.68	9771	0	0	48	72.55	80	32.75	0.00	2.26	8.18	86.02	4.35	47.80	41.05	53	0	54	94.32	300	300	69.75	46.66	4.88	2.63	20.39	0.00	0.00	0.00	0.00	0.00	0.00	9.36	5.07	0.03	0.00	0.00	0.00	4000	3.32
0	0	37	3.25	1152	2918	0.71	362	0	0	3	92.43	3	20.38	0.01	0.56	11.48	85.06	1.28	11.86	79.83	51	0	54	94.34	300	300	69.76	46.66	4.88	2.63	20.40	0.00	0.00	0.00	0.00	0.00	0.00	9.36	5.07	0.03	0.00	0.00	0.00	4000
0	1	28	1.51	1824	2918	0.85	265	0	0	1	83.89	2	28.38	0.00	0.63	1.36	96.59	1.28
4	2	338	15.68	2154	2918	0.22	4797	0	0	11	93.54	16	28.58	0.01	22.49	23.71	38.86	22.76	23.30	33.22	49	0
4	3	34	1.06	3180	2918	0.86	118	0	0	1	73.90	2	37.78	0.00	0.65	1.76	96.57	22.76
8	4	77	4.13	1867	2918	0.69	604	0	0	3	81.41	5	32.79	0.01	2.38	16.77	77.14	3.19	17.04	65.83	49	0
8	5	351	8.47	4145	2918	1.14	384	0	0	11	39.27	19	28.78	0.00	1.11	3.27	87.21	3.19
12	6	293	8.95	3272	2918	0.59	733	0	0	5	67.04	11	42.21	0.01	2.43	16.99	72.00	2.52	17.38	68.11	51	0
12	7	37	1.42	2633	2918	0.39	117	0	0	2	74.79	3	31.25	0.00	0.04	1.55	97.06	2.52
16	8	71	3.14	2255	2918	0.87	403	0	0	3	77.97	5	31.92	0.00	1.39	8.44	87.23	1.43	8.24	86.21	52	0
16	9	0	0.02	1773	2918	0.63	6	0	0	0	90.10	0	36.19	0.00	0.00	0.00	99.98	1.43
20	10	81	3.93	2048	2918	0.85	794	0	0	3	82.55	5	33.35	0.00	2.50	15.56	78.30	2.55	15.07	77.29	51	0
20	11	5	0.20	2276	2918	0.68	12	0	0	0	82.30	0	35.63	0.00	0.00	0.00	99.81	2.55
24	12	43	2.41	1785	2918	0.69	263	0	0	1	74.17	3	39.40	0.00	0.56	6.64	90.49	0.57	95.67	0.00	53	0
25	13	25	1.54	1601	2918	0.66	306	0	0	1	75.89	2	50.09	0.00	0.57	6.15	91.83	0.57	96.78	0.00	53	0
26	14	36	2.31	1543	2918	0.49	383	0	0	1	76.25	2	41.39	0.00	0.58	11.76	85.50	0.59	95.16	0.00	53	0
27	15	28	1.40	1975	2918	0.91	224	0	0	1	69.05	2	41.57	0.00	0.34	5.48	92.84	0.34	97.54	0.00	53	0
Core	CPU	Avg_MHz	Busy%	Bzy_MHz	TSC_MHz	IPC	IRQ	NMI	SMI	LLCMRPS	LLC%hit	L2MRPS	L2%hit	POLL%	C1ACPI%	C2ACPI%	C3ACPI%	CPU%c1	CPU%c6	CPU%c7	CoreTmp	CoreThr	PkgTmp	GFX%rc6	GFXMHz	GFXAMHz	Totl%C0	Any%C0	GFX%C0	CPUGFX%	Pkg%pc2	Pkg%pc3	Pkg%pc6	Pkg%pc8	Pk%pc10	CPU%LPI	SYS%LPI	PkgWatt	CorWatt	GFXWatt	RAMWatt	PKG_%	RAM_%	UncMHz	SysWatt
-	-	93	3.65	2555	2919	0.81	9515	1	0	49	70.26	85	34.38	0.00	2.16	7.76	86.62	4.11	47.47	41.86	52	0	54	93.97	300	300	67.63	45.85	5.31	2.90	20.11	0.00	0.00	0.00	0.00	0.00	0.00	9.59	5.24	0.02	0.00	0.00	0.00	4000	3.37
0	0	47	3.51	1331	2918	0.65	359	0	0	3	91.42	4	23.30	0.00	0.85	10.40	85.61	2.00	12.36	77.99	51	0	54	93.97	300	300	67.63	45.86	5.31	2.90	20.11	0.00	0.00	0.00	0.00	0.00	0.00	9.59	5.24	0.02	0.00	0.00	0.00	4000
0	1	32	1.84	1724	2918	0.71	341	0	0	1	84.35	2	28.07	0.00	1.19	3.90	93.20	2.00
4	2	338	15.61	2168	2918	0.24	4814	0	0	11	93.71	16	28.60	0.01	22.04	25.42	37.64	22.09	24.88	32.95	49	0
4	3	15	0.46	3334	2918	0.75	75	0	0	1	74.75	1	41.42	0.00	0.15	0.86	98.55	22.09
8	4	124	5.00	2487	2918	0.57	668	0	0	4	72.86	7	33.36	0.01	2.34	16.63	76.42	2.81	19.10	63.61	51	0
8	5	373	9.01	4141	2918	1.13	458	1	0	12	37.56	21	28.70	0.00	0.90	5.30	84.86	2.81
12	6	271	7.96	3398	2918	1.41	717	0	0	7	63.33	15	45.14	0.00	1.83	12.51	77.98	1.87	12.55	75.24	50	0
12	7	41	1.36	3041	2918	0.38	117	0	0	2	72.67	3	30.94	0.00	0.09	0.96	97.65	1.87
16	8	55	3.12	1759	2918	0.74	518	0	0	3	81.78	5	32.41	0.00	1.55	14.20	81.39	1.66	13.77	80.39	52	0
16	9	3	0.14	2139	2918	0.55	9	0	0	0	88.37	0	35.25	0.00	0.08	0.00	99.79	1.66
20	10	73	2.87	2563	2918	0.93	362	0	0	3	74.53	5	44.40	0.00	1.16	6.47	89.67	1.28	6.30	88.45	50	0
20	11	8	0.34	2262	2918	0.69	26	0	0	0	84.33	1	33.84	0.00	0.08	0.00	99.59	1.28
24	12	27	1.96	1372	2918	0.52	284	0	0	1	80.95	2	43.29	0.00	0.86	8.00	89.30	0.86	95.75	0.00	52	0
25	13	24	1.40	1699	2918	0.62	254	0	0	1	69.17	1	49.46	0.00	0.34	6.61	91.72	0.34	97.34	0.00	52	0
26	14	37	2.41	1544	2918	0.41	352	0	0	1	77.37	2	38.46	0.00	0.96	9.44	87.34	0.97	95.00	0.00	52	0
27	15	23	1.40	1677	2918	0.76	161	0	0	1	74.51	2	48.84	0.00	0.19	3.42	95.06	0.20	97.59	0.00	52	0
Core	CPU	Avg_MHz	Busy%	Bzy_MHz	TSC_MHz	IPC	IRQ	NMI	SMI	LLCMRPS	LLC%hit	L2MRPS	L2%hit	POLL%	C1ACPI%	C2ACPI%	C3ACPI%	CPU%c1	CPU%c6	CPU%c7	CoreTmp	CoreThr	PkgTmp	GFX%rc6	GFXMHz	GFXAMHz	Totl%C0	Any%C0	GFX%C0	CPUGFX%	Pkg%pc2	Pkg%pc3	Pkg%pc6	Pkg%pc8	Pk%pc10	CPU%LPI	SYS%LPI	PkgWatt	CorWatt	GFXWatt	RAMWatt	PKG_%	RAM_%	UncMHz	SysWatt
-	-	91	3.65	2485	2918	0.69	9463	1	0	49	71.46	81	31.92	0.00	2.16	8.50	85.89	4.17	49.29	39.95	52	0	52	94.17	300	300	68.36	46.00	5.10	2.58	21.36	0.01	0.81	0.00	0.00	0.00	0.00	9.36	5.06	0.02	0.00	0.00	0.00	3600	3.31
0	0	40	3.43	1156	2918	0.66	280	0	0	3	91.66	4	22.01	0.00	0.23	9.13	87.59	1.14	12.94	77.56	51	0	52	94.17	300	300	68.36	46.00	5.10	2.58	21.36	0.01	0.81	0.00	0.00	0.00	0.00	9.36	5.06	0.02	0.00	0.00	0.00	3600
0	1	37	2.14	1750	2918	0.60	375	0	0	2	85.57	2	26.46	0.00	0.85	5.55	91.62	1.14
4	2	303	14.56	2084	2918	0.19	4526	0	0	10	95.42	14	28.43	0.00	22.51	21.14	42.47	22.60	20.59	37.94	48	0
4	3	10	0.32	3030	2918	0.57	40	0	0	0	76.14	1	41.01	0.00	0.10	0.30	99.29	22.60
8	4	104	4.91	2112	2918	0.71	770	0	0	5	76.55	7	29.58	0.02	3.01	20.10	72.44	3.06	20.07	61.93	48	0
8	5	398	9.36	4250	2918	1.15	439	0	0	12	37.98	22	28.84	0.00	0.61	3.60	86.48	3.06
12	6	239	7.90	3022	2918	0.57	811	1	0	5	71.06	9	36.98	0.00	2.80	20.78	68.90	2.84	20.44	66.19	49	0
12	7	41	1.40	2960	2918	0.37	115	0	0	2	74.76	3	29.24	0.00	0.03	0.97	97.66	2.84
16	8	91	4.18	2182	2918	0.85	583	0	0	4	76.78	7	41.13	0.00	1.50	15.94	78.69	1.56	15.50	77.48	52	0
16	9	1	0.06	2127	2918	0.63	9	0	0	0	85.30	0	36.44	0.00	0.00	0.00	99.94	1.56
20	10	83	4.10	2030	2918	0.60	574	0	0	3	85.02	5	26.73	0.00	1.26	15.06	79.90	1.34	14.64	78.41	50	0
20	11	1	0.06	1673	2918	0.61	15	0	0	0	91.36	0	29.49	0.00	0.00	0.00	99.94	1.34
24	12	22	1.43	1522	2918	0.64	213	0	0	1	75.85	1	44.80	0.00	0.37	5.61	92.67	0.38	97.20	0.00	52	0
25	13	24	1.58	1531	2918	0.64	256	0	0	1	72.80	2	44.63	0.00	0.52	6.48	91.51	0.53	96.73	0.00	52	0
26	14	24	1.40	1699	2918	0.52	227	0	0	1	69.78	1	45.01	0.00	0.27	6.14	92.27	0.28	97.54	0.00	52	0
27	15	32	1.55	2093	2918	0.87	230	0	0	1	64.21	2	58.18	0.00	0.53	5.20	92.79	0.53	97.25	0.00	52	0
Core	CPU	Avg_MHz	Busy%	Bzy_MHz	TSC_MHz	IPC	IRQ	NMI	SMI	LLCMRPS	LLC%hit	L2MRPS	L2%hit	POLL%	C1ACPI%	C2ACPI%	C3ACPI%	CPU%c1	CPU%c6	CPU%c7	CoreTmp	CoreThr	PkgTmp	GFX%rc6	GFXMHz	GFXAMHz	Totl%C0	Any%C0	GFX%C0	CPUGFX%	Pkg%pc2	Pkg%pc3	Pkg%pc6	Pkg%pc8	Pk%pc10	CPU%LPI	SYS%LPI	PkgWatt	CorWatt	GFXWatt	RAMWatt	PKG_%	RAM_%	UncMHz	SysWatt
-	-	77	2.98	2575	2918	0.77	6107	0	0	41	66.04	69	32.70	0.00	1.06	6.26	89.85	1.99	46.25	46.10	52	0	54	94.26	300	300	55.72	37.46	5.07	2.48	34.37	0.20	6.67	0.00	0.00	0.00	0.00	7.82	3.95	0.02	0.00	0.00	0.00	4000	2.74
0	0	49	3.17	1554	2918	0.92	248	0	0	2	84.75	4	27.33	0.00	0.89	6.05	90.21	1.60	7.82	83.21	51	0	54	94.27	300	300	55.72	37.46	5.07	2.48	34.37	0.20	6.67	0.00	0.00	0.00	0.00	7.82	3.95	0.02	0.00	0.00	0.00	4000
0	1	32	1.88	1708	2918	0.69	324	0	0	1	82.59	2	28.17	0.01	0.93	2.94	94.39	1.60
4	2	191	7.95	2409	2918	0.36	1829	0	0	6	86.42	9	25.49	0.00	5.45	13.20	73.74	5.52	12.91	71.12	48	0
4	3	3	0.15	1683	2918	0.44	28	0	0	0	68.32	0	31.46	0.00	0.00	0.17	99.69	5.52
8	4	161	5.76	2800	2918	0.69	637	0	0	5	69.52	8	38.38	0.01	2.72	12.85	79.04	3.47	15.50	67.14	50	0
8	5	287	7.21	3976	2918	1.10	429	0	0	9	37.94	15	28.68	0.01	1.13	5.47	86.27	3.47
12	6	197	5.99	3287	2918	0.99	485	0	0	6	55.52	11	37.15	0.00	1.40	9.62	83.22	1.46	10.13	80.13	49	0
12	7	35	1.23	2889	2918	0.35	112	0	0	2	71.77	3	30.14	0.00	0.07	1.11	97.64	1.46
16	8	99	4.37	2267	2918	0.55	589	0	0	4	78.22	6	36.45	0.01	1.76	16.04	78.12	1.82	15.56	77.24	52	0
16	9	0	0.03	1674	2918	0.50	3	0	0	0	87.26	0	34.65	0.00	0.00	0.00	99.97	1.82
20	10	58	3.40	1692	2918	0.67	532	0	0	3	79.72	4	24.60	0.00	1.34	12.21	83.32	1.40	11.89	82.16	50	0
20	11	0	0.02	1902	2918	0.58	3	0	0	0	81.07	0	37.07	0.00	0.00	0.00	99.98	1.40
24	12	33	1.96	1664	2918	0.71	283	0	0	1	68.05	2	38.72	0.00	0.37	8.07	89.71	0.37	96.39	0.00	52	0
25	13	35	1.85	1881	2918	0.76	222	0	0	1	63.81	2	47.24	0.00	0.34	4.79	93.11	0.34	96.84	0.00	52	0
26	14	23	1.45	1619	2918	0.71	219	0	0	1	70.03	1	46.66	0.00	0.28	4.86	93.49	0.29	97.45	0.00	52	0
27	15	22	1.21	1838	2918	0.85	164	0	0	0	63.25	1	48.63	0.00	0.34	2.74	95.76	0.34	98.02	0.00	52	0
Core	CPU	Avg_MHz	Busy%	Bzy_MHz	TSC_MHz	IPC	IRQ	NMI	SMI	LLCMRPS	LLC%hit	L2MRPS	L2%hit	POLL%	C1ACPI%	C2ACPI%	C3ACPI%	CPU%c1	CPU%c6	CPU%c7	CoreTmp	CoreThr	PkgTmp	GFX%rc6	GFXMHz	GFXAMHz	Totl%C0	Any%C0	GFX%C0	CPUGFX%	Pkg%pc2	Pkg%pc3	Pkg%pc6	Pkg%pc8	Pk%pc10	CPU%LPI	SYS%LPI	PkgWatt	CorWatt	GFXWatt	RAMWatt	PKG_%	RAM_%	UncMHz	SysWatt
-	-	97	3.92	2481	2916	0.62	9353	0	0	52	74.59	84	30.85	0.00	1.81	8.19	86.19	3.44	48.08	40.99	54	0	54	93.96	300	150	73.16	48.35	5.15	2.79	22.88	0.00	0.00	0.00	0.00	0.00	0.00	9.17	4.90	0.02	0.00	0.00	0.00	3000	3.28
0	0	72	4.51	1605	2918	0.82	386	0	0	4	89.01	6	24.05	0.01	0.54	10.94	84.45	0.77	11.43	78.52	51	0	54	94.10	300	150	73.22	48.38	5.16	2.79	22.89	0.00	0.00	0.00	0.00	0.00	0.00	9.19	4.90	0.02	0.00	0.00	0.00	3000
0	1	23	1.52	1515	2918	0.60	222	0	0	1	89.43	2	26.31	0.00	0.11	1.24	97.26	0.77
4	2	403	17.80	2265	2918	0.16	4493	0	0	12	95.93	16	26.06	0.01	16.75	25.67	40.50	16.86	25.09	35.26	48	0
4	3	4	0.17	2560	2918	0.34	41	0	0	0	79.23	0	35.29	0.00	0.03	0.42	99.38	16.86
8	4	92	4.20	2184	2918	0.67	610	0	0	3	79.61	6	33.95	0.00	1.64	14.79	79.75	2.04	16.63	67.01	54	0
8	5	388	9.47	4096	2918	1.14	484	0	0	12	38.85	22	29.06	0.00	0.80	4.38	85.41	2.04
12	6	229	7.54	3037	2918	0.47	629	0	0	5	82.66	9	37.07	0.00	2.13	14.75	75.92	2.17	14.38	72.86	52	0
12	7	42	1.38	3029	2918	0.41	84	0	0	2	78.31	3	32.19	0.00	0.09	0.23	98.35	2.17
16	8	102	4.42	2296	2918	0.69	613	0	0	4	78.35	7	35.37	0.01	2.36	14.45	79.05	2.42	14.14	77.68	54	0
16	9	1	0.07	1649	2918	0.62	8	0	0	0	87.23	0	35.21	0.00	0.00	0.08	99.85	2.42
20	10	75	3.89	1934	2918	0.83	606	0	0	4	81.61	5	28.86	0.01	1.86	14.61	79.93	1.91	14.24	78.66	52	0
20	11	1	0.05	1945	2918	0.72	6	0	0	0	88.64	0	30.67	0.00	0.00	0.00	99.95	1.91
24	12	38	2.25	1704	2918	0.53	322	0	0	1	72.14	3	36.39	0.00	0.72	8.33	88.81	0.72	95.69	0.00	52	0
25	13	40	2.96	1357	2918	0.37	489	0	0	1	78.43	3	32.34	0.00	1.24	14.93	81.06	1.25	93.50	0.00	52	0
26	14	28	1.54	1812	2918	0.75	233	0	0	1	71.53	2	45.78	0.00	0.66	4.92	92.95	0.66	96.97	0.00	52	0
27	15	19	1.02	1879	2918	0.86	127	0	0	0	69.84	1	50.25	0.00	0.14	1.33	97.55	0.14	98.53	0.00	52	0
Core	CPU	Avg_MHz	Busy%	Bzy_MHz	TSC_MHz	IPC	IRQ	NMI	SMI	LLCMRPS	LLC%hit	L2MRPS	L2%hit	POLL%	C1ACPI%	C2ACPI%	C3ACPI%	CPU%c1	CPU%c6	CPU%c7	CoreTmp	CoreThr	PkgTmp	GFX%rc6	GFXMHz	GFXAMHz	Totl%C0	Any%C0	GFX%C0	CPUGFX%	Pkg%pc2	Pkg%pc3	Pkg%pc6	Pkg%pc8	Pk%pc10	CPU%LPI	SYS%LPI	PkgWatt	CorWatt	GFXWatt	RAMWatt	PKG_%	RAM_%	UncMHz	SysWatt
-	-	83	3.50	2384	2921	0.74	9514	0	0	47	72.21	79	32.67	0.00	2.31	7.97	86.48	4.39	47.68	41.45	58	0	58	94.22	300	300	66.50	45.32	5.23	2.71	21.02	0.00	0.00	0.00	0.00	0.00	0.00	9.30	4.92	0.02	0.00	0.00	0.00	3200	3.30
0	0	45	3.31	1359	2918	0.82	268	0	0	3	87.75	4	23.25	0.00	0.73	7.22	89.06	1.01	9.10	82.87	51	0	58	94.07	300	300	66.44	45.28	5.22	2.71	21.01	0.00	0.00	0.00	0.00	0.00	0.00	9.28	4.92	0.02	0.00	0.00	0.00	3200
0	1	29	1.53	1873	2918	0.78	288	0	0	1	79.79	2	33.41	0.00	0.28	2.45	95.84	1.01
4	2	335	16.04	2089	2918	0.20	4946	0	0	11	94.73	16	28.86	0.01	23.49	25.12	36.06	23.60	24.65	31.56	49	0
4	3	5	0.25	1911	2918	0.31	57	0	0	0	80.18	0	34.51	0.00	0.10	0.64	99.02	23.60
8	4	118	5.98	1974	2918	0.81	939	0	0	5	81.60	8	29.50	0.00	3.74	26.88	63.97	3.85	25.90	53.70	49	0
8	5	378	8.96	4215	2918	1.16	439	0	0	12	39.54	21	28.93	0.00	0.63	4.43	86.04	3.85
12	6	89	4.17	2147	2918	0.83	583	0	0	4	74.43	6	37.05	0.00	2.73	13.12	80.28	2.78	13.31	77.77	49	0
12	7	20	0.70	2836	2918	0.47	33	0	0	1	70.86	1	31.37	0.00	0.00	0.68	98.65	2.78
16	8	126	4.83	2605	2918	0.81	560	0	0	4	75.40	8	45.34	0.00	1.56	13.98	79.90	1.62	13.59	78.64	58	0
16	9	1	0.03	2524	2918	0.62	3	0	0	0	82.25	0	45.23	0.00	0.08	0.00	99.88	1.62
20	10	56	2.50	2251	2918	0.81	269	0	0	3	80.22	4	29.86	0.00	0.77	5.85	91.05	0.81	5.70	89.92	51	0
20	11	0	0.02	1810	2918	0.57	2	0	0	0	87.20	0	45.78	0.00	0.00	0.00	99.98	0.81
24	12	46	2.87	1602	2918	0.56	370	0	0	2	74.92	3	36.55	0.00	0.89	8.82	87.56	0.90	94.34	0.00	53	0
25	13	35	2.18	1611	2918	0.44	353	0	0	1	74.24	2	39.29	0.00	0.87	9.22	87.85	0.88	95.39	0.00	53	0
26	14	33	1.67	1983	2918	0.96	278	0	0	1	61.18	2	50.87	0.00	0.60	7.06	90.74	0.60	96.63	0.00	53	0
27	15	17	0.89	1947	2918	0.79	126	0	0	0	72.50	1	47.41	0.00	0.45	1.98	96.71	0.45	98.48	0.00	53	0
Core	CPU	Avg_MHz	Busy%	Bzy_MHz	TSC_MHz	IPC	IRQ	NMI	SMI	LLCMRPS	LLC%hit	L2MRPS	L2%hit	POLL%	C1ACPI%	C2ACPI%	C3ACPI%	CPU%c1	CPU%c6	CPU%c7	CoreTmp	CoreThr	PkgTmp	GFX%rc6	GFXMHz	GFXAMHz	Totl%C0	Any%C0	GFX%C0	CPUGFX%	Pkg%pc2	Pkg%pc3	Pkg%pc6	Pkg%pc8	Pk%pc10	CPU%LPI	SYS%LPI	PkgWatt	CorWatt	GFXWatt	RAMWatt	PKG_%	RAM_%	UncMHz	SysWatt
-	-	90	3.69	2443	2918	0.67	9651	0	0	49	72.89	80	32.10	0.00	2.08	8.13	86.27	4.06	48.07	41.03	52	0	54	94.06	300	300	69.60	46.55	5.20	2.81	22.32	0.00	0.00	0.00	0.00	0.00	0.00	9.26	4.95	0.03	0.00	0.00	0.00	3500	3.29
0	0	52	3.56	1470	2918	0.71	248	0	0	3	88.13	5	24.79	0.00	0.28	6.23	90.27	0.46	10.14	81.27	51	0	54	94.07	300	300	69.61	46.55	5.20	2.81	22.32	0.00	0.00	0.00	0.00	0.00	0.00	9.26	4.95	0.03	0.00	0.00	0.00	3500
0	1	25	1.63	1550	2918	0.36	320	0	0	1	89.06	2	25.17	0.02	0.09	5.23	93.19	0.46
4	2	322	15.80	2041	2918	0.21	4908	0	0	11	95.03	16	28.03	0.01	22.78	28.02	34.15	22.85	27.36	29.93	48	0
4	3	3	0.17	1692	2918	0.36	41	0	0	0	82.25	0	35.05	0.00	0.03	0.11	99.70	22.85
8	4	100	4.01	2488	2918	0.84	513	0	0	4	74.17	7	35.63	0.01	1.83	12.20	82.31	2.32	13.94	69.69	47	0
8	5	389	9.41	4139	2918	1.14	455	0	0	12	38.97	22	30.41	0.00	0.76	4.51	85.39	2.32
12	6	198	7.09	2788	2918	0.53	617	0	0	5	80.44	8	36.31	0.00	1.95	14.46	76.87	2.15	13.98	73.99	49	0
12	7	20	0.65	3061	2918	0.43	33	0	0	1	76.92	2	33.08	0.00	0.18	0.00	99.20	2.15
16	8	118	4.83	2447	2918	0.59	676	0	0	4	79.76	7	37.45	0.00	1.91	16.39	77.17	1.98	16.27	75.54	50	0
16	9	1	0.07	1176	2918	0.52	29	0	0	0	92.81	0	26.35	0.00	0.01	0.61	99.31	1.98
20	10	61	3.49	1754	2918	0.62	565	0	0	3	81.01	5	26.28	0.00	1.80	13.96	81.04	1.85	13.58	79.87	48	0
20	11	1	0.03	2158	2918	0.55	25	0	0	0	83.02	0	41.62	0.00	0.00	0.00	99.96	1.85
24	12	49	2.63	1856	2918	0.64	321	0	0	1	72.07	3	37.70	0.00	0.54	7.47	89.48	0.55	95.30	0.00	52	0
25	13	36	2.00	1780	2918	0.64	343	0	0	1	69.15	2	42.77	0.00	0.45	8.87	88.78	0.45	96.29	0.00	52	0
26	14	34	1.88	1819	2918	0.87	254	0	0	1	71.17	2	42.15	0.00	0.50	5.65	92.06	0.50	96.75	0.00	52	0
27	15	33	1.78	1857	2918	0.56	303	0	0	1	69.18	2	40.91	0.00	0.24	6.44	91.62	0.24	97.03	0.00	52	0
Core	CPU	Avg_MHz	Busy%	Bzy_MHz	TSC_MHz	IPC	IRQ	NMI	SMI	LLCMRPS	LLC%hit	L2MRPS	L2%hit	POLL%	C1ACPI%	C2ACPI%	C3ACPI%	CPU%c1	CPU%c6	CPU%c7	CoreTmp	CoreThr	PkgTmp	GFX%rc6	GFXMHz	GFXAMHz	Totl%C0	Any%C0	GFX%C0	CPUGFX%	Pkg%pc2	Pkg%pc3	Pkg%pc6	Pkg%pc8	Pk%pc10	CPU%LPI	SYS%LPI	PkgWatt	CorWatt	GFXWatt	RAMWatt	PKG_%	RAM_%	UncMHz	SysWatt
-	-	83	3.44	2400	2919	0.73	9230	0	0	47	72.78	79	32.62	0.00	2.23	7.23	87.30	4.37	48.05	41.58	52	0	54	94.23	300	300	64.25	45.10	5.06	2.61	20.94	0.00	0.00	0.00	0.00	0.00	0.00	9.22	4.88	0.02	0.00	0.00	0.00	4000	3.29
0	0	61	3.78	1610	2918	0.63	348	0	0	4	85.71	5	23.27	0.00	0.39	8.69	87.50	0.83	15.08	75.87	51	0	54	94.22	300	300	64.25	45.11	5.06	2.61	20.94	0.00	0.00	0.00	0.00	0.00	0.00	9.22	4.88	0.02	0.00	0.00	0.00	4000
0	1	36	2.12	1702	2918	0.36	406	0	0	2	86.28	2	28.10	0.00	0.37	8.32	89.37	0.83
4	2	333	16.54	2010	2918	0.19	5254	0	0	11	94.88	16	28.88	0.03	26.16	30.99	27.10	26.16	30.08	23.69	48	0
4	3	4	0.15	2570	2918	0.42	27	0	0	0	76.11	0	36.01	0.01	0.01	0.14	99.71	26.16
8	4	175	5.66	3091	2918	0.94	539	0	0	5	67.76	10	46.41	0.00	1.68	12.56	80.44	2.10	13.75	69.12	49	0
8	5	388	9.17	4236	2918	1.12	393	0	0	11	38.37	21	30.79	0.00	0.60	3.39	86.89	2.10
12	6	89	4.29	2064	2918	0.90	494	0	0	4	78.43	6	35.44	0.00	2.05	11.01	82.96	2.14	10.70	80.47	49	0
12	7	20	0.62	3177	2918	0.67	26	0	0	1	68.01	2	30.64	0.00	0.05	0.09	99.26	2.14
16	8	62	3.39	1822	2918	0.74	532	0	0	3	84.59	5	28.71	0.00	1.89	12.98	82.06	2.13	13.77	77.50	51	0
16	9	19	1.33	1449	2918	0.70	73	0	0	1	89.03	2	25.98	0.00	0.19	1.30	97.27	2.13
20	10	44	2.36	1888	2918	0.54	328	0	0	2	78.77	3	27.22	0.01	0.91	6.92	89.99	0.95	6.74	89.16	50	0
20	11	1	0.04	1720	2918	0.59	3	0	0	0	86.75	0	45.07	0.00	0.00	0.00	99.96	0.95
24	12	23	1.70	1360	2918	0.55	274	0	0	1	77.31	2	36.30	0.00	0.36	8.15	89.90	0.37	96.88	0.00	52	0
25	13	24	1.68	1435	2918	0.61	290	0	0	1	75.85	2	37.81	0.00	0.51	7.88	90.04	0.51	96.82	0.00	52	0
26	14	22	1.17	1908	2918	0.88	146	0	0	0	70.49	1	48.35	0.00	0.35	2.02	96.51	0.35	98.08	0.00	52	0
27	15	20	1.01	1948	2918	0.89	97	0	0	0	70.13	1	50.72	0.00	0.08	1.21	97.74	0.08	98.62	0.00	52	0
Core	CPU	Avg_MHz	Busy%	Bzy_MHz	TSC_MHz	IPC	IRQ	NMI	SMI	LLCMRPS	LLC%hit	L2MRPS	L2%hit	POLL%	C1ACPI%	C2ACPI%	C3ACPI%	CPU%c1	CPU%c6	CPU%c7	CoreTmp	CoreThr	PkgTmp	GFX%rc6	GFXMHz	GFXAMHz	Totl%C0	Any%C0	GFX%C0	CPUGFX%	Pkg%pc2	Pkg%pc3	Pkg%pc6	Pkg%pc8	Pk%pc10	CPU%LPI	SYS%LPI	PkgWatt	CorWatt	GFXWatt	RAMWatt	PKG_%	RAM_%	UncMHz	SysWatt
-	-	107	4.17	2570	2918	0.81	9634	0	0	56	71.90	93	32.95	0.00	2.10	7.57	86.35	3.96	47.14	41.15	54	0	54	94.13	300	300	76.94	48.09	5.22	2.86	22.25	0.00	0.00	0.00	0.00	0.00	0.00	9.70	5.28	0.02	0.00	0.00	0.00	3700	3.41
0	0	97	4.94	1954	2918	1.15	424	0	0	5	82.34	7	27.56	0.00	1.32	9.21	84.95	2.23	15.44	70.87	51	0	54	94.13	300	300	76.94	48.09	5.22	2.86	22.25	0.00	0.00	0.00	0.00	0.00	0.00	9.70	5.28	0.02	0.00	0.00	0.00	3700
0	1	47	3.10	1532	2918	0.49	478	0	0	3	91.84	4	24.24	0.02	0.95	8.79	87.42	2.23
4	2	383	17.09	2242	2918	0.35	4712	0	0	13	91.02	18	28.42	0.02	19.34	27.11	37.19	19.37	26.47	32.39	49	0
4	3	10	0.36	2735	2918	0.85	60	0	0	0	62.44	1	39.29	0.00	0.04	0.57	99.05	19.37
8	4	128	4.98	2577	2918	0.71	523	0	0	4	81.23	8	43.71	0.00	2.24	13.23	79.94	2.72	13.03	68.72	54	0
8	5	394	9.31	4238	2918	1.14	414	0	0	12	37.89	22	28.76	0.00	0.90	2.42	87.41	2.72
12	6	227	7.96	2846	2918	0.61	794	0	0	6	78.21	9	31.73	0.01	3.24	19.05	70.12	3.29	18.40	67.84	49	0
12	7	25	0.86	2959	2918	0.63	29	0	0	1	74.80	2	30.27	0.00	0.01	0.05	99.10	3.29
16	8	92	3.94	2325	2918	1.30	437	0	0	4	78.18	6	31.55	0.00	1.24	8.20	86.83	1.41	8.75	83.17	53	0
16	9	59	1.59	3709	2918	0.68	94	0	0	1	66.84	3	58.20	0.00	0.15	1.36	96.93	1.41
20	10	67	3.08	2170	2918	1.12	330	0	0	3	78.29	4	27.67	0.00	1.03	6.00	90.05	1.07	6.27	88.47	50	0
20	11	0	0.05	747	2918	0.52	12	0	0	0	90.94	0	31.27	0.00	0.00	0.46	99.50	1.07
24	12	46	2.39	1914	2918	0.73	298	0	0	1	70.43	3	47.26	0.00	0.65	6.02	91.04	0.65	95.72	0.00	53	0
25	13	40	2.44	1628	2918	0.77	528	0	0	1	71.83	3	37.55	0.00	1.36	8.94	87.39	1.36	94.82	0.00	52	0
26	14	54	2.41	2249	2918	1.07	254	0	0	1	53.23	3	45.85	0.00	0.67	4.22	92.75	0.67	96.13	0.00	52	0
27	15	46	2.26	2052	2918	1.15	247	0	0	1	59.96	2	49.53	0.00	0.42	5.53	91.86	0.42	96.32	0.00	52	0
Core	CPU	Avg_MHz	Busy%	Bzy_MHz	TSC_MHz	IPC	IRQ	NMI	SMI	LLCMRPS	LLC%hit	L2MRPS	L2%hit	POLL%	C1ACPI%	C2ACPI%	C3ACPI%	CPU%c1	CPU%c6	CPU%c7	CoreTmp	CoreThr	PkgTmp	GFX%rc6	GFXMHz	GFXAMHz	Totl%C0	Any%C0	GFX%C0	CPUGFX%	Pkg%pc2	Pkg%pc3	Pkg%pc6	Pkg%pc8	Pk%pc10	CPU%LPI	SYS%LPI	PkgWatt	CorWatt	GFXWatt	RAMWatt	PKG_%	RAM_%	UncMHz	SysWatt
-	-	87	3.54	2457	2918	0.70	8535	0	0	50	73.25	83	31.76	0.00	1.88	7.20	87.55	3.50	47.36	42.50	52	0	54	94.27	300	300	66.20	45.15	4.98	2.67	23.95	0.05	1.38	0.00	0.00	0.00	0.00	8.86	4.66	0.02	0.00	0.00	0.00	4000	3.18
0	0	59	3.59	1651	2918	0.65	335	0	0	4	84.60	5	24.13	0.00	0.80	7.65	88.30	1.14	10.12	81.40	50	0	54	94.27	300	300	66.20	45.15	4.98	2.67	23.95	0.05	1.38	0.00	0.00	0.00	0.00	8.86	4.66	0.02	0.00	0.00	0.00	4000
0	1	26	1.38	1892	2918	0.39	295	0	0	1	81.11	2	29.88	0.00	0.32	3.34	95.06	1.14
4	2	349	15.44	2259	2918	0.26	4118	0	0	11	92.43	16	28.79	0.01	15.30	23.73	46.19	15.69	23.33	40.83	48	0
4	3	6	0.33	1861	2918	0.47	76	0	0	0	81.79	0	33.76	0.00	0.47	0.76	98.46	15.68
8	4	114	4.97	2303	2918	0.81	609	0	0	5	77.39	7	29.71	0.00	2.96	15.11	77.37	3.41	14.85	67.38	47	0
8	5	368	8.79	4190	2918	1.13	384	0	0	11	39.28	20	29.41	0.00	1.26	2.24	87.76	3.41
12	6	91	4.79	1895	2918	0.51	733	0	0	5	81.90	7	27.39	0.00	3.17	18.85	73.56	3.13	18.76	71.05	49	0
12	7	32	1.03	3121	2918	0.80	53	0	0	2	68.61	3	31.30	0.00	0.15	0.86	98.00	3.13
16	8	65	3.23	2007	2918	0.69	334	0	0	3	87.27	5	32.55	0.00	1.09	7.49	88.45	1.60	7.78	83.61	52	0
16	9	77	2.06	3761	2918	0.80	112	0	0	1	63.59	4	60.93	0.00	0.56	1.04	96.38	1.60
20	10	106	4.38	2427	2918	0.91	497	0	0	4	77.37	7	34.98	0.00	1.70	11.50	82.70	2.07	11.27	80.78	51	0
20	11	2	0.11	1893	2918	0.91	19	0	0	0	86.59	0	42.36	0.00	0.40	0.06	99.44	2.07
24	12	27	2.11	1280	2918	0.40	315	0	0	1	80.59	2	32.28	0.00	0.59	8.30	89.13	0.60	95.80	0.00	52	0
25	13	27	1.97	1381	2918	0.57	279	0	0	1	77.91	2	32.01	0.00	0.80	6.02	91.32	0.81	96.03	0.00	52	0
26	14	20	1.21	1640	2918	0.68	193	0	0	1	69.85	1	47.55	0.00	0.34	3.94	94.57	0.34	97.79	0.00	52	0
27	15	21	1.23	1684	2918	0.59	183	0	0	1	73.32	1	46.51	0.00	0.22	4.41	94.21	0.22	97.86	0.00	52	0
Core	CPU	Avg_MHz	Busy%	Bzy_MHz	TSC_MHz	IPC	IRQ	NMI	SMI	LLCMRPS	LLC%hit	L2MRPS	L2%hit	POLL%	C1ACPI%	C2ACPI%	C3ACPI%	CPU%c1	CPU%c6	CPU%c7	CoreTmp	CoreThr	PkgTmp	GFX%rc6	GFXMHz	GFXAMHz	Totl%C0	Any%C0	GFX%C0	CPUGFX%	Pkg%pc2	Pkg%pc3	Pkg%pc6	Pkg%pc8	Pk%pc10	CPU%LPI	SYS%LPI	PkgWatt	CorWatt	GFXWatt	RAMWatt	PKG_%	RAM_%	UncMHz	SysWatt
-	-	90	3.66	2460	2918	0.69	9365	0	0	47	71.81	79	32.93	0.00	2.01	7.46	87.05	3.87	46.50	42.75	52	0	54	94.20	300	300	68.57	46.14	5.11	2.88	22.03	0.00	0.00	0.00	0.00	0.00	0.00	9.28	4.91	0.02	0.00	0.00	0.00	3700	3.29
0	0	116	5.36	2163	2918	0.34	315	0	0	3	92.83	4	23.27	0.01	0.42	7.58	87.03	0.70	10.09	78.96	51	0	54	94.20	300	300	68.57	46.14	5.11	2.88	22.03	0.00	0.00	0.00	0.00	0.00	0.00	9.28	4.91	0.02	0.00	0.00	0.00	3700
0	1	26	1.45	1769	2918	0.36	289	0	0	1	85.62	2	25.62	0.00	0.18	3.57	94.90	0.70
4	2	336	16.38	2049	2918	0.20	4932	0	0	11	94.95	16	27.78	0.02	21.70	28.64	34.04	21.84	27.97	29.44	46	0
4	3	5	0.24	2121	2918	0.31	62	0	0	0	80.33	0	30.99	0.00	0.13	0.52	99.12	21.84
8	4	146	5.05	2897	2918	0.81	571	0	0	4	69.95	9	43.75	0.00	2.31	12.93	80.03	2.67	12.76	70.50	48	0
8	5	376	8.85	4248	2918	1.15	429	0	0	12	39.14	21	29.37	0.00	0.85	2.09	88.25	2.67
12	6	94	4.71	1985	2918	0.68	636	0	0	4	76.28	6	34.82	0.03	2.48	14.97	78.18	2.54	14.51	76.15	49	0
12	7	19	0.55	3559	2918	0.72	28	0	0	1	47.83	1	43.34	0.00	0.02	0.05	99.40	2.54
16	8	97	3.80	2544	2918	0.74	423	0	0	3	75.99	5	38.88	0.01	1.33	9.60	85.50	1.59	9.77	82.81	50	0
16	9	18	0.83	2129	2918	0.98	73	0	0	1	82.51	1	29.55	0.00	0.24	0.62	98.35	1.59
20	10	72	3.21	2249	2918	0.99	262	0	0	3	78.61	5	32.49	0.00	0.58	5.24	91.17	0.63	5.09	89.61	50	0
20	11	2	0.06	2532	2918	0.80	11	0	0	0	75.66	0	51.04	0.00	0.00	0.00	99.94	0.63
24	12	49	2.77	1755	2918	0.47	467	0	0	1	67.47	3	37.75	0.00	0.75	11.56	85.06	0.76	94.76	0.00	52	0
25	13	27	1.69	1616	2918	0.73	310	0	0	1	63.87	2	39.18	0.00	0.50	7.52	90.38	0.50	96.88	0.00	52	0
26	14	27	1.97	1345	2918	0.65	299	0	0	1	78.87	2	40.81	0.00	0.45	8.07	89.63	0.46	95.90	0.00	52	0
27	15	33	1.68	1979	2918	0.75	258	0	0	1	62.99	2	51.92	0.00	0.17	6.45	91.78	0.17	97.22	0.00	52	0
Core	CPU	Avg_MHz	Busy%	Bzy_MHz	TSC_MHz	IPC	IRQ	NMI	SMI	LLCMRPS	LLC%hit	L2MRPS	L2%hit	POLL%	C1ACPI%	C2ACPI%	C3ACPI%	CPU%c1	CPU%c6	CPU%c7	CoreTmp	CoreThr	PkgTmp	GFX%rc6	GFXMHz	GFXAMHz	Totl%C0	Any%C0	GFX%C0	CPUGFX%	Pkg%pc2	Pkg%pc3	Pkg%pc6	Pkg%pc8	Pk%pc10	CPU%LPI	SYS%LPI	PkgWatt	CorWatt	GFXWatt	RAMWatt	PKG_%	RAM_%	UncMHz	SysWatt
-	-	180	6.05	2967	2918	1.24	14556	0	0	79	66.86	187	51.29	0.00	2.62	9.45	82.09	4.35	46.28	38.21	53	0	54	93.87	300	300	105.87	60.55	5.47	3.82	17.20	0.00	0.00	0.00	0.00	0.00	0.00	12.69	8.15	0.02	0.00	0.00	0.00	4000	4.14
0	0	78	4.77	1635	2918	0.97	389	0	0	4	85.80	7	37.56	0.00	1.63	8.71	85.32	3.02	12.97	73.75	51	0	54	93.87	300	300	105.87	60.55	5.47	3.82	17.20	0.00	0.00	0.00	0.00	0.00	0.00	12.69	8.15	0.02	0.00	0.00	0.00	4000
0	1	20	1.89	1041	2918	0.41	489	0	0	1	92.16	2	27.18	0.00	1.67	7.26	89.36	3.02
4	2	332	14.78	2248	2918	0.18	4507	0	0	11	95.09	15	27.54	0.00	17.52	24.60	43.77	18.01	24.02	37.19	48	0
4	3	49	1.82	2711	2918	1.10	215	0	0	2	71.03	3	33.00	0.01	1.33	1.33	95.57	18.01
8	4	123	4.63	2663	2918	0.58	621	0	0	4	82.63	7	34.89	0.00	2.96	12.14	80.67	2.36	8.95	53.11	50	0
8	5	1362	31.46	4329	2918	1.64	1741	0	0	32	49.06	97	59.11	0.00	1.18	1.59	65.75	2.36
12	6	185	7.34	2520	2918	1.14	929	0	0	5	74.86	14	58.69	0.00	2.85	25.81	64.45	3.68	25.54	58.98	51	0
12	7	82	3.02	2710	2918	1.10	246	0	0	3	57.77	6	26.86	0.01	1.28	3.07	92.75	3.68
16	8	197	6.76	2906	2918	2.07	2379	0	0	4	81.59	11	63.45	0.00	1.80	7.44	84.25	2.08	7.21	80.56	53	0
16	9	34	1.30	2613	2918	1.18	167	0	0	1	74.69	2	32.42	0.02	0.50	0.11	98.12	2.08
20	10	115	4.97	2318	2918	0.92	615	0	0	4	75.52	7	35.92	0.00	2.15	12.81	80.37	2.21	12.46	78.49	50	0
20	11	8	0.37	2121	2918	0.67	32	0	0	0	81.84	0	37.46	0.00	0.17	0.00	99.47	2.21
24	12	114	5.15	2217	2918	0.68	697	0	0	2	58.64	6	48.09	0.00	1.95	16.91	76.17	1.95	90.24	0.00	52	0
25	13	62	3.40	1823	2918	0.50	675	0	0	2	67.43	4	43.45	0.02	2.20	16.40	78.18	2.20	91.86	0.00	52	0
26	14	57	2.70	2106	2918	0.89	406	0	0	1	59.51	3	52.28	0.00	1.38	7.77	88.24	1.38	94.38	0.00	52	0
27	15	55	2.47	2238	2918	0.83	448	0	0	1	59.80	3	51.70	0.00	1.39	5.30	90.92	1.38	95.17	0.00	52	0
Core	CPU	Avg_MHz	Busy%	Bzy_MHz	TSC_MHz	IPC	IRQ	NMI	SMI	LLCMRPS	LLC%hit	L2MRPS	L2%hit	POLL%	C1ACPI%	C2ACPI%	C3ACPI%	CPU%c1	CPU%c6	CPU%c7	CoreTmp	CoreThr	PkgTmp	GFX%rc6	GFXMHz	GFXAMHz	Totl%C0	Any%C0	GFX%C0	CPUGFX%	Pkg%pc2	Pkg%pc3	Pkg%pc6	Pkg%pc8	Pk%pc10	CPU%LPI	SYS%LPI	PkgWatt	CorWatt	GFXWatt	RAMWatt	PKG_%	RAM_%	UncMHz	SysWatt
-	-	145	5.13	2825	2917	1.14	10972	0	0	73	61.86	147	41.00	0.01	2.44	9.03	83.57	4.28	48.68	38.04	54	0	54	93.19	300	300	90.12	54.33	5.96	4.06	19.54	0.00	0.00	0.00	0.00	0.00	0.00	11.33	6.76	0.02	0.00	0.00	0.00	3600	3.80
0	0	111	5.54	2005	2918	1.12	421	0	0	5	75.45	8	30.73	0.01	1.03	9.19	84.65	1.54	16.09	71.16	51	0	54	93.26	300	300	90.15	54.35	5.96	4.07	19.55	0.00	0.00	0.00	0.00	0.00	0.00	11.34	6.76	0.02	0.00	0.00	0.00	3600
0	1	72	3.34	2162	2918	0.78	533	0	0	2	75.72	4	33.41	0.00	0.60	9.63	86.62	1.54
4	2	318	14.94	2129	2918	0.18	4869	0	0	11	94.88	15	28.98	0.01	20.85	30.01	34.92	20.97	28.87	29.21	50	0
4	3	74	2.45	3016	2918	1.29	218	0	0	2	62.45	5	36.32	0.00	1.62	1.98	94.00	20.97
8	4	113	4.70	2410	2918	0.58	675	0	0	4	77.67	7	37.97	0.02	3.01	17.31	75.42	3.04	15.08	56.11	50	0
8	5	881	20.45	4308	2918	1.80	763	0	0	27	36.76	69	47.55	0.00	1.22	2.16	76.20	3.04
12	6	127	5.95	2131	2918	0.78	898	0	0	5	70.02	8	30.52	0.01	3.07	23.93	67.48	3.56	22.11	64.09	54	0
12	7	130	3.62	3599	2918	0.68	188	0	0	2	58.25	4	40.61	0.01	0.99	0.93	94.50	3.55
16	8	88	4.50	1966	2918	0.56	665	0	0	4	79.53	7	31.28	0.00	2.33	16.48	77.03	2.48	15.86	73.35	52	0
16	9	52	1.82	2886	2918	1.57	87	0	0	2	68.26	3	36.56	0.01	0.22	0.07	97.93	2.48
20	10	126	4.40	2873	2918	0.98	392	0	0	4	73.09	7	38.72	0.00	1.24	6.40	88.15	1.29	6.22	86.56	51	0
20	11	3	0.17	2046	2918	0.64	16	0	0	0	87.35	0	31.90	0.00	0.00	0.00	99.84	1.29
24	12	102	4.40	2312	2918	0.92	416	0	0	2	56.21	5	44.13	0.00	0.92	7.82	86.97	0.92	93.18	0.00	53	0
25	13	68	3.22	2126	2918	1.34	404	0	0	1	64.67	3	47.28	0.00	0.98	8.28	87.64	0.99	94.12	0.00	53	0
26	14	17	0.96	1727	2918	0.33	212	0	0	0	77.18	1	48.13	0.00	0.34	5.80	92.96	0.35	98.05	0.00	53	0
27	15	36	1.65	2164	2918	0.90	215	0	0	1	60.91	2	50.03	0.00	0.56	4.57	93.28	0.56	97.14	0.00	53	0
Core	CPU	Avg_MHz	Busy%	Bzy_MHz	TSC_MHz	IPC	IRQ	NMI	SMI	LLCMRPS	LLC%hit	L2MRPS	L2%hit	POLL%	C1ACPI%	C2ACPI%	C3ACPI%	CPU%c1	CPU%c6	CPU%c7	CoreTmp	CoreThr	PkgTmp	GFX%rc6	GFXMHz	GFXAMHz	Totl%C0	Any%C0	GFX%C0	CPUGFX%	Pkg%pc2	Pkg%pc3	Pkg%pc6	Pkg%pc8	Pk%pc10	CPU%LPI	SYS%LPI	PkgWatt	CorWatt	GFXWatt	RAMWatt	PKG_%	RAM_%	UncMHz	SysWatt
-	-	127	4.64	2748	2919	1.09	10540	0	0	70	64.49	135	38.96	0.00	2.46	8.37	84.77	4.55	48.12	38.92	53	0	55	93.66	433	450	83.55	53.04	5.62	3.65	18.40	0.00	0.00	0.00	0.00	0.00	0.00	11.00	6.47	0.03	0.00	0.00	0.00	3200	3.75
0	0	74	4.35	1703	2918	0.88	382	0	0	4	86.25	5	26.06	0.01	1.11	7.90	87.03	2.18	14.72	72.74	51	0	55	93.59	433	450	83.52	53.02	5.62	3.65	18.39	0.00	0.00	0.00	0.00	0.00	0.00	11.00	6.47	0.03	0.00	0.00	0.00	3200
0	1	59	3.31	1789	2918	0.56	528	0	0	2	84.29	4	30.07	0.00	1.36	9.98	85.58	2.18
4	2	349	15.50	2250	2918	0.25	4911	0	0	12	94.13	17	28.67	0.02	21.65	22.13	41.43	21.79	21.63	34.95	49	0
4	3	41	1.38	2998	2918	1.09	128	0	0	1	73.50	3	32.21	0.01	0.74	1.01	96.91	21.79
8	4	76	4.14	1842	2918	0.55	611	0	0	3	86.95	5	28.07	0.00	3.75	15.21	77.39	3.93	13.55	57.40	50	0
8	5	838	19.46	4308	2918	1.78	689	0	0	26	37.29	64	45.52	0.00	0.95	3.04	76.57	3.93
12	6	146	6.20	2362	2918	0.80	912	0	0	6	66.12	10	30.49	0.00	2.82	24.57	66.83	3.20	24.59	61.76	50	0
12	7	78	2.34	3346	2918	0.76	159	0	0	2	62.12	3	30.08	0.00	0.45	1.96	95.30	3.20
16	8	117	4.97	2348	2918	0.71	685	0	0	4	75.35	7	43.91	0.00	3.08	15.43	76.86	3.46	15.04	74.03	53	0
16	9	30	1.17	2609	2918	1.09	87	0	0	1	76.17	2	33.21	0.00	0.89	0.25	97.74	3.46
20	10	77	3.42	2261	2918	0.79	344	0	0	4	82.33	6	32.02	0.00	0.87	5.87	90.04	0.96	5.68	88.23	50	0
20	11	4	0.21	2069	2918	0.68	17	0	0	0	85.86	0	35.01	0.00	0.04	0.00	99.76	0.96
24	12	51	2.70	1873	2918	0.73	337	0	0	1	66.85	3	43.16	0.00	0.33	9.12	87.97	0.33	95.35	0.00	52	0
25	13	44	2.15	2042	2918	0.60	323	0	0	1	63.22	3	44.54	0.00	0.78	6.31	90.85	0.78	95.94	0.00	52	0
26	14	26	1.48	1740	2918	0.58	192	0	0	1	71.72	2	48.57	0.01	0.42	3.88	94.28	0.43	97.25	0.00	52	0
27	15	26	1.38	1873	2918	0.86	235	0	0	1	61.80	1	50.54	0.00	0.15	7.15	91.40	0.15	97.58	0.00	52	0
Core	CPU	Avg_MHz	Busy%	Bzy_MHz	TSC_MHz	IPC	IRQ	NMI	SMI	LLCMRPS	LLC%hit	L2MRPS	L2%hit	POLL%	C1ACPI%	C2ACPI%	C3ACPI%	CPU%c1	CPU%c6	CPU%c7	CoreTmp	CoreThr	PkgTmp	GFX%rc6	GFXMHz	GFXAMHz	Totl%C0	Any%C0	GFX%C0	CPUGFX%	Pkg%pc2	Pkg%pc3	Pkg%pc6	Pkg%pc8	Pk%pc10	CPU%LPI	SYS%LPI	PkgWatt	CorWatt	GFXWatt	RAMWatt	PKG_%	RAM_%	UncMHz	SysWatt
-	-	163	5.56	2938	2918	1.33	10685	0	0	87	61.33	183	42.44	0.00	2.23	8.90	83.52	3.97	47.36	38.30	54	0	55	92.87	300	300	98.70	58.30	6.32	4.34	18.21	0.03	0.61	0.00	0.00	0.00	0.00	12.42	7.87	0.03	0.00	0.00	0.00	4000	4.05
0	0	93	5.21	1786	2918	0.85	412	0	0	5	83.46	7	25.29	0.01	0.85	8.41	85.95	1.30	11.37	75.53	52	0	55	92.86	300	300	98.69	58.29	6.32	4.34	18.20	0.03	0.61	0.00	0.00	0.00	0.00	12.41	7.87	0.03	0.00	0.00	0.00	4000
0	1	29	2.28	1260	2918	0.37	348	0	0	2	91.84	2	22.49	0.00	0.36	3.98	93.57	1.30
4	2	329	13.93	2361	2918	0.22	4270	0	0	11	93.75	15	27.48	0.03	16.66	23.38	46.67	17.26	23.22	39.14	49	0
4	3	55	2.04	2696	2918	1.09	228	0	0	2	73.06	3	32.75	0.00	1.43	3.16	93.44	17.26
8	4	82	3.44	2392	2918	0.62	537	0	0	3	80.23	5	31.06	0.02	2.73	13.73	80.50	2.13	10.11	55.23	53	0
8	5	1255	28.81	4358	2918	2.04	949	0	0	37	38.09	101	49.91	0.00	0.79	2.71	67.70	2.13
12	6	177	6.80	2598	2918	0.99	814	0	0	7	70.38	13	39.73	0.00	3.02	19.25	71.31	3.88	18.92	66.01	51	0
12	7	86	2.88	2993	2918	1.21	233	0	0	3	53.59	6	27.23	0.01	1.19	1.51	94.48	3.88
16	8	154	6.27	2450	2918	0.57	736	0	0	6	78.27	10	39.70	0.00	2.62	18.94	72.57	3.37	18.32	68.28	54	0
16	9	35	1.36	2546	2918	1.18	103	0	0	1	77.41	2	30.95	0.01	0.71	0.66	97.32	3.37
20	10	109	4.93	2204	2918	0.79	539	0	0	5	78.92	7	28.60	0.00	1.97	12.05	81.35	2.29	11.81	78.79	51	0
20	11	7	0.32	2097	2918	0.73	45	0	0	0	85.81	0	37.16	0.00	0.36	0.09	99.25	2.29
24	12	60	3.27	1844	2918	0.65	415	0	0	2	65.81	3	39.70	0.00	1.07	10.01	85.80	1.07	93.82	0.00	54	0
25	13	56	2.91	1922	2918	0.55	479	0	0	2	64.50	3	41.54	0.00	0.86	11.84	84.53	0.86	94.34	0.00	54	0
26	14	46	2.46	1888	2918	0.64	342	0	0	1	68.75	3	46.65	0.00	0.84	8.72	88.09	0.84	95.17	0.00	54	0
27	15	40	2.03	1989	2918	0.90	235	0	0	1	64.60	2	48.21	0.00	0.27	3.92	93.85	0.27	96.49	0.00	54	0
Core	CPU	Avg_MHz	Busy%	Bzy_MHz	TSC_MHz	IPC	IRQ	NMI	SMI	LLCMRPS	LLC%hit	L2MRPS	L2%hit	POLL%	C1ACPI%	C2ACPI%	C3ACPI%	CPU%c1	CPU%c6	CPU%c7	CoreTmp	CoreThr	PkgTmp	GFX%rc6	GFXMHz	GFXAMHz	Totl%C0	Any%C0	GFX%C0	CPUGFX%	Pkg%pc2	Pkg%pc3	Pkg%pc6	Pkg%pc8	Pk%pc10	CPU%LPI	SYS%LPI	PkgWatt	CorWatt	GFXWatt	RAMWatt	PKG_%	RAM_%	UncMHz	SysWatt
-	-	193	6.52	2958	2918	1.14	12482	0	0	87	61.26	174	40.62	0.00	3.12	9.41	81.16	5.17	46.93	36.13	53	0	59	92.43	300	300	114.07	61.67	6.72	4.96	14.48	0.01	0.00	0.32	0.00	0.00	0.00	12.74	8.19	0.03	0.00	0.00	0.00	3500	4.15
0	0	151	6.74	2234	2918	1.13	541	0	0	6	74.47	10	37.37	0.00	2.34	11.40	79.93	2.89	18.67	64.63	51	0	59	92.42	300	300	114.07	61.66	6.72	4.96	14.48	0.01	0.00	0.32	0.00	0.00	0.00	12.73	8.19	0.03	0.00	0.00	0.00	3500
0	1	83	3.74	2219	2918	0.71	596	0	0	4	69.37	5	23.89	0.00	0.97	11.15	84.35	2.89
4	2	455	17.59	2586	2918	0.31	5282	0	0	13	86.90	21	32.40	0.01	23.88	33.31	25.95	23.99	31.64	21.35	48	0
4	3	84	2.86	2928	2918	1.61	251	0	0	2	65.29	5	37.77	0.00	2.73	1.41	93.04	23.98
8	4	554	15.74	3521	2918	1.35	1014	0	0	16	50.46	33	39.81	0.00	3.29	19.69	61.65	3.95	18.69	59.31	50	0
8	5	12	0.46	2682	2918	0.76	77	0	0	0	74.11	1	38.48	0.00	0.93	0.15	98.47	3.95
12	6	915	22.92	3990	2918	1.66	1144	0	0	23	43.62	58	48.22	0.00	1.79	12.51	63.01	2.74	11.67	57.31	50	0
12	7	192	5.33	3606	2918	0.68	286	0	0	3	59.91	5	41.34	0.01	2.49	1.75	90.46	2.74
16	8	114	5.01	2271	2918	0.72	633	0	0	5	75.93	7	29.01	0.00	2.26	13.24	79.79	2.66	12.62	76.57	52	0
16	9	39	1.40	2777	2918	1.52	66	0	0	1	58.42	2	39.15	0.00	0.51	0.38	97.72	2.66
20	10	138	5.26	2630	2918	1.06	420	0	0	6	67.82	9	29.81	0.00	1.20	7.46	86.33	1.60	7.78	82.14	51	0
20	11	11	0.88	1279	2918	0.60	59	0	0	1	88.22	1	29.46	0.00	0.44	0.81	97.96	1.60
24	12	86	4.27	2016	2918	0.86	530	0	0	2	63.72	5	44.06	0.00	2.37	10.13	83.37	2.36	91.04	0.00	53	0
25	13	72	3.58	2019	2918	0.83	588	0	0	2	62.73	4	45.18	0.01	1.46	8.37	86.72	1.45	93.00	0.00	53	0
26	14	102	5.06	2009	2918	0.88	687	0	0	2	62.18	5	44.44	0.00	2.52	14.22	78.38	2.51	89.65	0.00	53	0
27	15	76	3.40	2237	2918	1.06	308	0	0	1	58.67	3	50.20	0.00	0.73	4.55	91.39	0.73	94.58	0.00	53	0
Core	CPU	Avg_MHz	Busy%	Bzy_MHz	TSC_MHz	IPC	IRQ	NMI	SMI	LLCMRPS	LLC%hit	L2MRPS	L2%hit	POLL%	C1ACPI%	C2ACPI%	C3ACPI%	CPU%c1	CPU%c6	CPU%c7	CoreTmp	CoreThr	PkgTmp	GFX%rc6	GFXMHz	GFXAMHz	Totl%C0	Any%C0	GFX%C0	CPUGFX%	Pkg%pc2	Pkg%pc3	Pkg%pc6	Pkg%pc8	Pk%pc10	CPU%LPI	SYS%LPI	PkgWatt	CorWatt	GFXWatt	RAMWatt	PKG_%	RAM_%	UncMHz	SysWatt
-	-	143	4.96	2887	2918	1.19	11056	0	0	69	62.51	136	39.31	0.00	2.85	8.44	83.93	5.16	47.07	38.99	53	0	55	93.36	300	300	89.08	54.96	5.85	3.73	16.53	0.00	0.00	0.00	0.00	0.00	0.00	11.65	7.15	0.03	0.00	0.00	0.00	4000	3.89
0	0	64	3.90	1647	2918	0.95	338	0	0	4	79.87	5	22.54	0.00	1.24	7.67	87.57	1.95	15.07	73.06	52	0	55	93.37	300	300	89.08	54.96	5.85	3.73	16.53	0.00	0.00	0.00	0.00	0.00	0.00	11.65	7.15	0.03	0.00	0.00	0.00	4000
0	1	46	2.98	1537	2918	0.33	546	0	0	2	88.14	3	23.73	0.02	0.92	10.20	86.14	1.95
4	2	354	15.89	2231	2918	0.20	5442	0	0	12	92.73	17	29.45	0.01	27.75	34.64	22.48	28.23	33.05	18.73	49	0
4	3	48	1.58	3028	2918	1.22	177	0	0	2	66.48	3	33.96	0.01	1.81	1.19	95.45	28.23
8	4	571	15.25	3745	2918	1.67	807	0	0	15	49.00	35	43.85	0.00	2.18	13.31	69.56	2.50	12.95	67.19	50	0
8	5	14	0.45	3030	2918	0.62	47	0	0	0	69.82	1	36.93	0.00	0.39	0.00	99.17	2.50
12	6	653	16.47	3966	2918	1.51	1019	0	0	17	44.13	40	43.83	0.00	2.40	12.80	68.56	3.11	13.14	65.21	51	0
12	7	49	1.64	2983	2918	1.12	139	0	0	2	68.18	3	35.93	0.00	1.45	1.23	95.73	3.11
16	8	171	5.95	2871	2918	1.30	567	0	0	6	62.28	11	36.93	0.01	1.80	9.81	82.69	2.03	9.53	80.85	53	0
16	9	5	0.21	2322	2918	0.79	32	0	0	0	81.31	0	38.06	0.00	0.45	0.03	99.33	2.03
20	10	99	3.95	2518	2918	1.12	363	0	0	4	69.68	6	32.59	0.01	1.57	7.57	87.12	1.84	7.45	84.90	51	0
20	11	6	0.34	1764	2918	0.74	35	0	0	0	90.72	0	31.02	0.00	0.41	0.12	99.16	1.84
24	12	70	3.32	2104	2918	0.95	426	0	0	2	56.17	4	41.91	0.00	1.05	9.58	86.18	1.06	93.90	0.00	53	0
25	13	46	2.40	1926	2918	0.70	339	0	0	1	67.09	3	46.25	0.00	0.73	6.88	90.09	0.74	95.41	0.00	53	0
26	14	44	2.34	1894	2918	0.70	350	0	0	1	68.12	3	45.74	0.00	0.81	7.71	89.24	0.82	95.29	0.00	53	0
27	15	49	2.63	1853	2918	0.78	429	0	0	1	62.61	3	45.83	0.00	0.60	12.37	84.53	0.61	94.93	0.00	53	0
Core	CPU	Avg_MHz	Busy%	Bzy_MHz	TSC_MHz	IPC	IRQ	NMI	SMI	LLCMRPS	LLC%hit	L2MRPS	L2%hit	POLL%	C1ACPI%	C2ACPI%	C3ACPI%	CPU%c1	CPU%c6	CPU%c7	CoreTmp	CoreThr	PkgTmp	GFX%rc6	GFXMHz	GFXAMHz	Totl%C0	Any%C0	GFX%C0	CPUGFX%	Pkg%pc2	Pkg%pc3	Pkg%pc6	Pkg%pc8	Pk%pc10	CPU%LPI	SYS%LPI	PkgWatt	CorWatt	GFXWatt	RAMWatt	PKG_%	RAM_%	UncMHz	SysWatt
-	-	159	5.49	2901	2918	1.13	11172	0	0	76	61.93	145	38.10	0.01	2.56	8.91	83.23	4.51	47.17	38.48	54	0	55	93.60	300	300	96.73	55.58	5.60	3.63	17.88	0.00	0.00	0.00	0.00	0.00	0.00	11.57	7.04	0.02	0.00	0.00	0.00	4000	3.86
0	0	120	5.63	2132	2918	1.08	442	0	0	5	76.49	9	40.42	0.01	1.79	10.32	82.66	2.81	15.28	70.37	51	0	55	93.61	300	300	96.74	55.59	5.60	3.63	17.88	0.00	0.00	0.00	0.00	0.00	0.00	11.57	7.04	0.02	0.00	0.00	0.00	4000
0	1	79	3.91	2017	2918	0.78	511	0	0	3	78.97	5	32.57	0.02	1.40	7.42	87.49	2.81
4	2	398	16.47	2416	2918	0.44	5046	0	0	13	85.71	19	29.85	0.02	20.97	33.27	30.03	21.50	31.19	25.29	48	0
4	3	69	2.24	3096	2918	1.49	179	0	0	2	65.78	4	37.59	0.01	1.84	0.80	95.15	21.50
8	4	458	13.33	3439	2918	1.51	890	0	0	13	52.37	28	40.20	0.01	2.59	17.27	67.18	2.64	17.25	63.66	50	0
8	5	35	1.14	3068	2918	0.61	76	0	0	1	72.90	2	34.18	0.00	0.32	0.71	97.87	2.64
12	6	612	15.40	3971	2918	1.48	987	0	0	17	41.65	39	41.91	0.00	2.90	10.27	71.62	3.07	9.25	67.59	51	0
12	7	170	4.60	3692	2918	0.77	197	0	0	2	62.97	5	42.80	0.00	1.27	0.46	93.70	3.07
16	8	111	5.20	2137	2918	1.01	681	0	0	5	81.63	8	29.65	0.00	2.83	16.61	75.70	2.89	16.15	73.77	54	0
16	9	4	0.19	2269	2918	0.76	17	0	0	0	86.85	0	30.98	0.00	0.00	0.00	99.81	2.89
20	10	212	6.66	3187	2918	1.47	464	0	0	7	53.52	12	31.34	0.01	1.10	6.51	85.91	1.42	6.28	84.09	50	0
20	11	7	0.24	2776	2918	0.73	34	0	0	0	78.51	0	35.13	0.00	0.38	0.00	99.38	1.42
24	12	82	4.13	1982	2918	0.61	562	0	0	2	63.10	5	41.26	0.00	1.70	12.29	82.04	1.70	91.72	0.00	53	0
25	13	77	3.65	2100	2918	0.81	489	0	0	2	59.77	4	44.69	0.00	0.93	11.87	83.69	0.93	93.04	0.00	52	0
26	14	64	2.75	2321	2918	0.92	276	0	0	1	50.88	3	44.85	0.00	0.55	5.68	91.10	0.55	95.54	0.00	52	0
27	15	52	2.34	2209	2918	0.94	321	0	0	1	58.49	3	49.97	0.00	0.34	9.09	88.33	0.35	95.97	0.00	52	0
Core	CPU	Avg_MHz	Busy%	Bzy_MHz	TSC_MHz	IPC	IRQ	NMI	SMI	LLCMRPS	LLC%hit	L2MRPS	L2%hit	POLL%	C1ACPI%	C2ACPI%	C3ACPI%	CPU%c1	CPU%c6	CPU%c7	CoreTmp	CoreThr	PkgTmp	GFX%rc6	GFXMHz	GFXAMHz	Totl%C0	Any%C0	GFX%C0	CPUGFX%	Pkg%pc2	Pkg%pc3	Pkg%pc6	Pkg%pc8	Pk%pc10	CPU%LPI	SYS%LPI	PkgWatt	CorWatt	GFXWatt	RAMWatt	PKG_%	RAM_%	UncMHz	SysWatt
-	-	130	4.66	2784	2918	1.09	10459	0	0	66	64.25	124	36.71	0.01	2.49	8.68	84.37	4.58	48.02	38.79	54	0	55	94.01	317	350	85.57	53.58	5.23	3.24	16.96	0.00	0.00	0.00	0.00	0.00	0.00	11.10	6.59	0.02	0.00	0.00	0.00	4000	3.75
0	0	65	4.01	1609	2918	0.83	328	0	0	4	86.31	5	23.19	0.02	0.74	8.11	87.50	0.95	11.87	78.12	52	0	55	94.00	317	350	85.56	53.58	5.23	3.24	16.96	0.00	0.00	0.00	0.00	0.00	0.00	11.09	6.59	0.02	0.00	0.00	0.00	4000
0	1	25	1.66	1519	2918	0.43	372	0	0	1	85.63	2	25.11	0.00	0.22	5.40	92.86	0.95
4	2	343	15.37	2231	2918	0.21	4890	0	0	11	93.50	16	29.65	0.01	23.49	25.38	36.49	23.95	24.43	30.95	47	0
4	3	48	1.58	3009	2918	1.09	186	0	0	2	67.51	3	33.04	0.02	1.66	1.98	94.82	23.95
8	4	641	16.83	3806	2918	1.57	923	0	0	18	46.67	39	39.67	0.00	2.44	16.09	64.95	2.50	15.52	62.71	50	0
8	5	23	0.81	2892	2918	0.48	34	0	0	1	76.29	2	32.10	0.00	0.22	0.04	98.95	2.50
12	6	427	11.89	3596	2918	1.42	926	0	0	13	47.38	27	37.15	0.02	2.55	17.91	67.98	3.09	17.11	65.33	51	0
12	7	41	1.34	3044	2918	1.08	99	0	0	1	71.25	2	34.61	0.02	0.87	0.12	97.70	3.09
16	8	190	6.85	2768	2918	1.11	752	0	0	6	65.25	12	40.92	0.00	2.46	17.42	73.60	2.72	16.80	71.84	54	0
16	9	7	0.21	3284	2918	0.60	24	0	0	0	69.15	0	39.90	0.02	0.26	0.00	99.53	2.72
20	10	81	4.08	1991	2918	0.76	562	0	0	4	78.27	5	27.81	0.01	1.84	13.76	80.60	1.94	13.38	78.91	51	0
20	11	3	0.16	2076	2918	0.70	20	0	0	0	89.22	0	26.58	0.00	0.04	0.04	99.76	1.94
24	12	44	2.52	1762	2918	0.64	374	0	0	1	67.60	3	42.10	0.00	0.80	9.14	87.66	0.80	95.10	0.00	53	0
25	13	47	2.43	1952	2918	0.74	291	0	0	1	69.44	3	49.69	0.00	0.59	5.55	91.53	0.59	95.45	0.00	53	0
26	14	47	2.69	1756	2918	0.65	401	0	0	1	67.44	3	45.36	0.01	1.04	10.99	85.42	1.04	94.32	0.00	53	0
27	15	41	2.05	2001	2918	0.82	277	0	0	1	63.55	2	48.08	0.00	0.56	6.90	90.57	0.57	96.18	0.00	53	0
Core	CPU	Avg_MHz	Busy%	Bzy_MHz	TSC_MHz	IPC	IRQ	NMI	SMI	LLCMRPS	LLC%hit	L2MRPS	L2%hit	POLL%	C1ACPI%	C2ACPI%	C3ACPI%	CPU%c1	CPU%c6	CPU%c7	CoreTmp	CoreThr	PkgTmp	GFX%rc6	GFXMHz	GFXAMHz	Totl%C0	Any%C0	GFX%C0	CPUGFX%	Pkg%pc2	Pkg%pc3	Pkg%pc6	Pkg%pc8	Pk%pc10	CPU%LPI	SYS%LPI	PkgWatt	CorWatt	GFXWatt	RAMWatt	PKG_%	RAM_%	UncMHz	SysWatt
-	-	128	4.47	2861	2918	1.14	9530	0	0	63	63.63	122	37.74	0.00	2.10	7.77	85.83	3.89	47.75	40.32	54	0	55	94.21	300	300	80.96	51.67	5.04	3.50	22.24	0.04	1.22	0.00	0.00	0.00	0.00	10.75	6.35	0.02	0.00	0.00	0.00	4000	3.62
0	0	52	3.55	1461	2918	0.84	244	0	0	3	87.99	4	21.34	0.00	0.58	6.57	89.64	1.38	12.82	77.16	52	0	55	94.21	300	300	80.96	51.68	5.04	3.50	22.24	0.04	1.22	0.00	0.00	0.00	0.00	10.75	6.35	0.02	0.00	0.00	0.00	4000
0	1	45	2.26	1975	2918	0.74	429	0	0	2	68.22	3	22.43	0.00	0.75	7.85	89.29	1.38
4	2	422	16.30	2592	2918	0.67	4427	0	0	13	78.89	22	34.02	0.01	19.39	26.22	38.74	19.81	27.28	32.37	49	0
4	3	51	1.76	2877	2918	0.94	217	0	0	2	68.08	3	32.72	0.00	1.08	4.18	93.05	19.81
8	4	885	21.57	4102	2918	1.76	1167	0	0	24	42.44	55	42.15	0.00	1.97	12.17	64.51	1.99	11.67	62.81	50	0
8	5	26	0.85	3114	2918	0.47	53	0	0	1	73.49	2	35.07	0.00	0.25	0.00	98.93	1.99
12	6	152	5.84	2603	2918	0.76	687	0	0	6	71.38	10	40.86	0.01	2.47	15.79	76.22	2.67	15.18	72.16	51	0
12	7	121	3.19	3812	2918	0.34	124	0	0	1	74.97	2	42.49	0.00	0.71	0.83	95.31	2.67
16	8	64	3.84	1662	2918	0.68	534	0	0	4	83.22	6	30.90	0.00	2.10	13.72	80.66	2.17	13.32	78.69	54	0
16	9	3	0.15	2172	2918	0.73	19	0	0	0	88.46	0	29.48	0.00	0.00	0.00	99.86	2.17
20	10	64	3.33	1925	2918	0.62	487	0	0	3	76.69	4	28.28	0.00	1.41	12.61	82.91	1.94	12.44	80.01	51	0
20	11	18	0.77	2318	2918	1.16	71	0	0	1	75.20	1	29.24	0.00	0.66	0.62	97.98	1.94
24	12	42	2.61	1618	2918	0.40	426	0	0	1	69.67	3	36.29	0.01	0.80	11.18	85.56	0.81	94.76	0.00	54	0
25	13	45	2.32	1952	2918	0.70	301	0	0	1	64.16	3	42.11	0.01	0.66	6.33	90.78	0.67	95.84	0.00	54	0
26	14	24	1.25	1918	2918	0.87	100	0	0	1	66.00	1	47.37	0.00	0.33	0.97	97.49	0.33	97.97	0.00	53	0
27	15	31	1.92	1611	2918	0.73	244	0	0	1	75.49	2	42.24	0.00	0.50	5.25	92.42	0.51	96.25	0.00	53	0
Core	CPU	Avg_MHz	Busy%	Bzy_MHz	TSC_MHz	IPC	IRQ	NMI	SMI	LLCMRPS	LLC%hit	L2MRPS	L2%hit	POLL%	C1ACPI%	C2ACPI%	C3ACPI%	CPU%c1	CPU%c6	CPU%c7	CoreTmp	CoreThr	PkgTmp	GFX%rc6	GFXMHz	GFXAMHz	Totl%C0	Any%C0	GFX%C0	CPUGFX%	Pkg%pc2	Pkg%pc3	Pkg%pc6	Pkg%pc8	Pk%pc10	CPU%LPI	SYS%LPI	PkgWatt	CorWatt	GFXWatt	RAMWatt	PKG_%	RAM_%	UncMHz	SysWatt
-	-	129	4.26	3025	2917	1.37	7273	0	0	65	57.01	138	40.99	0.00	1.34	7.04	87.46	2.36	45.62	43.88	57	0	55	93.44	300	300	77.16	48.02	5.61	3.67	27.48	0.17	5.70	0.08	0.00	0.00	0.00	10.27	6.17	0.02	0.00	0.00	0.00	3000	3.36
0	0	43	3.02	1414	2918	0.82	208	0	0	3	82.76	3	21.59	0.00	0.65	5.48	91.13	0.79	8.11	84.68	51	0	55	93.56	300	300	77.22	48.05	5.62	3.67	27.50	0.17	5.71	0.08	0.00	0.00	0.00	10.28	6.18	0.02	0.00	0.00	0.00	3000
0	1	14	0.96	1421	2918	0.42	274	0	0	1	74.75	1	21.02	0.00	0.06	3.56	95.50	0.79
4	2	162	6.52	2484	2918	0.17	1926	0	0	5	92.24	7	25.30	0.01	4.99	10.04	78.77	5.99	12.27	70.72	48	0
4	3	40	1.62	2447	2918	0.92	195	0	0	1	78.17	2	29.31	0.00	1.14	3.73	93.58	5.99
8	4	330	9.75	3383	2918	1.19	723	0	0	9	57.50	20	46.04	0.00	2.28	16.28	72.00	2.48	15.72	69.97	50	0
8	5	20	0.66	3008	2918	0.56	35	0	0	1	78.80	2	36.27	0.00	0.17	0.00	99.20	2.48
12	6	942	22.78	4135	2918	1.98	1137	0	0	28	40.13	71	45.36	0.00	2.27	14.08	61.11	2.28	13.76	59.49	57	0
12	7	53	1.61	3290	2918	1.11	121	0	0	2	57.06	3	35.94	0.00	1.03	1.02	96.37	2.28
16	8	159	6.39	2481	2918	0.89	760	0	0	7	67.10	11	30.20	0.00	3.31	16.57	74.08	3.38	16.36	71.99	52	0
16	9	7	0.25	2642	2918	0.67	18	0	0	0	76.43	0	32.91	0.00	0.01	0.24	99.50	3.38
20	10	110	4.46	2459	2918	1.15	495	0	0	4	67.00	7	30.15	0.01	2.24	10.08	83.45	2.29	9.80	82.02	51	0
20	11	0	0.01	1230	2918	0.57	3	0	0	0	82.67	0	45.05	0.00	0.00	0.00	99.99	2.29
24	12	66	3.84	1717	2918	0.46	528	0	0	2	68.62	4	37.79	0.02	1.37	13.53	81.45	1.37	91.96	0.00	53	0
25	13	53	2.67	1968	2918	0.83	366	0	0	1	57.69	3	46.60	0.00	0.84	8.54	88.07	0.84	94.79	0.00	53	0
26	14	28	1.58	1753	2918	0.77	212	0	0	1	69.61	2	47.38	0.00	0.41	4.47	93.61	0.41	97.02	0.00	53	0
27	15	40	2.08	1903	2918	0.89	272	0	0	1	63.72	2	49.53	0.00	0.66	5.11	92.22	0.66	96.23	0.00	53	0
Core	CPU	Avg_MHz	Busy%	Bzy_MHz	TSC_MHz	IPC	IRQ	NMI	SMI	LLCMRPS	LLC%hit	L2MRPS	L2%hit	POLL%	C1ACPI%	C2ACPI%	C3ACPI%	CPU%c1	CPU%c6	CPU%c7	CoreTmp	CoreThr	PkgTmp	GFX%rc6	GFXMHz	GFXAMHz	Totl%C0	Any%C0	GFX%C0	CPUGFX%	Pkg%pc2	Pkg%pc3	Pkg%pc6	Pkg%pc8	Pk%pc10	CPU%LPI	SYS%LPI	PkgWatt	CorWatt	GFXWatt	RAMWatt	PKG_%	RAM_%	UncMHz	SysWatt
-	-	155	5.34	2912	2920	1.15	10284	0	0	72	64.33	140	38.62	0.00	2.08	8.15	84.67	3.75	47.55	38.94	53	0	54	94.07	300	300	94.77	57.05	5.33	3.64	18.00	0.00	0.02	0.00	0.00	0.00	0.00	11.66	7.17	0.02	0.00	0.00	0.00	4000	3.87
0	0	50	4.12	1204	2918	0.64	375	0	0	3	93.46	4	19.46	0.01	0.65	10.63	85.05	1.14	14.68	73.19	52	0	54	93.94	300	300	94.69	57.00	5.33	3.63	17.98	0.00	0.02	0.00	0.00	0.00	0.00	11.65	7.16	0.02	0.00	0.00	0.00	4000
0	1	59	2.94	2007	2918	1.14	404	0	0	2	77.33	4	30.98	0.01	0.44	6.13	90.65	1.14
4	2	394	16.32	2417	2918	0.19	4640	0	0	12	92.80	16	26.45	0.01	17.82	25.85	40.71	18.17	24.34	34.43	51	0
4	3	60	2.04	2929	2918	1.26	147	0	0	2	63.28	4	34.07	0.00	1.21	0.70	96.08	18.17
8	4	333	10.47	3181	2918	1.32	907	0	0	9	58.69	19	39.36	0.00	2.29	22.04	65.59	2.44	23.57	60.11	49	0
8	5	53	1.95	2738	2918	0.74	200	0	0	2	76.02	4	35.66	0.00	0.20	4.64	93.30	2.44
12	6	826	20.15	4099	2918	1.70	826	0	0	21	42.36	49	43.30	0.01	2.00	9.13	68.92	2.15	9.03	64.88	50	0
12	7	151	3.82	3968	2918	0.59	192	0	0	1	57.19	3	45.73	0.00	0.79	0.81	94.60	2.15
16	8	113	5.03	2247	2918	1.03	521	0	0	5	77.59	8	29.71	0.01	1.97	10.92	82.37	2.02	10.60	80.06	52	0
16	9	18	0.61	2958	2918	0.51	37	0	0	1	78.87	1	30.52	0.00	0.02	0.05	99.34	2.02
20	10	195	6.60	2956	2918	1.55	641	0	0	7	59.74	15	45.32	0.00	2.10	12.17	79.41	2.35	11.84	76.67	51	0
20	11	40	1.52	2626	2918	1.46	63	0	0	1	63.99	2	39.10	0.00	0.26	0.10	98.15	2.35
24	12	46	2.52	1837	2918	0.66	353	0	0	1	69.29	3	39.20	0.01	0.89	6.77	89.93	0.89	94.95	0.00	53	0
25	13	91	4.08	2231	2918	0.87	469	0	0	2	53.89	5	43.36	0.00	1.61	8.92	85.50	1.61	92.68	0.00	53	0
26	14	31	1.57	1964	2918	0.70	246	0	0	1	64.23	2	48.43	0.00	0.25	6.06	92.20	0.25	97.24	0.00	53	0
27	15	25	1.64	1533	2918	0.70	263	0	0	1	74.41	2	43.16	0.00	0.66	5.47	92.31	0.67	96.75	0.00	53	0
Core	CPU	Avg_MHz	Busy%	Bzy_MHz	TSC_MHz	IPC	IRQ	NMI	SMI	LLCMRPS	LLC%hit	L2MRPS	L2%hit	POLL%	C1ACPI%	C2ACPI%	C3ACPI%	CPU%c1	CPU%c6	CPU%c7	CoreTmp	CoreThr	PkgTmp	GFX%rc6	GFXMHz	GFXAMHz	Totl%C0	Any%C0	GFX%C0	CPUGFX%	Pkg%pc2	Pkg%pc3	Pkg%pc6	Pkg%pc8	Pk%pc10	CPU%LPI	SYS%LPI	PkgWatt	CorWatt	GFXWatt	RAMWatt	PKG_%	RAM_%	UncMHz	SysWatt
-	-	119	4.40	2703	2918	1.00	10178	0	0	61	65.20	114	37.32	0.00	2.39	8.31	85.09	4.46	47.94	39.87	54	0	55	93.76	300	300	79.04	50.83	5.44	3.23	18.81	0.00	0.00	0.00	0.00	0.00	0.00	10.56	6.15	0.03	0.00	0.00	0.00	4000	3.60
0	0	64	4.08	1569	2918	0.85	458	0	0	3	86.03	6	39.15	0.00	0.85	14.30	81.18	1.19	15.03	74.56	51	0	55	93.76	300	300	79.04	50.83	5.44	3.23	18.81	0.00	0.00	0.00	0.00	0.00	0.00	10.56	6.15	0.03	0.00	0.00	0.00	4000
0	1	44	2.12	2063	2918	0.90	318	0	0	2	79.87	3	26.05	0.00	0.22	2.66	95.12	1.19
4	2	337	15.91	2118	2918	0.20	5007	0	0	11	94.28	16	28.51	0.01	23.12	27.92	33.81	23.57	27.41	28.10	50	0
4	3	43	1.55	2758	2918	1.04	113	0	0	1	72.36	3	33.88	0.00	1.10	1.44	95.97	23.57
8	4	384	10.71	3586	2918	1.35	841	0	0	11	46.69	24	39.75	0.03	2.33	15.73	71.56	2.90	18.00	65.06	50	0
8	5	49	2.23	2196	2918	0.38	358	0	0	3	76.98	4	26.82	0.00	0.75	6.55	90.58	2.90
12	6	504	13.36	3772	2918	1.42	810	0	0	14	45.09	30	41.67	0.00	2.88	14.37	69.67	3.36	16.44	64.08	52	0
12	7	56	2.13	2622	2918	0.94	202	0	0	2	70.32	3	33.37	0.00	1.10	4.92	91.95	3.36
16	8	196	6.74	2909	2918	1.12	587	0	0	6	63.08	12	40.60	0.00	1.89	10.74	80.93	1.96	10.41	78.83	53	0
16	9	5	0.17	3101	2918	0.77	7	0	0	0	69.20	0	51.16	0.00	0.00	0.00	99.83	1.96
20	10	81	3.17	2545	2918	0.95	281	0	0	3	66.80	5	30.90	0.00	1.44	5.45	90.11	1.72	5.70	88.09	51	0
20	11	27	1.13	2407	2918	0.98	76	0	0	1	74.25	2	37.50	0.00	0.57	0.86	97.48	1.72
24	12	32	1.76	1828	2918	0.74	206	0	0	1	70.21	2	41.68	0.00	0.30	3.76	94.25	0.31	97.00	0.00	54	0
25	13	36	2.29	1558	2918	0.55	302	0	0	1	74.88	3	37.03	0.00	0.78	7.74	89.32	0.79	95.43	0.00	54	0
26	14	27	1.65	1661	2918	0.61	304	0	0	1	67.84	2	42.42	0.00	0.53	8.15	89.76	0.53	96.74	0.00	54	0
27	15	18	1.40	1312	2918	0.54	308	0	0	1	77.01	1	40.86	0.00	0.34	8.45	89.90	0.35	97.24	0.00	54	0
Core	CPU	Avg_MHz	Busy%	Bzy_MHz	TSC_MHz	IPC	IRQ	NMI	SMI	LLCMRPS	LLC%hit	L2MRPS	L2%hit	POLL%	C1ACPI%	C2ACPI%	C3ACPI%	CPU%c1	CPU%c6	CPU%c7	CoreTmp	CoreThr	PkgTmp	GFX%rc6	GFXMHz	GFXAMHz	Totl%C0	Any%C0	GFX%C0	CPUGFX%	Pkg%pc2	Pkg%pc3	Pkg%pc6	Pkg%pc8	Pk%pc10	CPU%LPI	SYS%LPI	PkgWatt	CorWatt	GFXWatt	RAMWatt	PKG_%	RAM_%	UncMHz	SysWatt
-	-	129	4.65	2779	2918	1.05	10247	1	0	65	66.25	124	37.50	0.00	2.08	8.89	84.57	3.78	47.09	40.26	53	0	55	93.97	300	300	85.03	54.10	5.29	3.66	18.43	0.00	0.00	0.00	0.00	0.00	0.00	10.95	6.42	0.02	0.00	0.00	0.00	3600	3.71
0	0	63	3.98	1571	2918	0.59	361	0	0	3	91.11	4	28.17	0.00	0.74	9.51	86.14	1.08	10.23	79.19	51	0	55	93.96	300	300	85.03	54.10	5.29	3.66	18.43	0.00	0.00	0.00	0.00	0.00	0.00	10.95	6.42	0.02	0.00	0.00	0.00	3600
0	1	37	1.89	1952	2918	0.92	285	0	0	2	81.16	3	26.58	0.00	0.24	1.94	96.04	1.08
4	2	352	15.57	2259	2918	0.29	4670	1	0	12	91.82	17	28.29	0.01	17.36	30.45	37.34	17.84	29.64	31.56	49	0
4	3	34	1.15	2951	2918	1.15	100	0	0	1	69.45	2	31.13	0.01	0.90	0.87	97.11	17.84
8	4	361	10.44	3461	2918	1.40	740	0	0	12	55.59	24	42.12	0.00	2.30	14.53	73.09	2.65	19.16	63.96	50	0
8	5	46	2.20	2078	2918	0.34	395	0	0	3	78.14	4	26.14	0.00	0.40	8.11	89.41	2.65
12	6	535	13.66	3920	2918	1.66	809	0	0	15	43.54	34	42.54	0.00	2.51	10.24	73.80	2.99	10.15	69.30	51	0
12	7	132	3.50	3762	2918	0.35	138	0	0	1	71.86	2	41.14	0.00	0.97	1.02	94.56	2.99
16	8	243	7.91	3074	2918	1.39	768	0	0	8	61.22	16	37.28	0.00	2.14	18.97	71.31	2.21	18.48	69.91	53	0
16	9	2	0.05	3074	2918	0.68	13	0	0	0	71.57	0	38.77	0.00	0.19	0.00	99.76	2.21
20	10	67	3.13	2141	2918	0.71	254	0	0	3	78.03	5	27.25	0.00	1.53	3.99	91.54	1.69	4.53	88.65	50	0
20	11	16	0.62	2533	2918	1.06	54	0	0	1	70.83	1	35.58	0.00	0.36	0.76	98.28	1.69
24	12	48	2.75	1734	2918	0.63	364	0	0	1	70.53	3	41.16	0.00	0.81	9.22	87.37	0.81	94.47	0.00	53	0
25	13	53	2.82	1865	2918	0.50	440	0	0	1	68.81	3	41.09	0.00	0.73	13.69	82.90	0.74	94.41	0.00	53	0
26	14	46	2.90	1590	2918	0.54	585	0	0	1	71.16	3	37.90	0.00	1.49	13.20	82.60	1.48	93.37	0.00	53	0
27	15	33	1.77	1861	2918	0.74	271	0	0	1	68.87	2	48.79	0.00	0.61	5.81	91.90	0.60	96.47	0.00	53	0
