[2026-06-05T02:35:50.505488+00:00] ACTION: WORKSPACE_CREATE | DETAILS: Created root workspace at /home/arcana-novai/Documents/Xoe-NovAi/omega-engine/data/entities/doom_guy
[2026-06-05T02:35:50.505577+00:00] ACTION: DIR_CREATE | DETAILS: Created knowledge directory at /home/arcana-novai/Documents/Xoe-NovAi/omega-engine/data/entities/doom_guy/knowledge
[2026-06-05T02:35:50.505597+00:00] ACTION: DIR_CREATE | DETAILS: Created workspace directory at /home/arcana-novai/Documents/Xoe-NovAi/omega-engine/data/entities/doom_guy/workspace
[2026-06-05T02:35:50.505894+00:00] ACTION: INDEX_CREATE | DETAILS: Scaffolded INDEX.yaml at /home/arcana-novai/Documents/Xoe-NovAi/omega-engine/data/entities/doom_guy/knowledge/INDEX.yaml
[2026-06-05T02:35:50.917713+00:00] ACTION: WORKSPACE_CREATE | DETAILS: Created root workspace at /home/arcana-novai/Documents/Xoe-NovAi/omega-engine/data/entities/doom_guy
[2026-06-05T02:35:50.917810+00:00] ACTION: DIR_CREATE | DETAILS: Created knowledge directory at /home/arcana-novai/Documents/Xoe-NovAi/omega-engine/data/entities/doom_guy/knowledge
[2026-06-05T02:35:50.917828+00:00] ACTION: DIR_CREATE | DETAILS: Created workspace directory at /home/arcana-novai/Documents/Xoe-NovAi/omega-engine/data/entities/doom_guy/workspace
[2026-06-05T02:35:59.103527+00:00] ACTION: WORKSPACE_CREATE | DETAILS: Created root workspace at /home/arcana-novai/Documents/Xoe-NovAi/omega-engine/data/entities/doom_guy
[2026-06-05T02:35:59.103604+00:00] ACTION: DIR_CREATE | DETAILS: Created knowledge directory at /home/arcana-novai/Documents/Xoe-NovAi/omega-engine/data/entities/doom_guy/knowledge
[2026-06-05T02:35:59.103624+00:00] ACTION: DIR_CREATE | DETAILS: Created workspace directory at /home/arcana-novai/Documents/Xoe-NovAi/omega-engine/data/entities/doom_guy/workspace
[2026-06-05T02:36:03.348481+00:00] ACTION: WORKSPACE_CREATE | DETAILS: Created root workspace at /home/arcana-novai/Documents/Xoe-NovAi/omega-engine/data/entities/doom_guy
[2026-06-05T02:36:03.348581+00:00] ACTION: DIR_CREATE | DETAILS: Created knowledge directory at /home/arcana-novai/Documents/Xoe-NovAi/omega-engine/data/entities/doom_guy/knowledge
[2026-06-05T02:36:03.348601+00:00] ACTION: DIR_CREATE | DETAILS: Created workspace directory at /home/arcana-novai/Documents/Xoe-NovAi/omega-engine/data/entities/doom_guy/workspace
[2026-06-05T02:36:06.230021+00:00] ACTION: WORKSPACE_CREATE | DETAILS: Created root workspace at /home/arcana-novai/Documents/Xoe-NovAi/omega-engine/data/entities/doom_guy
[2026-06-05T02:36:06.230164+00:00] ACTION: DIR_CREATE | DETAILS: Created knowledge directory at /home/arcana-novai/Documents/Xoe-NovAi/omega-engine/data/entities/doom_guy/knowledge
[2026-06-05T02:36:06.230207+00:00] ACTION: DIR_CREATE | DETAILS: Created workspace directory at /home/arcana-novai/Documents/Xoe-NovAi/omega-engine/data/entities/doom_guy/workspace
[2026-06-05T02:36:09.288838+00:00] ACTION: WORKSPACE_CREATE | DETAILS: Created root workspace at /home/arcana-novai/Documents/Xoe-NovAi/omega-engine/data/entities/doom_guy
[2026-06-05T02:36:09.288938+00:00] ACTION: DIR_CREATE | DETAILS: Created knowledge directory at /home/arcana-novai/Documents/Xoe-NovAi/omega-engine/data/entities/doom_guy/knowledge
[2026-06-05T02:36:09.288960+00:00] ACTION: DIR_CREATE | DETAILS: Created workspace directory at /home/arcana-novai/Documents/Xoe-NovAi/omega-engine/data/entities/doom_guy/workspace
[2026-06-05T02:36:11.989294+00:00] ACTION: WORKSPACE_CREATE | DETAILS: Created root workspace at /home/arcana-novai/Documents/Xoe-NovAi/omega-engine/data/entities/doom_guy
[2026-06-05T02:36:11.989370+00:00] ACTION: DIR_CREATE | DETAILS: Created knowledge directory at /home/arcana-novai/Documents/Xoe-NovAi/omega-engine/data/entities/doom_guy/knowledge
[2026-06-05T02:36:11.989390+00:00] ACTION: DIR_CREATE | DETAILS: Created workspace directory at /home/arcana-novai/Documents/Xoe-NovAi/omega-engine/data/entities/doom_guy/workspace
[2026-06-05T02:36:14.796932+00:00] ACTION: WORKSPACE_CREATE | DETAILS: Created root workspace at /home/arcana-novai/Documents/Xoe-NovAi/omega-engine/data/entities/doom_guy
[2026-06-05T02:36:14.797099+00:00] ACTION: DIR_CREATE | DETAILS: Created knowledge directory at /home/arcana-novai/Documents/Xoe-NovAi/omega-engine/data/entities/doom_guy/knowledge
[2026-06-05T02:36:14.797166+00:00] ACTION: DIR_CREATE | DETAILS: Created workspace directory at /home/arcana-novai/Documents/Xoe-NovAi/omega-engine/data/entities/doom_guy/workspace
[2026-06-05T02:36:17.496715+00:00] ACTION: WORKSPACE_CREATE | DETAILS: Created root workspace at /home/arcana-novai/Documents/Xoe-NovAi/omega-engine/data/entities/doom_guy
[2026-06-05T02:36:17.496791+00:00] ACTION: DIR_CREATE | DETAILS: Created knowledge directory at /home/arcana-novai/Documents/Xoe-NovAi/omega-engine/data/entities/doom_guy/knowledge
[2026-06-05T02:36:17.496810+00:00] ACTION: DIR_CREATE | DETAILS: Created workspace directory at /home/arcana-novai/Documents/Xoe-NovAi/omega-engine/data/entities/doom_guy/workspace
[2026-06-05T02:36:20.262474+00:00] ACTION: WORKSPACE_CREATE | DETAILS: Created root workspace at /home/arcana-novai/Documents/Xoe-NovAi/omega-engine/data/entities/doom_guy
[2026-06-05T02:36:20.262581+00:00] ACTION: DIR_CREATE | DETAILS: Created knowledge directory at /home/arcana-novai/Documents/Xoe-NovAi/omega-engine/data/entities/doom_guy/knowledge
[2026-06-05T02:36:20.262621+00:00] ACTION: DIR_CREATE | DETAILS: Created workspace directory at /home/arcana-novai/Documents/Xoe-NovAi/omega-engine/data/entities/doom_guy/workspace
[2026-06-05T02:36:22.864710+00:00] ACTION: WORKSPACE_CREATE | DETAILS: Created root workspace at /home/arcana-novai/Documents/Xoe-NovAi/omega-engine/data/entities/doom_guy
[2026-06-05T02:36:22.864775+00:00] ACTION: DIR_CREATE | DETAILS: Created knowledge directory at /home/arcana-novai/Documents/Xoe-NovAi/omega-engine/data/entities/doom_guy/knowledge
[2026-06-05T02:36:22.864794+00:00] ACTION: DIR_CREATE | DETAILS: Created workspace directory at /home/arcana-novai/Documents/Xoe-NovAi/omega-engine/data/entities/doom_guy/workspace
[2026-06-05T02:36:25.846980+00:00] ACTION: WORKSPACE_CREATE | DETAILS: Created root workspace at /home/arcana-novai/Documents/Xoe-NovAi/omega-engine/data/entities/doom_guy
[2026-06-05T02:36:25.847044+00:00] ACTION: DIR_CREATE | DETAILS: Created knowledge directory at /home/arcana-novai/Documents/Xoe-NovAi/omega-engine/data/entities/doom_guy/knowledge
[2026-06-05T02:36:25.847063+00:00] ACTION: DIR_CREATE | DETAILS: Created workspace directory at /home/arcana-novai/Documents/Xoe-NovAi/omega-engine/data/entities/doom_guy/workspace
[2026-06-05T02:36:28.295120+00:00] ACTION: WORKSPACE_CREATE | DETAILS: Created root workspace at /home/arcana-novai/Documents/Xoe-NovAi/omega-engine/data/entities/doom_guy
[2026-06-05T02:36:28.295207+00:00] ACTION: DIR_CREATE | DETAILS: Created knowledge directory at /home/arcana-novai/Documents/Xoe-NovAi/omega-engine/data/entities/doom_guy/knowledge
[2026-06-05T02:36:28.295226+00:00] ACTION: DIR_CREATE | DETAILS: Created workspace directory at /home/arcana-novai/Documents/Xoe-NovAi/omega-engine/data/entities/doom_guy/workspace
[2026-06-05T02:36:35.566576+00:00] ACTION: WORKSPACE_CREATE | DETAILS: Created root workspace at /home/arcana-novai/Documents/Xoe-NovAi/omega-engine/data/entities/doom_guy
[2026-06-05T02:36:35.566652+00:00] ACTION: DIR_CREATE | DETAILS: Created knowledge directory at /home/arcana-novai/Documents/Xoe-NovAi/omega-engine/data/entities/doom_guy/knowledge
[2026-06-05T02:36:35.566671+00:00] ACTION: DIR_CREATE | DETAILS: Created workspace directory at /home/arcana-novai/Documents/Xoe-NovAi/omega-engine/data/entities/doom_guy/workspace
[2026-06-05T02:36:38.438780+00:00] ACTION: WORKSPACE_CREATE | DETAILS: Created root workspace at /home/arcana-novai/Documents/Xoe-NovAi/omega-engine/data/entities/doom_guy
[2026-06-05T02:36:38.438871+00:00] ACTION: DIR_CREATE | DETAILS: Created knowledge directory at /home/arcana-novai/Documents/Xoe-NovAi/omega-engine/data/entities/doom_guy/knowledge
[2026-06-05T02:36:38.438910+00:00] ACTION: DIR_CREATE | DETAILS: Created workspace directory at /home/arcana-novai/Documents/Xoe-NovAi/omega-engine/data/entities/doom_guy/workspace
[2026-06-05T02:36:41.880165+00:00] ACTION: WORKSPACE_CREATE | DETAILS: Created root workspace at /home/arcana-novai/Documents/Xoe-NovAi/omega-engine/data/entities/doom_guy
[2026-06-05T02:36:41.880264+00:00] ACTION: DIR_CREATE | DETAILS: Created knowledge directory at /home/arcana-novai/Documents/Xoe-NovAi/omega-engine/data/entities/doom_guy/knowledge
[2026-06-05T02:36:41.880297+00:00] ACTION: DIR_CREATE | DETAILS: Created workspace directory at /home/arcana-novai/Documents/Xoe-NovAi/omega-engine/data/entities/doom_guy/workspace
[2026-06-05T02:36:57.925239+00:00] ACTION: WORKSPACE_CREATE | DETAILS: Created root workspace at /home/arcana-novai/Documents/Xoe-NovAi/omega-engine/data/entities/doom_guy
[2026-06-05T02:36:57.925342+00:00] ACTION: DIR_CREATE | DETAILS: Created knowledge directory at /home/arcana-novai/Documents/Xoe-NovAi/omega-engine/data/entities/doom_guy/knowledge
[2026-06-05T02:36:57.925379+00:00] ACTION: DIR_CREATE | DETAILS: Created workspace directory at /home/arcana-novai/Documents/Xoe-NovAi/omega-engine/data/entities/doom_guy/workspace
[2026-06-05T02:37:02.068483+00:00] ACTION: WORKSPACE_CREATE | DETAILS: Created root workspace at /home/arcana-novai/Documents/Xoe-NovAi/omega-engine/data/entities/doom_guy
[2026-06-05T02:37:02.068606+00:00] ACTION: DIR_CREATE | DETAILS: Created knowledge directory at /home/arcana-novai/Documents/Xoe-NovAi/omega-engine/data/entities/doom_guy/knowledge
[2026-06-05T02:37:02.068661+00:00] ACTION: DIR_CREATE | DETAILS: Created workspace directory at /home/arcana-novai/Documents/Xoe-NovAi/omega-engine/data/entities/doom_guy/workspace
[2026-06-05T02:37:05.602639+00:00] ACTION: WORKSPACE_CREATE | DETAILS: Created root workspace at /home/arcana-novai/Documents/Xoe-NovAi/omega-engine/data/entities/doom_guy
[2026-06-05T02:37:05.602713+00:00] ACTION: DIR_CREATE | DETAILS: Created knowledge directory at /home/arcana-novai/Documents/Xoe-NovAi/omega-engine/data/entities/doom_guy/knowledge
[2026-06-05T02:37:05.602738+00:00] ACTION: DIR_CREATE | DETAILS: Created workspace directory at /home/arcana-novai/Documents/Xoe-NovAi/omega-engine/data/entities/doom_guy/workspace
[2026-06-05T02:37:08.853699+00:00] ACTION: WORKSPACE_CREATE | DETAILS: Created root workspace at /home/arcana-novai/Documents/Xoe-NovAi/omega-engine/data/entities/doom_guy
[2026-06-05T02:37:08.853836+00:00] ACTION: DIR_CREATE | DETAILS: Created knowledge directory at /home/arcana-novai/Documents/Xoe-NovAi/omega-engine/data/entities/doom_guy/knowledge
[2026-06-05T02:37:08.853915+00:00] ACTION: DIR_CREATE | DETAILS: Created workspace directory at /home/arcana-novai/Documents/Xoe-NovAi/omega-engine/data/entities/doom_guy/workspace
[2026-06-05T02:37:12.296188+00:00] ACTION: WORKSPACE_CREATE | DETAILS: Created root workspace at /home/arcana-novai/Documents/Xoe-NovAi/omega-engine/data/entities/doom_guy
[2026-06-05T02:37:12.296299+00:00] ACTION: DIR_CREATE | DETAILS: Created knowledge directory at /home/arcana-novai/Documents/Xoe-NovAi/omega-engine/data/entities/doom_guy/knowledge
[2026-06-05T02:37:12.296342+00:00] ACTION: DIR_CREATE | DETAILS: Created workspace directory at /home/arcana-novai/Documents/Xoe-NovAi/omega-engine/data/entities/doom_guy/workspace
[2026-06-05T02:37:15.427364+00:00] ACTION: WORKSPACE_CREATE | DETAILS: Created root workspace at /home/arcana-novai/Documents/Xoe-NovAi/omega-engine/data/entities/doom_guy
[2026-06-05T02:37:15.427435+00:00] ACTION: DIR_CREATE | DETAILS: Created knowledge directory at /home/arcana-novai/Documents/Xoe-NovAi/omega-engine/data/entities/doom_guy/knowledge
[2026-06-05T02:37:15.427455+00:00] ACTION: DIR_CREATE | DETAILS: Created workspace directory at /home/arcana-novai/Documents/Xoe-NovAi/omega-engine/data/entities/doom_guy/workspace
[2026-06-05T02:37:18.606929+00:00] ACTION: WORKSPACE_CREATE | DETAILS: Created root workspace at /home/arcana-novai/Documents/Xoe-NovAi/omega-engine/data/entities/doom_guy
[2026-06-05T02:37:18.607025+00:00] ACTION: DIR_CREATE | DETAILS: Created knowledge directory at /home/arcana-novai/Documents/Xoe-NovAi/omega-engine/data/entities/doom_guy/knowledge
[2026-06-05T02:37:18.607102+00:00] ACTION: DIR_CREATE | DETAILS: Created workspace directory at /home/arcana-novai/Documents/Xoe-NovAi/omega-engine/data/entities/doom_guy/workspace
[2026-06-05T02:37:21.115075+00:00] ACTION: WORKSPACE_CREATE | DETAILS: Created root workspace at /home/arcana-novai/Documents/Xoe-NovAi/omega-engine/data/entities/doom_guy
[2026-06-05T02:37:21.115214+00:00] ACTION: DIR_CREATE | DETAILS: Created knowledge directory at /home/arcana-novai/Documents/Xoe-NovAi/omega-engine/data/entities/doom_guy/knowledge
[2026-06-05T02:37:21.115264+00:00] ACTION: DIR_CREATE | DETAILS: Created workspace directory at /home/arcana-novai/Documents/Xoe-NovAi/omega-engine/data/entities/doom_guy/workspace
[2026-06-05T02:37:23.710969+00:00] ACTION: WORKSPACE_CREATE | DETAILS: Created root workspace at /home/arcana-novai/Documents/Xoe-NovAi/omega-engine/data/entities/doom_guy
[2026-06-05T02:37:23.711056+00:00] ACTION: DIR_CREATE | DETAILS: Created knowledge directory at /home/arcana-novai/Documents/Xoe-NovAi/omega-engine/data/entities/doom_guy/knowledge
[2026-06-05T02:37:23.711077+00:00] ACTION: DIR_CREATE | DETAILS: Created workspace directory at /home/arcana-novai/Documents/Xoe-NovAi/omega-engine/data/entities/doom_guy/workspace
[2026-06-05T02:37:26.698676+00:00] ACTION: WORKSPACE_CREATE | DETAILS: Created root workspace at /home/arcana-novai/Documents/Xoe-NovAi/omega-engine/data/entities/doom_guy
[2026-06-05T02:37:26.698787+00:00] ACTION: DIR_CREATE | DETAILS: Created knowledge directory at /home/arcana-novai/Documents/Xoe-NovAi/omega-engine/data/entities/doom_guy/knowledge
[2026-06-05T02:37:26.698831+00:00] ACTION: DIR_CREATE | DETAILS: Created workspace directory at /home/arcana-novai/Documents/Xoe-NovAi/omega-engine/data/entities/doom_guy/workspace
[2026-06-05T02:38:15.813805+00:00] ACTION: WORKSPACE_CREATE | DETAILS: Created root workspace at /home/arcana-novai/Documents/Xoe-NovAi/omega-engine/data/entities/doom_guy
[2026-06-05T02:38:15.813980+00:00] ACTION: DIR_CREATE | DETAILS: Created knowledge directory at /home/arcana-novai/Documents/Xoe-NovAi/omega-engine/data/entities/doom_guy/knowledge
[2026-06-05T02:38:15.814047+00:00] ACTION: DIR_CREATE | DETAILS: Created workspace directory at /home/arcana-novai/Documents/Xoe-NovAi/omega-engine/data/entities/doom_guy/workspace
[2026-06-05T02:38:16.672620+00:00] ACTION: WORKSPACE_CREATE | DETAILS: Created root workspace at /home/arcana-novai/Documents/Xoe-NovAi/omega-engine/data/entities/doom_guy
[2026-06-05T02:38:16.672719+00:00] ACTION: DIR_CREATE | DETAILS: Created knowledge directory at /home/arcana-novai/Documents/Xoe-NovAi/omega-engine/data/entities/doom_guy/knowledge
[2026-06-05T02:38:16.672757+00:00] ACTION: DIR_CREATE | DETAILS: Created workspace directory at /home/arcana-novai/Documents/Xoe-NovAi/omega-engine/data/entities/doom_guy/workspace
[2026-06-05T02:38:21.918446+00:00] ACTION: WORKSPACE_CREATE | DETAILS: Created root workspace at /home/arcana-novai/Documents/Xoe-NovAi/omega-engine/data/entities/doom_guy
[2026-06-05T02:38:21.918553+00:00] ACTION: DIR_CREATE | DETAILS: Created knowledge directory at /home/arcana-novai/Documents/Xoe-NovAi/omega-engine/data/entities/doom_guy/knowledge
[2026-06-05T02:38:21.918593+00:00] ACTION: DIR_CREATE | DETAILS: Created workspace directory at /home/arcana-novai/Documents/Xoe-NovAi/omega-engine/data/entities/doom_guy/workspace
[2026-06-05T02:38:26.372145+00:00] ACTION: WORKSPACE_CREATE | DETAILS: Created root workspace at /home/arcana-novai/Documents/Xoe-NovAi/omega-engine/data/entities/doom_guy
[2026-06-05T02:38:26.372282+00:00] ACTION: DIR_CREATE | DETAILS: Created knowledge directory at /home/arcana-novai/Documents/Xoe-NovAi/omega-engine/data/entities/doom_guy/knowledge
[2026-06-05T02:38:26.372322+00:00] ACTION: DIR_CREATE | DETAILS: Created workspace directory at /home/arcana-novai/Documents/Xoe-NovAi/omega-engine/data/entities/doom_guy/workspace
[2026-06-05T02:38:30.523412+00:00] ACTION: WORKSPACE_CREATE | DETAILS: Created root workspace at /home/arcana-novai/Documents/Xoe-NovAi/omega-engine/data/entities/doom_guy
[2026-06-05T02:38:30.523574+00:00] ACTION: DIR_CREATE | DETAILS: Created knowledge directory at /home/arcana-novai/Documents/Xoe-NovAi/omega-engine/data/entities/doom_guy/knowledge
[2026-06-05T02:38:30.523678+00:00] ACTION: DIR_CREATE | DETAILS: Created workspace directory at /home/arcana-novai/Documents/Xoe-NovAi/omega-engine/data/entities/doom_guy/workspace
[2026-06-05T02:38:33.998970+00:00] ACTION: WORKSPACE_CREATE | DETAILS: Created root workspace at /home/arcana-novai/Documents/Xoe-NovAi/omega-engine/data/entities/doom_guy
[2026-06-05T02:38:33.999113+00:00] ACTION: DIR_CREATE | DETAILS: Created knowledge directory at /home/arcana-novai/Documents/Xoe-NovAi/omega-engine/data/entities/doom_guy/knowledge
[2026-06-05T02:38:33.999170+00:00] ACTION: DIR_CREATE | DETAILS: Created workspace directory at /home/arcana-novai/Documents/Xoe-NovAi/omega-engine/data/entities/doom_guy/workspace
[2026-06-05T02:38:37.536083+00:00] ACTION: WORKSPACE_CREATE | DETAILS: Created root workspace at /home/arcana-novai/Documents/Xoe-NovAi/omega-engine/data/entities/doom_guy
[2026-06-05T02:38:37.536242+00:00] ACTION: DIR_CREATE | DETAILS: Created knowledge directory at /home/arcana-novai/Documents/Xoe-NovAi/omega-engine/data/entities/doom_guy/knowledge
[2026-06-05T02:38:37.536307+00:00] ACTION: DIR_CREATE | DETAILS: Created workspace directory at /home/arcana-novai/Documents/Xoe-NovAi/omega-engine/data/entities/doom_guy/workspace
[2026-06-05T02:38:41.088818+00:00] ACTION: WORKSPACE_CREATE | DETAILS: Created root workspace at /home/arcana-novai/Documents/Xoe-NovAi/omega-engine/data/entities/doom_guy
[2026-06-05T02:38:41.088904+00:00] ACTION: DIR_CREATE | DETAILS: Created knowledge directory at /home/arcana-novai/Documents/Xoe-NovAi/omega-engine/data/entities/doom_guy/knowledge
[2026-06-05T02:38:41.088941+00:00] ACTION: DIR_CREATE | DETAILS: Created workspace directory at /home/arcana-novai/Documents/Xoe-NovAi/omega-engine/data/entities/doom_guy/workspace
[2026-06-05T02:38:43.685659+00:00] ACTION: WORKSPACE_CREATE | DETAILS: Created root workspace at /home/arcana-novai/Documents/Xoe-NovAi/omega-engine/data/entities/doom_guy
[2026-06-05T02:38:43.685747+00:00] ACTION: DIR_CREATE | DETAILS: Created knowledge directory at /home/arcana-novai/Documents/Xoe-NovAi/omega-engine/data/entities/doom_guy/knowledge
[2026-06-05T02:38:43.685769+00:00] ACTION: DIR_CREATE | DETAILS: Created workspace directory at /home/arcana-novai/Documents/Xoe-NovAi/omega-engine/data/entities/doom_guy/workspace
[2026-06-05T02:38:46.623253+00:00] ACTION: WORKSPACE_CREATE | DETAILS: Created root workspace at /home/arcana-novai/Documents/Xoe-NovAi/omega-engine/data/entities/doom_guy
[2026-06-05T02:38:46.623325+00:00] ACTION: DIR_CREATE | DETAILS: Created knowledge directory at /home/arcana-novai/Documents/Xoe-NovAi/omega-engine/data/entities/doom_guy/knowledge
[2026-06-05T02:38:46.623348+00:00] ACTION: DIR_CREATE | DETAILS: Created workspace directory at /home/arcana-novai/Documents/Xoe-NovAi/omega-engine/data/entities/doom_guy/workspace
[2026-06-05T02:38:49.371066+00:00] ACTION: WORKSPACE_CREATE | DETAILS: Created root workspace at /home/arcana-novai/Documents/Xoe-NovAi/omega-engine/data/entities/doom_guy
[2026-06-05T02:38:49.371210+00:00] ACTION: DIR_CREATE | DETAILS: Created knowledge directory at /home/arcana-novai/Documents/Xoe-NovAi/omega-engine/data/entities/doom_guy/knowledge
[2026-06-05T02:38:49.371270+00:00] ACTION: DIR_CREATE | DETAILS: Created workspace directory at /home/arcana-novai/Documents/Xoe-NovAi/omega-engine/data/entities/doom_guy/workspace
[2026-06-05T02:38:52.691305+00:00] ACTION: WORKSPACE_CREATE | DETAILS: Created root workspace at /home/arcana-novai/Documents/Xoe-NovAi/omega-engine/data/entities/doom_guy
[2026-06-05T02:38:52.691409+00:00] ACTION: DIR_CREATE | DETAILS: Created knowledge directory at /home/arcana-novai/Documents/Xoe-NovAi/omega-engine/data/entities/doom_guy/knowledge
[2026-06-05T02:38:52.691441+00:00] ACTION: DIR_CREATE | DETAILS: Created workspace directory at /home/arcana-novai/Documents/Xoe-NovAi/omega-engine/data/entities/doom_guy/workspace
[2026-06-05T02:38:55.802971+00:00] ACTION: WORKSPACE_CREATE | DETAILS: Created root workspace at /home/arcana-novai/Documents/Xoe-NovAi/omega-engine/data/entities/doom_guy
[2026-06-05T02:38:55.803064+00:00] ACTION: DIR_CREATE | DETAILS: Created knowledge directory at /home/arcana-novai/Documents/Xoe-NovAi/omega-engine/data/entities/doom_guy/knowledge
[2026-06-05T02:38:55.803088+00:00] ACTION: DIR_CREATE | DETAILS: Created workspace directory at /home/arcana-novai/Documents/Xoe-NovAi/omega-engine/data/entities/doom_guy/workspace
[2026-06-05T02:38:58.190988+00:00] ACTION: WORKSPACE_CREATE | DETAILS: Created root workspace at /home/arcana-novai/Documents/Xoe-NovAi/omega-engine/data/entities/doom_guy
[2026-06-05T02:38:58.191072+00:00] ACTION: DIR_CREATE | DETAILS: Created knowledge directory at /home/arcana-novai/Documents/Xoe-NovAi/omega-engine/data/entities/doom_guy/knowledge
[2026-06-05T02:38:58.191090+00:00] ACTION: DIR_CREATE | DETAILS: Created workspace directory at /home/arcana-novai/Documents/Xoe-NovAi/omega-engine/data/entities/doom_guy/workspace
[2026-06-05T02:39:00.603365+00:00] ACTION: WORKSPACE_CREATE | DETAILS: Created root workspace at /home/arcana-novai/Documents/Xoe-NovAi/omega-engine/data/entities/doom_guy
[2026-06-05T02:39:00.603431+00:00] ACTION: DIR_CREATE | DETAILS: Created knowledge directory at /home/arcana-novai/Documents/Xoe-NovAi/omega-engine/data/entities/doom_guy/knowledge
[2026-06-05T02:39:00.603450+00:00] ACTION: DIR_CREATE | DETAILS: Created workspace directory at /home/arcana-novai/Documents/Xoe-NovAi/omega-engine/data/entities/doom_guy/workspace
[2026-06-05T02:39:03.024650+00:00] ACTION: WORKSPACE_CREATE | DETAILS: Created root workspace at /home/arcana-novai/Documents/Xoe-NovAi/omega-engine/data/entities/doom_guy
[2026-06-05T02:39:03.024776+00:00] ACTION: DIR_CREATE | DETAILS: Created knowledge directory at /home/arcana-novai/Documents/Xoe-NovAi/omega-engine/data/entities/doom_guy/knowledge
[2026-06-05T02:39:03.024797+00:00] ACTION: DIR_CREATE | DETAILS: Created workspace directory at /home/arcana-novai/Documents/Xoe-NovAi/omega-engine/data/entities/doom_guy/workspace
[2026-06-05T02:40:04.988713+00:00] ACTION: WORKSPACE_CREATE | DETAILS: Created root workspace at /home/arcana-novai/Documents/Xoe-NovAi/omega-engine/data/entities/doom_guy
[2026-06-05T02:40:04.988811+00:00] ACTION: DIR_CREATE | DETAILS: Created knowledge directory at /home/arcana-novai/Documents/Xoe-NovAi/omega-engine/data/entities/doom_guy/knowledge
[2026-06-05T02:40:04.988849+00:00] ACTION: DIR_CREATE | DETAILS: Created workspace directory at /home/arcana-novai/Documents/Xoe-NovAi/omega-engine/data/entities/doom_guy/workspace
[2026-06-05T02:40:05.767518+00:00] ACTION: WORKSPACE_CREATE | DETAILS: Created root workspace at /home/arcana-novai/Documents/Xoe-NovAi/omega-engine/data/entities/doom_guy
[2026-06-05T02:40:05.767667+00:00] ACTION: DIR_CREATE | DETAILS: Created knowledge directory at /home/arcana-novai/Documents/Xoe-NovAi/omega-engine/data/entities/doom_guy/knowledge
[2026-06-05T02:40:05.767731+00:00] ACTION: DIR_CREATE | DETAILS: Created workspace directory at /home/arcana-novai/Documents/Xoe-NovAi/omega-engine/data/entities/doom_guy/workspace
[2026-06-05T02:40:09.197041+00:00] ACTION: WORKSPACE_CREATE | DETAILS: Created root workspace at /home/arcana-novai/Documents/Xoe-NovAi/omega-engine/data/entities/doom_guy
[2026-06-05T02:40:09.197186+00:00] ACTION: DIR_CREATE | DETAILS: Created knowledge directory at /home/arcana-novai/Documents/Xoe-NovAi/omega-engine/data/entities/doom_guy/knowledge
[2026-06-05T02:40:09.197242+00:00] ACTION: DIR_CREATE | DETAILS: Created workspace directory at /home/arcana-novai/Documents/Xoe-NovAi/omega-engine/data/entities/doom_guy/workspace
[2026-06-05T02:40:12.546385+00:00] ACTION: WORKSPACE_CREATE | DETAILS: Created root workspace at /home/arcana-novai/Documents/Xoe-NovAi/omega-engine/data/entities/doom_guy
[2026-06-05T02:40:12.546506+00:00] ACTION: DIR_CREATE | DETAILS: Created knowledge directory at /home/arcana-novai/Documents/Xoe-NovAi/omega-engine/data/entities/doom_guy/knowledge
[2026-06-05T02:40:12.546543+00:00] ACTION: DIR_CREATE | DETAILS: Created workspace directory at /home/arcana-novai/Documents/Xoe-NovAi/omega-engine/data/entities/doom_guy/workspace
[2026-06-05T02:40:16.601004+00:00] ACTION: WORKSPACE_CREATE | DETAILS: Created root workspace at /home/arcana-novai/Documents/Xoe-NovAi/omega-engine/data/entities/doom_guy
[2026-06-05T02:40:16.601108+00:00] ACTION: DIR_CREATE | DETAILS: Created knowledge directory at /home/arcana-novai/Documents/Xoe-NovAi/omega-engine/data/entities/doom_guy/knowledge
[2026-06-05T02:40:16.601141+00:00] ACTION: DIR_CREATE | DETAILS: Created workspace directory at /home/arcana-novai/Documents/Xoe-NovAi/omega-engine/data/entities/doom_guy/workspace
[2026-06-05T02:40:19.489295+00:00] ACTION: WORKSPACE_CREATE | DETAILS: Created root workspace at /home/arcana-novai/Documents/Xoe-NovAi/omega-engine/data/entities/doom_guy
[2026-06-05T02:40:19.489384+00:00] ACTION: DIR_CREATE | DETAILS: Created knowledge directory at /home/arcana-novai/Documents/Xoe-NovAi/omega-engine/data/entities/doom_guy/knowledge
[2026-06-05T02:40:19.489405+00:00] ACTION: DIR_CREATE | DETAILS: Created workspace directory at /home/arcana-novai/Documents/Xoe-NovAi/omega-engine/data/entities/doom_guy/workspace
[2026-06-05T02:40:21.927709+00:00] ACTION: WORKSPACE_CREATE | DETAILS: Created root workspace at /home/arcana-novai/Documents/Xoe-NovAi/omega-engine/data/entities/doom_guy
[2026-06-05T02:40:21.927807+00:00] ACTION: DIR_CREATE | DETAILS: Created knowledge directory at /home/arcana-novai/Documents/Xoe-NovAi/omega-engine/data/entities/doom_guy/knowledge
[2026-06-05T02:40:21.927827+00:00] ACTION: DIR_CREATE | DETAILS: Created workspace directory at /home/arcana-novai/Documents/Xoe-NovAi/omega-engine/data/entities/doom_guy/workspace
[2026-06-05T02:40:25.790275+00:00] ACTION: WORKSPACE_CREATE | DETAILS: Created root workspace at /home/arcana-novai/Documents/Xoe-NovAi/omega-engine/data/entities/doom_guy
[2026-06-05T02:40:25.790411+00:00] ACTION: DIR_CREATE | DETAILS: Created knowledge directory at /home/arcana-novai/Documents/Xoe-NovAi/omega-engine/data/entities/doom_guy/knowledge
[2026-06-05T02:40:25.790467+00:00] ACTION: DIR_CREATE | DETAILS: Created workspace directory at /home/arcana-novai/Documents/Xoe-NovAi/omega-engine/data/entities/doom_guy/workspace
[2026-06-05T02:40:30.196505+00:00] ACTION: WORKSPACE_CREATE | DETAILS: Created root workspace at /home/arcana-novai/Documents/Xoe-NovAi/omega-engine/data/entities/doom_guy
[2026-06-05T02:40:30.196619+00:00] ACTION: DIR_CREATE | DETAILS: Created knowledge directory at /home/arcana-novai/Documents/Xoe-NovAi/omega-engine/data/entities/doom_guy/knowledge
[2026-06-05T02:40:30.196656+00:00] ACTION: DIR_CREATE | DETAILS: Created workspace directory at /home/arcana-novai/Documents/Xoe-NovAi/omega-engine/data/entities/doom_guy/workspace
[2026-06-05T02:40:35.130781+00:00] ACTION: WORKSPACE_CREATE | DETAILS: Created root workspace at /home/arcana-novai/Documents/Xoe-NovAi/omega-engine/data/entities/doom_guy
[2026-06-05T02:40:35.130915+00:00] ACTION: DIR_CREATE | DETAILS: Created knowledge directory at /home/arcana-novai/Documents/Xoe-NovAi/omega-engine/data/entities/doom_guy/knowledge
[2026-06-05T02:40:35.130953+00:00] ACTION: DIR_CREATE | DETAILS: Created workspace directory at /home/arcana-novai/Documents/Xoe-NovAi/omega-engine/data/entities/doom_guy/workspace
[2026-06-05T02:40:39.812983+00:00] ACTION: WORKSPACE_CREATE | DETAILS: Created root workspace at /home/arcana-novai/Documents/Xoe-NovAi/omega-engine/data/entities/doom_guy
[2026-06-05T02:40:39.813105+00:00] ACTION: DIR_CREATE | DETAILS: Created knowledge directory at /home/arcana-novai/Documents/Xoe-NovAi/omega-engine/data/entities/doom_guy/knowledge
[2026-06-05T02:40:39.813145+00:00] ACTION: DIR_CREATE | DETAILS: Created workspace directory at /home/arcana-novai/Documents/Xoe-NovAi/omega-engine/data/entities/doom_guy/workspace
[2026-06-05T02:40:46.199973+00:00] ACTION: WORKSPACE_CREATE | DETAILS: Created root workspace at /home/arcana-novai/Documents/Xoe-NovAi/omega-engine/data/entities/doom_guy
[2026-06-05T02:40:46.200113+00:00] ACTION: DIR_CREATE | DETAILS: Created knowledge directory at /home/arcana-novai/Documents/Xoe-NovAi/omega-engine/data/entities/doom_guy/knowledge
[2026-06-05T02:40:46.200192+00:00] ACTION: DIR_CREATE | DETAILS: Created workspace directory at /home/arcana-novai/Documents/Xoe-NovAi/omega-engine/data/entities/doom_guy/workspace
[2026-06-05T02:40:50.202455+00:00] ACTION: WORKSPACE_CREATE | DETAILS: Created root workspace at /home/arcana-novai/Documents/Xoe-NovAi/omega-engine/data/entities/doom_guy
[2026-06-05T02:40:50.202563+00:00] ACTION: DIR_CREATE | DETAILS: Created knowledge directory at /home/arcana-novai/Documents/Xoe-NovAi/omega-engine/data/entities/doom_guy/knowledge
[2026-06-05T02:40:50.202623+00:00] ACTION: DIR_CREATE | DETAILS: Created workspace directory at /home/arcana-novai/Documents/Xoe-NovAi/omega-engine/data/entities/doom_guy/workspace
[2026-06-05T02:40:53.988207+00:00] ACTION: WORKSPACE_CREATE | DETAILS: Created root workspace at /home/arcana-novai/Documents/Xoe-NovAi/omega-engine/data/entities/doom_guy
[2026-06-05T02:40:53.988319+00:00] ACTION: DIR_CREATE | DETAILS: Created knowledge directory at /home/arcana-novai/Documents/Xoe-NovAi/omega-engine/data/entities/doom_guy/knowledge
[2026-06-05T02:40:53.988358+00:00] ACTION: DIR_CREATE | DETAILS: Created workspace directory at /home/arcana-novai/Documents/Xoe-NovAi/omega-engine/data/entities/doom_guy/workspace
[2026-06-05T02:40:59.005651+00:00] ACTION: WORKSPACE_CREATE | DETAILS: Created root workspace at /home/arcana-novai/Documents/Xoe-NovAi/omega-engine/data/entities/doom_guy
[2026-06-05T02:40:59.005747+00:00] ACTION: DIR_CREATE | DETAILS: Created knowledge directory at /home/arcana-novai/Documents/Xoe-NovAi/omega-engine/data/entities/doom_guy/knowledge
[2026-06-05T02:40:59.005785+00:00] ACTION: DIR_CREATE | DETAILS: Created workspace directory at /home/arcana-novai/Documents/Xoe-NovAi/omega-engine/data/entities/doom_guy/workspace
[2026-06-05T02:41:04.230727+00:00] ACTION: WORKSPACE_CREATE | DETAILS: Created root workspace at /home/arcana-novai/Documents/Xoe-NovAi/omega-engine/data/entities/doom_guy
[2026-06-05T02:41:04.230931+00:00] ACTION: DIR_CREATE | DETAILS: Created knowledge directory at /home/arcana-novai/Documents/Xoe-NovAi/omega-engine/data/entities/doom_guy/knowledge
[2026-06-05T02:41:04.230998+00:00] ACTION: DIR_CREATE | DETAILS: Created workspace directory at /home/arcana-novai/Documents/Xoe-NovAi/omega-engine/data/entities/doom_guy/workspace
[2026-06-05T02:41:20.213939+00:00] ACTION: WORKSPACE_CREATE | DETAILS: Created root workspace at /home/arcana-novai/Documents/Xoe-NovAi/omega-engine/data/entities/doom_guy
[2026-06-05T02:41:20.214042+00:00] ACTION: DIR_CREATE | DETAILS: Created knowledge directory at /home/arcana-novai/Documents/Xoe-NovAi/omega-engine/data/entities/doom_guy/knowledge
[2026-06-05T02:41:20.214081+00:00] ACTION: DIR_CREATE | DETAILS: Created workspace directory at /home/arcana-novai/Documents/Xoe-NovAi/omega-engine/data/entities/doom_guy/workspace
[2026-06-05T02:41:24.366503+00:00] ACTION: WORKSPACE_CREATE | DETAILS: Created root workspace at /home/arcana-novai/Documents/Xoe-NovAi/omega-engine/data/entities/doom_guy
[2026-06-05T02:41:24.366653+00:00] ACTION: DIR_CREATE | DETAILS: Created knowledge directory at /home/arcana-novai/Documents/Xoe-NovAi/omega-engine/data/entities/doom_guy/knowledge
[2026-06-05T02:41:24.366717+00:00] ACTION: DIR_CREATE | DETAILS: Created workspace directory at /home/arcana-novai/Documents/Xoe-NovAi/omega-engine/data/entities/doom_guy/workspace
[2026-06-05T02:41:27.804288+00:00] ACTION: WORKSPACE_CREATE | DETAILS: Created root workspace at /home/arcana-novai/Documents/Xoe-NovAi/omega-engine/data/entities/doom_guy
[2026-06-05T02:41:27.804439+00:00] ACTION: DIR_CREATE | DETAILS: Created knowledge directory at /home/arcana-novai/Documents/Xoe-NovAi/omega-engine/data/entities/doom_guy/knowledge
[2026-06-05T02:41:27.804499+00:00] ACTION: DIR_CREATE | DETAILS: Created workspace directory at /home/arcana-novai/Documents/Xoe-NovAi/omega-engine/data/entities/doom_guy/workspace
[2026-06-05T02:41:30.985103+00:00] ACTION: WORKSPACE_CREATE | DETAILS: Created root workspace at /home/arcana-novai/Documents/Xoe-NovAi/omega-engine/data/entities/doom_guy
[2026-06-05T02:41:30.985258+00:00] ACTION: DIR_CREATE | DETAILS: Created knowledge directory at /home/arcana-novai/Documents/Xoe-NovAi/omega-engine/data/entities/doom_guy/knowledge
[2026-06-05T02:41:30.985287+00:00] ACTION: DIR_CREATE | DETAILS: Created workspace directory at /home/arcana-novai/Documents/Xoe-NovAi/omega-engine/data/entities/doom_guy/workspace
[2026-06-05T02:41:34.331576+00:00] ACTION: WORKSPACE_CREATE | DETAILS: Created root workspace at /home/arcana-novai/Documents/Xoe-NovAi/omega-engine/data/entities/doom_guy
[2026-06-05T02:41:34.331734+00:00] ACTION: DIR_CREATE | DETAILS: Created knowledge directory at /home/arcana-novai/Documents/Xoe-NovAi/omega-engine/data/entities/doom_guy/knowledge
[2026-06-05T02:41:34.331768+00:00] ACTION: DIR_CREATE | DETAILS: Created workspace directory at /home/arcana-novai/Documents/Xoe-NovAi/omega-engine/data/entities/doom_guy/workspace
[2026-06-05T02:41:37.821413+00:00] ACTION: WORKSPACE_CREATE | DETAILS: Created root workspace at /home/arcana-novai/Documents/Xoe-NovAi/omega-engine/data/entities/doom_guy
[2026-06-05T02:41:37.821551+00:00] ACTION: DIR_CREATE | DETAILS: Created knowledge directory at /home/arcana-novai/Documents/Xoe-NovAi/omega-engine/data/entities/doom_guy/knowledge
[2026-06-05T02:41:37.821613+00:00] ACTION: DIR_CREATE | DETAILS: Created workspace directory at /home/arcana-novai/Documents/Xoe-NovAi/omega-engine/data/entities/doom_guy/workspace
[2026-06-05T02:41:40.948457+00:00] ACTION: WORKSPACE_CREATE | DETAILS: Created root workspace at /home/arcana-novai/Documents/Xoe-NovAi/omega-engine/data/entities/doom_guy
[2026-06-05T02:41:40.948535+00:00] ACTION: DIR_CREATE | DETAILS: Created knowledge directory at /home/arcana-novai/Documents/Xoe-NovAi/omega-engine/data/entities/doom_guy/knowledge
[2026-06-05T02:41:40.948561+00:00] ACTION: DIR_CREATE | DETAILS: Created workspace directory at /home/arcana-novai/Documents/Xoe-NovAi/omega-engine/data/entities/doom_guy/workspace
[2026-06-05T02:41:44.148860+00:00] ACTION: WORKSPACE_CREATE | DETAILS: Created root workspace at /home/arcana-novai/Documents/Xoe-NovAi/omega-engine/data/entities/doom_guy
[2026-06-05T02:41:44.149061+00:00] ACTION: DIR_CREATE | DETAILS: Created knowledge directory at /home/arcana-novai/Documents/Xoe-NovAi/omega-engine/data/entities/doom_guy/knowledge
[2026-06-05T02:41:44.149119+00:00] ACTION: DIR_CREATE | DETAILS: Created workspace directory at /home/arcana-novai/Documents/Xoe-NovAi/omega-engine/data/entities/doom_guy/workspace
[2026-06-05T02:41:47.336433+00:00] ACTION: WORKSPACE_CREATE | DETAILS: Created root workspace at /home/arcana-novai/Documents/Xoe-NovAi/omega-engine/data/entities/doom_guy
[2026-06-05T02:41:47.336525+00:00] ACTION: DIR_CREATE | DETAILS: Created knowledge directory at /home/arcana-novai/Documents/Xoe-NovAi/omega-engine/data/entities/doom_guy/knowledge
[2026-06-05T02:41:47.336554+00:00] ACTION: DIR_CREATE | DETAILS: Created workspace directory at /home/arcana-novai/Documents/Xoe-NovAi/omega-engine/data/entities/doom_guy/workspace
[2026-06-05T02:41:50.870176+00:00] ACTION: WORKSPACE_CREATE | DETAILS: Created root workspace at /home/arcana-novai/Documents/Xoe-NovAi/omega-engine/data/entities/doom_guy
[2026-06-05T02:41:50.870327+00:00] ACTION: DIR_CREATE | DETAILS: Created knowledge directory at /home/arcana-novai/Documents/Xoe-NovAi/omega-engine/data/entities/doom_guy/knowledge
[2026-06-05T02:41:50.870384+00:00] ACTION: DIR_CREATE | DETAILS: Created workspace directory at /home/arcana-novai/Documents/Xoe-NovAi/omega-engine/data/entities/doom_guy/workspace
[2026-06-05T03:13:31.796623+00:00] ACTION: WORKSPACE_CREATE | DETAILS: Created root workspace at /home/arcana-novai/Documents/Xoe-NovAi/omega-engine/data/entities/doom_guy
[2026-06-05T03:13:31.796733+00:00] ACTION: DIR_CREATE | DETAILS: Created knowledge directory at /home/arcana-novai/Documents/Xoe-NovAi/omega-engine/data/entities/doom_guy/knowledge
[2026-06-05T03:13:31.796772+00:00] ACTION: DIR_CREATE | DETAILS: Created workspace directory at /home/arcana-novai/Documents/Xoe-NovAi/omega-engine/data/entities/doom_guy/workspace
[2026-06-05T03:13:32.585428+00:00] ACTION: WORKSPACE_CREATE | DETAILS: Created root workspace at /home/arcana-novai/Documents/Xoe-NovAi/omega-engine/data/entities/doom_guy
[2026-06-05T03:13:32.585519+00:00] ACTION: DIR_CREATE | DETAILS: Created knowledge directory at /home/arcana-novai/Documents/Xoe-NovAi/omega-engine/data/entities/doom_guy/knowledge
[2026-06-05T03:13:32.585550+00:00] ACTION: DIR_CREATE | DETAILS: Created workspace directory at /home/arcana-novai/Documents/Xoe-NovAi/omega-engine/data/entities/doom_guy/workspace
[2026-06-05T03:13:39.342524+00:00] ACTION: WORKSPACE_CREATE | DETAILS: Created root workspace at /home/arcana-novai/Documents/Xoe-NovAi/omega-engine/data/entities/doom_guy
[2026-06-05T03:13:39.342660+00:00] ACTION: DIR_CREATE | DETAILS: Created knowledge directory at /home/arcana-novai/Documents/Xoe-NovAi/omega-engine/data/entities/doom_guy/knowledge
[2026-06-05T03:13:39.342684+00:00] ACTION: DIR_CREATE | DETAILS: Created workspace directory at /home/arcana-novai/Documents/Xoe-NovAi/omega-engine/data/entities/doom_guy/workspace
[2026-06-05T03:13:42.684532+00:00] ACTION: WORKSPACE_CREATE | DETAILS: Created root workspace at /home/arcana-novai/Documents/Xoe-NovAi/omega-engine/data/entities/doom_guy
[2026-06-05T03:13:42.684598+00:00] ACTION: DIR_CREATE | DETAILS: Created knowledge directory at /home/arcana-novai/Documents/Xoe-NovAi/omega-engine/data/entities/doom_guy/knowledge
[2026-06-05T03:13:42.684617+00:00] ACTION: DIR_CREATE | DETAILS: Created workspace directory at /home/arcana-novai/Documents/Xoe-NovAi/omega-engine/data/entities/doom_guy/workspace
[2026-06-05T03:13:45.129186+00:00] ACTION: WORKSPACE_CREATE | DETAILS: Created root workspace at /home/arcana-novai/Documents/Xoe-NovAi/omega-engine/data/entities/doom_guy
[2026-06-05T03:13:45.129295+00:00] ACTION: DIR_CREATE | DETAILS: Created knowledge directory at /home/arcana-novai/Documents/Xoe-NovAi/omega-engine/data/entities/doom_guy/knowledge
[2026-06-05T03:13:45.129331+00:00] ACTION: DIR_CREATE | DETAILS: Created workspace directory at /home/arcana-novai/Documents/Xoe-NovAi/omega-engine/data/entities/doom_guy/workspace
[2026-06-05T03:13:47.529361+00:00] ACTION: WORKSPACE_CREATE | DETAILS: Created root workspace at /home/arcana-novai/Documents/Xoe-NovAi/omega-engine/data/entities/doom_guy
[2026-06-05T03:13:47.529462+00:00] ACTION: DIR_CREATE | DETAILS: Created knowledge directory at /home/arcana-novai/Documents/Xoe-NovAi/omega-engine/data/entities/doom_guy/knowledge
[2026-06-05T03:13:47.529502+00:00] ACTION: DIR_CREATE | DETAILS: Created workspace directory at /home/arcana-novai/Documents/Xoe-NovAi/omega-engine/data/entities/doom_guy/workspace
[2026-06-05T03:13:50.001333+00:00] ACTION: WORKSPACE_CREATE | DETAILS: Created root workspace at /home/arcana-novai/Documents/Xoe-NovAi/omega-engine/data/entities/doom_guy
[2026-06-05T03:13:50.001440+00:00] ACTION: DIR_CREATE | DETAILS: Created knowledge directory at /home/arcana-novai/Documents/Xoe-NovAi/omega-engine/data/entities/doom_guy/knowledge
[2026-06-05T03:13:50.001465+00:00] ACTION: DIR_CREATE | DETAILS: Created workspace directory at /home/arcana-novai/Documents/Xoe-NovAi/omega-engine/data/entities/doom_guy/workspace
[2026-06-05T03:13:52.463857+00:00] ACTION: WORKSPACE_CREATE | DETAILS: Created root workspace at /home/arcana-novai/Documents/Xoe-NovAi/omega-engine/data/entities/doom_guy
[2026-06-05T03:13:52.463972+00:00] ACTION: DIR_CREATE | DETAILS: Created knowledge directory at /home/arcana-novai/Documents/Xoe-NovAi/omega-engine/data/entities/doom_guy/knowledge
[2026-06-05T03:13:52.463998+00:00] ACTION: DIR_CREATE | DETAILS: Created workspace directory at /home/arcana-novai/Documents/Xoe-NovAi/omega-engine/data/entities/doom_guy/workspace
[2026-06-05T03:13:55.064819+00:00] ACTION: WORKSPACE_CREATE | DETAILS: Created root workspace at /home/arcana-novai/Documents/Xoe-NovAi/omega-engine/data/entities/doom_guy
[2026-06-05T03:13:55.064900+00:00] ACTION: DIR_CREATE | DETAILS: Created knowledge directory at /home/arcana-novai/Documents/Xoe-NovAi/omega-engine/data/entities/doom_guy/knowledge
[2026-06-05T03:13:55.064935+00:00] ACTION: DIR_CREATE | DETAILS: Created workspace directory at /home/arcana-novai/Documents/Xoe-NovAi/omega-engine/data/entities/doom_guy/workspace
[2026-06-05T03:13:57.767672+00:00] ACTION: WORKSPACE_CREATE | DETAILS: Created root workspace at /home/arcana-novai/Documents/Xoe-NovAi/omega-engine/data/entities/doom_guy
[2026-06-05T03:13:57.767737+00:00] ACTION: DIR_CREATE | DETAILS: Created knowledge directory at /home/arcana-novai/Documents/Xoe-NovAi/omega-engine/data/entities/doom_guy/knowledge
[2026-06-05T03:13:57.767756+00:00] ACTION: DIR_CREATE | DETAILS: Created workspace directory at /home/arcana-novai/Documents/Xoe-NovAi/omega-engine/data/entities/doom_guy/workspace
[2026-06-05T03:14:00.377012+00:00] ACTION: WORKSPACE_CREATE | DETAILS: Created root workspace at /home/arcana-novai/Documents/Xoe-NovAi/omega-engine/data/entities/doom_guy
[2026-06-05T03:14:00.377096+00:00] ACTION: DIR_CREATE | DETAILS: Created knowledge directory at /home/arcana-novai/Documents/Xoe-NovAi/omega-engine/data/entities/doom_guy/knowledge
[2026-06-05T03:14:00.377121+00:00] ACTION: DIR_CREATE | DETAILS: Created workspace directory at /home/arcana-novai/Documents/Xoe-NovAi/omega-engine/data/entities/doom_guy/workspace
[2026-06-05T03:14:03.678655+00:00] ACTION: WORKSPACE_CREATE | DETAILS: Created root workspace at /home/arcana-novai/Documents/Xoe-NovAi/omega-engine/data/entities/doom_guy
[2026-06-05T03:14:03.678803+00:00] ACTION: DIR_CREATE | DETAILS: Created knowledge directory at /home/arcana-novai/Documents/Xoe-NovAi/omega-engine/data/entities/doom_guy/knowledge
[2026-06-05T03:14:03.678867+00:00] ACTION: DIR_CREATE | DETAILS: Created workspace directory at /home/arcana-novai/Documents/Xoe-NovAi/omega-engine/data/entities/doom_guy/workspace
[2026-06-05T03:14:07.472549+00:00] ACTION: WORKSPACE_CREATE | DETAILS: Created root workspace at /home/arcana-novai/Documents/Xoe-NovAi/omega-engine/data/entities/doom_guy
[2026-06-05T03:14:07.472653+00:00] ACTION: DIR_CREATE | DETAILS: Created knowledge directory at /home/arcana-novai/Documents/Xoe-NovAi/omega-engine/data/entities/doom_guy/knowledge
[2026-06-05T03:14:07.472680+00:00] ACTION: DIR_CREATE | DETAILS: Created workspace directory at /home/arcana-novai/Documents/Xoe-NovAi/omega-engine/data/entities/doom_guy/workspace
[2026-06-05T03:14:11.097193+00:00] ACTION: WORKSPACE_CREATE | DETAILS: Created root workspace at /home/arcana-novai/Documents/Xoe-NovAi/omega-engine/data/entities/doom_guy
[2026-06-05T03:14:11.097259+00:00] ACTION: DIR_CREATE | DETAILS: Created knowledge directory at /home/arcana-novai/Documents/Xoe-NovAi/omega-engine/data/entities/doom_guy/knowledge
[2026-06-05T03:14:11.097279+00:00] ACTION: DIR_CREATE | DETAILS: Created workspace directory at /home/arcana-novai/Documents/Xoe-NovAi/omega-engine/data/entities/doom_guy/workspace
[2026-06-05T03:14:19.269379+00:00] ACTION: WORKSPACE_CREATE | DETAILS: Created root workspace at /home/arcana-novai/Documents/Xoe-NovAi/omega-engine/data/entities/doom_guy
[2026-06-05T03:14:19.269508+00:00] ACTION: DIR_CREATE | DETAILS: Created knowledge directory at /home/arcana-novai/Documents/Xoe-NovAi/omega-engine/data/entities/doom_guy/knowledge
[2026-06-05T03:14:19.269548+00:00] ACTION: DIR_CREATE | DETAILS: Created workspace directory at /home/arcana-novai/Documents/Xoe-NovAi/omega-engine/data/entities/doom_guy/workspace
[2026-06-05T03:14:24.457219+00:00] ACTION: WORKSPACE_CREATE | DETAILS: Created root workspace at /home/arcana-novai/Documents/Xoe-NovAi/omega-engine/data/entities/doom_guy
[2026-06-05T03:14:24.457386+00:00] ACTION: DIR_CREATE | DETAILS: Created knowledge directory at /home/arcana-novai/Documents/Xoe-NovAi/omega-engine/data/entities/doom_guy/knowledge
[2026-06-05T03:14:24.457469+00:00] ACTION: DIR_CREATE | DETAILS: Created workspace directory at /home/arcana-novai/Documents/Xoe-NovAi/omega-engine/data/entities/doom_guy/workspace
[2026-06-05T03:14:40.772516+00:00] ACTION: WORKSPACE_CREATE | DETAILS: Created root workspace at /home/arcana-novai/Documents/Xoe-NovAi/omega-engine/data/entities/doom_guy
[2026-06-05T03:14:40.772692+00:00] ACTION: DIR_CREATE | DETAILS: Created knowledge directory at /home/arcana-novai/Documents/Xoe-NovAi/omega-engine/data/entities/doom_guy/knowledge
[2026-06-05T03:14:40.772733+00:00] ACTION: DIR_CREATE | DETAILS: Created workspace directory at /home/arcana-novai/Documents/Xoe-NovAi/omega-engine/data/entities/doom_guy/workspace
[2026-06-05T03:14:44.883324+00:00] ACTION: WORKSPACE_CREATE | DETAILS: Created root workspace at /home/arcana-novai/Documents/Xoe-NovAi/omega-engine/data/entities/doom_guy
[2026-06-05T03:14:44.883480+00:00] ACTION: DIR_CREATE | DETAILS: Created knowledge directory at /home/arcana-novai/Documents/Xoe-NovAi/omega-engine/data/entities/doom_guy/knowledge
[2026-06-05T03:14:44.883540+00:00] ACTION: DIR_CREATE | DETAILS: Created workspace directory at /home/arcana-novai/Documents/Xoe-NovAi/omega-engine/data/entities/doom_guy/workspace
[2026-06-05T03:14:48.703066+00:00] ACTION: WORKSPACE_CREATE | DETAILS: Created root workspace at /home/arcana-novai/Documents/Xoe-NovAi/omega-engine/data/entities/doom_guy
[2026-06-05T03:14:48.703146+00:00] ACTION: DIR_CREATE | DETAILS: Created knowledge directory at /home/arcana-novai/Documents/Xoe-NovAi/omega-engine/data/entities/doom_guy/knowledge
[2026-06-05T03:14:48.703169+00:00] ACTION: DIR_CREATE | DETAILS: Created workspace directory at /home/arcana-novai/Documents/Xoe-NovAi/omega-engine/data/entities/doom_guy/workspace
[2026-06-05T03:14:51.279870+00:00] ACTION: WORKSPACE_CREATE | DETAILS: Created root workspace at /home/arcana-novai/Documents/Xoe-NovAi/omega-engine/data/entities/doom_guy
[2026-06-05T03:14:51.279966+00:00] ACTION: DIR_CREATE | DETAILS: Created knowledge directory at /home/arcana-novai/Documents/Xoe-NovAi/omega-engine/data/entities/doom_guy/knowledge
[2026-06-05T03:14:51.279988+00:00] ACTION: DIR_CREATE | DETAILS: Created workspace directory at /home/arcana-novai/Documents/Xoe-NovAi/omega-engine/data/entities/doom_guy/workspace
[2026-06-05T03:14:53.973717+00:00] ACTION: WORKSPACE_CREATE | DETAILS: Created root workspace at /home/arcana-novai/Documents/Xoe-NovAi/omega-engine/data/entities/doom_guy
[2026-06-05T03:14:53.973873+00:00] ACTION: DIR_CREATE | DETAILS: Created knowledge directory at /home/arcana-novai/Documents/Xoe-NovAi/omega-engine/data/entities/doom_guy/knowledge
[2026-06-05T03:14:53.973956+00:00] ACTION: DIR_CREATE | DETAILS: Created workspace directory at /home/arcana-novai/Documents/Xoe-NovAi/omega-engine/data/entities/doom_guy/workspace
[2026-06-05T03:14:56.474685+00:00] ACTION: WORKSPACE_CREATE | DETAILS: Created root workspace at /home/arcana-novai/Documents/Xoe-NovAi/omega-engine/data/entities/doom_guy
[2026-06-05T03:14:56.474836+00:00] ACTION: DIR_CREATE | DETAILS: Created knowledge directory at /home/arcana-novai/Documents/Xoe-NovAi/omega-engine/data/entities/doom_guy/knowledge
[2026-06-05T03:14:56.474924+00:00] ACTION: DIR_CREATE | DETAILS: Created workspace directory at /home/arcana-novai/Documents/Xoe-NovAi/omega-engine/data/entities/doom_guy/workspace
[2026-06-05T03:14:59.093945+00:00] ACTION: WORKSPACE_CREATE | DETAILS: Created root workspace at /home/arcana-novai/Documents/Xoe-NovAi/omega-engine/data/entities/doom_guy
[2026-06-05T03:14:59.094102+00:00] ACTION: DIR_CREATE | DETAILS: Created knowledge directory at /home/arcana-novai/Documents/Xoe-NovAi/omega-engine/data/entities/doom_guy/knowledge
[2026-06-05T03:14:59.094161+00:00] ACTION: DIR_CREATE | DETAILS: Created workspace directory at /home/arcana-novai/Documents/Xoe-NovAi/omega-engine/data/entities/doom_guy/workspace
[2026-06-05T03:15:04.196512+00:00] ACTION: WORKSPACE_CREATE | DETAILS: Created root workspace at /home/arcana-novai/Documents/Xoe-NovAi/omega-engine/data/entities/doom_guy
[2026-06-05T03:15:04.196624+00:00] ACTION: DIR_CREATE | DETAILS: Created knowledge directory at /home/arcana-novai/Documents/Xoe-NovAi/omega-engine/data/entities/doom_guy/knowledge
[2026-06-05T03:15:04.196664+00:00] ACTION: DIR_CREATE | DETAILS: Created workspace directory at /home/arcana-novai/Documents/Xoe-NovAi/omega-engine/data/entities/doom_guy/workspace
[2026-06-05T03:15:08.326115+00:00] ACTION: WORKSPACE_CREATE | DETAILS: Created root workspace at /home/arcana-novai/Documents/Xoe-NovAi/omega-engine/data/entities/doom_guy
[2026-06-05T03:15:08.326261+00:00] ACTION: DIR_CREATE | DETAILS: Created knowledge directory at /home/arcana-novai/Documents/Xoe-NovAi/omega-engine/data/entities/doom_guy/knowledge
[2026-06-05T03:15:08.326324+00:00] ACTION: DIR_CREATE | DETAILS: Created workspace directory at /home/arcana-novai/Documents/Xoe-NovAi/omega-engine/data/entities/doom_guy/workspace
[2026-06-05T03:15:11.857620+00:00] ACTION: WORKSPACE_CREATE | DETAILS: Created root workspace at /home/arcana-novai/Documents/Xoe-NovAi/omega-engine/data/entities/doom_guy
[2026-06-05T03:15:11.857688+00:00] ACTION: DIR_CREATE | DETAILS: Created knowledge directory at /home/arcana-novai/Documents/Xoe-NovAi/omega-engine/data/entities/doom_guy/knowledge
[2026-06-05T03:15:11.857707+00:00] ACTION: DIR_CREATE | DETAILS: Created workspace directory at /home/arcana-novai/Documents/Xoe-NovAi/omega-engine/data/entities/doom_guy/workspace
[2026-06-05T03:30:56.809407+00:00] ACTION: WORKSPACE_CREATE | DETAILS: Created root workspace at /home/arcana-novai/Documents/Xoe-NovAi/omega-engine/data/entities/doom_guy
[2026-06-05T03:30:56.809553+00:00] ACTION: DIR_CREATE | DETAILS: Created knowledge directory at /home/arcana-novai/Documents/Xoe-NovAi/omega-engine/data/entities/doom_guy/knowledge
[2026-06-05T03:30:56.809629+00:00] ACTION: DIR_CREATE | DETAILS: Created workspace directory at /home/arcana-novai/Documents/Xoe-NovAi/omega-engine/data/entities/doom_guy/workspace
[2026-06-05T03:30:57.220660+00:00] ACTION: WORKSPACE_CREATE | DETAILS: Created root workspace at /home/arcana-novai/Documents/Xoe-NovAi/omega-engine/data/entities/doom_guy
[2026-06-05T03:30:57.220761+00:00] ACTION: DIR_CREATE | DETAILS: Created knowledge directory at /home/arcana-novai/Documents/Xoe-NovAi/omega-engine/data/entities/doom_guy/knowledge
[2026-06-05T03:30:57.220800+00:00] ACTION: DIR_CREATE | DETAILS: Created workspace directory at /home/arcana-novai/Documents/Xoe-NovAi/omega-engine/data/entities/doom_guy/workspace
[2026-06-05T03:31:00.175487+00:00] ACTION: WORKSPACE_CREATE | DETAILS: Created root workspace at /home/arcana-novai/Documents/Xoe-NovAi/omega-engine/data/entities/doom_guy
[2026-06-05T03:31:00.175552+00:00] ACTION: DIR_CREATE | DETAILS: Created knowledge directory at /home/arcana-novai/Documents/Xoe-NovAi/omega-engine/data/entities/doom_guy/knowledge
[2026-06-05T03:31:00.175572+00:00] ACTION: DIR_CREATE | DETAILS: Created workspace directory at /home/arcana-novai/Documents/Xoe-NovAi/omega-engine/data/entities/doom_guy/workspace
[2026-06-05T03:31:02.930607+00:00] ACTION: WORKSPACE_CREATE | DETAILS: Created root workspace at /home/arcana-novai/Documents/Xoe-NovAi/omega-engine/data/entities/doom_guy
[2026-06-05T03:31:02.930690+00:00] ACTION: DIR_CREATE | DETAILS: Created knowledge directory at /home/arcana-novai/Documents/Xoe-NovAi/omega-engine/data/entities/doom_guy/knowledge
[2026-06-05T03:31:02.930710+00:00] ACTION: DIR_CREATE | DETAILS: Created workspace directory at /home/arcana-novai/Documents/Xoe-NovAi/omega-engine/data/entities/doom_guy/workspace
[2026-06-05T03:31:05.414254+00:00] ACTION: WORKSPACE_CREATE | DETAILS: Created root workspace at /home/arcana-novai/Documents/Xoe-NovAi/omega-engine/data/entities/doom_guy
[2026-06-05T03:31:05.414322+00:00] ACTION: DIR_CREATE | DETAILS: Created knowledge directory at /home/arcana-novai/Documents/Xoe-NovAi/omega-engine/data/entities/doom_guy/knowledge
[2026-06-05T03:31:05.414342+00:00] ACTION: DIR_CREATE | DETAILS: Created workspace directory at /home/arcana-novai/Documents/Xoe-NovAi/omega-engine/data/entities/doom_guy/workspace
[2026-06-05T03:31:07.809498+00:00] ACTION: WORKSPACE_CREATE | DETAILS: Created root workspace at /home/arcana-novai/Documents/Xoe-NovAi/omega-engine/data/entities/doom_guy
[2026-06-05T03:31:07.809580+00:00] ACTION: DIR_CREATE | DETAILS: Created knowledge directory at /home/arcana-novai/Documents/Xoe-NovAi/omega-engine/data/entities/doom_guy/knowledge
[2026-06-05T03:31:07.809614+00:00] ACTION: DIR_CREATE | DETAILS: Created workspace directory at /home/arcana-novai/Documents/Xoe-NovAi/omega-engine/data/entities/doom_guy/workspace
[2026-06-05T03:31:10.344450+00:00] ACTION: WORKSPACE_CREATE | DETAILS: Created root workspace at /home/arcana-novai/Documents/Xoe-NovAi/omega-engine/data/entities/doom_guy
[2026-06-05T03:31:10.344558+00:00] ACTION: DIR_CREATE | DETAILS: Created knowledge directory at /home/arcana-novai/Documents/Xoe-NovAi/omega-engine/data/entities/doom_guy/knowledge
[2026-06-05T03:31:10.344598+00:00] ACTION: DIR_CREATE | DETAILS: Created workspace directory at /home/arcana-novai/Documents/Xoe-NovAi/omega-engine/data/entities/doom_guy/workspace
[2026-06-05T03:31:13.136096+00:00] ACTION: WORKSPACE_CREATE | DETAILS: Created root workspace at /home/arcana-novai/Documents/Xoe-NovAi/omega-engine/data/entities/doom_guy
[2026-06-05T03:31:13.136235+00:00] ACTION: DIR_CREATE | DETAILS: Created knowledge directory at /home/arcana-novai/Documents/Xoe-NovAi/omega-engine/data/entities/doom_guy/knowledge
[2026-06-05T03:31:13.136292+00:00] ACTION: DIR_CREATE | DETAILS: Created workspace directory at /home/arcana-novai/Documents/Xoe-NovAi/omega-engine/data/entities/doom_guy/workspace
[2026-06-05T03:31:15.402202+00:00] ACTION: WORKSPACE_CREATE | DETAILS: Created root workspace at /home/arcana-novai/Documents/Xoe-NovAi/omega-engine/data/entities/doom_guy
[2026-06-05T03:31:15.402387+00:00] ACTION: DIR_CREATE | DETAILS: Created knowledge directory at /home/arcana-novai/Documents/Xoe-NovAi/omega-engine/data/entities/doom_guy/knowledge
[2026-06-05T03:31:15.402453+00:00] ACTION: DIR_CREATE | DETAILS: Created workspace directory at /home/arcana-novai/Documents/Xoe-NovAi/omega-engine/data/entities/doom_guy/workspace
[2026-06-05T03:31:18.091055+00:00] ACTION: WORKSPACE_CREATE | DETAILS: Created root workspace at /home/arcana-novai/Documents/Xoe-NovAi/omega-engine/data/entities/doom_guy
[2026-06-05T03:31:18.091203+00:00] ACTION: DIR_CREATE | DETAILS: Created knowledge directory at /home/arcana-novai/Documents/Xoe-NovAi/omega-engine/data/entities/doom_guy/knowledge
[2026-06-05T03:31:18.091261+00:00] ACTION: DIR_CREATE | DETAILS: Created workspace directory at /home/arcana-novai/Documents/Xoe-NovAi/omega-engine/data/entities/doom_guy/workspace
[2026-06-05T03:31:20.616155+00:00] ACTION: WORKSPACE_CREATE | DETAILS: Created root workspace at /home/arcana-novai/Documents/Xoe-NovAi/omega-engine/data/entities/doom_guy
[2026-06-05T03:31:20.616225+00:00] ACTION: DIR_CREATE | DETAILS: Created knowledge directory at /home/arcana-novai/Documents/Xoe-NovAi/omega-engine/data/entities/doom_guy/knowledge
[2026-06-05T03:31:20.616245+00:00] ACTION: DIR_CREATE | DETAILS: Created workspace directory at /home/arcana-novai/Documents/Xoe-NovAi/omega-engine/data/entities/doom_guy/workspace
[2026-06-05T03:31:23.339295+00:00] ACTION: WORKSPACE_CREATE | DETAILS: Created root workspace at /home/arcana-novai/Documents/Xoe-NovAi/omega-engine/data/entities/doom_guy
[2026-06-05T03:31:23.339364+00:00] ACTION: DIR_CREATE | DETAILS: Created knowledge directory at /home/arcana-novai/Documents/Xoe-NovAi/omega-engine/data/entities/doom_guy/knowledge
[2026-06-05T03:31:23.339384+00:00] ACTION: DIR_CREATE | DETAILS: Created workspace directory at /home/arcana-novai/Documents/Xoe-NovAi/omega-engine/data/entities/doom_guy/workspace
[2026-06-05T03:31:25.827172+00:00] ACTION: WORKSPACE_CREATE | DETAILS: Created root workspace at /home/arcana-novai/Documents/Xoe-NovAi/omega-engine/data/entities/doom_guy
[2026-06-05T03:31:25.827249+00:00] ACTION: DIR_CREATE | DETAILS: Created knowledge directory at /home/arcana-novai/Documents/Xoe-NovAi/omega-engine/data/entities/doom_guy/knowledge
[2026-06-05T03:31:25.827268+00:00] ACTION: DIR_CREATE | DETAILS: Created workspace directory at /home/arcana-novai/Documents/Xoe-NovAi/omega-engine/data/entities/doom_guy/workspace
[2026-06-05T03:31:28.337987+00:00] ACTION: WORKSPACE_CREATE | DETAILS: Created root workspace at /home/arcana-novai/Documents/Xoe-NovAi/omega-engine/data/entities/doom_guy
[2026-06-05T03:31:28.338115+00:00] ACTION: DIR_CREATE | DETAILS: Created knowledge directory at /home/arcana-novai/Documents/Xoe-NovAi/omega-engine/data/entities/doom_guy/knowledge
[2026-06-05T03:31:28.338157+00:00] ACTION: DIR_CREATE | DETAILS: Created workspace directory at /home/arcana-novai/Documents/Xoe-NovAi/omega-engine/data/entities/doom_guy/workspace
[2026-06-05T03:31:30.766307+00:00] ACTION: WORKSPACE_CREATE | DETAILS: Created root workspace at /home/arcana-novai/Documents/Xoe-NovAi/omega-engine/data/entities/doom_guy
[2026-06-05T03:31:30.766376+00:00] ACTION: DIR_CREATE | DETAILS: Created knowledge directory at /home/arcana-novai/Documents/Xoe-NovAi/omega-engine/data/entities/doom_guy/knowledge
[2026-06-05T03:31:30.766397+00:00] ACTION: DIR_CREATE | DETAILS: Created workspace directory at /home/arcana-novai/Documents/Xoe-NovAi/omega-engine/data/entities/doom_guy/workspace
[2026-06-05T03:31:33.197436+00:00] ACTION: WORKSPACE_CREATE | DETAILS: Created root workspace at /home/arcana-novai/Documents/Xoe-NovAi/omega-engine/data/entities/doom_guy
[2026-06-05T03:31:33.197526+00:00] ACTION: DIR_CREATE | DETAILS: Created knowledge directory at /home/arcana-novai/Documents/Xoe-NovAi/omega-engine/data/entities/doom_guy/knowledge
[2026-06-05T03:31:33.197547+00:00] ACTION: DIR_CREATE | DETAILS: Created workspace directory at /home/arcana-novai/Documents/Xoe-NovAi/omega-engine/data/entities/doom_guy/workspace
[2026-06-05T03:31:46.622153+00:00] ACTION: WORKSPACE_CREATE | DETAILS: Created root workspace at /home/arcana-novai/Documents/Xoe-NovAi/omega-engine/data/entities/doom_guy
[2026-06-05T03:31:46.622217+00:00] ACTION: DIR_CREATE | DETAILS: Created knowledge directory at /home/arcana-novai/Documents/Xoe-NovAi/omega-engine/data/entities/doom_guy/knowledge
[2026-06-05T03:31:46.622237+00:00] ACTION: DIR_CREATE | DETAILS: Created workspace directory at /home/arcana-novai/Documents/Xoe-NovAi/omega-engine/data/entities/doom_guy/workspace
[2026-06-05T03:31:49.079505+00:00] ACTION: WORKSPACE_CREATE | DETAILS: Created root workspace at /home/arcana-novai/Documents/Xoe-NovAi/omega-engine/data/entities/doom_guy
[2026-06-05T03:31:49.079596+00:00] ACTION: DIR_CREATE | DETAILS: Created knowledge directory at /home/arcana-novai/Documents/Xoe-NovAi/omega-engine/data/entities/doom_guy/knowledge
[2026-06-05T03:31:49.079622+00:00] ACTION: DIR_CREATE | DETAILS: Created workspace directory at /home/arcana-novai/Documents/Xoe-NovAi/omega-engine/data/entities/doom_guy/workspace
[2026-06-05T03:31:51.548441+00:00] ACTION: WORKSPACE_CREATE | DETAILS: Created root workspace at /home/arcana-novai/Documents/Xoe-NovAi/omega-engine/data/entities/doom_guy
[2026-06-05T03:31:51.548520+00:00] ACTION: DIR_CREATE | DETAILS: Created knowledge directory at /home/arcana-novai/Documents/Xoe-NovAi/omega-engine/data/entities/doom_guy/knowledge
[2026-06-05T03:31:51.548541+00:00] ACTION: DIR_CREATE | DETAILS: Created workspace directory at /home/arcana-novai/Documents/Xoe-NovAi/omega-engine/data/entities/doom_guy/workspace
[2026-06-05T03:31:53.993390+00:00] ACTION: WORKSPACE_CREATE | DETAILS: Created root workspace at /home/arcana-novai/Documents/Xoe-NovAi/omega-engine/data/entities/doom_guy
[2026-06-05T03:31:53.993501+00:00] ACTION: DIR_CREATE | DETAILS: Created knowledge directory at /home/arcana-novai/Documents/Xoe-NovAi/omega-engine/data/entities/doom_guy/knowledge
[2026-06-05T03:31:53.993545+00:00] ACTION: DIR_CREATE | DETAILS: Created workspace directory at /home/arcana-novai/Documents/Xoe-NovAi/omega-engine/data/entities/doom_guy/workspace
[2026-06-05T03:31:56.663571+00:00] ACTION: WORKSPACE_CREATE | DETAILS: Created root workspace at /home/arcana-novai/Documents/Xoe-NovAi/omega-engine/data/entities/doom_guy
[2026-06-05T03:31:56.663679+00:00] ACTION: DIR_CREATE | DETAILS: Created knowledge directory at /home/arcana-novai/Documents/Xoe-NovAi/omega-engine/data/entities/doom_guy/knowledge
[2026-06-05T03:31:56.663722+00:00] ACTION: DIR_CREATE | DETAILS: Created workspace directory at /home/arcana-novai/Documents/Xoe-NovAi/omega-engine/data/entities/doom_guy/workspace
[2026-06-05T03:31:59.158086+00:00] ACTION: WORKSPACE_CREATE | DETAILS: Created root workspace at /home/arcana-novai/Documents/Xoe-NovAi/omega-engine/data/entities/doom_guy
[2026-06-05T03:31:59.158159+00:00] ACTION: DIR_CREATE | DETAILS: Created knowledge directory at /home/arcana-novai/Documents/Xoe-NovAi/omega-engine/data/entities/doom_guy/knowledge
[2026-06-05T03:31:59.158179+00:00] ACTION: DIR_CREATE | DETAILS: Created workspace directory at /home/arcana-novai/Documents/Xoe-NovAi/omega-engine/data/entities/doom_guy/workspace
[2026-06-05T03:32:01.709273+00:00] ACTION: WORKSPACE_CREATE | DETAILS: Created root workspace at /home/arcana-novai/Documents/Xoe-NovAi/omega-engine/data/entities/doom_guy
[2026-06-05T03:32:01.709340+00:00] ACTION: DIR_CREATE | DETAILS: Created knowledge directory at /home/arcana-novai/Documents/Xoe-NovAi/omega-engine/data/entities/doom_guy/knowledge
[2026-06-05T03:32:01.709360+00:00] ACTION: DIR_CREATE | DETAILS: Created workspace directory at /home/arcana-novai/Documents/Xoe-NovAi/omega-engine/data/entities/doom_guy/workspace
[2026-06-05T03:32:04.349448+00:00] ACTION: WORKSPACE_CREATE | DETAILS: Created root workspace at /home/arcana-novai/Documents/Xoe-NovAi/omega-engine/data/entities/doom_guy
[2026-06-05T03:32:04.349526+00:00] ACTION: DIR_CREATE | DETAILS: Created knowledge directory at /home/arcana-novai/Documents/Xoe-NovAi/omega-engine/data/entities/doom_guy/knowledge
[2026-06-05T03:32:04.349547+00:00] ACTION: DIR_CREATE | DETAILS: Created workspace directory at /home/arcana-novai/Documents/Xoe-NovAi/omega-engine/data/entities/doom_guy/workspace
[2026-06-05T03:32:06.913163+00:00] ACTION: WORKSPACE_CREATE | DETAILS: Created root workspace at /home/arcana-novai/Documents/Xoe-NovAi/omega-engine/data/entities/doom_guy
[2026-06-05T03:32:06.913235+00:00] ACTION: DIR_CREATE | DETAILS: Created knowledge directory at /home/arcana-novai/Documents/Xoe-NovAi/omega-engine/data/entities/doom_guy/knowledge
[2026-06-05T03:32:06.913256+00:00] ACTION: DIR_CREATE | DETAILS: Created workspace directory at /home/arcana-novai/Documents/Xoe-NovAi/omega-engine/data/entities/doom_guy/workspace
[2026-06-05T03:32:09.280911+00:00] ACTION: WORKSPACE_CREATE | DETAILS: Created root workspace at /home/arcana-novai/Documents/Xoe-NovAi/omega-engine/data/entities/doom_guy
[2026-06-05T03:32:09.281021+00:00] ACTION: DIR_CREATE | DETAILS: Created knowledge directory at /home/arcana-novai/Documents/Xoe-NovAi/omega-engine/data/entities/doom_guy/knowledge
[2026-06-05T03:32:09.281064+00:00] ACTION: DIR_CREATE | DETAILS: Created workspace directory at /home/arcana-novai/Documents/Xoe-NovAi/omega-engine/data/entities/doom_guy/workspace
[2026-06-05T03:33:53.853983+00:00] ACTION: WORKSPACE_CREATE | DETAILS: Created root workspace at /home/arcana-novai/Documents/Xoe-NovAi/omega-engine/data/entities/doom_guy
[2026-06-05T03:33:53.854049+00:00] ACTION: DIR_CREATE | DETAILS: Created knowledge directory at /home/arcana-novai/Documents/Xoe-NovAi/omega-engine/data/entities/doom_guy/knowledge
[2026-06-05T03:33:53.854068+00:00] ACTION: DIR_CREATE | DETAILS: Created workspace directory at /home/arcana-novai/Documents/Xoe-NovAi/omega-engine/data/entities/doom_guy/workspace
[2026-06-05T03:33:54.254211+00:00] ACTION: WORKSPACE_CREATE | DETAILS: Created root workspace at /home/arcana-novai/Documents/Xoe-NovAi/omega-engine/data/entities/doom_guy
[2026-06-05T03:33:54.254353+00:00] ACTION: DIR_CREATE | DETAILS: Created knowledge directory at /home/arcana-novai/Documents/Xoe-NovAi/omega-engine/data/entities/doom_guy/knowledge
[2026-06-05T03:33:54.254415+00:00] ACTION: DIR_CREATE | DETAILS: Created workspace directory at /home/arcana-novai/Documents/Xoe-NovAi/omega-engine/data/entities/doom_guy/workspace
[2026-06-05T03:33:57.011541+00:00] ACTION: WORKSPACE_CREATE | DETAILS: Created root workspace at /home/arcana-novai/Documents/Xoe-NovAi/omega-engine/data/entities/doom_guy
[2026-06-05T03:33:57.011614+00:00] ACTION: DIR_CREATE | DETAILS: Created knowledge directory at /home/arcana-novai/Documents/Xoe-NovAi/omega-engine/data/entities/doom_guy/knowledge
[2026-06-05T03:33:57.011647+00:00] ACTION: DIR_CREATE | DETAILS: Created workspace directory at /home/arcana-novai/Documents/Xoe-NovAi/omega-engine/data/entities/doom_guy/workspace
[2026-06-05T03:34:00.140564+00:00] ACTION: WORKSPACE_CREATE | DETAILS: Created root workspace at /home/arcana-novai/Documents/Xoe-NovAi/omega-engine/data/entities/doom_guy
[2026-06-05T03:34:00.140671+00:00] ACTION: DIR_CREATE | DETAILS: Created knowledge directory at /home/arcana-novai/Documents/Xoe-NovAi/omega-engine/data/entities/doom_guy/knowledge
[2026-06-05T03:34:00.140713+00:00] ACTION: DIR_CREATE | DETAILS: Created workspace directory at /home/arcana-novai/Documents/Xoe-NovAi/omega-engine/data/entities/doom_guy/workspace
[2026-06-05T03:34:02.723248+00:00] ACTION: WORKSPACE_CREATE | DETAILS: Created root workspace at /home/arcana-novai/Documents/Xoe-NovAi/omega-engine/data/entities/doom_guy
[2026-06-05T03:34:02.723340+00:00] ACTION: DIR_CREATE | DETAILS: Created knowledge directory at /home/arcana-novai/Documents/Xoe-NovAi/omega-engine/data/entities/doom_guy/knowledge
[2026-06-05T03:34:02.723359+00:00] ACTION: DIR_CREATE | DETAILS: Created workspace directory at /home/arcana-novai/Documents/Xoe-NovAi/omega-engine/data/entities/doom_guy/workspace
[2026-06-05T03:34:05.168246+00:00] ACTION: WORKSPACE_CREATE | DETAILS: Created root workspace at /home/arcana-novai/Documents/Xoe-NovAi/omega-engine/data/entities/doom_guy
[2026-06-05T03:34:05.168316+00:00] ACTION: DIR_CREATE | DETAILS: Created knowledge directory at /home/arcana-novai/Documents/Xoe-NovAi/omega-engine/data/entities/doom_guy/knowledge
[2026-06-05T03:34:05.168334+00:00] ACTION: DIR_CREATE | DETAILS: Created workspace directory at /home/arcana-novai/Documents/Xoe-NovAi/omega-engine/data/entities/doom_guy/workspace
[2026-06-05T03:34:07.697547+00:00] ACTION: WORKSPACE_CREATE | DETAILS: Created root workspace at /home/arcana-novai/Documents/Xoe-NovAi/omega-engine/data/entities/doom_guy
[2026-06-05T03:34:07.697635+00:00] ACTION: DIR_CREATE | DETAILS: Created knowledge directory at /home/arcana-novai/Documents/Xoe-NovAi/omega-engine/data/entities/doom_guy/knowledge
[2026-06-05T03:34:07.697654+00:00] ACTION: DIR_CREATE | DETAILS: Created workspace directory at /home/arcana-novai/Documents/Xoe-NovAi/omega-engine/data/entities/doom_guy/workspace
[2026-06-05T03:34:10.188276+00:00] ACTION: WORKSPACE_CREATE | DETAILS: Created root workspace at /home/arcana-novai/Documents/Xoe-NovAi/omega-engine/data/entities/doom_guy
[2026-06-05T03:34:10.188382+00:00] ACTION: DIR_CREATE | DETAILS: Created knowledge directory at /home/arcana-novai/Documents/Xoe-NovAi/omega-engine/data/entities/doom_guy/knowledge
[2026-06-05T03:34:10.188423+00:00] ACTION: DIR_CREATE | DETAILS: Created workspace directory at /home/arcana-novai/Documents/Xoe-NovAi/omega-engine/data/entities/doom_guy/workspace
[2026-06-05T03:34:12.758110+00:00] ACTION: WORKSPACE_CREATE | DETAILS: Created root workspace at /home/arcana-novai/Documents/Xoe-NovAi/omega-engine/data/entities/doom_guy
[2026-06-05T03:34:12.758189+00:00] ACTION: DIR_CREATE | DETAILS: Created knowledge directory at /home/arcana-novai/Documents/Xoe-NovAi/omega-engine/data/entities/doom_guy/knowledge
[2026-06-05T03:34:12.758208+00:00] ACTION: DIR_CREATE | DETAILS: Created workspace directory at /home/arcana-novai/Documents/Xoe-NovAi/omega-engine/data/entities/doom_guy/workspace
[2026-06-05T03:34:15.599624+00:00] ACTION: WORKSPACE_CREATE | DETAILS: Created root workspace at /home/arcana-novai/Documents/Xoe-NovAi/omega-engine/data/entities/doom_guy
[2026-06-05T03:34:15.599705+00:00] ACTION: DIR_CREATE | DETAILS: Created knowledge directory at /home/arcana-novai/Documents/Xoe-NovAi/omega-engine/data/entities/doom_guy/knowledge
[2026-06-05T03:34:15.599723+00:00] ACTION: DIR_CREATE | DETAILS: Created workspace directory at /home/arcana-novai/Documents/Xoe-NovAi/omega-engine/data/entities/doom_guy/workspace
[2026-06-05T03:34:18.068206+00:00] ACTION: WORKSPACE_CREATE | DETAILS: Created root workspace at /home/arcana-novai/Documents/Xoe-NovAi/omega-engine/data/entities/doom_guy
[2026-06-05T03:34:18.068282+00:00] ACTION: DIR_CREATE | DETAILS: Created knowledge directory at /home/arcana-novai/Documents/Xoe-NovAi/omega-engine/data/entities/doom_guy/knowledge
[2026-06-05T03:34:18.068301+00:00] ACTION: DIR_CREATE | DETAILS: Created workspace directory at /home/arcana-novai/Documents/Xoe-NovAi/omega-engine/data/entities/doom_guy/workspace
[2026-06-05T03:34:21.019038+00:00] ACTION: WORKSPACE_CREATE | DETAILS: Created root workspace at /home/arcana-novai/Documents/Xoe-NovAi/omega-engine/data/entities/doom_guy
[2026-06-05T03:34:21.019117+00:00] ACTION: DIR_CREATE | DETAILS: Created knowledge directory at /home/arcana-novai/Documents/Xoe-NovAi/omega-engine/data/entities/doom_guy/knowledge
[2026-06-05T03:34:21.019138+00:00] ACTION: DIR_CREATE | DETAILS: Created workspace directory at /home/arcana-novai/Documents/Xoe-NovAi/omega-engine/data/entities/doom_guy/workspace
[2026-06-05T03:34:23.497123+00:00] ACTION: WORKSPACE_CREATE | DETAILS: Created root workspace at /home/arcana-novai/Documents/Xoe-NovAi/omega-engine/data/entities/doom_guy
[2026-06-05T03:34:23.497197+00:00] ACTION: DIR_CREATE | DETAILS: Created knowledge directory at /home/arcana-novai/Documents/Xoe-NovAi/omega-engine/data/entities/doom_guy/knowledge
[2026-06-05T03:34:23.497216+00:00] ACTION: DIR_CREATE | DETAILS: Created workspace directory at /home/arcana-novai/Documents/Xoe-NovAi/omega-engine/data/entities/doom_guy/workspace
[2026-06-05T03:34:25.992465+00:00] ACTION: WORKSPACE_CREATE | DETAILS: Created root workspace at /home/arcana-novai/Documents/Xoe-NovAi/omega-engine/data/entities/doom_guy
[2026-06-05T03:34:25.992610+00:00] ACTION: DIR_CREATE | DETAILS: Created knowledge directory at /home/arcana-novai/Documents/Xoe-NovAi/omega-engine/data/entities/doom_guy/knowledge
[2026-06-05T03:34:25.992667+00:00] ACTION: DIR_CREATE | DETAILS: Created workspace directory at /home/arcana-novai/Documents/Xoe-NovAi/omega-engine/data/entities/doom_guy/workspace
[2026-06-05T03:34:28.500378+00:00] ACTION: WORKSPACE_CREATE | DETAILS: Created root workspace at /home/arcana-novai/Documents/Xoe-NovAi/omega-engine/data/entities/doom_guy
[2026-06-05T03:34:28.500520+00:00] ACTION: DIR_CREATE | DETAILS: Created knowledge directory at /home/arcana-novai/Documents/Xoe-NovAi/omega-engine/data/entities/doom_guy/knowledge
[2026-06-05T03:34:28.500576+00:00] ACTION: DIR_CREATE | DETAILS: Created workspace directory at /home/arcana-novai/Documents/Xoe-NovAi/omega-engine/data/entities/doom_guy/workspace
[2026-06-05T03:34:31.052710+00:00] ACTION: WORKSPACE_CREATE | DETAILS: Created root workspace at /home/arcana-novai/Documents/Xoe-NovAi/omega-engine/data/entities/doom_guy
[2026-06-05T03:34:31.052775+00:00] ACTION: DIR_CREATE | DETAILS: Created knowledge directory at /home/arcana-novai/Documents/Xoe-NovAi/omega-engine/data/entities/doom_guy/knowledge
[2026-06-05T03:34:31.052795+00:00] ACTION: DIR_CREATE | DETAILS: Created workspace directory at /home/arcana-novai/Documents/Xoe-NovAi/omega-engine/data/entities/doom_guy/workspace
[2026-06-05T03:34:44.473098+00:00] ACTION: WORKSPACE_CREATE | DETAILS: Created root workspace at /home/arcana-novai/Documents/Xoe-NovAi/omega-engine/data/entities/doom_guy
[2026-06-05T03:34:44.473163+00:00] ACTION: DIR_CREATE | DETAILS: Created knowledge directory at /home/arcana-novai/Documents/Xoe-NovAi/omega-engine/data/entities/doom_guy/knowledge
[2026-06-05T03:34:44.473182+00:00] ACTION: DIR_CREATE | DETAILS: Created workspace directory at /home/arcana-novai/Documents/Xoe-NovAi/omega-engine/data/entities/doom_guy/workspace
[2026-06-05T04:11:37.220945+00:00] ACTION: WORKSPACE_CREATE | DETAILS: Created root workspace at /home/arcana-novai/Documents/Xoe-NovAi/omega-engine/data/entities/doom_guy
[2026-06-05T04:11:37.221062+00:00] ACTION: DIR_CREATE | DETAILS: Created knowledge directory at /home/arcana-novai/Documents/Xoe-NovAi/omega-engine/data/entities/doom_guy/knowledge
[2026-06-05T04:11:37.221102+00:00] ACTION: DIR_CREATE | DETAILS: Created workspace directory at /home/arcana-novai/Documents/Xoe-NovAi/omega-engine/data/entities/doom_guy/workspace
[2026-06-05T04:11:37.627114+00:00] ACTION: WORKSPACE_CREATE | DETAILS: Created root workspace at /home/arcana-novai/Documents/Xoe-NovAi/omega-engine/data/entities/doom_guy
[2026-06-05T04:11:37.627179+00:00] ACTION: DIR_CREATE | DETAILS: Created knowledge directory at /home/arcana-novai/Documents/Xoe-NovAi/omega-engine/data/entities/doom_guy/knowledge
[2026-06-05T04:11:37.627197+00:00] ACTION: DIR_CREATE | DETAILS: Created workspace directory at /home/arcana-novai/Documents/Xoe-NovAi/omega-engine/data/entities/doom_guy/workspace
[2026-06-05T04:11:40.937226+00:00] ACTION: WORKSPACE_CREATE | DETAILS: Created root workspace at /home/arcana-novai/Documents/Xoe-NovAi/omega-engine/data/entities/doom_guy
[2026-06-05T04:11:40.937290+00:00] ACTION: DIR_CREATE | DETAILS: Created knowledge directory at /home/arcana-novai/Documents/Xoe-NovAi/omega-engine/data/entities/doom_guy/knowledge
[2026-06-05T04:11:40.937309+00:00] ACTION: DIR_CREATE | DETAILS: Created workspace directory at /home/arcana-novai/Documents/Xoe-NovAi/omega-engine/data/entities/doom_guy/workspace
[2026-06-05T04:11:43.370576+00:00] ACTION: WORKSPACE_CREATE | DETAILS: Created root workspace at /home/arcana-novai/Documents/Xoe-NovAi/omega-engine/data/entities/doom_guy
[2026-06-05T04:11:43.370641+00:00] ACTION: DIR_CREATE | DETAILS: Created knowledge directory at /home/arcana-novai/Documents/Xoe-NovAi/omega-engine/data/entities/doom_guy/knowledge
[2026-06-05T04:11:43.370660+00:00] ACTION: DIR_CREATE | DETAILS: Created workspace directory at /home/arcana-novai/Documents/Xoe-NovAi/omega-engine/data/entities/doom_guy/workspace
[2026-06-05T04:11:45.874932+00:00] ACTION: WORKSPACE_CREATE | DETAILS: Created root workspace at /home/arcana-novai/Documents/Xoe-NovAi/omega-engine/data/entities/doom_guy
[2026-06-05T04:11:45.875012+00:00] ACTION: DIR_CREATE | DETAILS: Created knowledge directory at /home/arcana-novai/Documents/Xoe-NovAi/omega-engine/data/entities/doom_guy/knowledge
[2026-06-05T04:11:45.875032+00:00] ACTION: DIR_CREATE | DETAILS: Created workspace directory at /home/arcana-novai/Documents/Xoe-NovAi/omega-engine/data/entities/doom_guy/workspace
[2026-06-05T04:11:48.297047+00:00] ACTION: WORKSPACE_CREATE | DETAILS: Created root workspace at /home/arcana-novai/Documents/Xoe-NovAi/omega-engine/data/entities/doom_guy
[2026-06-05T04:11:48.297121+00:00] ACTION: DIR_CREATE | DETAILS: Created knowledge directory at /home/arcana-novai/Documents/Xoe-NovAi/omega-engine/data/entities/doom_guy/knowledge
[2026-06-05T04:11:48.297140+00:00] ACTION: DIR_CREATE | DETAILS: Created workspace directory at /home/arcana-novai/Documents/Xoe-NovAi/omega-engine/data/entities/doom_guy/workspace
[2026-06-05T04:11:50.752581+00:00] ACTION: WORKSPACE_CREATE | DETAILS: Created root workspace at /home/arcana-novai/Documents/Xoe-NovAi/omega-engine/data/entities/doom_guy
[2026-06-05T04:11:50.752650+00:00] ACTION: DIR_CREATE | DETAILS: Created knowledge directory at /home/arcana-novai/Documents/Xoe-NovAi/omega-engine/data/entities/doom_guy/knowledge
[2026-06-05T04:11:50.752670+00:00] ACTION: DIR_CREATE | DETAILS: Created workspace directory at /home/arcana-novai/Documents/Xoe-NovAi/omega-engine/data/entities/doom_guy/workspace
[2026-06-05T04:11:53.142814+00:00] ACTION: WORKSPACE_CREATE | DETAILS: Created root workspace at /home/arcana-novai/Documents/Xoe-NovAi/omega-engine/data/entities/doom_guy
[2026-06-05T04:11:53.142922+00:00] ACTION: DIR_CREATE | DETAILS: Created knowledge directory at /home/arcana-novai/Documents/Xoe-NovAi/omega-engine/data/entities/doom_guy/knowledge
[2026-06-05T04:11:53.142943+00:00] ACTION: DIR_CREATE | DETAILS: Created workspace directory at /home/arcana-novai/Documents/Xoe-NovAi/omega-engine/data/entities/doom_guy/workspace
[2026-06-05T04:11:55.580302+00:00] ACTION: WORKSPACE_CREATE | DETAILS: Created root workspace at /home/arcana-novai/Documents/Xoe-NovAi/omega-engine/data/entities/doom_guy
[2026-06-05T04:11:55.580384+00:00] ACTION: DIR_CREATE | DETAILS: Created knowledge directory at /home/arcana-novai/Documents/Xoe-NovAi/omega-engine/data/entities/doom_guy/knowledge
[2026-06-05T04:11:55.580421+00:00] ACTION: DIR_CREATE | DETAILS: Created workspace directory at /home/arcana-novai/Documents/Xoe-NovAi/omega-engine/data/entities/doom_guy/workspace
[2026-06-05T04:11:58.254997+00:00] ACTION: WORKSPACE_CREATE | DETAILS: Created root workspace at /home/arcana-novai/Documents/Xoe-NovAi/omega-engine/data/entities/doom_guy
[2026-06-05T04:11:58.255098+00:00] ACTION: DIR_CREATE | DETAILS: Created knowledge directory at /home/arcana-novai/Documents/Xoe-NovAi/omega-engine/data/entities/doom_guy/knowledge
[2026-06-05T04:11:58.255138+00:00] ACTION: DIR_CREATE | DETAILS: Created workspace directory at /home/arcana-novai/Documents/Xoe-NovAi/omega-engine/data/entities/doom_guy/workspace
[2026-06-05T04:12:00.861118+00:00] ACTION: WORKSPACE_CREATE | DETAILS: Created root workspace at /home/arcana-novai/Documents/Xoe-NovAi/omega-engine/data/entities/doom_guy
[2026-06-05T04:12:00.861182+00:00] ACTION: DIR_CREATE | DETAILS: Created knowledge directory at /home/arcana-novai/Documents/Xoe-NovAi/omega-engine/data/entities/doom_guy/knowledge
[2026-06-05T04:12:00.861203+00:00] ACTION: DIR_CREATE | DETAILS: Created workspace directory at /home/arcana-novai/Documents/Xoe-NovAi/omega-engine/data/entities/doom_guy/workspace
[2026-06-05T04:12:03.462650+00:00] ACTION: WORKSPACE_CREATE | DETAILS: Created root workspace at /home/arcana-novai/Documents/Xoe-NovAi/omega-engine/data/entities/doom_guy
[2026-06-05T04:12:03.462724+00:00] ACTION: DIR_CREATE | DETAILS: Created knowledge directory at /home/arcana-novai/Documents/Xoe-NovAi/omega-engine/data/entities/doom_guy/knowledge
[2026-06-05T04:12:03.462743+00:00] ACTION: DIR_CREATE | DETAILS: Created workspace directory at /home/arcana-novai/Documents/Xoe-NovAi/omega-engine/data/entities/doom_guy/workspace
[2026-06-05T04:12:06.010648+00:00] ACTION: WORKSPACE_CREATE | DETAILS: Created root workspace at /home/arcana-novai/Documents/Xoe-NovAi/omega-engine/data/entities/doom_guy
[2026-06-05T04:12:06.010720+00:00] ACTION: DIR_CREATE | DETAILS: Created knowledge directory at /home/arcana-novai/Documents/Xoe-NovAi/omega-engine/data/entities/doom_guy/knowledge
[2026-06-05T04:12:06.010739+00:00] ACTION: DIR_CREATE | DETAILS: Created workspace directory at /home/arcana-novai/Documents/Xoe-NovAi/omega-engine/data/entities/doom_guy/workspace
[2026-06-05T04:12:08.438733+00:00] ACTION: WORKSPACE_CREATE | DETAILS: Created root workspace at /home/arcana-novai/Documents/Xoe-NovAi/omega-engine/data/entities/doom_guy
[2026-06-05T04:12:08.438798+00:00] ACTION: DIR_CREATE | DETAILS: Created knowledge directory at /home/arcana-novai/Documents/Xoe-NovAi/omega-engine/data/entities/doom_guy/knowledge
[2026-06-05T04:12:08.438819+00:00] ACTION: DIR_CREATE | DETAILS: Created workspace directory at /home/arcana-novai/Documents/Xoe-NovAi/omega-engine/data/entities/doom_guy/workspace
[2026-06-05T04:12:10.757074+00:00] ACTION: WORKSPACE_CREATE | DETAILS: Created root workspace at /home/arcana-novai/Documents/Xoe-NovAi/omega-engine/data/entities/doom_guy
[2026-06-05T04:12:10.757175+00:00] ACTION: DIR_CREATE | DETAILS: Created knowledge directory at /home/arcana-novai/Documents/Xoe-NovAi/omega-engine/data/entities/doom_guy/knowledge
[2026-06-05T04:12:10.757195+00:00] ACTION: DIR_CREATE | DETAILS: Created workspace directory at /home/arcana-novai/Documents/Xoe-NovAi/omega-engine/data/entities/doom_guy/workspace
[2026-06-05T04:12:13.172735+00:00] ACTION: WORKSPACE_CREATE | DETAILS: Created root workspace at /home/arcana-novai/Documents/Xoe-NovAi/omega-engine/data/entities/doom_guy
[2026-06-05T04:12:13.172806+00:00] ACTION: DIR_CREATE | DETAILS: Created knowledge directory at /home/arcana-novai/Documents/Xoe-NovAi/omega-engine/data/entities/doom_guy/knowledge
[2026-06-05T04:12:13.172826+00:00] ACTION: DIR_CREATE | DETAILS: Created workspace directory at /home/arcana-novai/Documents/Xoe-NovAi/omega-engine/data/entities/doom_guy/workspace
[2026-06-05T04:12:26.660379+00:00] ACTION: WORKSPACE_CREATE | DETAILS: Created root workspace at /home/arcana-novai/Documents/Xoe-NovAi/omega-engine/data/entities/doom_guy
[2026-06-05T04:12:26.660469+00:00] ACTION: DIR_CREATE | DETAILS: Created knowledge directory at /home/arcana-novai/Documents/Xoe-NovAi/omega-engine/data/entities/doom_guy/knowledge
[2026-06-05T04:12:26.660489+00:00] ACTION: DIR_CREATE | DETAILS: Created workspace directory at /home/arcana-novai/Documents/Xoe-NovAi/omega-engine/data/entities/doom_guy/workspace
[2026-06-05T04:12:29.148274+00:00] ACTION: WORKSPACE_CREATE | DETAILS: Created root workspace at /home/arcana-novai/Documents/Xoe-NovAi/omega-engine/data/entities/doom_guy
[2026-06-05T04:12:29.148338+00:00] ACTION: DIR_CREATE | DETAILS: Created knowledge directory at /home/arcana-novai/Documents/Xoe-NovAi/omega-engine/data/entities/doom_guy/knowledge
[2026-06-05T04:12:29.148357+00:00] ACTION: DIR_CREATE | DETAILS: Created workspace directory at /home/arcana-novai/Documents/Xoe-NovAi/omega-engine/data/entities/doom_guy/workspace
[2026-06-05T04:12:31.593650+00:00] ACTION: WORKSPACE_CREATE | DETAILS: Created root workspace at /home/arcana-novai/Documents/Xoe-NovAi/omega-engine/data/entities/doom_guy
[2026-06-05T04:12:31.593791+00:00] ACTION: DIR_CREATE | DETAILS: Created knowledge directory at /home/arcana-novai/Documents/Xoe-NovAi/omega-engine/data/entities/doom_guy/knowledge
[2026-06-05T04:12:31.593848+00:00] ACTION: DIR_CREATE | DETAILS: Created workspace directory at /home/arcana-novai/Documents/Xoe-NovAi/omega-engine/data/entities/doom_guy/workspace
[2026-06-05T04:12:33.983598+00:00] ACTION: WORKSPACE_CREATE | DETAILS: Created root workspace at /home/arcana-novai/Documents/Xoe-NovAi/omega-engine/data/entities/doom_guy
[2026-06-05T04:12:33.983702+00:00] ACTION: DIR_CREATE | DETAILS: Created knowledge directory at /home/arcana-novai/Documents/Xoe-NovAi/omega-engine/data/entities/doom_guy/knowledge
[2026-06-05T04:12:33.983742+00:00] ACTION: DIR_CREATE | DETAILS: Created workspace directory at /home/arcana-novai/Documents/Xoe-NovAi/omega-engine/data/entities/doom_guy/workspace
[2026-06-05T04:12:36.349789+00:00] ACTION: WORKSPACE_CREATE | DETAILS: Created root workspace at /home/arcana-novai/Documents/Xoe-NovAi/omega-engine/data/entities/doom_guy
[2026-06-05T04:12:36.349867+00:00] ACTION: DIR_CREATE | DETAILS: Created knowledge directory at /home/arcana-novai/Documents/Xoe-NovAi/omega-engine/data/entities/doom_guy/knowledge
[2026-06-05T04:12:36.349893+00:00] ACTION: DIR_CREATE | DETAILS: Created workspace directory at /home/arcana-novai/Documents/Xoe-NovAi/omega-engine/data/entities/doom_guy/workspace
[2026-06-05T04:12:38.717950+00:00] ACTION: WORKSPACE_CREATE | DETAILS: Created root workspace at /home/arcana-novai/Documents/Xoe-NovAi/omega-engine/data/entities/doom_guy
[2026-06-05T04:12:38.718096+00:00] ACTION: DIR_CREATE | DETAILS: Created knowledge directory at /home/arcana-novai/Documents/Xoe-NovAi/omega-engine/data/entities/doom_guy/knowledge
[2026-06-05T04:12:38.718151+00:00] ACTION: DIR_CREATE | DETAILS: Created workspace directory at /home/arcana-novai/Documents/Xoe-NovAi/omega-engine/data/entities/doom_guy/workspace
[2026-06-05T04:12:41.705696+00:00] ACTION: WORKSPACE_CREATE | DETAILS: Created root workspace at /home/arcana-novai/Documents/Xoe-NovAi/omega-engine/data/entities/doom_guy
[2026-06-05T04:12:41.705776+00:00] ACTION: DIR_CREATE | DETAILS: Created knowledge directory at /home/arcana-novai/Documents/Xoe-NovAi/omega-engine/data/entities/doom_guy/knowledge
[2026-06-05T04:12:41.705796+00:00] ACTION: DIR_CREATE | DETAILS: Created workspace directory at /home/arcana-novai/Documents/Xoe-NovAi/omega-engine/data/entities/doom_guy/workspace
[2026-06-05T04:12:44.318111+00:00] ACTION: WORKSPACE_CREATE | DETAILS: Created root workspace at /home/arcana-novai/Documents/Xoe-NovAi/omega-engine/data/entities/doom_guy
[2026-06-05T04:12:44.318186+00:00] ACTION: DIR_CREATE | DETAILS: Created knowledge directory at /home/arcana-novai/Documents/Xoe-NovAi/omega-engine/data/entities/doom_guy/knowledge
[2026-06-05T04:12:44.318206+00:00] ACTION: DIR_CREATE | DETAILS: Created workspace directory at /home/arcana-novai/Documents/Xoe-NovAi/omega-engine/data/entities/doom_guy/workspace
[2026-06-05T04:12:45.132393+00:00] ACTION: WORKSPACE_CREATE | DETAILS: Created root workspace at /home/arcana-novai/Documents/Xoe-NovAi/omega-engine/data/entities/doom_guy
[2026-06-05T04:12:45.132524+00:00] ACTION: DIR_CREATE | DETAILS: Created knowledge directory at /home/arcana-novai/Documents/Xoe-NovAi/omega-engine/data/entities/doom_guy/knowledge
[2026-06-05T04:12:45.132578+00:00] ACTION: DIR_CREATE | DETAILS: Created workspace directory at /home/arcana-novai/Documents/Xoe-NovAi/omega-engine/data/entities/doom_guy/workspace
[2026-06-05T04:12:45.554056+00:00] ACTION: WORKSPACE_CREATE | DETAILS: Created root workspace at /home/arcana-novai/Documents/Xoe-NovAi/omega-engine/data/entities/doom_guy
[2026-06-05T04:12:45.554176+00:00] ACTION: DIR_CREATE | DETAILS: Created knowledge directory at /home/arcana-novai/Documents/Xoe-NovAi/omega-engine/data/entities/doom_guy/knowledge
[2026-06-05T04:12:45.554215+00:00] ACTION: DIR_CREATE | DETAILS: Created workspace directory at /home/arcana-novai/Documents/Xoe-NovAi/omega-engine/data/entities/doom_guy/workspace
[2026-06-05T04:12:46.696809+00:00] ACTION: WORKSPACE_CREATE | DETAILS: Created root workspace at /home/arcana-novai/Documents/Xoe-NovAi/omega-engine/data/entities/doom_guy
[2026-06-05T04:12:46.696922+00:00] ACTION: DIR_CREATE | DETAILS: Created knowledge directory at /home/arcana-novai/Documents/Xoe-NovAi/omega-engine/data/entities/doom_guy/knowledge
[2026-06-05T04:12:46.696942+00:00] ACTION: DIR_CREATE | DETAILS: Created workspace directory at /home/arcana-novai/Documents/Xoe-NovAi/omega-engine/data/entities/doom_guy/workspace
[2026-06-05T04:12:48.345478+00:00] ACTION: WORKSPACE_CREATE | DETAILS: Created root workspace at /home/arcana-novai/Documents/Xoe-NovAi/omega-engine/data/entities/doom_guy
[2026-06-05T04:12:48.345624+00:00] ACTION: DIR_CREATE | DETAILS: Created knowledge directory at /home/arcana-novai/Documents/Xoe-NovAi/omega-engine/data/entities/doom_guy/knowledge
[2026-06-05T04:12:48.345680+00:00] ACTION: DIR_CREATE | DETAILS: Created workspace directory at /home/arcana-novai/Documents/Xoe-NovAi/omega-engine/data/entities/doom_guy/workspace
[2026-06-05T04:12:49.445257+00:00] ACTION: WORKSPACE_CREATE | DETAILS: Created root workspace at /home/arcana-novai/Documents/Xoe-NovAi/omega-engine/data/entities/doom_guy
[2026-06-05T04:12:49.445336+00:00] ACTION: DIR_CREATE | DETAILS: Created knowledge directory at /home/arcana-novai/Documents/Xoe-NovAi/omega-engine/data/entities/doom_guy/knowledge
[2026-06-05T04:12:49.445355+00:00] ACTION: DIR_CREATE | DETAILS: Created workspace directory at /home/arcana-novai/Documents/Xoe-NovAi/omega-engine/data/entities/doom_guy/workspace
[2026-06-05T04:12:51.119556+00:00] ACTION: WORKSPACE_CREATE | DETAILS: Created root workspace at /home/arcana-novai/Documents/Xoe-NovAi/omega-engine/data/entities/doom_guy
[2026-06-05T04:12:51.119631+00:00] ACTION: DIR_CREATE | DETAILS: Created knowledge directory at /home/arcana-novai/Documents/Xoe-NovAi/omega-engine/data/entities/doom_guy/knowledge
[2026-06-05T04:12:51.119651+00:00] ACTION: DIR_CREATE | DETAILS: Created workspace directory at /home/arcana-novai/Documents/Xoe-NovAi/omega-engine/data/entities/doom_guy/workspace
[2026-06-05T04:12:54.684002+00:00] ACTION: WORKSPACE_CREATE | DETAILS: Created root workspace at /home/arcana-novai/Documents/Xoe-NovAi/omega-engine/data/entities/doom_guy
[2026-06-05T04:12:54.684082+00:00] ACTION: DIR_CREATE | DETAILS: Created knowledge directory at /home/arcana-novai/Documents/Xoe-NovAi/omega-engine/data/entities/doom_guy/knowledge
[2026-06-05T04:12:54.684102+00:00] ACTION: DIR_CREATE | DETAILS: Created workspace directory at /home/arcana-novai/Documents/Xoe-NovAi/omega-engine/data/entities/doom_guy/workspace
[2026-06-05T04:12:57.307964+00:00] ACTION: WORKSPACE_CREATE | DETAILS: Created root workspace at /home/arcana-novai/Documents/Xoe-NovAi/omega-engine/data/entities/doom_guy
[2026-06-05T04:12:57.308036+00:00] ACTION: DIR_CREATE | DETAILS: Created knowledge directory at /home/arcana-novai/Documents/Xoe-NovAi/omega-engine/data/entities/doom_guy/knowledge
[2026-06-05T04:12:57.308064+00:00] ACTION: DIR_CREATE | DETAILS: Created workspace directory at /home/arcana-novai/Documents/Xoe-NovAi/omega-engine/data/entities/doom_guy/workspace
[2026-06-05T04:13:00.406849+00:00] ACTION: WORKSPACE_CREATE | DETAILS: Created root workspace at /home/arcana-novai/Documents/Xoe-NovAi/omega-engine/data/entities/doom_guy
[2026-06-05T04:13:00.406927+00:00] ACTION: DIR_CREATE | DETAILS: Created knowledge directory at /home/arcana-novai/Documents/Xoe-NovAi/omega-engine/data/entities/doom_guy/knowledge
[2026-06-05T04:13:00.406949+00:00] ACTION: DIR_CREATE | DETAILS: Created workspace directory at /home/arcana-novai/Documents/Xoe-NovAi/omega-engine/data/entities/doom_guy/workspace
[2026-06-05T04:13:02.952616+00:00] ACTION: WORKSPACE_CREATE | DETAILS: Created root workspace at /home/arcana-novai/Documents/Xoe-NovAi/omega-engine/data/entities/doom_guy
[2026-06-05T04:13:02.952722+00:00] ACTION: DIR_CREATE | DETAILS: Created knowledge directory at /home/arcana-novai/Documents/Xoe-NovAi/omega-engine/data/entities/doom_guy/knowledge
[2026-06-05T04:13:02.952762+00:00] ACTION: DIR_CREATE | DETAILS: Created workspace directory at /home/arcana-novai/Documents/Xoe-NovAi/omega-engine/data/entities/doom_guy/workspace
[2026-06-05T04:13:05.236930+00:00] ACTION: WORKSPACE_CREATE | DETAILS: Created root workspace at /home/arcana-novai/Documents/Xoe-NovAi/omega-engine/data/entities/doom_guy
[2026-06-05T04:13:05.237042+00:00] ACTION: DIR_CREATE | DETAILS: Created knowledge directory at /home/arcana-novai/Documents/Xoe-NovAi/omega-engine/data/entities/doom_guy/knowledge
[2026-06-05T04:13:05.237083+00:00] ACTION: DIR_CREATE | DETAILS: Created workspace directory at /home/arcana-novai/Documents/Xoe-NovAi/omega-engine/data/entities/doom_guy/workspace
[2026-06-05T04:13:08.041303+00:00] ACTION: WORKSPACE_CREATE | DETAILS: Created root workspace at /home/arcana-novai/Documents/Xoe-NovAi/omega-engine/data/entities/doom_guy
[2026-06-05T04:13:08.041371+00:00] ACTION: DIR_CREATE | DETAILS: Created knowledge directory at /home/arcana-novai/Documents/Xoe-NovAi/omega-engine/data/entities/doom_guy/knowledge
[2026-06-05T04:13:08.041390+00:00] ACTION: DIR_CREATE | DETAILS: Created workspace directory at /home/arcana-novai/Documents/Xoe-NovAi/omega-engine/data/entities/doom_guy/workspace
[2026-06-05T04:13:10.537527+00:00] ACTION: WORKSPACE_CREATE | DETAILS: Created root workspace at /home/arcana-novai/Documents/Xoe-NovAi/omega-engine/data/entities/doom_guy
[2026-06-05T04:13:10.537680+00:00] ACTION: DIR_CREATE | DETAILS: Created knowledge directory at /home/arcana-novai/Documents/Xoe-NovAi/omega-engine/data/entities/doom_guy/knowledge
[2026-06-05T04:13:10.537725+00:00] ACTION: DIR_CREATE | DETAILS: Created workspace directory at /home/arcana-novai/Documents/Xoe-NovAi/omega-engine/data/entities/doom_guy/workspace
[2026-06-05T04:13:13.491780+00:00] ACTION: WORKSPACE_CREATE | DETAILS: Created root workspace at /home/arcana-novai/Documents/Xoe-NovAi/omega-engine/data/entities/doom_guy
[2026-06-05T04:13:13.491846+00:00] ACTION: DIR_CREATE | DETAILS: Created knowledge directory at /home/arcana-novai/Documents/Xoe-NovAi/omega-engine/data/entities/doom_guy/knowledge
[2026-06-05T04:13:13.491866+00:00] ACTION: DIR_CREATE | DETAILS: Created workspace directory at /home/arcana-novai/Documents/Xoe-NovAi/omega-engine/data/entities/doom_guy/workspace
[2026-06-05T04:13:16.267215+00:00] ACTION: WORKSPACE_CREATE | DETAILS: Created root workspace at /home/arcana-novai/Documents/Xoe-NovAi/omega-engine/data/entities/doom_guy
[2026-06-05T04:13:16.267291+00:00] ACTION: DIR_CREATE | DETAILS: Created knowledge directory at /home/arcana-novai/Documents/Xoe-NovAi/omega-engine/data/entities/doom_guy/knowledge
[2026-06-05T04:13:16.267311+00:00] ACTION: DIR_CREATE | DETAILS: Created workspace directory at /home/arcana-novai/Documents/Xoe-NovAi/omega-engine/data/entities/doom_guy/workspace
[2026-06-05T04:13:18.669278+00:00] ACTION: WORKSPACE_CREATE | DETAILS: Created root workspace at /home/arcana-novai/Documents/Xoe-NovAi/omega-engine/data/entities/doom_guy
[2026-06-05T04:13:18.669350+00:00] ACTION: DIR_CREATE | DETAILS: Created knowledge directory at /home/arcana-novai/Documents/Xoe-NovAi/omega-engine/data/entities/doom_guy/knowledge
[2026-06-05T04:13:18.669370+00:00] ACTION: DIR_CREATE | DETAILS: Created workspace directory at /home/arcana-novai/Documents/Xoe-NovAi/omega-engine/data/entities/doom_guy/workspace
[2026-06-05T04:13:21.700119+00:00] ACTION: WORKSPACE_CREATE | DETAILS: Created root workspace at /home/arcana-novai/Documents/Xoe-NovAi/omega-engine/data/entities/doom_guy
[2026-06-05T04:13:21.700198+00:00] ACTION: DIR_CREATE | DETAILS: Created knowledge directory at /home/arcana-novai/Documents/Xoe-NovAi/omega-engine/data/entities/doom_guy/knowledge
[2026-06-05T04:13:21.700223+00:00] ACTION: DIR_CREATE | DETAILS: Created workspace directory at /home/arcana-novai/Documents/Xoe-NovAi/omega-engine/data/entities/doom_guy/workspace
[2026-06-05T04:13:24.247912+00:00] ACTION: WORKSPACE_CREATE | DETAILS: Created root workspace at /home/arcana-novai/Documents/Xoe-NovAi/omega-engine/data/entities/doom_guy
[2026-06-05T04:13:24.248026+00:00] ACTION: DIR_CREATE | DETAILS: Created knowledge directory at /home/arcana-novai/Documents/Xoe-NovAi/omega-engine/data/entities/doom_guy/knowledge
[2026-06-05T04:13:24.248067+00:00] ACTION: DIR_CREATE | DETAILS: Created workspace directory at /home/arcana-novai/Documents/Xoe-NovAi/omega-engine/data/entities/doom_guy/workspace
[2026-06-05T04:13:37.664062+00:00] ACTION: WORKSPACE_CREATE | DETAILS: Created root workspace at /home/arcana-novai/Documents/Xoe-NovAi/omega-engine/data/entities/doom_guy
[2026-06-05T04:13:37.664133+00:00] ACTION: DIR_CREATE | DETAILS: Created knowledge directory at /home/arcana-novai/Documents/Xoe-NovAi/omega-engine/data/entities/doom_guy/knowledge
[2026-06-05T04:13:37.664152+00:00] ACTION: DIR_CREATE | DETAILS: Created workspace directory at /home/arcana-novai/Documents/Xoe-NovAi/omega-engine/data/entities/doom_guy/workspace
[2026-06-05T04:13:40.117178+00:00] ACTION: WORKSPACE_CREATE | DETAILS: Created root workspace at /home/arcana-novai/Documents/Xoe-NovAi/omega-engine/data/entities/doom_guy
[2026-06-05T04:13:40.117255+00:00] ACTION: DIR_CREATE | DETAILS: Created knowledge directory at /home/arcana-novai/Documents/Xoe-NovAi/omega-engine/data/entities/doom_guy/knowledge
[2026-06-05T04:13:40.117275+00:00] ACTION: DIR_CREATE | DETAILS: Created workspace directory at /home/arcana-novai/Documents/Xoe-NovAi/omega-engine/data/entities/doom_guy/workspace
[2026-06-05T04:13:41.002918+00:00] ACTION: WORKSPACE_CREATE | DETAILS: Created root workspace at /home/arcana-novai/Documents/Xoe-NovAi/omega-engine/data/entities/doom_guy
[2026-06-05T04:13:41.002995+00:00] ACTION: DIR_CREATE | DETAILS: Created knowledge directory at /home/arcana-novai/Documents/Xoe-NovAi/omega-engine/data/entities/doom_guy/knowledge
[2026-06-05T04:13:41.003014+00:00] ACTION: DIR_CREATE | DETAILS: Created workspace directory at /home/arcana-novai/Documents/Xoe-NovAi/omega-engine/data/entities/doom_guy/workspace
[2026-06-05T04:13:41.420684+00:00] ACTION: WORKSPACE_CREATE | DETAILS: Created root workspace at /home/arcana-novai/Documents/Xoe-NovAi/omega-engine/data/entities/doom_guy
[2026-06-05T04:13:41.420753+00:00] ACTION: DIR_CREATE | DETAILS: Created knowledge directory at /home/arcana-novai/Documents/Xoe-NovAi/omega-engine/data/entities/doom_guy/knowledge
[2026-06-05T04:13:41.420771+00:00] ACTION: DIR_CREATE | DETAILS: Created workspace directory at /home/arcana-novai/Documents/Xoe-NovAi/omega-engine/data/entities/doom_guy/workspace
[2026-06-05T04:13:42.490465+00:00] ACTION: WORKSPACE_CREATE | DETAILS: Created root workspace at /home/arcana-novai/Documents/Xoe-NovAi/omega-engine/data/entities/doom_guy
[2026-06-05T04:13:42.490561+00:00] ACTION: DIR_CREATE | DETAILS: Created knowledge directory at /home/arcana-novai/Documents/Xoe-NovAi/omega-engine/data/entities/doom_guy/knowledge
[2026-06-05T04:13:42.490587+00:00] ACTION: DIR_CREATE | DETAILS: Created workspace directory at /home/arcana-novai/Documents/Xoe-NovAi/omega-engine/data/entities/doom_guy/workspace
[2026-06-05T04:13:44.262442+00:00] ACTION: WORKSPACE_CREATE | DETAILS: Created root workspace at /home/arcana-novai/Documents/Xoe-NovAi/omega-engine/data/entities/doom_guy
[2026-06-05T04:13:44.262588+00:00] ACTION: DIR_CREATE | DETAILS: Created knowledge directory at /home/arcana-novai/Documents/Xoe-NovAi/omega-engine/data/entities/doom_guy/knowledge
[2026-06-05T04:13:44.262651+00:00] ACTION: DIR_CREATE | DETAILS: Created workspace directory at /home/arcana-novai/Documents/Xoe-NovAi/omega-engine/data/entities/doom_guy/workspace
[2026-06-05T04:13:45.055191+00:00] ACTION: WORKSPACE_CREATE | DETAILS: Created root workspace at /home/arcana-novai/Documents/Xoe-NovAi/omega-engine/data/entities/doom_guy
[2026-06-05T04:13:45.055294+00:00] ACTION: DIR_CREATE | DETAILS: Created knowledge directory at /home/arcana-novai/Documents/Xoe-NovAi/omega-engine/data/entities/doom_guy/knowledge
[2026-06-05T04:13:45.055313+00:00] ACTION: DIR_CREATE | DETAILS: Created workspace directory at /home/arcana-novai/Documents/Xoe-NovAi/omega-engine/data/entities/doom_guy/workspace
[2026-06-05T04:13:46.935315+00:00] ACTION: WORKSPACE_CREATE | DETAILS: Created root workspace at /home/arcana-novai/Documents/Xoe-NovAi/omega-engine/data/entities/doom_guy
[2026-06-05T04:13:46.935405+00:00] ACTION: DIR_CREATE | DETAILS: Created knowledge directory at /home/arcana-novai/Documents/Xoe-NovAi/omega-engine/data/entities/doom_guy/knowledge
[2026-06-05T04:13:46.935426+00:00] ACTION: DIR_CREATE | DETAILS: Created workspace directory at /home/arcana-novai/Documents/Xoe-NovAi/omega-engine/data/entities/doom_guy/workspace
[2026-06-05T04:13:47.616776+00:00] ACTION: WORKSPACE_CREATE | DETAILS: Created root workspace at /home/arcana-novai/Documents/Xoe-NovAi/omega-engine/data/entities/doom_guy
[2026-06-05T04:13:47.616859+00:00] ACTION: DIR_CREATE | DETAILS: Created knowledge directory at /home/arcana-novai/Documents/Xoe-NovAi/omega-engine/data/entities/doom_guy/knowledge
[2026-06-05T04:13:47.616889+00:00] ACTION: DIR_CREATE | DETAILS: Created workspace directory at /home/arcana-novai/Documents/Xoe-NovAi/omega-engine/data/entities/doom_guy/workspace
[2026-06-05T04:13:49.618490+00:00] ACTION: WORKSPACE_CREATE | DETAILS: Created root workspace at /home/arcana-novai/Documents/Xoe-NovAi/omega-engine/data/entities/doom_guy
[2026-06-05T04:13:49.618617+00:00] ACTION: DIR_CREATE | DETAILS: Created knowledge directory at /home/arcana-novai/Documents/Xoe-NovAi/omega-engine/data/entities/doom_guy/knowledge
[2026-06-05T04:13:49.618662+00:00] ACTION: DIR_CREATE | DETAILS: Created workspace directory at /home/arcana-novai/Documents/Xoe-NovAi/omega-engine/data/entities/doom_guy/workspace
[2026-06-05T04:13:50.330593+00:00] ACTION: WORKSPACE_CREATE | DETAILS: Created root workspace at /home/arcana-novai/Documents/Xoe-NovAi/omega-engine/data/entities/doom_guy
[2026-06-05T04:13:50.330695+00:00] ACTION: DIR_CREATE | DETAILS: Created knowledge directory at /home/arcana-novai/Documents/Xoe-NovAi/omega-engine/data/entities/doom_guy/knowledge
[2026-06-05T04:13:50.330743+00:00] ACTION: DIR_CREATE | DETAILS: Created workspace directory at /home/arcana-novai/Documents/Xoe-NovAi/omega-engine/data/entities/doom_guy/workspace
[2026-06-05T04:13:52.275194+00:00] ACTION: WORKSPACE_CREATE | DETAILS: Created root workspace at /home/arcana-novai/Documents/Xoe-NovAi/omega-engine/data/entities/doom_guy
[2026-06-05T04:13:52.275267+00:00] ACTION: DIR_CREATE | DETAILS: Created knowledge directory at /home/arcana-novai/Documents/Xoe-NovAi/omega-engine/data/entities/doom_guy/knowledge
[2026-06-05T04:13:52.275289+00:00] ACTION: DIR_CREATE | DETAILS: Created workspace directory at /home/arcana-novai/Documents/Xoe-NovAi/omega-engine/data/entities/doom_guy/workspace
[2026-06-05T04:13:52.896548+00:00] ACTION: WORKSPACE_CREATE | DETAILS: Created root workspace at /home/arcana-novai/Documents/Xoe-NovAi/omega-engine/data/entities/doom_guy
[2026-06-05T04:13:52.896642+00:00] ACTION: DIR_CREATE | DETAILS: Created knowledge directory at /home/arcana-novai/Documents/Xoe-NovAi/omega-engine/data/entities/doom_guy/knowledge
[2026-06-05T04:13:52.896685+00:00] ACTION: DIR_CREATE | DETAILS: Created workspace directory at /home/arcana-novai/Documents/Xoe-NovAi/omega-engine/data/entities/doom_guy/workspace
[2026-06-05T04:13:54.903347+00:00] ACTION: WORKSPACE_CREATE | DETAILS: Created root workspace at /home/arcana-novai/Documents/Xoe-NovAi/omega-engine/data/entities/doom_guy
[2026-06-05T04:13:54.903418+00:00] ACTION: DIR_CREATE | DETAILS: Created knowledge directory at /home/arcana-novai/Documents/Xoe-NovAi/omega-engine/data/entities/doom_guy/knowledge
[2026-06-05T04:13:54.903439+00:00] ACTION: DIR_CREATE | DETAILS: Created workspace directory at /home/arcana-novai/Documents/Xoe-NovAi/omega-engine/data/entities/doom_guy/workspace
[2026-06-05T04:13:55.528376+00:00] ACTION: WORKSPACE_CREATE | DETAILS: Created root workspace at /home/arcana-novai/Documents/Xoe-NovAi/omega-engine/data/entities/doom_guy
[2026-06-05T04:13:55.528470+00:00] ACTION: DIR_CREATE | DETAILS: Created knowledge directory at /home/arcana-novai/Documents/Xoe-NovAi/omega-engine/data/entities/doom_guy/knowledge
[2026-06-05T04:13:55.528491+00:00] ACTION: DIR_CREATE | DETAILS: Created workspace directory at /home/arcana-novai/Documents/Xoe-NovAi/omega-engine/data/entities/doom_guy/workspace
[2026-06-05T04:13:57.563755+00:00] ACTION: WORKSPACE_CREATE | DETAILS: Created root workspace at /home/arcana-novai/Documents/Xoe-NovAi/omega-engine/data/entities/doom_guy
[2026-06-05T04:13:57.563854+00:00] ACTION: DIR_CREATE | DETAILS: Created knowledge directory at /home/arcana-novai/Documents/Xoe-NovAi/omega-engine/data/entities/doom_guy/knowledge
[2026-06-05T04:13:57.563893+00:00] ACTION: DIR_CREATE | DETAILS: Created workspace directory at /home/arcana-novai/Documents/Xoe-NovAi/omega-engine/data/entities/doom_guy/workspace
[2026-06-05T04:13:58.156446+00:00] ACTION: WORKSPACE_CREATE | DETAILS: Created root workspace at /home/arcana-novai/Documents/Xoe-NovAi/omega-engine/data/entities/doom_guy
[2026-06-05T04:13:58.156523+00:00] ACTION: DIR_CREATE | DETAILS: Created knowledge directory at /home/arcana-novai/Documents/Xoe-NovAi/omega-engine/data/entities/doom_guy/knowledge
[2026-06-05T04:13:58.156542+00:00] ACTION: DIR_CREATE | DETAILS: Created workspace directory at /home/arcana-novai/Documents/Xoe-NovAi/omega-engine/data/entities/doom_guy/workspace
[2026-06-05T04:14:00.221884+00:00] ACTION: WORKSPACE_CREATE | DETAILS: Created root workspace at /home/arcana-novai/Documents/Xoe-NovAi/omega-engine/data/entities/doom_guy
[2026-06-05T04:14:00.221946+00:00] ACTION: DIR_CREATE | DETAILS: Created knowledge directory at /home/arcana-novai/Documents/Xoe-NovAi/omega-engine/data/entities/doom_guy/knowledge
[2026-06-05T04:14:00.221965+00:00] ACTION: DIR_CREATE | DETAILS: Created workspace directory at /home/arcana-novai/Documents/Xoe-NovAi/omega-engine/data/entities/doom_guy/workspace
[2026-06-05T04:14:00.825935+00:00] ACTION: WORKSPACE_CREATE | DETAILS: Created root workspace at /home/arcana-novai/Documents/Xoe-NovAi/omega-engine/data/entities/doom_guy
[2026-06-05T04:14:00.826007+00:00] ACTION: DIR_CREATE | DETAILS: Created knowledge directory at /home/arcana-novai/Documents/Xoe-NovAi/omega-engine/data/entities/doom_guy/knowledge
[2026-06-05T04:14:00.826027+00:00] ACTION: DIR_CREATE | DETAILS: Created workspace directory at /home/arcana-novai/Documents/Xoe-NovAi/omega-engine/data/entities/doom_guy/workspace
[2026-06-05T04:14:03.072007+00:00] ACTION: WORKSPACE_CREATE | DETAILS: Created root workspace at /home/arcana-novai/Documents/Xoe-NovAi/omega-engine/data/entities/doom_guy
[2026-06-05T04:14:03.072076+00:00] ACTION: DIR_CREATE | DETAILS: Created knowledge directory at /home/arcana-novai/Documents/Xoe-NovAi/omega-engine/data/entities/doom_guy/knowledge
[2026-06-05T04:14:03.072095+00:00] ACTION: DIR_CREATE | DETAILS: Created workspace directory at /home/arcana-novai/Documents/Xoe-NovAi/omega-engine/data/entities/doom_guy/workspace
[2026-06-05T04:14:05.551105+00:00] ACTION: WORKSPACE_CREATE | DETAILS: Created root workspace at /home/arcana-novai/Documents/Xoe-NovAi/omega-engine/data/entities/doom_guy
[2026-06-05T04:14:05.551191+00:00] ACTION: DIR_CREATE | DETAILS: Created knowledge directory at /home/arcana-novai/Documents/Xoe-NovAi/omega-engine/data/entities/doom_guy/knowledge
[2026-06-05T04:14:05.551211+00:00] ACTION: DIR_CREATE | DETAILS: Created workspace directory at /home/arcana-novai/Documents/Xoe-NovAi/omega-engine/data/entities/doom_guy/workspace
[2026-06-05T04:14:08.583800+00:00] ACTION: WORKSPACE_CREATE | DETAILS: Created root workspace at /home/arcana-novai/Documents/Xoe-NovAi/omega-engine/data/entities/doom_guy
[2026-06-05T04:14:08.583958+00:00] ACTION: DIR_CREATE | DETAILS: Created knowledge directory at /home/arcana-novai/Documents/Xoe-NovAi/omega-engine/data/entities/doom_guy/knowledge
[2026-06-05T04:14:08.584015+00:00] ACTION: DIR_CREATE | DETAILS: Created workspace directory at /home/arcana-novai/Documents/Xoe-NovAi/omega-engine/data/entities/doom_guy/workspace
[2026-06-05T04:14:11.172413+00:00] ACTION: WORKSPACE_CREATE | DETAILS: Created root workspace at /home/arcana-novai/Documents/Xoe-NovAi/omega-engine/data/entities/doom_guy
[2026-06-05T04:14:11.172495+00:00] ACTION: DIR_CREATE | DETAILS: Created knowledge directory at /home/arcana-novai/Documents/Xoe-NovAi/omega-engine/data/entities/doom_guy/knowledge
[2026-06-05T04:14:11.172520+00:00] ACTION: DIR_CREATE | DETAILS: Created workspace directory at /home/arcana-novai/Documents/Xoe-NovAi/omega-engine/data/entities/doom_guy/workspace
[2026-06-05T04:14:13.755700+00:00] ACTION: WORKSPACE_CREATE | DETAILS: Created root workspace at /home/arcana-novai/Documents/Xoe-NovAi/omega-engine/data/entities/doom_guy
[2026-06-05T04:14:13.755834+00:00] ACTION: DIR_CREATE | DETAILS: Created knowledge directory at /home/arcana-novai/Documents/Xoe-NovAi/omega-engine/data/entities/doom_guy/knowledge
[2026-06-05T04:14:13.755916+00:00] ACTION: DIR_CREATE | DETAILS: Created workspace directory at /home/arcana-novai/Documents/Xoe-NovAi/omega-engine/data/entities/doom_guy/workspace
[2026-06-05T04:14:16.354991+00:00] ACTION: WORKSPACE_CREATE | DETAILS: Created root workspace at /home/arcana-novai/Documents/Xoe-NovAi/omega-engine/data/entities/doom_guy
[2026-06-05T04:14:16.355056+00:00] ACTION: DIR_CREATE | DETAILS: Created knowledge directory at /home/arcana-novai/Documents/Xoe-NovAi/omega-engine/data/entities/doom_guy/knowledge
[2026-06-05T04:14:16.355075+00:00] ACTION: DIR_CREATE | DETAILS: Created workspace directory at /home/arcana-novai/Documents/Xoe-NovAi/omega-engine/data/entities/doom_guy/workspace
[2026-06-05T04:14:18.884146+00:00] ACTION: WORKSPACE_CREATE | DETAILS: Created root workspace at /home/arcana-novai/Documents/Xoe-NovAi/omega-engine/data/entities/doom_guy
[2026-06-05T04:14:18.884206+00:00] ACTION: DIR_CREATE | DETAILS: Created knowledge directory at /home/arcana-novai/Documents/Xoe-NovAi/omega-engine/data/entities/doom_guy/knowledge
[2026-06-05T04:14:18.884225+00:00] ACTION: DIR_CREATE | DETAILS: Created workspace directory at /home/arcana-novai/Documents/Xoe-NovAi/omega-engine/data/entities/doom_guy/workspace
[2026-06-05T04:14:23.451416+00:00] ACTION: WORKSPACE_CREATE | DETAILS: Created root workspace at /home/arcana-novai/Documents/Xoe-NovAi/omega-engine/data/entities/doom_guy
[2026-06-05T04:14:23.451492+00:00] ACTION: DIR_CREATE | DETAILS: Created knowledge directory at /home/arcana-novai/Documents/Xoe-NovAi/omega-engine/data/entities/doom_guy/knowledge
[2026-06-05T04:14:23.451511+00:00] ACTION: DIR_CREATE | DETAILS: Created workspace directory at /home/arcana-novai/Documents/Xoe-NovAi/omega-engine/data/entities/doom_guy/workspace
[2026-06-05T04:14:23.863300+00:00] ACTION: WORKSPACE_CREATE | DETAILS: Created root workspace at /home/arcana-novai/Documents/Xoe-NovAi/omega-engine/data/entities/doom_guy
[2026-06-05T04:14:23.863367+00:00] ACTION: DIR_CREATE | DETAILS: Created knowledge directory at /home/arcana-novai/Documents/Xoe-NovAi/omega-engine/data/entities/doom_guy/knowledge
[2026-06-05T04:14:23.863386+00:00] ACTION: DIR_CREATE | DETAILS: Created workspace directory at /home/arcana-novai/Documents/Xoe-NovAi/omega-engine/data/entities/doom_guy/workspace
[2026-06-05T04:14:26.510488+00:00] ACTION: WORKSPACE_CREATE | DETAILS: Created root workspace at /home/arcana-novai/Documents/Xoe-NovAi/omega-engine/data/entities/doom_guy
[2026-06-05T04:14:26.510552+00:00] ACTION: DIR_CREATE | DETAILS: Created knowledge directory at /home/arcana-novai/Documents/Xoe-NovAi/omega-engine/data/entities/doom_guy/knowledge
[2026-06-05T04:14:26.510572+00:00] ACTION: DIR_CREATE | DETAILS: Created workspace directory at /home/arcana-novai/Documents/Xoe-NovAi/omega-engine/data/entities/doom_guy/workspace
[2026-06-05T04:14:28.966025+00:00] ACTION: WORKSPACE_CREATE | DETAILS: Created root workspace at /home/arcana-novai/Documents/Xoe-NovAi/omega-engine/data/entities/doom_guy
[2026-06-05T04:14:28.966103+00:00] ACTION: DIR_CREATE | DETAILS: Created knowledge directory at /home/arcana-novai/Documents/Xoe-NovAi/omega-engine/data/entities/doom_guy/knowledge
[2026-06-05T04:14:28.966122+00:00] ACTION: DIR_CREATE | DETAILS: Created workspace directory at /home/arcana-novai/Documents/Xoe-NovAi/omega-engine/data/entities/doom_guy/workspace
[2026-06-05T04:14:31.668697+00:00] ACTION: WORKSPACE_CREATE | DETAILS: Created root workspace at /home/arcana-novai/Documents/Xoe-NovAi/omega-engine/data/entities/doom_guy
[2026-06-05T04:14:31.668831+00:00] ACTION: DIR_CREATE | DETAILS: Created knowledge directory at /home/arcana-novai/Documents/Xoe-NovAi/omega-engine/data/entities/doom_guy/knowledge
[2026-06-05T04:14:31.668873+00:00] ACTION: DIR_CREATE | DETAILS: Created workspace directory at /home/arcana-novai/Documents/Xoe-NovAi/omega-engine/data/entities/doom_guy/workspace
[2026-06-05T04:14:32.445090+00:00] ACTION: WORKSPACE_CREATE | DETAILS: Created root workspace at /home/arcana-novai/Documents/Xoe-NovAi/omega-engine/data/entities/doom_guy
[2026-06-05T04:14:32.445172+00:00] ACTION: DIR_CREATE | DETAILS: Created knowledge directory at /home/arcana-novai/Documents/Xoe-NovAi/omega-engine/data/entities/doom_guy/knowledge
[2026-06-05T04:14:32.445191+00:00] ACTION: DIR_CREATE | DETAILS: Created workspace directory at /home/arcana-novai/Documents/Xoe-NovAi/omega-engine/data/entities/doom_guy/workspace
[2026-06-05T04:14:34.324558+00:00] ACTION: WORKSPACE_CREATE | DETAILS: Created root workspace at /home/arcana-novai/Documents/Xoe-NovAi/omega-engine/data/entities/doom_guy
[2026-06-05T04:14:34.324624+00:00] ACTION: DIR_CREATE | DETAILS: Created knowledge directory at /home/arcana-novai/Documents/Xoe-NovAi/omega-engine/data/entities/doom_guy/knowledge
[2026-06-05T04:14:34.324642+00:00] ACTION: DIR_CREATE | DETAILS: Created workspace directory at /home/arcana-novai/Documents/Xoe-NovAi/omega-engine/data/entities/doom_guy/workspace
[2026-06-05T04:14:35.025167+00:00] ACTION: WORKSPACE_CREATE | DETAILS: Created root workspace at /home/arcana-novai/Documents/Xoe-NovAi/omega-engine/data/entities/doom_guy
[2026-06-05T04:14:35.025242+00:00] ACTION: DIR_CREATE | DETAILS: Created knowledge directory at /home/arcana-novai/Documents/Xoe-NovAi/omega-engine/data/entities/doom_guy/knowledge
[2026-06-05T04:14:35.025261+00:00] ACTION: DIR_CREATE | DETAILS: Created workspace directory at /home/arcana-novai/Documents/Xoe-NovAi/omega-engine/data/entities/doom_guy/workspace
[2026-06-05T04:14:36.862058+00:00] ACTION: WORKSPACE_CREATE | DETAILS: Created root workspace at /home/arcana-novai/Documents/Xoe-NovAi/omega-engine/data/entities/doom_guy
[2026-06-05T04:14:36.862128+00:00] ACTION: DIR_CREATE | DETAILS: Created knowledge directory at /home/arcana-novai/Documents/Xoe-NovAi/omega-engine/data/entities/doom_guy/knowledge
[2026-06-05T04:14:36.862146+00:00] ACTION: DIR_CREATE | DETAILS: Created workspace directory at /home/arcana-novai/Documents/Xoe-NovAi/omega-engine/data/entities/doom_guy/workspace
[2026-06-05T04:14:37.890006+00:00] ACTION: WORKSPACE_CREATE | DETAILS: Created root workspace at /home/arcana-novai/Documents/Xoe-NovAi/omega-engine/data/entities/doom_guy
[2026-06-05T04:14:37.890112+00:00] ACTION: DIR_CREATE | DETAILS: Created knowledge directory at /home/arcana-novai/Documents/Xoe-NovAi/omega-engine/data/entities/doom_guy/knowledge
[2026-06-05T04:14:37.890167+00:00] ACTION: DIR_CREATE | DETAILS: Created workspace directory at /home/arcana-novai/Documents/Xoe-NovAi/omega-engine/data/entities/doom_guy/workspace
[2026-06-05T04:14:39.435890+00:00] ACTION: WORKSPACE_CREATE | DETAILS: Created root workspace at /home/arcana-novai/Documents/Xoe-NovAi/omega-engine/data/entities/doom_guy
[2026-06-05T04:14:39.435954+00:00] ACTION: DIR_CREATE | DETAILS: Created knowledge directory at /home/arcana-novai/Documents/Xoe-NovAi/omega-engine/data/entities/doom_guy/knowledge
[2026-06-05T04:14:39.435973+00:00] ACTION: DIR_CREATE | DETAILS: Created workspace directory at /home/arcana-novai/Documents/Xoe-NovAi/omega-engine/data/entities/doom_guy/workspace
[2026-06-05T04:14:40.865050+00:00] ACTION: WORKSPACE_CREATE | DETAILS: Created root workspace at /home/arcana-novai/Documents/Xoe-NovAi/omega-engine/data/entities/doom_guy
[2026-06-05T04:14:40.865122+00:00] ACTION: DIR_CREATE | DETAILS: Created knowledge directory at /home/arcana-novai/Documents/Xoe-NovAi/omega-engine/data/entities/doom_guy/knowledge
[2026-06-05T04:14:40.865141+00:00] ACTION: DIR_CREATE | DETAILS: Created workspace directory at /home/arcana-novai/Documents/Xoe-NovAi/omega-engine/data/entities/doom_guy/workspace
[2026-06-05T04:14:41.838272+00:00] ACTION: WORKSPACE_CREATE | DETAILS: Created root workspace at /home/arcana-novai/Documents/Xoe-NovAi/omega-engine/data/entities/doom_guy
[2026-06-05T04:14:41.838417+00:00] ACTION: DIR_CREATE | DETAILS: Created knowledge directory at /home/arcana-novai/Documents/Xoe-NovAi/omega-engine/data/entities/doom_guy/knowledge
[2026-06-05T04:14:41.838473+00:00] ACTION: DIR_CREATE | DETAILS: Created workspace directory at /home/arcana-novai/Documents/Xoe-NovAi/omega-engine/data/entities/doom_guy/workspace
[2026-06-05T04:14:43.496617+00:00] ACTION: WORKSPACE_CREATE | DETAILS: Created root workspace at /home/arcana-novai/Documents/Xoe-NovAi/omega-engine/data/entities/doom_guy
[2026-06-05T04:14:43.496695+00:00] ACTION: DIR_CREATE | DETAILS: Created knowledge directory at /home/arcana-novai/Documents/Xoe-NovAi/omega-engine/data/entities/doom_guy/knowledge
[2026-06-05T04:14:43.496716+00:00] ACTION: DIR_CREATE | DETAILS: Created workspace directory at /home/arcana-novai/Documents/Xoe-NovAi/omega-engine/data/entities/doom_guy/workspace
[2026-06-05T04:14:44.604000+00:00] ACTION: WORKSPACE_CREATE | DETAILS: Created root workspace at /home/arcana-novai/Documents/Xoe-NovAi/omega-engine/data/entities/doom_guy
[2026-06-05T04:14:44.604121+00:00] ACTION: DIR_CREATE | DETAILS: Created knowledge directory at /home/arcana-novai/Documents/Xoe-NovAi/omega-engine/data/entities/doom_guy/knowledge
[2026-06-05T04:14:44.604143+00:00] ACTION: DIR_CREATE | DETAILS: Created workspace directory at /home/arcana-novai/Documents/Xoe-NovAi/omega-engine/data/entities/doom_guy/workspace
[2026-06-05T04:14:46.121218+00:00] ACTION: WORKSPACE_CREATE | DETAILS: Created root workspace at /home/arcana-novai/Documents/Xoe-NovAi/omega-engine/data/entities/doom_guy
[2026-06-05T04:14:46.121320+00:00] ACTION: DIR_CREATE | DETAILS: Created knowledge directory at /home/arcana-novai/Documents/Xoe-NovAi/omega-engine/data/entities/doom_guy/knowledge
[2026-06-05T04:14:46.121341+00:00] ACTION: DIR_CREATE | DETAILS: Created workspace directory at /home/arcana-novai/Documents/Xoe-NovAi/omega-engine/data/entities/doom_guy/workspace
[2026-06-05T04:14:47.438721+00:00] ACTION: WORKSPACE_CREATE | DETAILS: Created root workspace at /home/arcana-novai/Documents/Xoe-NovAi/omega-engine/data/entities/doom_guy
[2026-06-05T04:14:47.438805+00:00] ACTION: DIR_CREATE | DETAILS: Created knowledge directory at /home/arcana-novai/Documents/Xoe-NovAi/omega-engine/data/entities/doom_guy/knowledge
[2026-06-05T04:14:47.438826+00:00] ACTION: DIR_CREATE | DETAILS: Created workspace directory at /home/arcana-novai/Documents/Xoe-NovAi/omega-engine/data/entities/doom_guy/workspace
[2026-06-05T04:14:48.748599+00:00] ACTION: WORKSPACE_CREATE | DETAILS: Created root workspace at /home/arcana-novai/Documents/Xoe-NovAi/omega-engine/data/entities/doom_guy
[2026-06-05T04:14:48.748693+00:00] ACTION: DIR_CREATE | DETAILS: Created knowledge directory at /home/arcana-novai/Documents/Xoe-NovAi/omega-engine/data/entities/doom_guy/knowledge
[2026-06-05T04:14:48.748714+00:00] ACTION: DIR_CREATE | DETAILS: Created workspace directory at /home/arcana-novai/Documents/Xoe-NovAi/omega-engine/data/entities/doom_guy/workspace
[2026-06-05T04:14:50.663792+00:00] ACTION: WORKSPACE_CREATE | DETAILS: Created root workspace at /home/arcana-novai/Documents/Xoe-NovAi/omega-engine/data/entities/doom_guy
[2026-06-05T04:14:50.663871+00:00] ACTION: DIR_CREATE | DETAILS: Created knowledge directory at /home/arcana-novai/Documents/Xoe-NovAi/omega-engine/data/entities/doom_guy/knowledge
[2026-06-05T04:14:50.663920+00:00] ACTION: DIR_CREATE | DETAILS: Created workspace directory at /home/arcana-novai/Documents/Xoe-NovAi/omega-engine/data/entities/doom_guy/workspace
[2026-06-05T04:14:51.399710+00:00] ACTION: WORKSPACE_CREATE | DETAILS: Created root workspace at /home/arcana-novai/Documents/Xoe-NovAi/omega-engine/data/entities/doom_guy
[2026-06-05T04:14:51.399801+00:00] ACTION: DIR_CREATE | DETAILS: Created knowledge directory at /home/arcana-novai/Documents/Xoe-NovAi/omega-engine/data/entities/doom_guy/knowledge
[2026-06-05T04:14:51.399833+00:00] ACTION: DIR_CREATE | DETAILS: Created workspace directory at /home/arcana-novai/Documents/Xoe-NovAi/omega-engine/data/entities/doom_guy/workspace
[2026-06-05T04:14:53.449047+00:00] ACTION: WORKSPACE_CREATE | DETAILS: Created root workspace at /home/arcana-novai/Documents/Xoe-NovAi/omega-engine/data/entities/doom_guy
[2026-06-05T04:14:53.449131+00:00] ACTION: DIR_CREATE | DETAILS: Created knowledge directory at /home/arcana-novai/Documents/Xoe-NovAi/omega-engine/data/entities/doom_guy/knowledge
[2026-06-05T04:14:53.449151+00:00] ACTION: DIR_CREATE | DETAILS: Created workspace directory at /home/arcana-novai/Documents/Xoe-NovAi/omega-engine/data/entities/doom_guy/workspace
[2026-06-05T04:14:54.154511+00:00] ACTION: WORKSPACE_CREATE | DETAILS: Created root workspace at /home/arcana-novai/Documents/Xoe-NovAi/omega-engine/data/entities/doom_guy
[2026-06-05T04:14:54.154600+00:00] ACTION: DIR_CREATE | DETAILS: Created knowledge directory at /home/arcana-novai/Documents/Xoe-NovAi/omega-engine/data/entities/doom_guy/knowledge
[2026-06-05T04:14:54.154620+00:00] ACTION: DIR_CREATE | DETAILS: Created workspace directory at /home/arcana-novai/Documents/Xoe-NovAi/omega-engine/data/entities/doom_guy/workspace
[2026-06-05T04:14:54.373503+00:00] ACTION: WORKSPACE_CREATE | DETAILS: Created root workspace at /home/arcana-novai/Documents/Xoe-NovAi/omega-engine/data/entities/doom_guy
[2026-06-05T04:14:54.373623+00:00] ACTION: DIR_CREATE | DETAILS: Created knowledge directory at /home/arcana-novai/Documents/Xoe-NovAi/omega-engine/data/entities/doom_guy/knowledge
[2026-06-05T04:14:54.373644+00:00] ACTION: DIR_CREATE | DETAILS: Created workspace directory at /home/arcana-novai/Documents/Xoe-NovAi/omega-engine/data/entities/doom_guy/workspace
[2026-06-05T04:14:54.836398+00:00] ACTION: WORKSPACE_CREATE | DETAILS: Created root workspace at /home/arcana-novai/Documents/Xoe-NovAi/omega-engine/data/entities/doom_guy
[2026-06-05T04:14:54.836478+00:00] ACTION: DIR_CREATE | DETAILS: Created knowledge directory at /home/arcana-novai/Documents/Xoe-NovAi/omega-engine/data/entities/doom_guy/knowledge
[2026-06-05T04:14:54.836497+00:00] ACTION: DIR_CREATE | DETAILS: Created workspace directory at /home/arcana-novai/Documents/Xoe-NovAi/omega-engine/data/entities/doom_guy/workspace
[2026-06-05T04:14:56.260807+00:00] ACTION: WORKSPACE_CREATE | DETAILS: Created root workspace at /home/arcana-novai/Documents/Xoe-NovAi/omega-engine/data/entities/doom_guy
[2026-06-05T04:14:56.260903+00:00] ACTION: DIR_CREATE | DETAILS: Created knowledge directory at /home/arcana-novai/Documents/Xoe-NovAi/omega-engine/data/entities/doom_guy/knowledge
[2026-06-05T04:14:56.260926+00:00] ACTION: DIR_CREATE | DETAILS: Created workspace directory at /home/arcana-novai/Documents/Xoe-NovAi/omega-engine/data/entities/doom_guy/workspace
[2026-06-05T04:14:56.906075+00:00] ACTION: WORKSPACE_CREATE | DETAILS: Created root workspace at /home/arcana-novai/Documents/Xoe-NovAi/omega-engine/data/entities/doom_guy
[2026-06-05T04:14:56.906146+00:00] ACTION: DIR_CREATE | DETAILS: Created knowledge directory at /home/arcana-novai/Documents/Xoe-NovAi/omega-engine/data/entities/doom_guy/knowledge
[2026-06-05T04:14:56.906168+00:00] ACTION: DIR_CREATE | DETAILS: Created workspace directory at /home/arcana-novai/Documents/Xoe-NovAi/omega-engine/data/entities/doom_guy/workspace
[2026-06-05T04:14:57.771852+00:00] ACTION: WORKSPACE_CREATE | DETAILS: Created root workspace at /home/arcana-novai/Documents/Xoe-NovAi/omega-engine/data/entities/doom_guy
[2026-06-05T04:14:57.771971+00:00] ACTION: DIR_CREATE | DETAILS: Created knowledge directory at /home/arcana-novai/Documents/Xoe-NovAi/omega-engine/data/entities/doom_guy/knowledge
[2026-06-05T04:14:57.771997+00:00] ACTION: DIR_CREATE | DETAILS: Created workspace directory at /home/arcana-novai/Documents/Xoe-NovAi/omega-engine/data/entities/doom_guy/workspace
[2026-06-05T04:14:59.347630+00:00] ACTION: WORKSPACE_CREATE | DETAILS: Created root workspace at /home/arcana-novai/Documents/Xoe-NovAi/omega-engine/data/entities/doom_guy
[2026-06-05T04:14:59.347755+00:00] ACTION: DIR_CREATE | DETAILS: Created knowledge directory at /home/arcana-novai/Documents/Xoe-NovAi/omega-engine/data/entities/doom_guy/knowledge
[2026-06-05T04:14:59.347803+00:00] ACTION: DIR_CREATE | DETAILS: Created workspace directory at /home/arcana-novai/Documents/Xoe-NovAi/omega-engine/data/entities/doom_guy/workspace
[2026-06-05T04:15:00.806648+00:00] ACTION: WORKSPACE_CREATE | DETAILS: Created root workspace at /home/arcana-novai/Documents/Xoe-NovAi/omega-engine/data/entities/doom_guy
[2026-06-05T04:15:00.806760+00:00] ACTION: DIR_CREATE | DETAILS: Created knowledge directory at /home/arcana-novai/Documents/Xoe-NovAi/omega-engine/data/entities/doom_guy/knowledge
[2026-06-05T04:15:00.806801+00:00] ACTION: DIR_CREATE | DETAILS: Created workspace directory at /home/arcana-novai/Documents/Xoe-NovAi/omega-engine/data/entities/doom_guy/workspace
[2026-06-05T04:15:02.189105+00:00] ACTION: WORKSPACE_CREATE | DETAILS: Created root workspace at /home/arcana-novai/Documents/Xoe-NovAi/omega-engine/data/entities/doom_guy
[2026-06-05T04:15:02.189219+00:00] ACTION: DIR_CREATE | DETAILS: Created knowledge directory at /home/arcana-novai/Documents/Xoe-NovAi/omega-engine/data/entities/doom_guy/knowledge
[2026-06-05T04:15:02.189262+00:00] ACTION: DIR_CREATE | DETAILS: Created workspace directory at /home/arcana-novai/Documents/Xoe-NovAi/omega-engine/data/entities/doom_guy/workspace
[2026-06-05T04:15:03.596013+00:00] ACTION: WORKSPACE_CREATE | DETAILS: Created root workspace at /home/arcana-novai/Documents/Xoe-NovAi/omega-engine/data/entities/doom_guy
[2026-06-05T04:15:03.596115+00:00] ACTION: DIR_CREATE | DETAILS: Created knowledge directory at /home/arcana-novai/Documents/Xoe-NovAi/omega-engine/data/entities/doom_guy/knowledge
[2026-06-05T04:15:03.596144+00:00] ACTION: DIR_CREATE | DETAILS: Created workspace directory at /home/arcana-novai/Documents/Xoe-NovAi/omega-engine/data/entities/doom_guy/workspace
[2026-06-05T04:15:06.142040+00:00] ACTION: WORKSPACE_CREATE | DETAILS: Created root workspace at /home/arcana-novai/Documents/Xoe-NovAi/omega-engine/data/entities/doom_guy
[2026-06-05T04:15:06.142180+00:00] ACTION: DIR_CREATE | DETAILS: Created knowledge directory at /home/arcana-novai/Documents/Xoe-NovAi/omega-engine/data/entities/doom_guy/knowledge
[2026-06-05T04:15:06.142236+00:00] ACTION: DIR_CREATE | DETAILS: Created workspace directory at /home/arcana-novai/Documents/Xoe-NovAi/omega-engine/data/entities/doom_guy/workspace
[2026-06-05T04:15:08.664398+00:00] ACTION: WORKSPACE_CREATE | DETAILS: Created root workspace at /home/arcana-novai/Documents/Xoe-NovAi/omega-engine/data/entities/doom_guy
[2026-06-05T04:15:08.664541+00:00] ACTION: DIR_CREATE | DETAILS: Created knowledge directory at /home/arcana-novai/Documents/Xoe-NovAi/omega-engine/data/entities/doom_guy/knowledge
[2026-06-05T04:15:08.664606+00:00] ACTION: DIR_CREATE | DETAILS: Created workspace directory at /home/arcana-novai/Documents/Xoe-NovAi/omega-engine/data/entities/doom_guy/workspace
[2026-06-05T04:15:11.273735+00:00] ACTION: WORKSPACE_CREATE | DETAILS: Created root workspace at /home/arcana-novai/Documents/Xoe-NovAi/omega-engine/data/entities/doom_guy
[2026-06-05T04:15:11.273805+00:00] ACTION: DIR_CREATE | DETAILS: Created knowledge directory at /home/arcana-novai/Documents/Xoe-NovAi/omega-engine/data/entities/doom_guy/knowledge
[2026-06-05T04:15:11.273824+00:00] ACTION: DIR_CREATE | DETAILS: Created workspace directory at /home/arcana-novai/Documents/Xoe-NovAi/omega-engine/data/entities/doom_guy/workspace
[2026-06-05T04:15:13.939838+00:00] ACTION: WORKSPACE_CREATE | DETAILS: Created root workspace at /home/arcana-novai/Documents/Xoe-NovAi/omega-engine/data/entities/doom_guy
[2026-06-05T04:15:13.939923+00:00] ACTION: DIR_CREATE | DETAILS: Created knowledge directory at /home/arcana-novai/Documents/Xoe-NovAi/omega-engine/data/entities/doom_guy/knowledge
[2026-06-05T04:15:13.939943+00:00] ACTION: DIR_CREATE | DETAILS: Created workspace directory at /home/arcana-novai/Documents/Xoe-NovAi/omega-engine/data/entities/doom_guy/workspace
[2026-06-05T04:15:15.914384+00:00] ACTION: WORKSPACE_CREATE | DETAILS: Created root workspace at /home/arcana-novai/Documents/Xoe-NovAi/omega-engine/data/entities/doom_guy
[2026-06-05T04:15:15.914499+00:00] ACTION: DIR_CREATE | DETAILS: Created knowledge directory at /home/arcana-novai/Documents/Xoe-NovAi/omega-engine/data/entities/doom_guy/knowledge
[2026-06-05T04:15:15.914542+00:00] ACTION: DIR_CREATE | DETAILS: Created workspace directory at /home/arcana-novai/Documents/Xoe-NovAi/omega-engine/data/entities/doom_guy/workspace
[2026-06-05T04:15:16.740283+00:00] ACTION: WORKSPACE_CREATE | DETAILS: Created root workspace at /home/arcana-novai/Documents/Xoe-NovAi/omega-engine/data/entities/doom_guy
[2026-06-05T04:15:16.740355+00:00] ACTION: DIR_CREATE | DETAILS: Created knowledge directory at /home/arcana-novai/Documents/Xoe-NovAi/omega-engine/data/entities/doom_guy/knowledge
[2026-06-05T04:15:16.740374+00:00] ACTION: DIR_CREATE | DETAILS: Created workspace directory at /home/arcana-novai/Documents/Xoe-NovAi/omega-engine/data/entities/doom_guy/workspace
[2026-06-05T04:15:18.570803+00:00] ACTION: WORKSPACE_CREATE | DETAILS: Created root workspace at /home/arcana-novai/Documents/Xoe-NovAi/omega-engine/data/entities/doom_guy
[2026-06-05T04:15:18.570937+00:00] ACTION: DIR_CREATE | DETAILS: Created knowledge directory at /home/arcana-novai/Documents/Xoe-NovAi/omega-engine/data/entities/doom_guy/knowledge
[2026-06-05T04:15:18.570963+00:00] ACTION: DIR_CREATE | DETAILS: Created workspace directory at /home/arcana-novai/Documents/Xoe-NovAi/omega-engine/data/entities/doom_guy/workspace
[2026-06-05T04:15:19.692270+00:00] ACTION: WORKSPACE_CREATE | DETAILS: Created root workspace at /home/arcana-novai/Documents/Xoe-NovAi/omega-engine/data/entities/doom_guy
[2026-06-05T04:15:19.692373+00:00] ACTION: DIR_CREATE | DETAILS: Created knowledge directory at /home/arcana-novai/Documents/Xoe-NovAi/omega-engine/data/entities/doom_guy/knowledge
[2026-06-05T04:15:19.692414+00:00] ACTION: DIR_CREATE | DETAILS: Created workspace directory at /home/arcana-novai/Documents/Xoe-NovAi/omega-engine/data/entities/doom_guy/workspace
[2026-06-05T04:15:21.238182+00:00] ACTION: WORKSPACE_CREATE | DETAILS: Created root workspace at /home/arcana-novai/Documents/Xoe-NovAi/omega-engine/data/entities/doom_guy
[2026-06-05T04:15:21.238254+00:00] ACTION: DIR_CREATE | DETAILS: Created knowledge directory at /home/arcana-novai/Documents/Xoe-NovAi/omega-engine/data/entities/doom_guy/knowledge
[2026-06-05T04:15:21.238273+00:00] ACTION: DIR_CREATE | DETAILS: Created workspace directory at /home/arcana-novai/Documents/Xoe-NovAi/omega-engine/data/entities/doom_guy/workspace
[2026-06-05T04:15:22.793525+00:00] ACTION: WORKSPACE_CREATE | DETAILS: Created root workspace at /home/arcana-novai/Documents/Xoe-NovAi/omega-engine/data/entities/doom_guy
[2026-06-05T04:15:22.793683+00:00] ACTION: DIR_CREATE | DETAILS: Created knowledge directory at /home/arcana-novai/Documents/Xoe-NovAi/omega-engine/data/entities/doom_guy/knowledge
[2026-06-05T04:15:22.793742+00:00] ACTION: DIR_CREATE | DETAILS: Created workspace directory at /home/arcana-novai/Documents/Xoe-NovAi/omega-engine/data/entities/doom_guy/workspace
[2026-06-05T04:15:23.768600+00:00] ACTION: WORKSPACE_CREATE | DETAILS: Created root workspace at /home/arcana-novai/Documents/Xoe-NovAi/omega-engine/data/entities/doom_guy
[2026-06-05T04:15:23.768756+00:00] ACTION: DIR_CREATE | DETAILS: Created knowledge directory at /home/arcana-novai/Documents/Xoe-NovAi/omega-engine/data/entities/doom_guy/knowledge
[2026-06-05T04:15:23.768816+00:00] ACTION: DIR_CREATE | DETAILS: Created workspace directory at /home/arcana-novai/Documents/Xoe-NovAi/omega-engine/data/entities/doom_guy/workspace
[2026-06-05T04:15:25.469543+00:00] ACTION: WORKSPACE_CREATE | DETAILS: Created root workspace at /home/arcana-novai/Documents/Xoe-NovAi/omega-engine/data/entities/doom_guy
[2026-06-05T04:15:25.469620+00:00] ACTION: DIR_CREATE | DETAILS: Created knowledge directory at /home/arcana-novai/Documents/Xoe-NovAi/omega-engine/data/entities/doom_guy/knowledge
[2026-06-05T04:15:25.469641+00:00] ACTION: DIR_CREATE | DETAILS: Created workspace directory at /home/arcana-novai/Documents/Xoe-NovAi/omega-engine/data/entities/doom_guy/workspace
[2026-06-05T04:15:26.777182+00:00] ACTION: WORKSPACE_CREATE | DETAILS: Created root workspace at /home/arcana-novai/Documents/Xoe-NovAi/omega-engine/data/entities/doom_guy
[2026-06-05T04:15:26.777316+00:00] ACTION: DIR_CREATE | DETAILS: Created knowledge directory at /home/arcana-novai/Documents/Xoe-NovAi/omega-engine/data/entities/doom_guy/knowledge
[2026-06-05T04:15:26.777363+00:00] ACTION: DIR_CREATE | DETAILS: Created workspace directory at /home/arcana-novai/Documents/Xoe-NovAi/omega-engine/data/entities/doom_guy/workspace
[2026-06-05T04:15:27.959458+00:00] ACTION: WORKSPACE_CREATE | DETAILS: Created root workspace at /home/arcana-novai/Documents/Xoe-NovAi/omega-engine/data/entities/doom_guy
[2026-06-05T04:15:27.959554+00:00] ACTION: DIR_CREATE | DETAILS: Created knowledge directory at /home/arcana-novai/Documents/Xoe-NovAi/omega-engine/data/entities/doom_guy/knowledge
[2026-06-05T04:15:27.959580+00:00] ACTION: DIR_CREATE | DETAILS: Created workspace directory at /home/arcana-novai/Documents/Xoe-NovAi/omega-engine/data/entities/doom_guy/workspace
[2026-06-05T04:15:30.911754+00:00] ACTION: WORKSPACE_CREATE | DETAILS: Created root workspace at /home/arcana-novai/Documents/Xoe-NovAi/omega-engine/data/entities/doom_guy
[2026-06-05T04:15:30.911847+00:00] ACTION: DIR_CREATE | DETAILS: Created knowledge directory at /home/arcana-novai/Documents/Xoe-NovAi/omega-engine/data/entities/doom_guy/knowledge
[2026-06-05T04:15:30.911886+00:00] ACTION: DIR_CREATE | DETAILS: Created workspace directory at /home/arcana-novai/Documents/Xoe-NovAi/omega-engine/data/entities/doom_guy/workspace
[2026-06-05T04:15:32.280530+00:00] ACTION: WORKSPACE_CREATE | DETAILS: Created root workspace at /home/arcana-novai/Documents/Xoe-NovAi/omega-engine/data/entities/doom_guy
[2026-06-05T04:15:32.280654+00:00] ACTION: DIR_CREATE | DETAILS: Created knowledge directory at /home/arcana-novai/Documents/Xoe-NovAi/omega-engine/data/entities/doom_guy/knowledge
[2026-06-05T04:15:32.280698+00:00] ACTION: DIR_CREATE | DETAILS: Created workspace directory at /home/arcana-novai/Documents/Xoe-NovAi/omega-engine/data/entities/doom_guy/workspace
[2026-06-05T04:15:33.910989+00:00] ACTION: WORKSPACE_CREATE | DETAILS: Created root workspace at /home/arcana-novai/Documents/Xoe-NovAi/omega-engine/data/entities/doom_guy
[2026-06-05T04:15:33.911135+00:00] ACTION: DIR_CREATE | DETAILS: Created knowledge directory at /home/arcana-novai/Documents/Xoe-NovAi/omega-engine/data/entities/doom_guy/knowledge
[2026-06-05T04:15:33.911195+00:00] ACTION: DIR_CREATE | DETAILS: Created workspace directory at /home/arcana-novai/Documents/Xoe-NovAi/omega-engine/data/entities/doom_guy/workspace
[2026-06-05T04:15:34.721307+00:00] ACTION: WORKSPACE_CREATE | DETAILS: Created root workspace at /home/arcana-novai/Documents/Xoe-NovAi/omega-engine/data/entities/doom_guy
[2026-06-05T04:15:34.721408+00:00] ACTION: DIR_CREATE | DETAILS: Created knowledge directory at /home/arcana-novai/Documents/Xoe-NovAi/omega-engine/data/entities/doom_guy/knowledge
[2026-06-05T04:15:34.721427+00:00] ACTION: DIR_CREATE | DETAILS: Created workspace directory at /home/arcana-novai/Documents/Xoe-NovAi/omega-engine/data/entities/doom_guy/workspace
[2026-06-05T04:15:36.464803+00:00] ACTION: WORKSPACE_CREATE | DETAILS: Created root workspace at /home/arcana-novai/Documents/Xoe-NovAi/omega-engine/data/entities/doom_guy
[2026-06-05T04:15:36.464978+00:00] ACTION: DIR_CREATE | DETAILS: Created knowledge directory at /home/arcana-novai/Documents/Xoe-NovAi/omega-engine/data/entities/doom_guy/knowledge
[2026-06-05T04:15:36.465036+00:00] ACTION: DIR_CREATE | DETAILS: Created workspace directory at /home/arcana-novai/Documents/Xoe-NovAi/omega-engine/data/entities/doom_guy/workspace
[2026-06-05T04:15:39.259710+00:00] ACTION: WORKSPACE_CREATE | DETAILS: Created root workspace at /home/arcana-novai/Documents/Xoe-NovAi/omega-engine/data/entities/doom_guy
[2026-06-05T04:15:39.259772+00:00] ACTION: DIR_CREATE | DETAILS: Created knowledge directory at /home/arcana-novai/Documents/Xoe-NovAi/omega-engine/data/entities/doom_guy/knowledge
[2026-06-05T04:15:39.259791+00:00] ACTION: DIR_CREATE | DETAILS: Created workspace directory at /home/arcana-novai/Documents/Xoe-NovAi/omega-engine/data/entities/doom_guy/workspace
[2026-06-05T04:15:42.192972+00:00] ACTION: WORKSPACE_CREATE | DETAILS: Created root workspace at /home/arcana-novai/Documents/Xoe-NovAi/omega-engine/data/entities/doom_guy
[2026-06-05T04:15:42.193113+00:00] ACTION: DIR_CREATE | DETAILS: Created knowledge directory at /home/arcana-novai/Documents/Xoe-NovAi/omega-engine/data/entities/doom_guy/knowledge
[2026-06-05T04:15:42.193170+00:00] ACTION: DIR_CREATE | DETAILS: Created workspace directory at /home/arcana-novai/Documents/Xoe-NovAi/omega-engine/data/entities/doom_guy/workspace
[2026-06-05T04:15:48.393849+00:00] ACTION: WORKSPACE_CREATE | DETAILS: Created root workspace at /home/arcana-novai/Documents/Xoe-NovAi/omega-engine/data/entities/doom_guy
[2026-06-05T04:15:48.393952+00:00] ACTION: DIR_CREATE | DETAILS: Created knowledge directory at /home/arcana-novai/Documents/Xoe-NovAi/omega-engine/data/entities/doom_guy/knowledge
[2026-06-05T04:15:48.393972+00:00] ACTION: DIR_CREATE | DETAILS: Created workspace directory at /home/arcana-novai/Documents/Xoe-NovAi/omega-engine/data/entities/doom_guy/workspace
[2026-06-05T04:15:51.097863+00:00] ACTION: WORKSPACE_CREATE | DETAILS: Created root workspace at /home/arcana-novai/Documents/Xoe-NovAi/omega-engine/data/entities/doom_guy
[2026-06-05T04:15:51.097985+00:00] ACTION: DIR_CREATE | DETAILS: Created knowledge directory at /home/arcana-novai/Documents/Xoe-NovAi/omega-engine/data/entities/doom_guy/knowledge
[2026-06-05T04:15:51.098026+00:00] ACTION: DIR_CREATE | DETAILS: Created workspace directory at /home/arcana-novai/Documents/Xoe-NovAi/omega-engine/data/entities/doom_guy/workspace
[2026-06-05T04:15:54.388786+00:00] ACTION: WORKSPACE_CREATE | DETAILS: Created root workspace at /home/arcana-novai/Documents/Xoe-NovAi/omega-engine/data/entities/doom_guy
[2026-06-05T04:15:54.388934+00:00] ACTION: DIR_CREATE | DETAILS: Created knowledge directory at /home/arcana-novai/Documents/Xoe-NovAi/omega-engine/data/entities/doom_guy/knowledge
[2026-06-05T04:15:54.388972+00:00] ACTION: DIR_CREATE | DETAILS: Created workspace directory at /home/arcana-novai/Documents/Xoe-NovAi/omega-engine/data/entities/doom_guy/workspace
[2026-06-05T04:15:57.021589+00:00] ACTION: WORKSPACE_CREATE | DETAILS: Created root workspace at /home/arcana-novai/Documents/Xoe-NovAi/omega-engine/data/entities/doom_guy
[2026-06-05T04:15:57.021665+00:00] ACTION: DIR_CREATE | DETAILS: Created knowledge directory at /home/arcana-novai/Documents/Xoe-NovAi/omega-engine/data/entities/doom_guy/knowledge
[2026-06-05T04:15:57.021694+00:00] ACTION: DIR_CREATE | DETAILS: Created workspace directory at /home/arcana-novai/Documents/Xoe-NovAi/omega-engine/data/entities/doom_guy/workspace
[2026-06-05T04:15:59.770341+00:00] ACTION: WORKSPACE_CREATE | DETAILS: Created root workspace at /home/arcana-novai/Documents/Xoe-NovAi/omega-engine/data/entities/doom_guy
[2026-06-05T04:15:59.770425+00:00] ACTION: DIR_CREATE | DETAILS: Created knowledge directory at /home/arcana-novai/Documents/Xoe-NovAi/omega-engine/data/entities/doom_guy/knowledge
[2026-06-05T04:15:59.770444+00:00] ACTION: DIR_CREATE | DETAILS: Created workspace directory at /home/arcana-novai/Documents/Xoe-NovAi/omega-engine/data/entities/doom_guy/workspace
[2026-06-05T04:16:02.751992+00:00] ACTION: WORKSPACE_CREATE | DETAILS: Created root workspace at /home/arcana-novai/Documents/Xoe-NovAi/omega-engine/data/entities/doom_guy
[2026-06-05T04:16:02.752134+00:00] ACTION: DIR_CREATE | DETAILS: Created knowledge directory at /home/arcana-novai/Documents/Xoe-NovAi/omega-engine/data/entities/doom_guy/knowledge
[2026-06-05T04:16:02.752181+00:00] ACTION: DIR_CREATE | DETAILS: Created workspace directory at /home/arcana-novai/Documents/Xoe-NovAi/omega-engine/data/entities/doom_guy/workspace
[2026-06-05T04:16:05.785435+00:00] ACTION: WORKSPACE_CREATE | DETAILS: Created root workspace at /home/arcana-novai/Documents/Xoe-NovAi/omega-engine/data/entities/doom_guy
[2026-06-05T04:16:05.785508+00:00] ACTION: DIR_CREATE | DETAILS: Created knowledge directory at /home/arcana-novai/Documents/Xoe-NovAi/omega-engine/data/entities/doom_guy/knowledge
[2026-06-05T04:16:05.785527+00:00] ACTION: DIR_CREATE | DETAILS: Created workspace directory at /home/arcana-novai/Documents/Xoe-NovAi/omega-engine/data/entities/doom_guy/workspace
[2026-06-05T04:16:08.201555+00:00] ACTION: WORKSPACE_CREATE | DETAILS: Created root workspace at /home/arcana-novai/Documents/Xoe-NovAi/omega-engine/data/entities/doom_guy
[2026-06-05T04:16:08.201693+00:00] ACTION: DIR_CREATE | DETAILS: Created knowledge directory at /home/arcana-novai/Documents/Xoe-NovAi/omega-engine/data/entities/doom_guy/knowledge
[2026-06-05T04:16:08.201749+00:00] ACTION: DIR_CREATE | DETAILS: Created workspace directory at /home/arcana-novai/Documents/Xoe-NovAi/omega-engine/data/entities/doom_guy/workspace
[2026-06-05T04:16:10.711052+00:00] ACTION: WORKSPACE_CREATE | DETAILS: Created root workspace at /home/arcana-novai/Documents/Xoe-NovAi/omega-engine/data/entities/doom_guy
[2026-06-05T04:16:10.711116+00:00] ACTION: DIR_CREATE | DETAILS: Created knowledge directory at /home/arcana-novai/Documents/Xoe-NovAi/omega-engine/data/entities/doom_guy/knowledge
[2026-06-05T04:16:10.711135+00:00] ACTION: DIR_CREATE | DETAILS: Created workspace directory at /home/arcana-novai/Documents/Xoe-NovAi/omega-engine/data/entities/doom_guy/workspace
[2026-06-05T04:16:13.233340+00:00] ACTION: WORKSPACE_CREATE | DETAILS: Created root workspace at /home/arcana-novai/Documents/Xoe-NovAi/omega-engine/data/entities/doom_guy
[2026-06-05T04:16:13.233409+00:00] ACTION: DIR_CREATE | DETAILS: Created knowledge directory at /home/arcana-novai/Documents/Xoe-NovAi/omega-engine/data/entities/doom_guy/knowledge
[2026-06-05T04:16:13.233428+00:00] ACTION: DIR_CREATE | DETAILS: Created workspace directory at /home/arcana-novai/Documents/Xoe-NovAi/omega-engine/data/entities/doom_guy/workspace
[2026-06-05T04:16:30.881342+00:00] ACTION: WORKSPACE_CREATE | DETAILS: Created root workspace at /home/arcana-novai/Documents/Xoe-NovAi/omega-engine/data/entities/doom_guy
[2026-06-05T04:16:30.881422+00:00] ACTION: DIR_CREATE | DETAILS: Created knowledge directory at /home/arcana-novai/Documents/Xoe-NovAi/omega-engine/data/entities/doom_guy/knowledge
[2026-06-05T04:16:30.881446+00:00] ACTION: DIR_CREATE | DETAILS: Created workspace directory at /home/arcana-novai/Documents/Xoe-NovAi/omega-engine/data/entities/doom_guy/workspace
[2026-06-05T04:16:31.363861+00:00] ACTION: WORKSPACE_CREATE | DETAILS: Created root workspace at /home/arcana-novai/Documents/Xoe-NovAi/omega-engine/data/entities/doom_guy
[2026-06-05T04:16:31.363973+00:00] ACTION: DIR_CREATE | DETAILS: Created knowledge directory at /home/arcana-novai/Documents/Xoe-NovAi/omega-engine/data/entities/doom_guy/knowledge
[2026-06-05T04:16:31.363999+00:00] ACTION: DIR_CREATE | DETAILS: Created workspace directory at /home/arcana-novai/Documents/Xoe-NovAi/omega-engine/data/entities/doom_guy/workspace
[2026-06-05T04:16:39.316773+00:00] ACTION: WORKSPACE_CREATE | DETAILS: Created root workspace at /home/arcana-novai/Documents/Xoe-NovAi/omega-engine/data/entities/doom_guy
[2026-06-05T04:16:39.316849+00:00] ACTION: DIR_CREATE | DETAILS: Created knowledge directory at /home/arcana-novai/Documents/Xoe-NovAi/omega-engine/data/entities/doom_guy/knowledge
[2026-06-05T04:16:39.316869+00:00] ACTION: DIR_CREATE | DETAILS: Created workspace directory at /home/arcana-novai/Documents/Xoe-NovAi/omega-engine/data/entities/doom_guy/workspace
[2026-06-05T04:16:41.865237+00:00] ACTION: WORKSPACE_CREATE | DETAILS: Created root workspace at /home/arcana-novai/Documents/Xoe-NovAi/omega-engine/data/entities/doom_guy
[2026-06-05T04:16:41.865321+00:00] ACTION: DIR_CREATE | DETAILS: Created knowledge directory at /home/arcana-novai/Documents/Xoe-NovAi/omega-engine/data/entities/doom_guy/knowledge
[2026-06-05T04:16:41.865340+00:00] ACTION: DIR_CREATE | DETAILS: Created workspace directory at /home/arcana-novai/Documents/Xoe-NovAi/omega-engine/data/entities/doom_guy/workspace
[2026-06-05T04:16:44.475846+00:00] ACTION: WORKSPACE_CREATE | DETAILS: Created root workspace at /home/arcana-novai/Documents/Xoe-NovAi/omega-engine/data/entities/doom_guy
[2026-06-05T04:16:44.475948+00:00] ACTION: DIR_CREATE | DETAILS: Created knowledge directory at /home/arcana-novai/Documents/Xoe-NovAi/omega-engine/data/entities/doom_guy/knowledge
[2026-06-05T04:16:44.475969+00:00] ACTION: DIR_CREATE | DETAILS: Created workspace directory at /home/arcana-novai/Documents/Xoe-NovAi/omega-engine/data/entities/doom_guy/workspace
[2026-06-05T04:16:47.029271+00:00] ACTION: WORKSPACE_CREATE | DETAILS: Created root workspace at /home/arcana-novai/Documents/Xoe-NovAi/omega-engine/data/entities/doom_guy
[2026-06-05T04:16:47.029387+00:00] ACTION: DIR_CREATE | DETAILS: Created knowledge directory at /home/arcana-novai/Documents/Xoe-NovAi/omega-engine/data/entities/doom_guy/knowledge
[2026-06-05T04:16:47.029431+00:00] ACTION: DIR_CREATE | DETAILS: Created workspace directory at /home/arcana-novai/Documents/Xoe-NovAi/omega-engine/data/entities/doom_guy/workspace
[2026-06-05T04:16:50.906099+00:00] ACTION: WORKSPACE_CREATE | DETAILS: Created root workspace at /home/arcana-novai/Documents/Xoe-NovAi/omega-engine/data/entities/doom_guy
[2026-06-05T04:16:50.906167+00:00] ACTION: DIR_CREATE | DETAILS: Created knowledge directory at /home/arcana-novai/Documents/Xoe-NovAi/omega-engine/data/entities/doom_guy/knowledge
[2026-06-05T04:16:50.906187+00:00] ACTION: DIR_CREATE | DETAILS: Created workspace directory at /home/arcana-novai/Documents/Xoe-NovAi/omega-engine/data/entities/doom_guy/workspace
[2026-06-05T04:16:53.632509+00:00] ACTION: WORKSPACE_CREATE | DETAILS: Created root workspace at /home/arcana-novai/Documents/Xoe-NovAi/omega-engine/data/entities/doom_guy
[2026-06-05T04:16:53.632624+00:00] ACTION: DIR_CREATE | DETAILS: Created knowledge directory at /home/arcana-novai/Documents/Xoe-NovAi/omega-engine/data/entities/doom_guy/knowledge
[2026-06-05T04:16:53.632666+00:00] ACTION: DIR_CREATE | DETAILS: Created workspace directory at /home/arcana-novai/Documents/Xoe-NovAi/omega-engine/data/entities/doom_guy/workspace
[2026-06-05T04:16:56.099437+00:00] ACTION: WORKSPACE_CREATE | DETAILS: Created root workspace at /home/arcana-novai/Documents/Xoe-NovAi/omega-engine/data/entities/doom_guy
[2026-06-05T04:16:56.099504+00:00] ACTION: DIR_CREATE | DETAILS: Created knowledge directory at /home/arcana-novai/Documents/Xoe-NovAi/omega-engine/data/entities/doom_guy/knowledge
[2026-06-05T04:16:56.099524+00:00] ACTION: DIR_CREATE | DETAILS: Created workspace directory at /home/arcana-novai/Documents/Xoe-NovAi/omega-engine/data/entities/doom_guy/workspace
[2026-06-05T04:16:58.777824+00:00] ACTION: WORKSPACE_CREATE | DETAILS: Created root workspace at /home/arcana-novai/Documents/Xoe-NovAi/omega-engine/data/entities/doom_guy
[2026-06-05T04:16:58.777905+00:00] ACTION: DIR_CREATE | DETAILS: Created knowledge directory at /home/arcana-novai/Documents/Xoe-NovAi/omega-engine/data/entities/doom_guy/knowledge
[2026-06-05T04:16:58.777926+00:00] ACTION: DIR_CREATE | DETAILS: Created workspace directory at /home/arcana-novai/Documents/Xoe-NovAi/omega-engine/data/entities/doom_guy/workspace
[2026-06-05T04:17:01.257972+00:00] ACTION: WORKSPACE_CREATE | DETAILS: Created root workspace at /home/arcana-novai/Documents/Xoe-NovAi/omega-engine/data/entities/doom_guy
[2026-06-05T04:17:01.258047+00:00] ACTION: DIR_CREATE | DETAILS: Created knowledge directory at /home/arcana-novai/Documents/Xoe-NovAi/omega-engine/data/entities/doom_guy/knowledge
[2026-06-05T04:17:01.258069+00:00] ACTION: DIR_CREATE | DETAILS: Created workspace directory at /home/arcana-novai/Documents/Xoe-NovAi/omega-engine/data/entities/doom_guy/workspace
[2026-06-05T04:17:03.926789+00:00] ACTION: WORKSPACE_CREATE | DETAILS: Created root workspace at /home/arcana-novai/Documents/Xoe-NovAi/omega-engine/data/entities/doom_guy
[2026-06-05T04:17:03.926949+00:00] ACTION: DIR_CREATE | DETAILS: Created knowledge directory at /home/arcana-novai/Documents/Xoe-NovAi/omega-engine/data/entities/doom_guy/knowledge
[2026-06-05T04:17:03.927011+00:00] ACTION: DIR_CREATE | DETAILS: Created workspace directory at /home/arcana-novai/Documents/Xoe-NovAi/omega-engine/data/entities/doom_guy/workspace
[2026-06-05T04:17:06.456686+00:00] ACTION: WORKSPACE_CREATE | DETAILS: Created root workspace at /home/arcana-novai/Documents/Xoe-NovAi/omega-engine/data/entities/doom_guy
[2026-06-05T04:17:06.456838+00:00] ACTION: DIR_CREATE | DETAILS: Created knowledge directory at /home/arcana-novai/Documents/Xoe-NovAi/omega-engine/data/entities/doom_guy/knowledge
[2026-06-05T04:17:06.456927+00:00] ACTION: DIR_CREATE | DETAILS: Created workspace directory at /home/arcana-novai/Documents/Xoe-NovAi/omega-engine/data/entities/doom_guy/workspace
[2026-06-05T04:17:09.794207+00:00] ACTION: WORKSPACE_CREATE | DETAILS: Created root workspace at /home/arcana-novai/Documents/Xoe-NovAi/omega-engine/data/entities/doom_guy
[2026-06-05T04:17:09.794351+00:00] ACTION: DIR_CREATE | DETAILS: Created knowledge directory at /home/arcana-novai/Documents/Xoe-NovAi/omega-engine/data/entities/doom_guy/knowledge
[2026-06-05T04:17:09.794415+00:00] ACTION: DIR_CREATE | DETAILS: Created workspace directory at /home/arcana-novai/Documents/Xoe-NovAi/omega-engine/data/entities/doom_guy/workspace
[2026-06-05T04:17:12.274932+00:00] ACTION: WORKSPACE_CREATE | DETAILS: Created root workspace at /home/arcana-novai/Documents/Xoe-NovAi/omega-engine/data/entities/doom_guy
[2026-06-05T04:17:12.275015+00:00] ACTION: DIR_CREATE | DETAILS: Created knowledge directory at /home/arcana-novai/Documents/Xoe-NovAi/omega-engine/data/entities/doom_guy/knowledge
[2026-06-05T04:17:12.275039+00:00] ACTION: DIR_CREATE | DETAILS: Created workspace directory at /home/arcana-novai/Documents/Xoe-NovAi/omega-engine/data/entities/doom_guy/workspace
[2026-06-05T04:17:14.917954+00:00] ACTION: WORKSPACE_CREATE | DETAILS: Created root workspace at /home/arcana-novai/Documents/Xoe-NovAi/omega-engine/data/entities/doom_guy
[2026-06-05T04:17:14.918073+00:00] ACTION: DIR_CREATE | DETAILS: Created knowledge directory at /home/arcana-novai/Documents/Xoe-NovAi/omega-engine/data/entities/doom_guy/knowledge
[2026-06-05T04:17:14.918097+00:00] ACTION: DIR_CREATE | DETAILS: Created workspace directory at /home/arcana-novai/Documents/Xoe-NovAi/omega-engine/data/entities/doom_guy/workspace
[2026-06-05T04:17:16.326579+00:00] ACTION: WORKSPACE_CREATE | DETAILS: Created root workspace at /home/arcana-novai/Documents/Xoe-NovAi/omega-engine/data/entities/doom_guy
[2026-06-05T04:17:16.326714+00:00] ACTION: DIR_CREATE | DETAILS: Created knowledge directory at /home/arcana-novai/Documents/Xoe-NovAi/omega-engine/data/entities/doom_guy/knowledge
[2026-06-05T04:17:16.326748+00:00] ACTION: DIR_CREATE | DETAILS: Created workspace directory at /home/arcana-novai/Documents/Xoe-NovAi/omega-engine/data/entities/doom_guy/workspace
[2026-06-05T04:17:16.786498+00:00] ACTION: WORKSPACE_CREATE | DETAILS: Created root workspace at /home/arcana-novai/Documents/Xoe-NovAi/omega-engine/data/entities/doom_guy
[2026-06-05T04:17:16.786601+00:00] ACTION: DIR_CREATE | DETAILS: Created knowledge directory at /home/arcana-novai/Documents/Xoe-NovAi/omega-engine/data/entities/doom_guy/knowledge
[2026-06-05T04:17:16.786642+00:00] ACTION: DIR_CREATE | DETAILS: Created workspace directory at /home/arcana-novai/Documents/Xoe-NovAi/omega-engine/data/entities/doom_guy/workspace
[2026-06-05T04:17:19.614056+00:00] ACTION: WORKSPACE_CREATE | DETAILS: Created root workspace at /home/arcana-novai/Documents/Xoe-NovAi/omega-engine/data/entities/doom_guy
[2026-06-05T04:17:19.614121+00:00] ACTION: DIR_CREATE | DETAILS: Created knowledge directory at /home/arcana-novai/Documents/Xoe-NovAi/omega-engine/data/entities/doom_guy/knowledge
[2026-06-05T04:17:19.614141+00:00] ACTION: DIR_CREATE | DETAILS: Created workspace directory at /home/arcana-novai/Documents/Xoe-NovAi/omega-engine/data/entities/doom_guy/workspace
[2026-06-05T04:17:22.221374+00:00] ACTION: WORKSPACE_CREATE | DETAILS: Created root workspace at /home/arcana-novai/Documents/Xoe-NovAi/omega-engine/data/entities/doom_guy
[2026-06-05T04:17:22.221517+00:00] ACTION: DIR_CREATE | DETAILS: Created knowledge directory at /home/arcana-novai/Documents/Xoe-NovAi/omega-engine/data/entities/doom_guy/knowledge
[2026-06-05T04:17:22.221577+00:00] ACTION: DIR_CREATE | DETAILS: Created workspace directory at /home/arcana-novai/Documents/Xoe-NovAi/omega-engine/data/entities/doom_guy/workspace
[2026-06-05T04:17:25.002796+00:00] ACTION: WORKSPACE_CREATE | DETAILS: Created root workspace at /home/arcana-novai/Documents/Xoe-NovAi/omega-engine/data/entities/doom_guy
[2026-06-05T04:17:25.002889+00:00] ACTION: DIR_CREATE | DETAILS: Created knowledge directory at /home/arcana-novai/Documents/Xoe-NovAi/omega-engine/data/entities/doom_guy/knowledge
[2026-06-05T04:17:25.002911+00:00] ACTION: DIR_CREATE | DETAILS: Created workspace directory at /home/arcana-novai/Documents/Xoe-NovAi/omega-engine/data/entities/doom_guy/workspace
[2026-06-05T04:17:27.993511+00:00] ACTION: WORKSPACE_CREATE | DETAILS: Created root workspace at /home/arcana-novai/Documents/Xoe-NovAi/omega-engine/data/entities/doom_guy
[2026-06-05T04:17:27.993604+00:00] ACTION: DIR_CREATE | DETAILS: Created knowledge directory at /home/arcana-novai/Documents/Xoe-NovAi/omega-engine/data/entities/doom_guy/knowledge
[2026-06-05T04:17:27.993632+00:00] ACTION: DIR_CREATE | DETAILS: Created workspace directory at /home/arcana-novai/Documents/Xoe-NovAi/omega-engine/data/entities/doom_guy/workspace
[2026-06-05T04:17:29.254655+00:00] ACTION: WORKSPACE_CREATE | DETAILS: Created root workspace at /home/arcana-novai/Documents/Xoe-NovAi/omega-engine/data/entities/doom_guy
[2026-06-05T04:17:29.254765+00:00] ACTION: DIR_CREATE | DETAILS: Created knowledge directory at /home/arcana-novai/Documents/Xoe-NovAi/omega-engine/data/entities/doom_guy/knowledge
[2026-06-05T04:17:29.254802+00:00] ACTION: DIR_CREATE | DETAILS: Created workspace directory at /home/arcana-novai/Documents/Xoe-NovAi/omega-engine/data/entities/doom_guy/workspace
[2026-06-05T04:17:31.584100+00:00] ACTION: WORKSPACE_CREATE | DETAILS: Created root workspace at /home/arcana-novai/Documents/Xoe-NovAi/omega-engine/data/entities/doom_guy
[2026-06-05T04:17:31.584231+00:00] ACTION: DIR_CREATE | DETAILS: Created knowledge directory at /home/arcana-novai/Documents/Xoe-NovAi/omega-engine/data/entities/doom_guy/knowledge
[2026-06-05T04:17:31.584284+00:00] ACTION: DIR_CREATE | DETAILS: Created workspace directory at /home/arcana-novai/Documents/Xoe-NovAi/omega-engine/data/entities/doom_guy/workspace
[2026-06-05T04:17:33.164813+00:00] ACTION: WORKSPACE_CREATE | DETAILS: Created root workspace at /home/arcana-novai/Documents/Xoe-NovAi/omega-engine/data/entities/doom_guy
[2026-06-05T04:17:33.164906+00:00] ACTION: DIR_CREATE | DETAILS: Created knowledge directory at /home/arcana-novai/Documents/Xoe-NovAi/omega-engine/data/entities/doom_guy/knowledge
[2026-06-05T04:17:33.164929+00:00] ACTION: DIR_CREATE | DETAILS: Created workspace directory at /home/arcana-novai/Documents/Xoe-NovAi/omega-engine/data/entities/doom_guy/workspace
[2026-06-05T04:17:34.848625+00:00] ACTION: WORKSPACE_CREATE | DETAILS: Created root workspace at /home/arcana-novai/Documents/Xoe-NovAi/omega-engine/data/entities/doom_guy
[2026-06-05T04:17:34.848731+00:00] ACTION: DIR_CREATE | DETAILS: Created knowledge directory at /home/arcana-novai/Documents/Xoe-NovAi/omega-engine/data/entities/doom_guy/knowledge
[2026-06-05T04:17:34.848757+00:00] ACTION: DIR_CREATE | DETAILS: Created workspace directory at /home/arcana-novai/Documents/Xoe-NovAi/omega-engine/data/entities/doom_guy/workspace
[2026-06-05T04:17:39.299967+00:00] ACTION: WORKSPACE_CREATE | DETAILS: Created root workspace at /home/arcana-novai/Documents/Xoe-NovAi/omega-engine/data/entities/doom_guy
[2026-06-05T04:17:39.300104+00:00] ACTION: DIR_CREATE | DETAILS: Created knowledge directory at /home/arcana-novai/Documents/Xoe-NovAi/omega-engine/data/entities/doom_guy/knowledge
[2026-06-05T04:17:39.300154+00:00] ACTION: DIR_CREATE | DETAILS: Created workspace directory at /home/arcana-novai/Documents/Xoe-NovAi/omega-engine/data/entities/doom_guy/workspace
[2026-06-05T04:17:40.109234+00:00] ACTION: WORKSPACE_CREATE | DETAILS: Created root workspace at /home/arcana-novai/Documents/Xoe-NovAi/omega-engine/data/entities/doom_guy
[2026-06-05T04:17:40.109377+00:00] ACTION: DIR_CREATE | DETAILS: Created knowledge directory at /home/arcana-novai/Documents/Xoe-NovAi/omega-engine/data/entities/doom_guy/knowledge
[2026-06-05T04:17:40.109433+00:00] ACTION: DIR_CREATE | DETAILS: Created workspace directory at /home/arcana-novai/Documents/Xoe-NovAi/omega-engine/data/entities/doom_guy/workspace
[2026-06-05T04:17:42.374366+00:00] ACTION: WORKSPACE_CREATE | DETAILS: Created root workspace at /home/arcana-novai/Documents/Xoe-NovAi/omega-engine/data/entities/doom_guy
[2026-06-05T04:17:42.374455+00:00] ACTION: DIR_CREATE | DETAILS: Created knowledge directory at /home/arcana-novai/Documents/Xoe-NovAi/omega-engine/data/entities/doom_guy/knowledge
[2026-06-05T04:17:42.374480+00:00] ACTION: DIR_CREATE | DETAILS: Created workspace directory at /home/arcana-novai/Documents/Xoe-NovAi/omega-engine/data/entities/doom_guy/workspace
[2026-06-05T04:17:43.352029+00:00] ACTION: WORKSPACE_CREATE | DETAILS: Created root workspace at /home/arcana-novai/Documents/Xoe-NovAi/omega-engine/data/entities/doom_guy
[2026-06-05T04:17:43.352160+00:00] ACTION: DIR_CREATE | DETAILS: Created knowledge directory at /home/arcana-novai/Documents/Xoe-NovAi/omega-engine/data/entities/doom_guy/knowledge
[2026-06-05T04:17:43.352208+00:00] ACTION: DIR_CREATE | DETAILS: Created workspace directory at /home/arcana-novai/Documents/Xoe-NovAi/omega-engine/data/entities/doom_guy/workspace
[2026-06-05T04:17:45.400810+00:00] ACTION: WORKSPACE_CREATE | DETAILS: Created root workspace at /home/arcana-novai/Documents/Xoe-NovAi/omega-engine/data/entities/doom_guy
[2026-06-05T04:17:45.400924+00:00] ACTION: DIR_CREATE | DETAILS: Created knowledge directory at /home/arcana-novai/Documents/Xoe-NovAi/omega-engine/data/entities/doom_guy/knowledge
[2026-06-05T04:17:45.400955+00:00] ACTION: DIR_CREATE | DETAILS: Created workspace directory at /home/arcana-novai/Documents/Xoe-NovAi/omega-engine/data/entities/doom_guy/workspace
[2026-06-05T04:17:46.921786+00:00] ACTION: WORKSPACE_CREATE | DETAILS: Created root workspace at /home/arcana-novai/Documents/Xoe-NovAi/omega-engine/data/entities/doom_guy
[2026-06-05T04:17:46.921943+00:00] ACTION: DIR_CREATE | DETAILS: Created knowledge directory at /home/arcana-novai/Documents/Xoe-NovAi/omega-engine/data/entities/doom_guy/knowledge
[2026-06-05T04:17:46.922005+00:00] ACTION: DIR_CREATE | DETAILS: Created workspace directory at /home/arcana-novai/Documents/Xoe-NovAi/omega-engine/data/entities/doom_guy/workspace
[2026-06-05T04:17:49.087568+00:00] ACTION: WORKSPACE_CREATE | DETAILS: Created root workspace at /home/arcana-novai/Documents/Xoe-NovAi/omega-engine/data/entities/doom_guy
[2026-06-05T04:17:49.087700+00:00] ACTION: DIR_CREATE | DETAILS: Created knowledge directory at /home/arcana-novai/Documents/Xoe-NovAi/omega-engine/data/entities/doom_guy/knowledge
[2026-06-05T04:17:49.087748+00:00] ACTION: DIR_CREATE | DETAILS: Created workspace directory at /home/arcana-novai/Documents/Xoe-NovAi/omega-engine/data/entities/doom_guy/workspace
[2026-06-05T04:18:00.395963+00:00] ACTION: WORKSPACE_CREATE | DETAILS: Created root workspace at /home/arcana-novai/Documents/Xoe-NovAi/omega-engine/data/entities/doom_guy
[2026-06-05T04:18:00.396070+00:00] ACTION: DIR_CREATE | DETAILS: Created knowledge directory at /home/arcana-novai/Documents/Xoe-NovAi/omega-engine/data/entities/doom_guy/knowledge
[2026-06-05T04:18:00.396113+00:00] ACTION: DIR_CREATE | DETAILS: Created workspace directory at /home/arcana-novai/Documents/Xoe-NovAi/omega-engine/data/entities/doom_guy/workspace
[2026-06-05T04:18:04.834133+00:00] ACTION: WORKSPACE_CREATE | DETAILS: Created root workspace at /home/arcana-novai/Documents/Xoe-NovAi/omega-engine/data/entities/doom_guy
[2026-06-05T04:18:04.834251+00:00] ACTION: DIR_CREATE | DETAILS: Created knowledge directory at /home/arcana-novai/Documents/Xoe-NovAi/omega-engine/data/entities/doom_guy/knowledge
[2026-06-05T04:18:04.834293+00:00] ACTION: DIR_CREATE | DETAILS: Created workspace directory at /home/arcana-novai/Documents/Xoe-NovAi/omega-engine/data/entities/doom_guy/workspace
[2026-06-05T04:18:08.481993+00:00] ACTION: WORKSPACE_CREATE | DETAILS: Created root workspace at /home/arcana-novai/Documents/Xoe-NovAi/omega-engine/data/entities/doom_guy
[2026-06-05T04:18:08.482109+00:00] ACTION: DIR_CREATE | DETAILS: Created knowledge directory at /home/arcana-novai/Documents/Xoe-NovAi/omega-engine/data/entities/doom_guy/knowledge
[2026-06-05T04:18:08.482157+00:00] ACTION: DIR_CREATE | DETAILS: Created workspace directory at /home/arcana-novai/Documents/Xoe-NovAi/omega-engine/data/entities/doom_guy/workspace
[2026-06-05T04:18:11.288907+00:00] ACTION: WORKSPACE_CREATE | DETAILS: Created root workspace at /home/arcana-novai/Documents/Xoe-NovAi/omega-engine/data/entities/doom_guy
[2026-06-05T04:18:11.288987+00:00] ACTION: DIR_CREATE | DETAILS: Created knowledge directory at /home/arcana-novai/Documents/Xoe-NovAi/omega-engine/data/entities/doom_guy/knowledge
[2026-06-05T04:18:11.289009+00:00] ACTION: DIR_CREATE | DETAILS: Created workspace directory at /home/arcana-novai/Documents/Xoe-NovAi/omega-engine/data/entities/doom_guy/workspace
[2026-06-05T04:18:12.169339+00:00] ACTION: WORKSPACE_CREATE | DETAILS: Created root workspace at /home/arcana-novai/Documents/Xoe-NovAi/omega-engine/data/entities/doom_guy
[2026-06-05T04:18:12.169412+00:00] ACTION: DIR_CREATE | DETAILS: Created knowledge directory at /home/arcana-novai/Documents/Xoe-NovAi/omega-engine/data/entities/doom_guy/knowledge
[2026-06-05T04:18:12.169435+00:00] ACTION: DIR_CREATE | DETAILS: Created workspace directory at /home/arcana-novai/Documents/Xoe-NovAi/omega-engine/data/entities/doom_guy/workspace
[2026-06-05T04:18:20.586792+00:00] ACTION: WORKSPACE_CREATE | DETAILS: Created root workspace at /home/arcana-novai/Documents/Xoe-NovAi/omega-engine/data/entities/doom_guy
[2026-06-05T04:18:20.586925+00:00] ACTION: DIR_CREATE | DETAILS: Created knowledge directory at /home/arcana-novai/Documents/Xoe-NovAi/omega-engine/data/entities/doom_guy/knowledge
[2026-06-05T04:18:20.586974+00:00] ACTION: DIR_CREATE | DETAILS: Created workspace directory at /home/arcana-novai/Documents/Xoe-NovAi/omega-engine/data/entities/doom_guy/workspace
[2026-06-05T04:18:20.937693+00:00] ACTION: WORKSPACE_CREATE | DETAILS: Created root workspace at /home/arcana-novai/Documents/Xoe-NovAi/omega-engine/data/entities/doom_guy
[2026-06-05T04:18:20.937777+00:00] ACTION: DIR_CREATE | DETAILS: Created knowledge directory at /home/arcana-novai/Documents/Xoe-NovAi/omega-engine/data/entities/doom_guy/knowledge
[2026-06-05T04:18:20.937812+00:00] ACTION: DIR_CREATE | DETAILS: Created workspace directory at /home/arcana-novai/Documents/Xoe-NovAi/omega-engine/data/entities/doom_guy/workspace
[2026-06-05T04:18:34.437638+00:00] ACTION: WORKSPACE_CREATE | DETAILS: Created root workspace at /home/arcana-novai/Documents/Xoe-NovAi/omega-engine/data/entities/doom_guy
[2026-06-05T04:18:34.437761+00:00] ACTION: DIR_CREATE | DETAILS: Created knowledge directory at /home/arcana-novai/Documents/Xoe-NovAi/omega-engine/data/entities/doom_guy/knowledge
[2026-06-05T04:18:34.437803+00:00] ACTION: DIR_CREATE | DETAILS: Created workspace directory at /home/arcana-novai/Documents/Xoe-NovAi/omega-engine/data/entities/doom_guy/workspace
[2026-06-05T04:18:36.992378+00:00] ACTION: WORKSPACE_CREATE | DETAILS: Created root workspace at /home/arcana-novai/Documents/Xoe-NovAi/omega-engine/data/entities/doom_guy
[2026-06-05T04:18:36.992487+00:00] ACTION: DIR_CREATE | DETAILS: Created knowledge directory at /home/arcana-novai/Documents/Xoe-NovAi/omega-engine/data/entities/doom_guy/knowledge
[2026-06-05T04:18:36.992528+00:00] ACTION: DIR_CREATE | DETAILS: Created workspace directory at /home/arcana-novai/Documents/Xoe-NovAi/omega-engine/data/entities/doom_guy/workspace
[2026-06-05T04:18:40.043114+00:00] ACTION: WORKSPACE_CREATE | DETAILS: Created root workspace at /home/arcana-novai/Documents/Xoe-NovAi/omega-engine/data/entities/doom_guy
[2026-06-05T04:18:40.043227+00:00] ACTION: DIR_CREATE | DETAILS: Created knowledge directory at /home/arcana-novai/Documents/Xoe-NovAi/omega-engine/data/entities/doom_guy/knowledge
[2026-06-05T04:18:40.043273+00:00] ACTION: DIR_CREATE | DETAILS: Created workspace directory at /home/arcana-novai/Documents/Xoe-NovAi/omega-engine/data/entities/doom_guy/workspace
[2026-06-05T04:18:42.722448+00:00] ACTION: WORKSPACE_CREATE | DETAILS: Created root workspace at /home/arcana-novai/Documents/Xoe-NovAi/omega-engine/data/entities/doom_guy
[2026-06-05T04:18:42.722565+00:00] ACTION: DIR_CREATE | DETAILS: Created knowledge directory at /home/arcana-novai/Documents/Xoe-NovAi/omega-engine/data/entities/doom_guy/knowledge
[2026-06-05T04:18:42.722610+00:00] ACTION: DIR_CREATE | DETAILS: Created workspace directory at /home/arcana-novai/Documents/Xoe-NovAi/omega-engine/data/entities/doom_guy/workspace
[2026-06-05T04:18:45.285827+00:00] ACTION: WORKSPACE_CREATE | DETAILS: Created root workspace at /home/arcana-novai/Documents/Xoe-NovAi/omega-engine/data/entities/doom_guy
[2026-06-05T04:18:45.285962+00:00] ACTION: DIR_CREATE | DETAILS: Created knowledge directory at /home/arcana-novai/Documents/Xoe-NovAi/omega-engine/data/entities/doom_guy/knowledge
[2026-06-05T04:18:45.286003+00:00] ACTION: DIR_CREATE | DETAILS: Created workspace directory at /home/arcana-novai/Documents/Xoe-NovAi/omega-engine/data/entities/doom_guy/workspace
[2026-06-05T04:18:47.906746+00:00] ACTION: WORKSPACE_CREATE | DETAILS: Created root workspace at /home/arcana-novai/Documents/Xoe-NovAi/omega-engine/data/entities/doom_guy
[2026-06-05T04:18:47.906815+00:00] ACTION: DIR_CREATE | DETAILS: Created knowledge directory at /home/arcana-novai/Documents/Xoe-NovAi/omega-engine/data/entities/doom_guy/knowledge
[2026-06-05T04:18:47.906835+00:00] ACTION: DIR_CREATE | DETAILS: Created workspace directory at /home/arcana-novai/Documents/Xoe-NovAi/omega-engine/data/entities/doom_guy/workspace
[2026-06-05T04:18:50.537676+00:00] ACTION: WORKSPACE_CREATE | DETAILS: Created root workspace at /home/arcana-novai/Documents/Xoe-NovAi/omega-engine/data/entities/doom_guy
[2026-06-05T04:18:50.537769+00:00] ACTION: DIR_CREATE | DETAILS: Created knowledge directory at /home/arcana-novai/Documents/Xoe-NovAi/omega-engine/data/entities/doom_guy/knowledge
[2026-06-05T04:18:50.537796+00:00] ACTION: DIR_CREATE | DETAILS: Created workspace directory at /home/arcana-novai/Documents/Xoe-NovAi/omega-engine/data/entities/doom_guy/workspace
[2026-06-05T04:18:53.185392+00:00] ACTION: WORKSPACE_CREATE | DETAILS: Created root workspace at /home/arcana-novai/Documents/Xoe-NovAi/omega-engine/data/entities/doom_guy
[2026-06-05T04:18:53.185477+00:00] ACTION: DIR_CREATE | DETAILS: Created knowledge directory at /home/arcana-novai/Documents/Xoe-NovAi/omega-engine/data/entities/doom_guy/knowledge
[2026-06-05T04:18:53.185497+00:00] ACTION: DIR_CREATE | DETAILS: Created workspace directory at /home/arcana-novai/Documents/Xoe-NovAi/omega-engine/data/entities/doom_guy/workspace
[2026-06-05T04:18:55.937345+00:00] ACTION: WORKSPACE_CREATE | DETAILS: Created root workspace at /home/arcana-novai/Documents/Xoe-NovAi/omega-engine/data/entities/doom_guy
[2026-06-05T04:18:55.937419+00:00] ACTION: DIR_CREATE | DETAILS: Created knowledge directory at /home/arcana-novai/Documents/Xoe-NovAi/omega-engine/data/entities/doom_guy/knowledge
[2026-06-05T04:18:55.937439+00:00] ACTION: DIR_CREATE | DETAILS: Created workspace directory at /home/arcana-novai/Documents/Xoe-NovAi/omega-engine/data/entities/doom_guy/workspace
[2026-06-05T04:18:58.502335+00:00] ACTION: WORKSPACE_CREATE | DETAILS: Created root workspace at /home/arcana-novai/Documents/Xoe-NovAi/omega-engine/data/entities/doom_guy
[2026-06-05T04:18:58.502412+00:00] ACTION: DIR_CREATE | DETAILS: Created knowledge directory at /home/arcana-novai/Documents/Xoe-NovAi/omega-engine/data/entities/doom_guy/knowledge
[2026-06-05T04:18:58.502431+00:00] ACTION: DIR_CREATE | DETAILS: Created workspace directory at /home/arcana-novai/Documents/Xoe-NovAi/omega-engine/data/entities/doom_guy/workspace
[2026-06-05T04:49:29.844978+00:00] ACTION: WORKSPACE_CREATE | DETAILS: Created root workspace at /home/arcana-novai/Documents/Xoe-NovAi/omega-engine/data/entities/doom_guy
[2026-06-05T04:49:29.845087+00:00] ACTION: DIR_CREATE | DETAILS: Created knowledge directory at /home/arcana-novai/Documents/Xoe-NovAi/omega-engine/data/entities/doom_guy/knowledge
[2026-06-05T04:49:29.845128+00:00] ACTION: DIR_CREATE | DETAILS: Created workspace directory at /home/arcana-novai/Documents/Xoe-NovAi/omega-engine/data/entities/doom_guy/workspace
[2026-06-05T04:49:30.248198+00:00] ACTION: WORKSPACE_CREATE | DETAILS: Created root workspace at /home/arcana-novai/Documents/Xoe-NovAi/omega-engine/data/entities/doom_guy
[2026-06-05T04:49:30.248301+00:00] ACTION: DIR_CREATE | DETAILS: Created knowledge directory at /home/arcana-novai/Documents/Xoe-NovAi/omega-engine/data/entities/doom_guy/knowledge
[2026-06-05T04:49:30.248341+00:00] ACTION: DIR_CREATE | DETAILS: Created workspace directory at /home/arcana-novai/Documents/Xoe-NovAi/omega-engine/data/entities/doom_guy/workspace
[2026-06-05T04:49:32.962553+00:00] ACTION: WORKSPACE_CREATE | DETAILS: Created root workspace at /home/arcana-novai/Documents/Xoe-NovAi/omega-engine/data/entities/doom_guy
[2026-06-05T04:49:32.962658+00:00] ACTION: DIR_CREATE | DETAILS: Created knowledge directory at /home/arcana-novai/Documents/Xoe-NovAi/omega-engine/data/entities/doom_guy/knowledge
[2026-06-05T04:49:32.962700+00:00] ACTION: DIR_CREATE | DETAILS: Created workspace directory at /home/arcana-novai/Documents/Xoe-NovAi/omega-engine/data/entities/doom_guy/workspace
[2026-06-05T04:49:36.074469+00:00] ACTION: WORKSPACE_CREATE | DETAILS: Created root workspace at /home/arcana-novai/Documents/Xoe-NovAi/omega-engine/data/entities/doom_guy
[2026-06-05T04:49:36.074538+00:00] ACTION: DIR_CREATE | DETAILS: Created knowledge directory at /home/arcana-novai/Documents/Xoe-NovAi/omega-engine/data/entities/doom_guy/knowledge
[2026-06-05T04:49:36.074558+00:00] ACTION: DIR_CREATE | DETAILS: Created workspace directory at /home/arcana-novai/Documents/Xoe-NovAi/omega-engine/data/entities/doom_guy/workspace
[2026-06-05T04:49:38.627469+00:00] ACTION: WORKSPACE_CREATE | DETAILS: Created root workspace at /home/arcana-novai/Documents/Xoe-NovAi/omega-engine/data/entities/doom_guy
[2026-06-05T04:49:38.627540+00:00] ACTION: DIR_CREATE | DETAILS: Created knowledge directory at /home/arcana-novai/Documents/Xoe-NovAi/omega-engine/data/entities/doom_guy/knowledge
[2026-06-05T04:49:38.627560+00:00] ACTION: DIR_CREATE | DETAILS: Created workspace directory at /home/arcana-novai/Documents/Xoe-NovAi/omega-engine/data/entities/doom_guy/workspace
[2026-06-05T04:49:41.270481+00:00] ACTION: WORKSPACE_CREATE | DETAILS: Created root workspace at /home/arcana-novai/Documents/Xoe-NovAi/omega-engine/data/entities/doom_guy
[2026-06-05T04:49:41.270565+00:00] ACTION: DIR_CREATE | DETAILS: Created knowledge directory at /home/arcana-novai/Documents/Xoe-NovAi/omega-engine/data/entities/doom_guy/knowledge
[2026-06-05T04:49:41.270588+00:00] ACTION: DIR_CREATE | DETAILS: Created workspace directory at /home/arcana-novai/Documents/Xoe-NovAi/omega-engine/data/entities/doom_guy/workspace
[2026-06-05T04:49:43.683101+00:00] ACTION: WORKSPACE_CREATE | DETAILS: Created root workspace at /home/arcana-novai/Documents/Xoe-NovAi/omega-engine/data/entities/doom_guy
[2026-06-05T04:49:43.683217+00:00] ACTION: DIR_CREATE | DETAILS: Created knowledge directory at /home/arcana-novai/Documents/Xoe-NovAi/omega-engine/data/entities/doom_guy/knowledge
[2026-06-05T04:49:43.683262+00:00] ACTION: DIR_CREATE | DETAILS: Created workspace directory at /home/arcana-novai/Documents/Xoe-NovAi/omega-engine/data/entities/doom_guy/workspace
[2026-06-05T04:49:46.178694+00:00] ACTION: WORKSPACE_CREATE | DETAILS: Created root workspace at /home/arcana-novai/Documents/Xoe-NovAi/omega-engine/data/entities/doom_guy
[2026-06-05T04:49:46.178761+00:00] ACTION: DIR_CREATE | DETAILS: Created knowledge directory at /home/arcana-novai/Documents/Xoe-NovAi/omega-engine/data/entities/doom_guy/knowledge
[2026-06-05T04:49:46.178796+00:00] ACTION: DIR_CREATE | DETAILS: Created workspace directory at /home/arcana-novai/Documents/Xoe-NovAi/omega-engine/data/entities/doom_guy/workspace
[2026-06-05T04:49:48.521417+00:00] ACTION: WORKSPACE_CREATE | DETAILS: Created root workspace at /home/arcana-novai/Documents/Xoe-NovAi/omega-engine/data/entities/doom_guy
[2026-06-05T04:49:48.521482+00:00] ACTION: DIR_CREATE | DETAILS: Created knowledge directory at /home/arcana-novai/Documents/Xoe-NovAi/omega-engine/data/entities/doom_guy/knowledge
[2026-06-05T04:49:48.521501+00:00] ACTION: DIR_CREATE | DETAILS: Created workspace directory at /home/arcana-novai/Documents/Xoe-NovAi/omega-engine/data/entities/doom_guy/workspace
[2026-06-05T04:49:51.187193+00:00] ACTION: WORKSPACE_CREATE | DETAILS: Created root workspace at /home/arcana-novai/Documents/Xoe-NovAi/omega-engine/data/entities/doom_guy
[2026-06-05T04:49:51.187259+00:00] ACTION: DIR_CREATE | DETAILS: Created knowledge directory at /home/arcana-novai/Documents/Xoe-NovAi/omega-engine/data/entities/doom_guy/knowledge
[2026-06-05T04:49:51.187278+00:00] ACTION: DIR_CREATE | DETAILS: Created workspace directory at /home/arcana-novai/Documents/Xoe-NovAi/omega-engine/data/entities/doom_guy/workspace
[2026-06-05T04:49:53.542042+00:00] ACTION: WORKSPACE_CREATE | DETAILS: Created root workspace at /home/arcana-novai/Documents/Xoe-NovAi/omega-engine/data/entities/doom_guy
[2026-06-05T04:49:53.542119+00:00] ACTION: DIR_CREATE | DETAILS: Created knowledge directory at /home/arcana-novai/Documents/Xoe-NovAi/omega-engine/data/entities/doom_guy/knowledge
[2026-06-05T04:49:53.542138+00:00] ACTION: DIR_CREATE | DETAILS: Created workspace directory at /home/arcana-novai/Documents/Xoe-NovAi/omega-engine/data/entities/doom_guy/workspace
[2026-06-05T04:49:56.325345+00:00] ACTION: WORKSPACE_CREATE | DETAILS: Created root workspace at /home/arcana-novai/Documents/Xoe-NovAi/omega-engine/data/entities/doom_guy
[2026-06-05T04:49:56.325409+00:00] ACTION: DIR_CREATE | DETAILS: Created knowledge directory at /home/arcana-novai/Documents/Xoe-NovAi/omega-engine/data/entities/doom_guy/knowledge
[2026-06-05T04:49:56.325428+00:00] ACTION: DIR_CREATE | DETAILS: Created workspace directory at /home/arcana-novai/Documents/Xoe-NovAi/omega-engine/data/entities/doom_guy/workspace
[2026-06-05T04:49:58.878912+00:00] ACTION: WORKSPACE_CREATE | DETAILS: Created root workspace at /home/arcana-novai/Documents/Xoe-NovAi/omega-engine/data/entities/doom_guy
[2026-06-05T04:49:58.879016+00:00] ACTION: DIR_CREATE | DETAILS: Created knowledge directory at /home/arcana-novai/Documents/Xoe-NovAi/omega-engine/data/entities/doom_guy/knowledge
[2026-06-05T04:49:58.879069+00:00] ACTION: DIR_CREATE | DETAILS: Created workspace directory at /home/arcana-novai/Documents/Xoe-NovAi/omega-engine/data/entities/doom_guy/workspace
[2026-06-05T04:50:01.376917+00:00] ACTION: WORKSPACE_CREATE | DETAILS: Created root workspace at /home/arcana-novai/Documents/Xoe-NovAi/omega-engine/data/entities/doom_guy
[2026-06-05T04:50:01.377030+00:00] ACTION: DIR_CREATE | DETAILS: Created knowledge directory at /home/arcana-novai/Documents/Xoe-NovAi/omega-engine/data/entities/doom_guy/knowledge
[2026-06-05T04:50:01.377070+00:00] ACTION: DIR_CREATE | DETAILS: Created workspace directory at /home/arcana-novai/Documents/Xoe-NovAi/omega-engine/data/entities/doom_guy/workspace
[2026-06-05T04:50:04.504655+00:00] ACTION: WORKSPACE_CREATE | DETAILS: Created root workspace at /home/arcana-novai/Documents/Xoe-NovAi/omega-engine/data/entities/doom_guy
[2026-06-05T04:50:04.504726+00:00] ACTION: DIR_CREATE | DETAILS: Created knowledge directory at /home/arcana-novai/Documents/Xoe-NovAi/omega-engine/data/entities/doom_guy/knowledge
[2026-06-05T04:50:04.504746+00:00] ACTION: DIR_CREATE | DETAILS: Created workspace directory at /home/arcana-novai/Documents/Xoe-NovAi/omega-engine/data/entities/doom_guy/workspace
[2026-06-05T04:50:06.852230+00:00] ACTION: WORKSPACE_CREATE | DETAILS: Created root workspace at /home/arcana-novai/Documents/Xoe-NovAi/omega-engine/data/entities/doom_guy
[2026-06-05T04:50:06.852349+00:00] ACTION: DIR_CREATE | DETAILS: Created knowledge directory at /home/arcana-novai/Documents/Xoe-NovAi/omega-engine/data/entities/doom_guy/knowledge
[2026-06-05T04:50:06.852396+00:00] ACTION: DIR_CREATE | DETAILS: Created workspace directory at /home/arcana-novai/Documents/Xoe-NovAi/omega-engine/data/entities/doom_guy/workspace
[2026-06-05T04:50:20.365308+00:00] ACTION: WORKSPACE_CREATE | DETAILS: Created root workspace at /home/arcana-novai/Documents/Xoe-NovAi/omega-engine/data/entities/doom_guy
[2026-06-05T04:50:20.365391+00:00] ACTION: DIR_CREATE | DETAILS: Created knowledge directory at /home/arcana-novai/Documents/Xoe-NovAi/omega-engine/data/entities/doom_guy/knowledge
[2026-06-05T04:50:20.365412+00:00] ACTION: DIR_CREATE | DETAILS: Created workspace directory at /home/arcana-novai/Documents/Xoe-NovAi/omega-engine/data/entities/doom_guy/workspace
[2026-06-05T04:50:26.724202+00:00] ACTION: WORKSPACE_CREATE | DETAILS: Created root workspace at /home/arcana-novai/Documents/Xoe-NovAi/omega-engine/data/entities/doom_guy
[2026-06-05T04:50:26.724265+00:00] ACTION: DIR_CREATE | DETAILS: Created knowledge directory at /home/arcana-novai/Documents/Xoe-NovAi/omega-engine/data/entities/doom_guy/knowledge
[2026-06-05T04:50:26.724285+00:00] ACTION: DIR_CREATE | DETAILS: Created workspace directory at /home/arcana-novai/Documents/Xoe-NovAi/omega-engine/data/entities/doom_guy/workspace
[2026-06-05T04:50:39.312012+00:00] ACTION: WORKSPACE_CREATE | DETAILS: Created root workspace at /home/arcana-novai/Documents/Xoe-NovAi/omega-engine/data/entities/doom_guy
[2026-06-05T04:50:39.312121+00:00] ACTION: DIR_CREATE | DETAILS: Created knowledge directory at /home/arcana-novai/Documents/Xoe-NovAi/omega-engine/data/entities/doom_guy/knowledge
[2026-06-05T04:50:39.312165+00:00] ACTION: DIR_CREATE | DETAILS: Created workspace directory at /home/arcana-novai/Documents/Xoe-NovAi/omega-engine/data/entities/doom_guy/workspace
[2026-06-05T04:50:47.202710+00:00] ACTION: WORKSPACE_CREATE | DETAILS: Created root workspace at /home/arcana-novai/Documents/Xoe-NovAi/omega-engine/data/entities/doom_guy
[2026-06-05T04:50:47.202777+00:00] ACTION: DIR_CREATE | DETAILS: Created knowledge directory at /home/arcana-novai/Documents/Xoe-NovAi/omega-engine/data/entities/doom_guy/knowledge
[2026-06-05T04:50:47.202796+00:00] ACTION: DIR_CREATE | DETAILS: Created workspace directory at /home/arcana-novai/Documents/Xoe-NovAi/omega-engine/data/entities/doom_guy/workspace
[2026-06-05T04:50:49.719075+00:00] ACTION: WORKSPACE_CREATE | DETAILS: Created root workspace at /home/arcana-novai/Documents/Xoe-NovAi/omega-engine/data/entities/doom_guy
[2026-06-05T04:50:49.719200+00:00] ACTION: DIR_CREATE | DETAILS: Created knowledge directory at /home/arcana-novai/Documents/Xoe-NovAi/omega-engine/data/entities/doom_guy/knowledge
[2026-06-05T04:50:49.719241+00:00] ACTION: DIR_CREATE | DETAILS: Created workspace directory at /home/arcana-novai/Documents/Xoe-NovAi/omega-engine/data/entities/doom_guy/workspace
[2026-06-05T04:50:52.080172+00:00] ACTION: WORKSPACE_CREATE | DETAILS: Created root workspace at /home/arcana-novai/Documents/Xoe-NovAi/omega-engine/data/entities/doom_guy
[2026-06-05T04:50:52.080241+00:00] ACTION: DIR_CREATE | DETAILS: Created knowledge directory at /home/arcana-novai/Documents/Xoe-NovAi/omega-engine/data/entities/doom_guy/knowledge
[2026-06-05T04:50:52.080259+00:00] ACTION: DIR_CREATE | DETAILS: Created workspace directory at /home/arcana-novai/Documents/Xoe-NovAi/omega-engine/data/entities/doom_guy/workspace
[2026-06-05T04:50:54.496310+00:00] ACTION: WORKSPACE_CREATE | DETAILS: Created root workspace at /home/arcana-novai/Documents/Xoe-NovAi/omega-engine/data/entities/doom_guy
[2026-06-05T04:50:54.496387+00:00] ACTION: DIR_CREATE | DETAILS: Created knowledge directory at /home/arcana-novai/Documents/Xoe-NovAi/omega-engine/data/entities/doom_guy/knowledge
[2026-06-05T04:50:54.496412+00:00] ACTION: DIR_CREATE | DETAILS: Created workspace directory at /home/arcana-novai/Documents/Xoe-NovAi/omega-engine/data/entities/doom_guy/workspace
[2026-06-05T04:50:57.145386+00:00] ACTION: WORKSPACE_CREATE | DETAILS: Created root workspace at /home/arcana-novai/Documents/Xoe-NovAi/omega-engine/data/entities/doom_guy
[2026-06-05T04:50:57.145504+00:00] ACTION: DIR_CREATE | DETAILS: Created knowledge directory at /home/arcana-novai/Documents/Xoe-NovAi/omega-engine/data/entities/doom_guy/knowledge
[2026-06-05T04:50:57.145545+00:00] ACTION: DIR_CREATE | DETAILS: Created workspace directory at /home/arcana-novai/Documents/Xoe-NovAi/omega-engine/data/entities/doom_guy/workspace
[2026-06-05T04:51:00.440341+00:00] ACTION: WORKSPACE_CREATE | DETAILS: Created root workspace at /home/arcana-novai/Documents/Xoe-NovAi/omega-engine/data/entities/doom_guy
[2026-06-05T04:51:00.440408+00:00] ACTION: DIR_CREATE | DETAILS: Created knowledge directory at /home/arcana-novai/Documents/Xoe-NovAi/omega-engine/data/entities/doom_guy/knowledge
[2026-06-05T04:51:00.440427+00:00] ACTION: DIR_CREATE | DETAILS: Created workspace directory at /home/arcana-novai/Documents/Xoe-NovAi/omega-engine/data/entities/doom_guy/workspace
[2026-06-05T04:51:02.882281+00:00] ACTION: WORKSPACE_CREATE | DETAILS: Created root workspace at /home/arcana-novai/Documents/Xoe-NovAi/omega-engine/data/entities/doom_guy
[2026-06-05T04:51:02.882347+00:00] ACTION: DIR_CREATE | DETAILS: Created knowledge directory at /home/arcana-novai/Documents/Xoe-NovAi/omega-engine/data/entities/doom_guy/knowledge
[2026-06-05T04:51:02.882366+00:00] ACTION: DIR_CREATE | DETAILS: Created workspace directory at /home/arcana-novai/Documents/Xoe-NovAi/omega-engine/data/entities/doom_guy/workspace
[2026-06-05T04:51:39.289350+00:00] ACTION: WORKSPACE_CREATE | DETAILS: Created root workspace at /home/arcana-novai/Documents/Xoe-NovAi/omega-engine/data/entities/doom_guy
[2026-06-05T04:51:39.289417+00:00] ACTION: DIR_CREATE | DETAILS: Created knowledge directory at /home/arcana-novai/Documents/Xoe-NovAi/omega-engine/data/entities/doom_guy/knowledge
[2026-06-05T04:51:39.289436+00:00] ACTION: DIR_CREATE | DETAILS: Created workspace directory at /home/arcana-novai/Documents/Xoe-NovAi/omega-engine/data/entities/doom_guy/workspace
[2026-06-05T04:51:39.726271+00:00] ACTION: WORKSPACE_CREATE | DETAILS: Created root workspace at /home/arcana-novai/Documents/Xoe-NovAi/omega-engine/data/entities/doom_guy
[2026-06-05T04:51:39.726352+00:00] ACTION: DIR_CREATE | DETAILS: Created knowledge directory at /home/arcana-novai/Documents/Xoe-NovAi/omega-engine/data/entities/doom_guy/knowledge
[2026-06-05T04:51:39.726371+00:00] ACTION: DIR_CREATE | DETAILS: Created workspace directory at /home/arcana-novai/Documents/Xoe-NovAi/omega-engine/data/entities/doom_guy/workspace
[2026-06-05T04:51:47.366835+00:00] ACTION: WORKSPACE_CREATE | DETAILS: Created root workspace at /home/arcana-novai/Documents/Xoe-NovAi/omega-engine/data/entities/doom_guy
[2026-06-05T04:51:47.366906+00:00] ACTION: DIR_CREATE | DETAILS: Created knowledge directory at /home/arcana-novai/Documents/Xoe-NovAi/omega-engine/data/entities/doom_guy/knowledge
[2026-06-05T04:51:47.366925+00:00] ACTION: DIR_CREATE | DETAILS: Created workspace directory at /home/arcana-novai/Documents/Xoe-NovAi/omega-engine/data/entities/doom_guy/workspace
[2026-06-05T04:51:49.805412+00:00] ACTION: WORKSPACE_CREATE | DETAILS: Created root workspace at /home/arcana-novai/Documents/Xoe-NovAi/omega-engine/data/entities/doom_guy
[2026-06-05T04:51:49.805528+00:00] ACTION: DIR_CREATE | DETAILS: Created knowledge directory at /home/arcana-novai/Documents/Xoe-NovAi/omega-engine/data/entities/doom_guy/knowledge
[2026-06-05T04:51:49.805573+00:00] ACTION: DIR_CREATE | DETAILS: Created workspace directory at /home/arcana-novai/Documents/Xoe-NovAi/omega-engine/data/entities/doom_guy/workspace
[2026-06-05T04:51:52.169149+00:00] ACTION: WORKSPACE_CREATE | DETAILS: Created root workspace at /home/arcana-novai/Documents/Xoe-NovAi/omega-engine/data/entities/doom_guy
[2026-06-05T04:51:52.169218+00:00] ACTION: DIR_CREATE | DETAILS: Created knowledge directory at /home/arcana-novai/Documents/Xoe-NovAi/omega-engine/data/entities/doom_guy/knowledge
[2026-06-05T04:51:52.169237+00:00] ACTION: DIR_CREATE | DETAILS: Created workspace directory at /home/arcana-novai/Documents/Xoe-NovAi/omega-engine/data/entities/doom_guy/workspace
[2026-06-05T04:51:54.768482+00:00] ACTION: WORKSPACE_CREATE | DETAILS: Created root workspace at /home/arcana-novai/Documents/Xoe-NovAi/omega-engine/data/entities/doom_guy
[2026-06-05T04:51:54.768547+00:00] ACTION: DIR_CREATE | DETAILS: Created knowledge directory at /home/arcana-novai/Documents/Xoe-NovAi/omega-engine/data/entities/doom_guy/knowledge
[2026-06-05T04:51:54.768567+00:00] ACTION: DIR_CREATE | DETAILS: Created workspace directory at /home/arcana-novai/Documents/Xoe-NovAi/omega-engine/data/entities/doom_guy/workspace
[2026-06-05T04:51:57.257379+00:00] ACTION: WORKSPACE_CREATE | DETAILS: Created root workspace at /home/arcana-novai/Documents/Xoe-NovAi/omega-engine/data/entities/doom_guy
[2026-06-05T04:51:57.257447+00:00] ACTION: DIR_CREATE | DETAILS: Created knowledge directory at /home/arcana-novai/Documents/Xoe-NovAi/omega-engine/data/entities/doom_guy/knowledge
[2026-06-05T04:51:57.257467+00:00] ACTION: DIR_CREATE | DETAILS: Created workspace directory at /home/arcana-novai/Documents/Xoe-NovAi/omega-engine/data/entities/doom_guy/workspace
[2026-06-05T04:51:59.636627+00:00] ACTION: WORKSPACE_CREATE | DETAILS: Created root workspace at /home/arcana-novai/Documents/Xoe-NovAi/omega-engine/data/entities/doom_guy
[2026-06-05T04:51:59.636719+00:00] ACTION: DIR_CREATE | DETAILS: Created knowledge directory at /home/arcana-novai/Documents/Xoe-NovAi/omega-engine/data/entities/doom_guy/knowledge
[2026-06-05T04:51:59.636746+00:00] ACTION: DIR_CREATE | DETAILS: Created workspace directory at /home/arcana-novai/Documents/Xoe-NovAi/omega-engine/data/entities/doom_guy/workspace
[2026-06-05T04:52:02.088176+00:00] ACTION: WORKSPACE_CREATE | DETAILS: Created root workspace at /home/arcana-novai/Documents/Xoe-NovAi/omega-engine/data/entities/doom_guy
[2026-06-05T04:52:02.088259+00:00] ACTION: DIR_CREATE | DETAILS: Created knowledge directory at /home/arcana-novai/Documents/Xoe-NovAi/omega-engine/data/entities/doom_guy/knowledge
[2026-06-05T04:52:02.088279+00:00] ACTION: DIR_CREATE | DETAILS: Created workspace directory at /home/arcana-novai/Documents/Xoe-NovAi/omega-engine/data/entities/doom_guy/workspace
[2026-06-05T04:52:04.561762+00:00] ACTION: WORKSPACE_CREATE | DETAILS: Created root workspace at /home/arcana-novai/Documents/Xoe-NovAi/omega-engine/data/entities/doom_guy
[2026-06-05T04:52:04.561838+00:00] ACTION: DIR_CREATE | DETAILS: Created knowledge directory at /home/arcana-novai/Documents/Xoe-NovAi/omega-engine/data/entities/doom_guy/knowledge
[2026-06-05T04:52:04.561870+00:00] ACTION: DIR_CREATE | DETAILS: Created workspace directory at /home/arcana-novai/Documents/Xoe-NovAi/omega-engine/data/entities/doom_guy/workspace
[2026-06-05T04:52:07.009933+00:00] ACTION: WORKSPACE_CREATE | DETAILS: Created root workspace at /home/arcana-novai/Documents/Xoe-NovAi/omega-engine/data/entities/doom_guy
[2026-06-05T04:52:07.010012+00:00] ACTION: DIR_CREATE | DETAILS: Created knowledge directory at /home/arcana-novai/Documents/Xoe-NovAi/omega-engine/data/entities/doom_guy/knowledge
[2026-06-05T04:52:07.010031+00:00] ACTION: DIR_CREATE | DETAILS: Created workspace directory at /home/arcana-novai/Documents/Xoe-NovAi/omega-engine/data/entities/doom_guy/workspace
[2026-06-05T04:52:09.767594+00:00] ACTION: WORKSPACE_CREATE | DETAILS: Created root workspace at /home/arcana-novai/Documents/Xoe-NovAi/omega-engine/data/entities/doom_guy
[2026-06-05T04:52:09.767663+00:00] ACTION: DIR_CREATE | DETAILS: Created knowledge directory at /home/arcana-novai/Documents/Xoe-NovAi/omega-engine/data/entities/doom_guy/knowledge
[2026-06-05T04:52:09.767682+00:00] ACTION: DIR_CREATE | DETAILS: Created workspace directory at /home/arcana-novai/Documents/Xoe-NovAi/omega-engine/data/entities/doom_guy/workspace
[2026-06-05T04:52:12.125211+00:00] ACTION: WORKSPACE_CREATE | DETAILS: Created root workspace at /home/arcana-novai/Documents/Xoe-NovAi/omega-engine/data/entities/doom_guy
[2026-06-05T04:52:12.125325+00:00] ACTION: DIR_CREATE | DETAILS: Created knowledge directory at /home/arcana-novai/Documents/Xoe-NovAi/omega-engine/data/entities/doom_guy/knowledge
[2026-06-05T04:52:12.125369+00:00] ACTION: DIR_CREATE | DETAILS: Created workspace directory at /home/arcana-novai/Documents/Xoe-NovAi/omega-engine/data/entities/doom_guy/workspace
[2026-06-05T04:52:14.826895+00:00] ACTION: WORKSPACE_CREATE | DETAILS: Created root workspace at /home/arcana-novai/Documents/Xoe-NovAi/omega-engine/data/entities/doom_guy
[2026-06-05T04:52:14.826963+00:00] ACTION: DIR_CREATE | DETAILS: Created knowledge directory at /home/arcana-novai/Documents/Xoe-NovAi/omega-engine/data/entities/doom_guy/knowledge
[2026-06-05T04:52:14.826984+00:00] ACTION: DIR_CREATE | DETAILS: Created workspace directory at /home/arcana-novai/Documents/Xoe-NovAi/omega-engine/data/entities/doom_guy/workspace
[2026-06-05T04:52:17.341645+00:00] ACTION: WORKSPACE_CREATE | DETAILS: Created root workspace at /home/arcana-novai/Documents/Xoe-NovAi/omega-engine/data/entities/doom_guy
[2026-06-05T04:52:17.341751+00:00] ACTION: DIR_CREATE | DETAILS: Created knowledge directory at /home/arcana-novai/Documents/Xoe-NovAi/omega-engine/data/entities/doom_guy/knowledge
[2026-06-05T04:52:17.341793+00:00] ACTION: DIR_CREATE | DETAILS: Created workspace directory at /home/arcana-novai/Documents/Xoe-NovAi/omega-engine/data/entities/doom_guy/workspace
[2026-06-05T04:52:19.729042+00:00] ACTION: WORKSPACE_CREATE | DETAILS: Created root workspace at /home/arcana-novai/Documents/Xoe-NovAi/omega-engine/data/entities/doom_guy
[2026-06-05T04:52:19.729154+00:00] ACTION: DIR_CREATE | DETAILS: Created knowledge directory at /home/arcana-novai/Documents/Xoe-NovAi/omega-engine/data/entities/doom_guy/knowledge
[2026-06-05T04:52:19.729196+00:00] ACTION: DIR_CREATE | DETAILS: Created workspace directory at /home/arcana-novai/Documents/Xoe-NovAi/omega-engine/data/entities/doom_guy/workspace
[2026-06-05T04:52:33.309431+00:00] ACTION: WORKSPACE_CREATE | DETAILS: Created root workspace at /home/arcana-novai/Documents/Xoe-NovAi/omega-engine/data/entities/doom_guy
[2026-06-05T04:52:33.309557+00:00] ACTION: DIR_CREATE | DETAILS: Created knowledge directory at /home/arcana-novai/Documents/Xoe-NovAi/omega-engine/data/entities/doom_guy/knowledge
[2026-06-05T04:52:33.309600+00:00] ACTION: DIR_CREATE | DETAILS: Created workspace directory at /home/arcana-novai/Documents/Xoe-NovAi/omega-engine/data/entities/doom_guy/workspace
[2026-06-05T04:52:35.846587+00:00] ACTION: WORKSPACE_CREATE | DETAILS: Created root workspace at /home/arcana-novai/Documents/Xoe-NovAi/omega-engine/data/entities/doom_guy
[2026-06-05T04:52:35.846674+00:00] ACTION: DIR_CREATE | DETAILS: Created knowledge directory at /home/arcana-novai/Documents/Xoe-NovAi/omega-engine/data/entities/doom_guy/knowledge
[2026-06-05T04:52:35.846694+00:00] ACTION: DIR_CREATE | DETAILS: Created workspace directory at /home/arcana-novai/Documents/Xoe-NovAi/omega-engine/data/entities/doom_guy/workspace
[2026-06-05T04:52:39.150561+00:00] ACTION: WORKSPACE_CREATE | DETAILS: Created root workspace at /home/arcana-novai/Documents/Xoe-NovAi/omega-engine/data/entities/doom_guy
[2026-06-05T04:52:39.150666+00:00] ACTION: DIR_CREATE | DETAILS: Created knowledge directory at /home/arcana-novai/Documents/Xoe-NovAi/omega-engine/data/entities/doom_guy/knowledge
[2026-06-05T04:52:39.150709+00:00] ACTION: DIR_CREATE | DETAILS: Created workspace directory at /home/arcana-novai/Documents/Xoe-NovAi/omega-engine/data/entities/doom_guy/workspace
[2026-06-05T04:52:41.813497+00:00] ACTION: WORKSPACE_CREATE | DETAILS: Created root workspace at /home/arcana-novai/Documents/Xoe-NovAi/omega-engine/data/entities/doom_guy
[2026-06-05T04:52:41.813571+00:00] ACTION: DIR_CREATE | DETAILS: Created knowledge directory at /home/arcana-novai/Documents/Xoe-NovAi/omega-engine/data/entities/doom_guy/knowledge
[2026-06-05T04:52:41.813590+00:00] ACTION: DIR_CREATE | DETAILS: Created workspace directory at /home/arcana-novai/Documents/Xoe-NovAi/omega-engine/data/entities/doom_guy/workspace
[2026-06-05T04:52:44.268355+00:00] ACTION: WORKSPACE_CREATE | DETAILS: Created root workspace at /home/arcana-novai/Documents/Xoe-NovAi/omega-engine/data/entities/doom_guy
[2026-06-05T04:52:44.268423+00:00] ACTION: DIR_CREATE | DETAILS: Created knowledge directory at /home/arcana-novai/Documents/Xoe-NovAi/omega-engine/data/entities/doom_guy/knowledge
[2026-06-05T04:52:44.268443+00:00] ACTION: DIR_CREATE | DETAILS: Created workspace directory at /home/arcana-novai/Documents/Xoe-NovAi/omega-engine/data/entities/doom_guy/workspace
[2026-06-05T04:52:46.778794+00:00] ACTION: WORKSPACE_CREATE | DETAILS: Created root workspace at /home/arcana-novai/Documents/Xoe-NovAi/omega-engine/data/entities/doom_guy
[2026-06-05T04:52:46.778862+00:00] ACTION: DIR_CREATE | DETAILS: Created knowledge directory at /home/arcana-novai/Documents/Xoe-NovAi/omega-engine/data/entities/doom_guy/knowledge
[2026-06-05T04:52:46.778889+00:00] ACTION: DIR_CREATE | DETAILS: Created workspace directory at /home/arcana-novai/Documents/Xoe-NovAi/omega-engine/data/entities/doom_guy/workspace
[2026-06-05T04:52:49.292682+00:00] ACTION: WORKSPACE_CREATE | DETAILS: Created root workspace at /home/arcana-novai/Documents/Xoe-NovAi/omega-engine/data/entities/doom_guy
[2026-06-05T04:52:49.292789+00:00] ACTION: DIR_CREATE | DETAILS: Created knowledge directory at /home/arcana-novai/Documents/Xoe-NovAi/omega-engine/data/entities/doom_guy/knowledge
[2026-06-05T04:52:49.292831+00:00] ACTION: DIR_CREATE | DETAILS: Created workspace directory at /home/arcana-novai/Documents/Xoe-NovAi/omega-engine/data/entities/doom_guy/workspace
[2026-06-05T04:52:51.660489+00:00] ACTION: WORKSPACE_CREATE | DETAILS: Created root workspace at /home/arcana-novai/Documents/Xoe-NovAi/omega-engine/data/entities/doom_guy
[2026-06-05T04:52:51.660570+00:00] ACTION: DIR_CREATE | DETAILS: Created knowledge directory at /home/arcana-novai/Documents/Xoe-NovAi/omega-engine/data/entities/doom_guy/knowledge
[2026-06-05T04:52:51.660590+00:00] ACTION: DIR_CREATE | DETAILS: Created workspace directory at /home/arcana-novai/Documents/Xoe-NovAi/omega-engine/data/entities/doom_guy/workspace
[2026-06-05T04:52:54.417115+00:00] ACTION: WORKSPACE_CREATE | DETAILS: Created root workspace at /home/arcana-novai/Documents/Xoe-NovAi/omega-engine/data/entities/doom_guy
[2026-06-05T04:52:54.417237+00:00] ACTION: DIR_CREATE | DETAILS: Created knowledge directory at /home/arcana-novai/Documents/Xoe-NovAi/omega-engine/data/entities/doom_guy/knowledge
[2026-06-05T04:52:54.417282+00:00] ACTION: DIR_CREATE | DETAILS: Created workspace directory at /home/arcana-novai/Documents/Xoe-NovAi/omega-engine/data/entities/doom_guy/workspace
[2026-06-05T04:52:57.211450+00:00] ACTION: WORKSPACE_CREATE | DETAILS: Created root workspace at /home/arcana-novai/Documents/Xoe-NovAi/omega-engine/data/entities/doom_guy
[2026-06-05T04:52:57.211537+00:00] ACTION: DIR_CREATE | DETAILS: Created knowledge directory at /home/arcana-novai/Documents/Xoe-NovAi/omega-engine/data/entities/doom_guy/knowledge
[2026-06-05T04:52:57.211557+00:00] ACTION: DIR_CREATE | DETAILS: Created workspace directory at /home/arcana-novai/Documents/Xoe-NovAi/omega-engine/data/entities/doom_guy/workspace
[2026-06-05T04:57:28.236763+00:00] ACTION: WORKSPACE_CREATE | DETAILS: Created root workspace at /home/arcana-novai/Documents/Xoe-NovAi/omega-engine/data/entities/doom_guy
[2026-06-05T04:57:28.236829+00:00] ACTION: DIR_CREATE | DETAILS: Created knowledge directory at /home/arcana-novai/Documents/Xoe-NovAi/omega-engine/data/entities/doom_guy/knowledge
[2026-06-05T04:57:28.236848+00:00] ACTION: DIR_CREATE | DETAILS: Created workspace directory at /home/arcana-novai/Documents/Xoe-NovAi/omega-engine/data/entities/doom_guy/workspace
[2026-06-05T04:57:28.633022+00:00] ACTION: WORKSPACE_CREATE | DETAILS: Created root workspace at /home/arcana-novai/Documents/Xoe-NovAi/omega-engine/data/entities/doom_guy
[2026-06-05T04:57:28.633134+00:00] ACTION: DIR_CREATE | DETAILS: Created knowledge directory at /home/arcana-novai/Documents/Xoe-NovAi/omega-engine/data/entities/doom_guy/knowledge
[2026-06-05T04:57:28.633174+00:00] ACTION: DIR_CREATE | DETAILS: Created workspace directory at /home/arcana-novai/Documents/Xoe-NovAi/omega-engine/data/entities/doom_guy/workspace
[2026-06-05T04:57:31.291670+00:00] ACTION: WORKSPACE_CREATE | DETAILS: Created root workspace at /home/arcana-novai/Documents/Xoe-NovAi/omega-engine/data/entities/doom_guy
[2026-06-05T04:57:31.291789+00:00] ACTION: DIR_CREATE | DETAILS: Created knowledge directory at /home/arcana-novai/Documents/Xoe-NovAi/omega-engine/data/entities/doom_guy/knowledge
[2026-06-05T04:57:31.291831+00:00] ACTION: DIR_CREATE | DETAILS: Created workspace directory at /home/arcana-novai/Documents/Xoe-NovAi/omega-engine/data/entities/doom_guy/workspace
[2026-06-05T04:57:33.708970+00:00] ACTION: WORKSPACE_CREATE | DETAILS: Created root workspace at /home/arcana-novai/Documents/Xoe-NovAi/omega-engine/data/entities/doom_guy
[2026-06-05T04:57:33.709055+00:00] ACTION: DIR_CREATE | DETAILS: Created knowledge directory at /home/arcana-novai/Documents/Xoe-NovAi/omega-engine/data/entities/doom_guy/knowledge
[2026-06-05T04:57:33.709075+00:00] ACTION: DIR_CREATE | DETAILS: Created workspace directory at /home/arcana-novai/Documents/Xoe-NovAi/omega-engine/data/entities/doom_guy/workspace
[2026-06-05T04:57:36.144753+00:00] ACTION: WORKSPACE_CREATE | DETAILS: Created root workspace at /home/arcana-novai/Documents/Xoe-NovAi/omega-engine/data/entities/doom_guy
[2026-06-05T04:57:36.144830+00:00] ACTION: DIR_CREATE | DETAILS: Created knowledge directory at /home/arcana-novai/Documents/Xoe-NovAi/omega-engine/data/entities/doom_guy/knowledge
[2026-06-05T04:57:36.144850+00:00] ACTION: DIR_CREATE | DETAILS: Created workspace directory at /home/arcana-novai/Documents/Xoe-NovAi/omega-engine/data/entities/doom_guy/workspace
[2026-06-05T04:57:38.563138+00:00] ACTION: WORKSPACE_CREATE | DETAILS: Created root workspace at /home/arcana-novai/Documents/Xoe-NovAi/omega-engine/data/entities/doom_guy
[2026-06-05T04:57:38.563271+00:00] ACTION: DIR_CREATE | DETAILS: Created knowledge directory at /home/arcana-novai/Documents/Xoe-NovAi/omega-engine/data/entities/doom_guy/knowledge
[2026-06-05T04:57:38.563319+00:00] ACTION: DIR_CREATE | DETAILS: Created workspace directory at /home/arcana-novai/Documents/Xoe-NovAi/omega-engine/data/entities/doom_guy/workspace
[2026-06-05T04:57:41.022816+00:00] ACTION: WORKSPACE_CREATE | DETAILS: Created root workspace at /home/arcana-novai/Documents/Xoe-NovAi/omega-engine/data/entities/doom_guy
[2026-06-05T04:57:41.022906+00:00] ACTION: DIR_CREATE | DETAILS: Created knowledge directory at /home/arcana-novai/Documents/Xoe-NovAi/omega-engine/data/entities/doom_guy/knowledge
[2026-06-05T04:57:41.022939+00:00] ACTION: DIR_CREATE | DETAILS: Created workspace directory at /home/arcana-novai/Documents/Xoe-NovAi/omega-engine/data/entities/doom_guy/workspace
[2026-06-05T04:57:43.472760+00:00] ACTION: WORKSPACE_CREATE | DETAILS: Created root workspace at /home/arcana-novai/Documents/Xoe-NovAi/omega-engine/data/entities/doom_guy
[2026-06-05T04:57:43.472896+00:00] ACTION: DIR_CREATE | DETAILS: Created knowledge directory at /home/arcana-novai/Documents/Xoe-NovAi/omega-engine/data/entities/doom_guy/knowledge
[2026-06-05T04:57:43.472943+00:00] ACTION: DIR_CREATE | DETAILS: Created workspace directory at /home/arcana-novai/Documents/Xoe-NovAi/omega-engine/data/entities/doom_guy/workspace
[2026-06-05T04:57:45.830844+00:00] ACTION: WORKSPACE_CREATE | DETAILS: Created root workspace at /home/arcana-novai/Documents/Xoe-NovAi/omega-engine/data/entities/doom_guy
[2026-06-05T04:57:45.830917+00:00] ACTION: DIR_CREATE | DETAILS: Created knowledge directory at /home/arcana-novai/Documents/Xoe-NovAi/omega-engine/data/entities/doom_guy/knowledge
[2026-06-05T04:57:45.830936+00:00] ACTION: DIR_CREATE | DETAILS: Created workspace directory at /home/arcana-novai/Documents/Xoe-NovAi/omega-engine/data/entities/doom_guy/workspace
[2026-06-05T04:57:48.705699+00:00] ACTION: WORKSPACE_CREATE | DETAILS: Created root workspace at /home/arcana-novai/Documents/Xoe-NovAi/omega-engine/data/entities/doom_guy
[2026-06-05T04:57:48.705767+00:00] ACTION: DIR_CREATE | DETAILS: Created knowledge directory at /home/arcana-novai/Documents/Xoe-NovAi/omega-engine/data/entities/doom_guy/knowledge
[2026-06-05T04:57:48.705787+00:00] ACTION: DIR_CREATE | DETAILS: Created workspace directory at /home/arcana-novai/Documents/Xoe-NovAi/omega-engine/data/entities/doom_guy/workspace
[2026-06-05T04:57:51.167613+00:00] ACTION: WORKSPACE_CREATE | DETAILS: Created root workspace at /home/arcana-novai/Documents/Xoe-NovAi/omega-engine/data/entities/doom_guy
[2026-06-05T04:57:51.167719+00:00] ACTION: DIR_CREATE | DETAILS: Created knowledge directory at /home/arcana-novai/Documents/Xoe-NovAi/omega-engine/data/entities/doom_guy/knowledge
[2026-06-05T04:57:51.167759+00:00] ACTION: DIR_CREATE | DETAILS: Created workspace directory at /home/arcana-novai/Documents/Xoe-NovAi/omega-engine/data/entities/doom_guy/workspace
[2026-06-05T04:57:55.475515+00:00] ACTION: WORKSPACE_CREATE | DETAILS: Created root workspace at /home/arcana-novai/Documents/Xoe-NovAi/omega-engine/data/entities/doom_guy
[2026-06-05T04:57:55.475630+00:00] ACTION: DIR_CREATE | DETAILS: Created knowledge directory at /home/arcana-novai/Documents/Xoe-NovAi/omega-engine/data/entities/doom_guy/knowledge
[2026-06-05T04:57:55.475671+00:00] ACTION: DIR_CREATE | DETAILS: Created workspace directory at /home/arcana-novai/Documents/Xoe-NovAi/omega-engine/data/entities/doom_guy/workspace
[2026-06-05T04:57:57.811777+00:00] ACTION: WORKSPACE_CREATE | DETAILS: Created root workspace at /home/arcana-novai/Documents/Xoe-NovAi/omega-engine/data/entities/doom_guy
[2026-06-05T04:57:57.811853+00:00] ACTION: DIR_CREATE | DETAILS: Created knowledge directory at /home/arcana-novai/Documents/Xoe-NovAi/omega-engine/data/entities/doom_guy/knowledge
[2026-06-05T04:57:57.811872+00:00] ACTION: DIR_CREATE | DETAILS: Created workspace directory at /home/arcana-novai/Documents/Xoe-NovAi/omega-engine/data/entities/doom_guy/workspace
[2026-06-05T04:58:00.233151+00:00] ACTION: WORKSPACE_CREATE | DETAILS: Created root workspace at /home/arcana-novai/Documents/Xoe-NovAi/omega-engine/data/entities/doom_guy
[2026-06-05T04:58:00.233241+00:00] ACTION: DIR_CREATE | DETAILS: Created knowledge directory at /home/arcana-novai/Documents/Xoe-NovAi/omega-engine/data/entities/doom_guy/knowledge
[2026-06-05T04:58:00.233266+00:00] ACTION: DIR_CREATE | DETAILS: Created workspace directory at /home/arcana-novai/Documents/Xoe-NovAi/omega-engine/data/entities/doom_guy/workspace
[2026-06-05T04:58:02.720426+00:00] ACTION: WORKSPACE_CREATE | DETAILS: Created root workspace at /home/arcana-novai/Documents/Xoe-NovAi/omega-engine/data/entities/doom_guy
[2026-06-05T04:58:02.720532+00:00] ACTION: DIR_CREATE | DETAILS: Created knowledge directory at /home/arcana-novai/Documents/Xoe-NovAi/omega-engine/data/entities/doom_guy/knowledge
[2026-06-05T04:58:02.720562+00:00] ACTION: DIR_CREATE | DETAILS: Created workspace directory at /home/arcana-novai/Documents/Xoe-NovAi/omega-engine/data/entities/doom_guy/workspace
[2026-06-05T04:58:05.168116+00:00] ACTION: WORKSPACE_CREATE | DETAILS: Created root workspace at /home/arcana-novai/Documents/Xoe-NovAi/omega-engine/data/entities/doom_guy
[2026-06-05T04:58:05.168235+00:00] ACTION: DIR_CREATE | DETAILS: Created knowledge directory at /home/arcana-novai/Documents/Xoe-NovAi/omega-engine/data/entities/doom_guy/knowledge
[2026-06-05T04:58:05.168282+00:00] ACTION: DIR_CREATE | DETAILS: Created workspace directory at /home/arcana-novai/Documents/Xoe-NovAi/omega-engine/data/entities/doom_guy/workspace
[2026-06-05T04:58:18.650042+00:00] ACTION: WORKSPACE_CREATE | DETAILS: Created root workspace at /home/arcana-novai/Documents/Xoe-NovAi/omega-engine/data/entities/doom_guy
[2026-06-05T04:58:18.650156+00:00] ACTION: DIR_CREATE | DETAILS: Created knowledge directory at /home/arcana-novai/Documents/Xoe-NovAi/omega-engine/data/entities/doom_guy/knowledge
[2026-06-05T04:58:18.650202+00:00] ACTION: DIR_CREATE | DETAILS: Created workspace directory at /home/arcana-novai/Documents/Xoe-NovAi/omega-engine/data/entities/doom_guy/workspace
[2026-06-05T04:58:21.157835+00:00] ACTION: WORKSPACE_CREATE | DETAILS: Created root workspace at /home/arcana-novai/Documents/Xoe-NovAi/omega-engine/data/entities/doom_guy
[2026-06-05T04:58:21.157917+00:00] ACTION: DIR_CREATE | DETAILS: Created knowledge directory at /home/arcana-novai/Documents/Xoe-NovAi/omega-engine/data/entities/doom_guy/knowledge
[2026-06-05T04:58:21.157936+00:00] ACTION: DIR_CREATE | DETAILS: Created workspace directory at /home/arcana-novai/Documents/Xoe-NovAi/omega-engine/data/entities/doom_guy/workspace
[2026-06-05T04:58:23.613520+00:00] ACTION: WORKSPACE_CREATE | DETAILS: Created root workspace at /home/arcana-novai/Documents/Xoe-NovAi/omega-engine/data/entities/doom_guy
[2026-06-05T04:58:23.613592+00:00] ACTION: DIR_CREATE | DETAILS: Created knowledge directory at /home/arcana-novai/Documents/Xoe-NovAi/omega-engine/data/entities/doom_guy/knowledge
[2026-06-05T04:58:23.613611+00:00] ACTION: DIR_CREATE | DETAILS: Created workspace directory at /home/arcana-novai/Documents/Xoe-NovAi/omega-engine/data/entities/doom_guy/workspace
[2026-06-05T04:58:26.070862+00:00] ACTION: WORKSPACE_CREATE | DETAILS: Created root workspace at /home/arcana-novai/Documents/Xoe-NovAi/omega-engine/data/entities/doom_guy
[2026-06-05T04:58:26.070940+00:00] ACTION: DIR_CREATE | DETAILS: Created knowledge directory at /home/arcana-novai/Documents/Xoe-NovAi/omega-engine/data/entities/doom_guy/knowledge
[2026-06-05T04:58:26.070959+00:00] ACTION: DIR_CREATE | DETAILS: Created workspace directory at /home/arcana-novai/Documents/Xoe-NovAi/omega-engine/data/entities/doom_guy/workspace
[2026-06-05T04:58:28.579466+00:00] ACTION: WORKSPACE_CREATE | DETAILS: Created root workspace at /home/arcana-novai/Documents/Xoe-NovAi/omega-engine/data/entities/doom_guy
[2026-06-05T04:58:28.579582+00:00] ACTION: DIR_CREATE | DETAILS: Created knowledge directory at /home/arcana-novai/Documents/Xoe-NovAi/omega-engine/data/entities/doom_guy/knowledge
[2026-06-05T04:58:28.579626+00:00] ACTION: DIR_CREATE | DETAILS: Created workspace directory at /home/arcana-novai/Documents/Xoe-NovAi/omega-engine/data/entities/doom_guy/workspace
[2026-06-05T04:58:31.055167+00:00] ACTION: WORKSPACE_CREATE | DETAILS: Created root workspace at /home/arcana-novai/Documents/Xoe-NovAi/omega-engine/data/entities/doom_guy
[2026-06-05T04:58:31.055256+00:00] ACTION: DIR_CREATE | DETAILS: Created knowledge directory at /home/arcana-novai/Documents/Xoe-NovAi/omega-engine/data/entities/doom_guy/knowledge
[2026-06-05T04:58:31.055277+00:00] ACTION: DIR_CREATE | DETAILS: Created workspace directory at /home/arcana-novai/Documents/Xoe-NovAi/omega-engine/data/entities/doom_guy/workspace
[2026-06-05T04:58:33.249000+00:00] ACTION: WORKSPACE_CREATE | DETAILS: Created root workspace at /home/arcana-novai/Documents/Xoe-NovAi/omega-engine/data/entities/doom_guy
[2026-06-05T04:58:33.249065+00:00] ACTION: DIR_CREATE | DETAILS: Created knowledge directory at /home/arcana-novai/Documents/Xoe-NovAi/omega-engine/data/entities/doom_guy/knowledge
[2026-06-05T04:58:33.249084+00:00] ACTION: DIR_CREATE | DETAILS: Created workspace directory at /home/arcana-novai/Documents/Xoe-NovAi/omega-engine/data/entities/doom_guy/workspace
[2026-06-05T04:58:35.604940+00:00] ACTION: WORKSPACE_CREATE | DETAILS: Created root workspace at /home/arcana-novai/Documents/Xoe-NovAi/omega-engine/data/entities/doom_guy
[2026-06-05T04:58:35.605032+00:00] ACTION: DIR_CREATE | DETAILS: Created knowledge directory at /home/arcana-novai/Documents/Xoe-NovAi/omega-engine/data/entities/doom_guy/knowledge
[2026-06-05T04:58:35.605052+00:00] ACTION: DIR_CREATE | DETAILS: Created workspace directory at /home/arcana-novai/Documents/Xoe-NovAi/omega-engine/data/entities/doom_guy/workspace
[2026-06-05T04:58:37.989487+00:00] ACTION: WORKSPACE_CREATE | DETAILS: Created root workspace at /home/arcana-novai/Documents/Xoe-NovAi/omega-engine/data/entities/doom_guy
[2026-06-05T04:58:37.989569+00:00] ACTION: DIR_CREATE | DETAILS: Created knowledge directory at /home/arcana-novai/Documents/Xoe-NovAi/omega-engine/data/entities/doom_guy/knowledge
[2026-06-05T04:58:37.989616+00:00] ACTION: DIR_CREATE | DETAILS: Created workspace directory at /home/arcana-novai/Documents/Xoe-NovAi/omega-engine/data/entities/doom_guy/workspace
[2026-06-05T04:58:40.537518+00:00] ACTION: WORKSPACE_CREATE | DETAILS: Created root workspace at /home/arcana-novai/Documents/Xoe-NovAi/omega-engine/data/entities/doom_guy
[2026-06-05T04:58:40.537635+00:00] ACTION: DIR_CREATE | DETAILS: Created knowledge directory at /home/arcana-novai/Documents/Xoe-NovAi/omega-engine/data/entities/doom_guy/knowledge
[2026-06-05T04:58:40.537680+00:00] ACTION: DIR_CREATE | DETAILS: Created workspace directory at /home/arcana-novai/Documents/Xoe-NovAi/omega-engine/data/entities/doom_guy/workspace
